product_id,product_desc,unit_price,stock_qty,reorder_level,source_file,load_timestamp
85123A,WHITE HANGING HEART T-LIGHT HOLDER,2.55,44,95,inventory.xml,2026-08-28 10:16:22.519868
71053,WHITE METAL LANTERN,3.39,386,70,inventory.xml,2026-08-28 10:16:22.519868
84406B,CREAM CUPID HEARTS COAT HANGER,2.75,327,74,inventory.xml,2026-08-28 10:16:22.519868
84029G,KNITTED UNION FLAG HOT WATER BOTTLE,3.39,219,91,inventory.xml,2026-08-28 10:16:22.519868
84029E,RED WOOLLY HOTTIE WHITE HEART.,3.39,216,66,inventory.xml,2026-08-28 10:16:22.519868
22752,SET 7 BABUSHKA NESTING BOXES,7.65,429,82,inventory.xml,2026-08-28 10:16:22.519868
21730,GLASS STAR FROSTED T-LIGHT HOLDER,4.25,42,86,inventory.xml,2026-08-28 10:16:22.519868
22633,HAND WARMER UNION JACK,1.85,348,38,inventory.xml,2026-08-28 10:16:22.519868
22632,HAND WARMER RED POLKA DOT,1.85,100,24,inventory.xml,2026-08-28 10:16:22.519868
84879,ASSORTED COLOUR BIRD ORNAMENT,1.69,47,44,inventory.xml,2026-08-28 10:16:22.519868
22745,POPPY'S PLAYHOUSE BEDROOM,2.10,263,42,inventory.xml,2026-08-28 10:16:22.519868
22748,POPPY'S PLAYHOUSE KITCHEN,2.10,487,89,inventory.xml,2026-08-28 10:16:22.519868
22749,FELTCRAFT PRINCESS CHARLOTTE DOLL,3.75,367,93,inventory.xml,2026-08-28 10:16:22.519868
22310,IVORY KNITTED MUG COSY,1.65,380,20,inventory.xml,2026-08-28 10:16:22.519868
84969,BOX OF 6 ASSORTED COLOUR TEASPOONS,4.25,358,59,inventory.xml,2026-08-28 10:16:22.519868
22623,BOX OF VINTAGE JIGSAW BLOCKS,4.95,393,85,inventory.xml,2026-08-28 10:16:22.519868
22622,BOX OF VINTAGE ALPHABET BLOCKS,9.95,256,30,inventory.xml,2026-08-28 10:16:22.519868
21754,HOME BUILDING BLOCK WORD,5.95,64,83,inventory.xml,2026-08-28 10:16:22.519868
21755,LOVE BUILDING BLOCK WORD,5.95,419,29,inventory.xml,2026-08-28 10:16:22.519868
21777,RECIPE BOX WITH METAL HEART,7.95,225,57,inventory.xml,2026-08-28 10:16:22.519868
48187,DOORMAT NEW ENGLAND,7.95,250,85,inventory.xml,2026-08-28 10:16:22.519868
22960,JAM MAKING SET WITH JARS,4.25,185,44,inventory.xml,2026-08-28 10:16:22.519868
22913,RED COAT RACK PARIS FASHION,4.95,91,47,inventory.xml,2026-08-28 10:16:22.519868
22912,YELLOW COAT RACK PARIS FASHION,4.95,463,42,inventory.xml,2026-08-28 10:16:22.519868
22914,BLUE COAT RACK PARIS FASHION,4.95,390,77,inventory.xml,2026-08-28 10:16:22.519868
21756,BATH BUILDING BLOCK WORD,5.95,321,40,inventory.xml,2026-08-28 10:16:22.519868
22728,ALARM CLOCK BAKELIKE PINK,3.75,201,99,inventory.xml,2026-08-28 10:16:22.519868
22727,ALARM CLOCK BAKELIKE RED,3.75,411,55,inventory.xml,2026-08-28 10:16:22.519868
22726,ALARM CLOCK BAKELIKE GREEN,3.75,272,58,inventory.xml,2026-08-28 10:16:22.519868
21724,PANDA AND BUNNIES STICKER SHEET,0.85,221,60,inventory.xml,2026-08-28 10:16:22.519868
21883,STARS GIFT TAPE,0.65,225,66,inventory.xml,2026-08-28 10:16:22.519868
10002,INFLATABLE POLITICAL GLOBE,0.85,113,64,inventory.xml,2026-08-28 10:16:22.519868
21791,VINTAGE HEADS AND TAILS CARD GAME,1.25,46,60,inventory.xml,2026-08-28 10:16:22.519868
21035,SET/2 RED RETROSPOT TEA TOWELS,2.95,277,99,inventory.xml,2026-08-28 10:16:22.519868
22326,ROUND SNACK BOXES SET OF4 WOODLAND,2.95,443,84,inventory.xml,2026-08-28 10:16:22.519868
22629,SPACEBOY LUNCH BOX,1.95,31,83,inventory.xml,2026-08-28 10:16:22.519868
22659,LUNCH BOX I LOVE LONDON,1.95,429,76,inventory.xml,2026-08-28 10:16:22.519868
22631,CIRCUS PARADE LUNCH BOX,1.95,413,69,inventory.xml,2026-08-28 10:16:22.519868
22661,CHARLOTTE BAG DOLLY GIRL DESIGN,0.85,138,47,inventory.xml,2026-08-28 10:16:22.519868
21731,RED TOADSTOOL LED NIGHT LIGHT,1.65,315,99,inventory.xml,2026-08-28 10:16:22.519868
22900,SET 2 TEA TOWELS I LOVE LONDON,2.95,82,57,inventory.xml,2026-08-28 10:16:22.519868
21913,VINTAGE SEASIDE JIGSAW PUZZLES,3.75,379,37,inventory.xml,2026-08-28 10:16:22.519868
22540,MINI JIGSAW CIRCUS PARADE,0.42,350,87,inventory.xml,2026-08-28 10:16:22.519868
22544,MINI JIGSAW SPACEBOY,0.42,177,32,inventory.xml,2026-08-28 10:16:22.519868
22492,MINI PAINT SET VINTAGE,0.65,33,88,inventory.xml,2026-08-28 10:16:22.519868
POST,POSTAGE,18.00,485,69,inventory.xml,2026-08-28 10:16:22.519868
22086,PAPER CHAIN KIT 50'S CHRISTMAS,2.55,222,29,inventory.xml,2026-08-28 10:16:22.519868
20679,EDWARDIAN PARASOL RED,4.95,446,23,inventory.xml,2026-08-28 10:16:22.519868
37370,RETRO COFFEE MUGS ASSORTED,1.06,338,55,inventory.xml,2026-08-28 10:16:22.519868
21871,SAVE THE PLANET MUG,1.06,389,22,inventory.xml,2026-08-28 10:16:22.519868
21071,VINTAGE BILLBOARD DRINK ME MUG,1.06,379,31,inventory.xml,2026-08-28 10:16:22.519868
21068,VINTAGE BILLBOARD LOVE/HATE MUG,1.06,97,61,inventory.xml,2026-08-28 10:16:22.519868
82483,WOOD 2 DRAWER CABINET WHITE FINISH,4.95,181,97,inventory.xml,2026-08-28 10:16:22.519868
82486,WOOD S/3 CABINET ANT WHITE FINISH,6.95,233,57,inventory.xml,2026-08-28 10:16:22.519868
82482,WOODEN PICTURE FRAME WHITE FINISH,2.10,248,84,inventory.xml,2026-08-28 10:16:22.519868
82494L,WOODEN FRAME ANTIQUE WHITE,2.55,21,93,inventory.xml,2026-08-28 10:16:22.519868
21258,VICTORIAN SEWING BOX LARGE,10.95,273,85,inventory.xml,2026-08-28 10:16:22.519868
22114,HOT WATER BOTTLE TEA AND SYMPATHY,3.45,77,70,inventory.xml,2026-08-28 10:16:22.519868
21733,RED HANGING HEART T-LIGHT HOLDER,2.55,371,55,inventory.xml,2026-08-28 10:16:22.519868
22386,JUMBO BAG PINK POLKADOT,1.95,341,61,inventory.xml,2026-08-28 10:16:22.519868
85099C,JUMBO  BAG BAROQUE BLACK WHITE,1.95,461,41,inventory.xml,2026-08-28 10:16:22.519868
21033,JUMBO BAG CHARLIE AND LOLA TOYS,2.95,372,59,inventory.xml,2026-08-28 10:16:22.519868
20723,STRAWBERRY CHARLOTTE BAG,0.85,183,50,inventory.xml,2026-08-28 10:16:22.519868
84997B,RED 3 PIECE RETROSPOT CUTLERY SET,3.75,483,39,inventory.xml,2026-08-28 10:16:22.519868
84997C,BLUE 3 PIECE POLKADOT CUTLERY SET,3.75,205,99,inventory.xml,2026-08-28 10:16:22.519868
21094,SET/6 RED SPOTTY PAPER PLATES,0.85,162,20,inventory.xml,2026-08-28 10:16:22.519868
20725,LUNCH BAG RED RETROSPOT,1.65,452,27,inventory.xml,2026-08-28 10:16:22.519868
21559,STRAWBERRY LUNCH BOX WITH CUTLERY,2.55,185,35,inventory.xml,2026-08-28 10:16:22.519868
22352,LUNCH BOX WITH CUTLERY RETROSPOT,2.55,38,97,inventory.xml,2026-08-28 10:16:22.519868
21212,PACK OF 72 RETROSPOT CAKE CASES,0.42,234,75,inventory.xml,2026-08-28 10:16:22.519868
21975,PACK OF 60 DINOSAUR CAKE CASES,0.55,397,90,inventory.xml,2026-08-28 10:16:22.519868
21977,PACK OF 60 PINK PAISLEY CAKE CASES,0.55,94,36,inventory.xml,2026-08-28 10:16:22.519868
84991,60 TEATIME FAIRY CAKE CASES,0.55,231,77,inventory.xml,2026-08-28 10:16:22.519868
84519A,TOMATO CHARLIE+LOLA COASTER SET,2.95,64,49,inventory.xml,2026-08-28 10:16:22.519868
85183B,CHARLIE & LOLA WASTEPAPER BIN FLORA,1.25,343,59,inventory.xml,2026-08-28 10:16:22.519868
85071B,RED CHARLIE+LOLA PERSONAL DOORSIGN,0.38,237,20,inventory.xml,2026-08-28 10:16:22.519868
21931,JUMBO STORAGE BAG SUKI,1.95,165,69,inventory.xml,2026-08-28 10:16:22.519868
21929,JUMBO BAG PINK VINTAGE PAISLEY,1.95,113,86,inventory.xml,2026-08-28 10:16:22.519868
22961,JAM MAKING SET PRINTED,1.45,282,73,inventory.xml,2026-08-28 10:16:22.519868
22139,RETROSPOT TEA SET CERAMIC 11 PC,4.25,334,32,inventory.xml,2026-08-28 10:16:22.519868
84854,GIRLY PINK TOOL SET,4.95,470,62,inventory.xml,2026-08-28 10:16:22.519868
22411,JUMBO SHOPPER VINTAGE RED PAISLEY,1.95,218,41,inventory.xml,2026-08-28 10:16:22.519868
82567,"AIRLINE LOUNGE,METAL SIGN",2.10,80,97,inventory.xml,2026-08-28 10:16:22.519868
21672,WHITE SPOT RED CERAMIC DRAWER KNOB,1.25,416,90,inventory.xml,2026-08-28 10:16:22.519868
22774,RED DRAWER KNOB ACRYLIC EDWARDIAN,1.25,314,34,inventory.xml,2026-08-28 10:16:22.519868
22771,CLEAR DRAWER KNOB ACRYLIC EDWARDIAN,1.25,350,60,inventory.xml,2026-08-28 10:16:22.519868
71270,PHOTO CLIP LINE,1.25,48,95,inventory.xml,2026-08-28 10:16:22.519868
22262,FELT EGG COSY CHICKEN,0.85,156,87,inventory.xml,2026-08-28 10:16:22.519868
22637,PIGGY BANK RETROSPOT,2.55,383,76,inventory.xml,2026-08-28 10:16:22.519868
21934,SKULL SHOULDER BAG,1.65,416,71,inventory.xml,2026-08-28 10:16:22.519868
21169,YOU'RE CONFUSING ME METAL SIGN,1.69,217,23,inventory.xml,2026-08-28 10:16:22.519868
21166,COOK WITH WINE METAL SIGN,1.95,402,79,inventory.xml,2026-08-28 10:16:22.519868
21175,GIN + TONIC DIET METAL SIGN,2.10,420,57,inventory.xml,2026-08-28 10:16:22.519868
37444A,YELLOW BREAKFAST CUP AND SAUCER,2.95,193,27,inventory.xml,2026-08-28 10:16:22.519868
37444C,PINK BREAKFAST CUP AND SAUCER,2.95,449,39,inventory.xml,2026-08-28 10:16:22.519868
22083,PAPER CHAIN KIT RETROSPOT,2.95,144,63,inventory.xml,2026-08-28 10:16:22.519868
84971S,SMALL HEART FLOWERS HOOK,0.85,119,78,inventory.xml,2026-08-28 10:16:22.519868
47580,TEA TIME DES TEA COSY,2.55,341,60,inventory.xml,2026-08-28 10:16:22.519868
22261,FELT EGG COSY WHITE RABBIT,0.85,318,69,inventory.xml,2026-08-28 10:16:22.519868
84832,ZINC WILLIE WINKIE  CANDLE STICK,0.85,69,89,inventory.xml,2026-08-28 10:16:22.519868
22644,CERAMIC CHERRY CAKE MONEY BANK,1.45,416,74,inventory.xml,2026-08-28 10:16:22.519868
21533,RETROSPOT LARGE MILK JUG,4.95,99,48,inventory.xml,2026-08-28 10:16:22.519868
21557,SET OF 6 FUNKY BEAKERS,2.95,402,71,inventory.xml,2026-08-28 10:16:22.519868
15056BL,EDWARDIAN PARASOL BLACK,5.95,3,67,inventory.xml,2026-08-28 10:16:22.519868
15056N,EDWARDIAN PARASOL NATURAL,5.95,398,28,inventory.xml,2026-08-28 10:16:22.519868
22646,CERAMIC STRAWBERRY CAKE MONEY BANK,1.45,393,24,inventory.xml,2026-08-28 10:16:22.519868
22176,BLUE OWL SOFT TOY,2.95,390,72,inventory.xml,2026-08-28 10:16:22.519868
22438,BALLOON ART MAKE YOUR OWN FLOWERS,1.95,332,51,inventory.xml,2026-08-28 10:16:22.519868
22778,GLASS CLOCHE SMALL,3.95,235,67,inventory.xml,2026-08-28 10:16:22.519868
22719,GUMBALL MONOCHROME COAT RACK,1.06,352,45,inventory.xml,2026-08-28 10:16:22.519868
21523,DOORMAT FANCY FONT HOME SWEET HOME,6.75,138,38,inventory.xml,2026-08-28 10:16:22.519868
D,Discount,27.50,390,32,inventory.xml,2026-08-28 10:16:22.519868
21912,VINTAGE SNAKES & LADDERS,3.75,277,50,inventory.xml,2026-08-28 10:16:22.519868
21832,CHOCOLATE CALCULATOR,1.65,229,85,inventory.xml,2026-08-28 10:16:22.519868
22379,RECYCLING BAG RETROSPOT,2.10,252,52,inventory.xml,2026-08-28 10:16:22.519868
22381,TOY TIDY PINK POLKADOT,1.85,284,50,inventory.xml,2026-08-28 10:16:22.519868
22798,ANTIQUE GLASS DRESSING TABLE POT,2.95,18,66,inventory.xml,2026-08-28 10:16:22.519868
22926,IVORY GIANT GARDEN THERMOMETER,5.95,69,98,inventory.xml,2026-08-28 10:16:22.519868
22839,3 TIER CAKE TIN GREEN AND CREAM,14.95,122,51,inventory.xml,2026-08-28 10:16:22.519868
22838,3 TIER CAKE TIN RED AND CREAM,14.95,57,67,inventory.xml,2026-08-28 10:16:22.519868
22783,SET 3 WICKER OVAL BASKETS W LIDS,16.95,219,55,inventory.xml,2026-08-28 10:16:22.519868
35004C,SET OF 3 COLOURED  FLYING DUCKS,4.65,334,68,inventory.xml,2026-08-28 10:16:22.519868
82484,WOOD BLACK BOARD ANT WHITE FINISH,6.45,327,55,inventory.xml,2026-08-28 10:16:22.519868
84755,COLOUR GLASS T-LIGHT HOLDER HANGING,0.65,235,71,inventory.xml,2026-08-28 10:16:22.519868
22464,HANGING METAL HEART LANTERN,1.65,427,63,inventory.xml,2026-08-28 10:16:22.519868
21324,HANGING MEDINA LANTERN SMALL,2.95,282,74,inventory.xml,2026-08-28 10:16:22.519868
22457,NATURAL SLATE HEART CHALKBOARD,2.95,39,96,inventory.xml,2026-08-28 10:16:22.519868
22469,HEART OF WICKER SMALL,1.45,382,32,inventory.xml,2026-08-28 10:16:22.519868
22470,HEART OF WICKER LARGE,2.55,287,64,inventory.xml,2026-08-28 10:16:22.519868
22224,WHITE LOVEBIRD LANTERN,2.95,317,55,inventory.xml,2026-08-28 10:16:22.519868
21340,CLASSIC METAL BIRDCAGE PLANT HOLDER,12.75,282,48,inventory.xml,2026-08-28 10:16:22.519868
22189,CREAM HEART CARD HOLDER,3.95,276,39,inventory.xml,2026-08-28 10:16:22.519868
22427,ENAMEL FLOWER JUG CREAM,5.95,45,24,inventory.xml,2026-08-28 10:16:22.519868
22428,ENAMEL FIRE BUCKET CREAM,6.95,279,52,inventory.xml,2026-08-28 10:16:22.519868
22424,ENAMEL BREAD BIN CREAM,10.95,397,86,inventory.xml,2026-08-28 10:16:22.519868
22663,JUMBO BAG DOLLY GIRL DESIGN,1.95,151,27,inventory.xml,2026-08-28 10:16:22.519868
85049A,TRADITIONAL CHRISTMAS RIBBONS,1.25,301,52,inventory.xml,2026-08-28 10:16:22.519868
22168,ORGANISER WOOD ANTIQUE WHITE,8.50,15,97,inventory.xml,2026-08-28 10:16:22.519868
22662,LUNCH BAG DOLLY GIRL DESIGN,1.65,173,96,inventory.xml,2026-08-28 10:16:22.519868
84880,WHITE WIRE EGG HOLDER,4.95,218,37,inventory.xml,2026-08-28 10:16:22.519868
85099B,JUMBO BAG RED RETROSPOT,1.65,491,20,inventory.xml,2026-08-28 10:16:22.519868
79321,CHILLI LIGHTS,3.82,107,73,inventory.xml,2026-08-28 10:16:22.519868
22780,LIGHT GARLAND BUTTERFILES PINK,3.37,138,21,inventory.xml,2026-08-28 10:16:22.519868
22779,WOODEN OWLS LIGHT GARLAND,3.37,204,44,inventory.xml,2026-08-28 10:16:22.519868
22466,FAIRY TALE COTTAGE NIGHTLIGHT,1.45,496,59,inventory.xml,2026-08-28 10:16:22.519868
21363,HOME SMALL WOOD LETTERS,4.95,426,89,inventory.xml,2026-08-28 10:16:22.519868
21411,GINGHAM HEART  DOORSTOP RED,4.25,17,27,inventory.xml,2026-08-28 10:16:22.519868
22318,FIVE HEART HANGING DECORATION,2.95,116,72,inventory.xml,2026-08-28 10:16:22.519868
22915,ASSORTED BOTTLE TOP  MAGNETS,0.42,410,62,inventory.xml,2026-08-28 10:16:22.519868
22922,FRIDGE MAGNETS US DINER ASSORTED,0.85,29,30,inventory.xml,2026-08-28 10:16:22.519868
22969,HOMEMADE JAM SCENTED CANDLES,1.45,427,87,inventory.xml,2026-08-28 10:16:22.519868
22923,FRIDGE MAGNETS LES ENFANTS ASSORTED,0.85,140,87,inventory.xml,2026-08-28 10:16:22.519868
21115,ROSE CARAVAN DOORSTOP,6.75,458,58,inventory.xml,2026-08-28 10:16:22.519868
22242,5 HOOK HANGER MAGIC TOADSTOOL,1.65,146,95,inventory.xml,2026-08-28 10:16:22.519868
22941,CHRISTMAS LIGHTS 10 REINDEER,8.50,217,68,inventory.xml,2026-08-28 10:16:22.519868
21622,VINTAGE UNION JACK CUSHION COVER,4.95,330,92,inventory.xml,2026-08-28 10:16:22.519868
35004G,SET OF 3 GOLD FLYING DUCKS,6.35,63,96,inventory.xml,2026-08-28 10:16:22.519868
85014B,RED RETROSPOT UMBRELLA,5.95,278,65,inventory.xml,2026-08-28 10:16:22.519868
85014A,BLACK/BLUE POLKADOT UMBRELLA,5.95,252,42,inventory.xml,2026-08-28 10:16:22.519868
22193,RED DINER WALL CLOCK,8.50,391,31,inventory.xml,2026-08-28 10:16:22.519868
22192,BLUE DINER WALL CLOCK,8.50,498,65,inventory.xml,2026-08-28 10:16:22.519868
22191,IVORY DINER WALL CLOCK,8.50,332,35,inventory.xml,2026-08-28 10:16:22.519868
22195,LARGE HEART MEASURING SPOONS,1.65,204,80,inventory.xml,2026-08-28 10:16:22.519868
22196,SMALL HEART MEASURING SPOONS,0.85,203,94,inventory.xml,2026-08-28 10:16:22.519868
22962,JAM JAR WITH PINK LID,0.72,208,39,inventory.xml,2026-08-28 10:16:22.519868
22963,JAM JAR WITH GREEN LID,0.72,407,64,inventory.xml,2026-08-28 10:16:22.519868
22968,ROSE COTTAGE KEEPSAKE BOX,8.50,160,23,inventory.xml,2026-08-28 10:16:22.519868
84970S,HANGING HEART ZINC T-LIGHT HOLDER,0.64,83,34,inventory.xml,2026-08-28 10:16:22.519868
22910,PAPER CHAIN KIT VINTAGE CHRISTMAS,2.55,167,50,inventory.xml,2026-08-28 10:16:22.519868
20668,DISCO BALL CHRISTMAS DECORATION,0.10,11,90,inventory.xml,2026-08-28 10:16:22.519868
22197,SMALL POPCORN HOLDER,0.72,53,97,inventory.xml,2026-08-28 10:16:22.519868
22198,LARGE POPCORN HOLDER,1.45,45,71,inventory.xml,2026-08-28 10:16:22.519868
21080,SET/20 RED RETROSPOT PAPER NAPKINS,0.64,385,66,inventory.xml,2026-08-28 10:16:22.519868
21086,SET/6 RED SPOTTY PAPER CUPS,0.65,361,65,inventory.xml,2026-08-28 10:16:22.519868
21786,POLKADOT RAIN HAT,0.32,348,24,inventory.xml,2026-08-28 10:16:22.519868
22654,DELUXE SEWING KIT,4.95,230,50,inventory.xml,2026-08-28 10:16:22.519868
21485,RETROSPOT HEART HOT WATER BOTTLE,4.25,358,98,inventory.xml,2026-08-28 10:16:22.519868
84030E,ENGLISH ROSE HOT WATER BOTTLE,3.75,80,52,inventory.xml,2026-08-28 10:16:22.519868
22174,PHOTO CUBE,1.48,450,37,inventory.xml,2026-08-28 10:16:22.519868
22556,PLASTERS IN TIN CIRCUS PARADE,1.65,250,39,inventory.xml,2026-08-28 10:16:22.519868
21984,PACK OF 12 PINK PAISLEY TISSUES,0.29,469,77,inventory.xml,2026-08-28 10:16:22.519868
21983,PACK OF 12 BLUE PAISLEY TISSUES,0.29,76,23,inventory.xml,2026-08-28 10:16:22.519868
21980,PACK OF 12 RED RETROSPOT TISSUES,0.29,248,97,inventory.xml,2026-08-28 10:16:22.519868
21484,CHICK GREY HOT WATER BOTTLE,3.45,348,90,inventory.xml,2026-08-28 10:16:22.519868
22557,PLASTERS IN TIN VINTAGE PAISLEY,1.65,247,65,inventory.xml,2026-08-28 10:16:22.519868
22553,PLASTERS IN TIN SKULLS,1.65,223,57,inventory.xml,2026-08-28 10:16:22.519868
22150,3 STRIPEY MICE FELTCRAFT,1.95,83,80,inventory.xml,2026-08-28 10:16:22.519868
22619,SET OF 6 SOLDIER SKITTLES,3.75,190,63,inventory.xml,2026-08-28 10:16:22.519868
21891,TRADITIONAL WOODEN SKIPPING ROPE,1.25,119,58,inventory.xml,2026-08-28 10:16:22.519868
21889,WOODEN BOX OF DOMINOES,1.25,150,45,inventory.xml,2026-08-28 10:16:22.519868
22827,RUSTIC  SEVENTEEN DRAWER SIDEBOARD,165.00,341,55,inventory.xml,2026-08-28 10:16:22.519868
22127,PARTY CONES CARNIVAL ASSORTED,1.25,315,80,inventory.xml,2026-08-28 10:16:22.519868
22128,PARTY CONES CANDY ASSORTED,1.25,303,24,inventory.xml,2026-08-28 10:16:22.519868
22502,PICNIC BASKET WICKER SMALL,5.95,180,22,inventory.xml,2026-08-28 10:16:22.519868
22338,STAR DECORATION PAINTED ZINC,0.65,479,77,inventory.xml,2026-08-28 10:16:22.519868
22180,RETROSPOT LAMP,9.95,43,49,inventory.xml,2026-08-28 10:16:22.519868
21506,"FANCY FONT BIRTHDAY CARD,",0.42,171,84,inventory.xml,2026-08-28 10:16:22.519868
22866,HAND WARMER SCOTTY DOG DESIGN,1.85,59,22,inventory.xml,2026-08-28 10:16:22.519868
22865,HAND WARMER OWL DESIGN,1.85,169,92,inventory.xml,2026-08-28 10:16:22.519868
22349,DOG BOWL CHASING BALL DESIGN,3.75,480,29,inventory.xml,2026-08-28 10:16:22.519868
22558,CLOTHES PEGS RETROSPOT PACK 24,1.25,183,53,inventory.xml,2026-08-28 10:16:22.519868
85152,HAND OVER THE CHOCOLATE   SIGN,2.10,454,97,inventory.xml,2026-08-28 10:16:22.519868
22652,TRAVEL SEWING KIT,1.65,247,28,inventory.xml,2026-08-28 10:16:22.519868
22188,BLACK HEART CARD HOLDER,3.95,349,72,inventory.xml,2026-08-28 10:16:22.519868
21314,SMALL GLASS HEART TRINKET POT,2.10,228,78,inventory.xml,2026-08-28 10:16:22.519868
22730,ALARM CLOCK BAKELIKE IVORY,3.75,132,54,inventory.xml,2026-08-28 10:16:22.519868
22729,ALARM CLOCK BAKELIKE ORANGE,3.75,382,26,inventory.xml,2026-08-28 10:16:22.519868
22867,HAND WARMER BIRD DESIGN,2.10,484,61,inventory.xml,2026-08-28 10:16:22.519868
22803,IVORY EMBROIDERED QUILT,35.75,131,54,inventory.xml,2026-08-28 10:16:22.519868
35004B,SET OF 3 BLACK FLYING DUCKS,4.65,389,89,inventory.xml,2026-08-28 10:16:22.519868
21844,RED RETROSPOT MUG,2.95,130,74,inventory.xml,2026-08-28 10:16:22.519868
22468,BABUSHKA LIGHTS STRING OF 10,6.75,358,47,inventory.xml,2026-08-28 10:16:22.519868
48185,DOORMAT FAIRY CAKE,7.95,394,24,inventory.xml,2026-08-28 10:16:22.519868
21232,STRAWBERRY CERAMIC TRINKET BOX,1.25,224,67,inventory.xml,2026-08-28 10:16:22.519868
22064,PINK DOUGHNUT TRINKET POT,1.65,368,42,inventory.xml,2026-08-28 10:16:22.519868
22449,SILK PURSE BABUSHKA PINK,3.35,136,74,inventory.xml,2026-08-28 10:16:22.519868
22835,HOT WATER BOTTLE I AM SO POORLY,4.65,39,89,inventory.xml,2026-08-28 10:16:22.519868
22112,CHOCOLATE HOT WATER BOTTLE,4.95,48,48,inventory.xml,2026-08-28 10:16:22.519868
21479,WHITE SKULL HOT WATER BOTTLE,3.75,223,92,inventory.xml,2026-08-28 10:16:22.519868
22111,SCOTTIE DOG HOT WATER BOTTLE,4.95,451,61,inventory.xml,2026-08-28 10:16:22.519868
22110,BIRD HOUSE HOT WATER BOTTLE,2.55,63,62,inventory.xml,2026-08-28 10:16:22.519868
22098,BOUDOIR SQUARE TISSUE BOX,1.25,227,81,inventory.xml,2026-08-28 10:16:22.519868
22100,SKULLS SQUARE TISSUE BOX,1.25,352,83,inventory.xml,2026-08-28 10:16:22.519868
22766,PHOTO FRAME CORNICE,2.95,101,92,inventory.xml,2026-08-28 10:16:22.519868
22451,SILK PURSE BABUSHKA RED,3.35,360,99,inventory.xml,2026-08-28 10:16:22.519868
22549,PICTURE DOMINOES,1.45,152,32,inventory.xml,2026-08-28 10:16:22.519868
84744,S/6 SEW ON CROCHET FLOWERS,1.25,404,53,inventory.xml,2026-08-28 10:16:22.519868
85049E,SCANDINAVIAN REDS RIBBONS,1.25,289,94,inventory.xml,2026-08-28 10:16:22.519868
21328,BALLOONS  WRITING SET,1.65,273,44,inventory.xml,2026-08-28 10:16:22.519868
17091A,LAVENDER INCENSE IN TIN,1.25,88,20,inventory.xml,2026-08-28 10:16:22.519868
22473,TV DINNER TRAY VINTAGE PAISLEY,4.95,231,66,inventory.xml,2026-08-28 10:16:22.519868
84509A,SET OF 4 ENGLISH ROSE PLACEMATS,3.75,428,80,inventory.xml,2026-08-28 10:16:22.519868
84510A,SET OF 4 ENGLISH ROSE COASTERS,1.25,9,79,inventory.xml,2026-08-28 10:16:22.519868
22767,TRIPLE PHOTO FRAME CORNICE,9.95,379,84,inventory.xml,2026-08-28 10:16:22.519868
22768,FAMILY PHOTO FRAME CORNICE,9.95,246,71,inventory.xml,2026-08-28 10:16:22.519868
21463,MIRRORED DISCO BALL,5.95,359,30,inventory.xml,2026-08-28 10:16:22.519868
21464,DISCO BALL ROTATOR BATTERY OPERATED,4.25,331,87,inventory.xml,2026-08-28 10:16:22.519868
20820,SILVER LOOKING MIRROR,4.95,216,53,inventory.xml,2026-08-28 10:16:22.519868
85150,LADIES & GENTLEMEN METAL SIGN,2.55,154,87,inventory.xml,2026-08-28 10:16:22.519868
22117,METAL SIGN HER DINNER IS SERVED,2.95,313,85,inventory.xml,2026-08-28 10:16:22.519868
48129,DOORMAT TOPIARY,7.95,70,97,inventory.xml,2026-08-28 10:16:22.519868
82580,BATHROOM METAL SIGN,0.55,292,21,inventory.xml,2026-08-28 10:16:22.519868
82578,KITCHEN METAL SIGN,0.55,47,89,inventory.xml,2026-08-28 10:16:22.519868
82581,TOILET METAL SIGN,0.55,324,70,inventory.xml,2026-08-28 10:16:22.519868
22413,METAL SIGN TAKE IT OR LEAVE IT,2.95,314,58,inventory.xml,2026-08-28 10:16:22.519868
21907,I'M ON HOLIDAY METAL SIGN,2.10,42,83,inventory.xml,2026-08-28 10:16:22.519868
22441,GROW YOUR OWN BASIL IN ENAMEL MUG,2.10,378,96,inventory.xml,2026-08-28 10:16:22.519868
21122,SET/10 PINK POLKADOT PARTY CANDLES,1.25,207,61,inventory.xml,2026-08-28 10:16:22.519868
22851,SET 20 NAPKINS FAIRY CAKES DESIGN,0.85,393,26,inventory.xml,2026-08-28 10:16:22.519868
22810,SET OF 6 T-LIGHTS SNOWMEN,2.95,20,78,inventory.xml,2026-08-28 10:16:22.519868
22809,SET OF 6 T-LIGHTS SANTA,2.95,89,38,inventory.xml,2026-08-28 10:16:22.519868
22435,SET OF 9 HEART SHAPED BALLOONS,1.25,246,38,inventory.xml,2026-08-28 10:16:22.519868
20966,SANDWICH BATH SPONGE,1.25,94,35,inventory.xml,2026-08-28 10:16:22.519868
20963,APPLE BATH SPONGE,1.25,164,35,inventory.xml,2026-08-28 10:16:22.519868
20961,STRAWBERRY BATH SPONGE,1.25,330,92,inventory.xml,2026-08-28 10:16:22.519868
22068,BLACK PIRATE TREASURE CHEST,1.65,72,49,inventory.xml,2026-08-28 10:16:22.519868
21743,STAR PORTABLE TABLE LIGHT,2.95,338,28,inventory.xml,2026-08-28 10:16:22.519868
21744,SNOWFLAKE PORTABLE TABLE LIGHT,2.95,51,34,inventory.xml,2026-08-28 10:16:22.519868
84709B,PINK OVAL JEWELLED MIRROR,5.95,87,51,inventory.xml,2026-08-28 10:16:22.519868
21592,RETROSPOT CIGAR BOX MATCHES,1.25,293,47,inventory.xml,2026-08-28 10:16:22.519868
21587,COSY HOUR GIANT TUBE MATCHES,2.55,396,44,inventory.xml,2026-08-28 10:16:22.519868
20992,JAZZ HEARTS PURSE NOTEBOOK,0.85,85,95,inventory.xml,2026-08-28 10:16:22.519868
22804,CANDLEHOLDER PINK HANGING HEART,2.95,149,89,inventory.xml,2026-08-28 10:16:22.519868
20749,ASSORTED COLOUR MINI CASES,7.95,462,65,inventory.xml,2026-08-28 10:16:22.519868
22382,LUNCH BAG SPACEBOY DESIGN,1.65,494,98,inventory.xml,2026-08-28 10:16:22.519868
20726,LUNCH BAG WOODLAND,1.65,290,47,inventory.xml,2026-08-28 10:16:22.519868
22384,LUNCH BAG PINK POLKADOT,1.65,223,31,inventory.xml,2026-08-28 10:16:22.519868
22467,GUMBALL COAT RACK,2.55,173,41,inventory.xml,2026-08-28 10:16:22.519868
84625C,BLUE NEW BAROQUE CANDLESTICK CANDLE,2.95,306,27,inventory.xml,2026-08-28 10:16:22.519868
84625A,PINK NEW BAROQUECANDLESTICK CANDLE,2.95,295,96,inventory.xml,2026-08-28 10:16:22.519868
21108,FAIRY CAKE FLANNEL ASSORTED COLOUR,2.55,147,37,inventory.xml,2026-08-28 10:16:22.519868
22848,BREAD BIN DINER STYLE PINK,16.95,11,55,inventory.xml,2026-08-28 10:16:22.519868
47570B,TEA TIME TABLE CLOTH,10.65,75,36,inventory.xml,2026-08-28 10:16:22.519868
22837,HOT WATER BOTTLE BABUSHKA,4.25,479,98,inventory.xml,2026-08-28 10:16:22.519868
22297,HEART IVORY TRELLIS SMALL,1.25,209,32,inventory.xml,2026-08-28 10:16:22.519868
22772,PINK DRAWER KNOB ACRYLIC EDWARDIAN,1.25,241,61,inventory.xml,2026-08-28 10:16:22.519868
22773,GREEN DRAWER KNOB ACRYLIC EDWARDIAN,1.25,233,96,inventory.xml,2026-08-28 10:16:22.519868
22805,BLUE DRAWER KNOB ACRYLIC EDWARDIAN,1.25,391,61,inventory.xml,2026-08-28 10:16:22.519868
21125,SET 6 FOOTBALL CELEBRATION CANDLES,1.25,32,91,inventory.xml,2026-08-28 10:16:22.519868
21126,SET OF 6 GIRLS CELEBRATION CANDLES,1.25,41,91,inventory.xml,2026-08-28 10:16:22.519868
85049C,ROMANTIC PINKS RIBBONS,1.25,137,81,inventory.xml,2026-08-28 10:16:22.519868
85049D,BRIGHT BLUES RIBBONS,1.25,243,79,inventory.xml,2026-08-28 10:16:22.519868
85049G,CHOCOLATE BOX RIBBONS,1.25,335,66,inventory.xml,2026-08-28 10:16:22.519868
21061,PARTY INVITES FOOTBALL,0.85,245,66,inventory.xml,2026-08-28 10:16:22.519868
21063,PARTY INVITES JAZZ HEARTS,0.85,220,86,inventory.xml,2026-08-28 10:16:22.519868
21062,PARTY INVITES SPACEMAN,0.85,468,54,inventory.xml,2026-08-28 10:16:22.519868
84380,SET OF 3 BUTTERFLY COOKIE CUTTERS,1.25,80,95,inventory.xml,2026-08-28 10:16:22.519868
84378,SET OF 3 HEART COOKIE CUTTERS,1.25,285,90,inventory.xml,2026-08-28 10:16:22.519868
22964,3 PIECE SPACEBOY COOKIE CUTTER SET,2.10,271,49,inventory.xml,2026-08-28 10:16:22.519868
21213,PACK OF 72 SKULL CAKE CASES,0.55,236,52,inventory.xml,2026-08-28 10:16:22.519868
22417,PACK OF 60 SPACEBOY CAKE CASES,0.55,403,77,inventory.xml,2026-08-28 10:16:22.519868
84992,72 SWEETHEART FAIRY CAKE CASES,0.55,133,93,inventory.xml,2026-08-28 10:16:22.519868
22383,LUNCH BAG SUKI  DESIGN,1.65,476,27,inventory.xml,2026-08-28 10:16:22.519868
20728,LUNCH BAG CARS BLUE,1.65,165,25,inventory.xml,2026-08-28 10:16:22.519868
20727,LUNCH BAG  BLACK SKULL.,1.65,272,39,inventory.xml,2026-08-28 10:16:22.519868
22296,HEART IVORY TRELLIS LARGE,1.65,260,54,inventory.xml,2026-08-28 10:16:22.519868
20914,SET/5 RED RETROSPOT LID GLASS BOWLS,2.55,424,33,inventory.xml,2026-08-28 10:16:22.519868
22537,MAGIC DRAWING SLATE DINOSAUR,0.42,219,61,inventory.xml,2026-08-28 10:16:22.519868
22533,MAGIC DRAWING SLATE BAKE A CAKE,0.42,142,63,inventory.xml,2026-08-28 10:16:22.519868
20982,12 PENCILS TALL TUBE SKULLS,0.85,10,96,inventory.xml,2026-08-28 10:16:22.519868
21915,RED  HARMONICA IN BOX,1.25,181,79,inventory.xml,2026-08-28 10:16:22.519868
21914,BLUE HARMONICA IN BOX,1.25,413,40,inventory.xml,2026-08-28 10:16:22.519868
21544,SKULLS  WATER TRANSFER TATTOOS,0.85,4,82,inventory.xml,2026-08-28 10:16:22.519868
22813,PACK 3 BOXES BIRD PANNETONE,1.95,448,84,inventory.xml,2026-08-28 10:16:22.519868
84375,SET OF 20 KIDS COOKIE CUTTERS,2.10,271,74,inventory.xml,2026-08-28 10:16:22.519868
22418,10 COLOUR SPACEBOY PEN,0.85,70,74,inventory.xml,2026-08-28 10:16:22.519868
22178,VICTORIAN GLASS HANGING T-LIGHT,1.25,151,44,inventory.xml,2026-08-28 10:16:22.519868
84970L,SINGLE HEART ZINC T-LIGHT HOLDER,0.95,277,77,inventory.xml,2026-08-28 10:16:22.519868
22465,HANGING METAL STAR LANTERN,1.65,157,30,inventory.xml,2026-08-28 10:16:22.519868
84949,SILVER HANGING T-LIGHT HOLDER,1.65,54,70,inventory.xml,2026-08-28 10:16:22.519868
20685,DOORMAT RED RETROSPOT,7.95,332,93,inventory.xml,2026-08-28 10:16:22.519868
48194,DOORMAT HEARTS,7.95,336,97,inventory.xml,2026-08-28 10:16:22.519868
22488,NATURAL SLATE RECTANGLE CHALKBOARD,1.65,59,43,inventory.xml,2026-08-28 10:16:22.519868
22219,LOVEBIRD HANGING DECORATION WHITE,0.85,140,46,inventory.xml,2026-08-28 10:16:22.519868
22610,PENS ASSORTED FUNNY FACE,0.85,121,69,inventory.xml,2026-08-28 10:16:22.519868
22716,CARD CIRCUS PARADE,0.42,329,51,inventory.xml,2026-08-28 10:16:22.519868
22706,WRAP COWBOYS,0.42,365,78,inventory.xml,2026-08-28 10:16:22.519868
22371,AIRLINE BAG VINTAGE TOKYO 78,4.25,363,36,inventory.xml,2026-08-28 10:16:22.519868
21210,SET OF 72 RETROSPOT PAPER  DOILIES,1.45,469,33,inventory.xml,2026-08-28 10:16:22.519868
16237,SLEEPING CAT ERASERS,0.21,384,24,inventory.xml,2026-08-28 10:16:22.519868
22714,CARD BIRTHDAY COWBOY,0.42,160,57,inventory.xml,2026-08-28 10:16:22.519868
22812,PACK 3 BOXES CHRISTMAS PANNETONE,1.95,53,37,inventory.xml,2026-08-28 10:16:22.519868
84347,ROTATING SILVER ANGELS T-LIGHT HLDR,2.55,307,43,inventory.xml,2026-08-28 10:16:22.519868
22736,RIBBON REEL MAKING SNOWMEN,1.65,458,93,inventory.xml,2026-08-28 10:16:22.519868
22620,4 TRADITIONAL SPINNING TOPS,1.25,487,85,inventory.xml,2026-08-28 10:16:22.519868
21705,BAG 500g SWIRLY MARBLES,1.65,115,87,inventory.xml,2026-08-28 10:16:22.519868
90199C,5 STRAND GLASS NECKLACE CRYSTAL,6.35,118,67,inventory.xml,2026-08-28 10:16:22.519868
22785,SQUARECUSHION COVER PINK UNION FLAG,6.75,18,28,inventory.xml,2026-08-28 10:16:22.519868
22975,SPACEBOY CHILDRENS EGG CUP,1.25,70,79,inventory.xml,2026-08-28 10:16:22.519868
22972,CHILDREN'S SPACEBOY MUG,1.65,277,68,inventory.xml,2026-08-28 10:16:22.519868
22568,FELTCRAFT CUSHION OWL,3.75,273,92,inventory.xml,2026-08-28 10:16:22.519868
85116,BLACK CANDELABRA T-LIGHT HOLDER,2.10,185,58,inventory.xml,2026-08-28 10:16:22.519868
22664,TOY TIDY DOLLY GIRL DESIGN,2.10,154,33,inventory.xml,2026-08-28 10:16:22.519868
21609,SET 12 LAVENDER  BOTANICAL T-LIGHTS,2.95,414,67,inventory.xml,2026-08-28 10:16:22.519868
21866,UNION JACK FLAG LUGGAGE TAG,1.25,230,56,inventory.xml,2026-08-28 10:16:22.519868
20669,RED HEART LUGGAGE TAG,1.25,404,72,inventory.xml,2026-08-28 10:16:22.519868
90129F,RED GLASS TASSLE BAG CHARM,2.95,481,50,inventory.xml,2026-08-28 10:16:22.519868
90210B,CLEAR ACRYLIC FACETED BANGLE,2.95,158,44,inventory.xml,2026-08-28 10:16:22.519868
21955,DOORMAT UNION JACK GUNS AND ROSES,7.95,101,30,inventory.xml,2026-08-28 10:16:22.519868
72802C,VANILLA SCENT CANDLE JEWELLED BOX,4.25,476,96,inventory.xml,2026-08-28 10:16:22.519868
22109,FULL ENGLISH BREAKFAST PLATE,3.75,317,80,inventory.xml,2026-08-28 10:16:22.519868
22531,MAGIC DRAWING SLATE CIRCUS PARADE,0.42,145,57,inventory.xml,2026-08-28 10:16:22.519868
21811,CHRISTMAS HANGING HEART WITH BELL,1.25,310,38,inventory.xml,2026-08-28 10:16:22.519868
22183,CAKE STAND VICTORIAN FILIGREE MED,6.75,257,70,inventory.xml,2026-08-28 10:16:22.519868
21678,PAISLEY PATTERN  STICKERS,0.85,452,52,inventory.xml,2026-08-28 10:16:22.519868
21676,FLOWERS  STICKERS,0.85,127,70,inventory.xml,2026-08-28 10:16:22.519868
85169B,BLACK LOVE BIRD CANDLE,1.25,495,27,inventory.xml,2026-08-28 10:16:22.519868
16238,PARTY TIME PENCIL ERASERS,0.21,468,34,inventory.xml,2026-08-28 10:16:22.519868
84906,PINK B'FLY C/COVER W BOBBLES,5.95,90,78,inventory.xml,2026-08-28 10:16:22.519868
21867,PINK UNION JACK  LUGGAGE TAG,1.25,82,24,inventory.xml,2026-08-28 10:16:22.519868
22075,6 RIBBONS ELEGANT CHRISTMAS,1.65,266,74,inventory.xml,2026-08-28 10:16:22.519868
21326,AGED GLASS SILVER T-LIGHT HOLDER,0.65,22,52,inventory.xml,2026-08-28 10:16:22.519868
21065,BOOM BOX SPEAKER GIRLS,5.95,149,20,inventory.xml,2026-08-28 10:16:22.519868
22074,6 RIBBONS SHIMMERING PINKS,1.65,217,81,inventory.xml,2026-08-28 10:16:22.519868
20713,JUMBO BAG OWLS,1.95,484,75,inventory.xml,2026-08-28 10:16:22.519868
21116,OWL DOORSTOP,4.95,496,85,inventory.xml,2026-08-28 10:16:22.519868
21824,PAINTED METAL STAR WITH HOLLY BELLS,1.45,75,91,inventory.xml,2026-08-28 10:16:22.519868
21823,PAINTED METAL HEART WITH HOLLY BELL,1.45,445,78,inventory.xml,2026-08-28 10:16:22.519868
22153,ANGEL DECORATION STARS ON DRESS,0.42,45,87,inventory.xml,2026-08-28 10:16:22.519868
85099F,JUMBO BAG STRAWBERRY,1.95,374,29,inventory.xml,2026-08-28 10:16:22.519868
20717,STRAWBERRY SHOPPER BAG,1.25,422,93,inventory.xml,2026-08-28 10:16:22.519868
22328,ROUND SNACK BOXES SET OF 4 FRUITS,2.95,445,93,inventory.xml,2026-08-28 10:16:22.519868
22327,ROUND SNACK BOXES SET OF 4 SKULLS,2.95,111,75,inventory.xml,2026-08-28 10:16:22.519868
22630,DOLLY GIRL LUNCH BOX,1.95,446,84,inventory.xml,2026-08-28 10:16:22.519868
21245,GREEN POLKADOT PLATE,1.69,57,79,inventory.xml,2026-08-28 10:16:22.519868
21244,BLUE POLKADOT PLATE,1.69,259,90,inventory.xml,2026-08-28 10:16:22.519868
21242,RED RETROSPOT PLATE,1.69,234,91,inventory.xml,2026-08-28 10:16:22.519868
21243,PINK  POLKADOT PLATE,1.69,157,61,inventory.xml,2026-08-28 10:16:22.519868
22273,FELTCRAFT DOLL MOLLY,2.95,11,85,inventory.xml,2026-08-28 10:16:22.519868
22940,FELTCRAFT CHRISTMAS FAIRY,4.25,386,93,inventory.xml,2026-08-28 10:16:22.519868
22759,SET OF 3 NOTEBOOKS IN PARCEL,1.65,167,43,inventory.xml,2026-08-28 10:16:22.519868
21880,RED RETROSPOT TAPE,0.65,330,23,inventory.xml,2026-08-28 10:16:22.519868
21738,COSY SLIPPER SHOES SMALL  RED,2.95,205,33,inventory.xml,2026-08-28 10:16:22.519868
22077,6 RIBBONS RUSTIC CHARM,1.65,186,22,inventory.xml,2026-08-28 10:16:22.519868
21448,12 DAISY PEGS IN WOOD BOX,1.65,443,54,inventory.xml,2026-08-28 10:16:22.519868
22243,5 HOOK HANGER RED MAGIC TOADSTOOL,1.65,47,21,inventory.xml,2026-08-28 10:16:22.519868
22141,CHRISTMAS CRAFT TREE TOP ANGEL,2.10,368,40,inventory.xml,2026-08-28 10:16:22.519868
22144,CHRISTMAS CRAFT LITTLE FRIENDS,2.10,373,40,inventory.xml,2026-08-28 10:16:22.519868
21739,COSY SLIPPER SHOES SMALL GREEN,2.95,189,76,inventory.xml,2026-08-28 10:16:22.519868
22271,FELTCRAFT DOLL ROSIE,2.95,131,39,inventory.xml,2026-08-28 10:16:22.519868
22274,FELTCRAFT DOLL EMILY,2.95,2,95,inventory.xml,2026-08-28 10:16:22.519868
22751,FELTCRAFT PRINCESS OLIVIA DOLL,3.75,468,35,inventory.xml,2026-08-28 10:16:22.519868
21034,REX CASH+CARRY JUMBO SHOPPER,0.95,473,97,inventory.xml,2026-08-28 10:16:22.519868
22570,FELTCRAFT CUSHION RABBIT,3.75,120,65,inventory.xml,2026-08-28 10:16:22.519868
22569,FELTCRAFT CUSHION BUTTERFLY,3.75,15,39,inventory.xml,2026-08-28 10:16:22.519868
22902,TOTE BAG I LOVE LONDON,2.10,61,23,inventory.xml,2026-08-28 10:16:22.519868
21710,FOLDING UMBRELLA PINKWHITE POLKADOT,4.95,33,44,inventory.xml,2026-08-28 10:16:22.519868
21708,FOLDING UMBRELLA CREAM POLKADOT,4.95,415,67,inventory.xml,2026-08-28 10:16:22.519868
21711,FOLDING UMBRELLA WHITE/RED POLKADOT,4.95,445,28,inventory.xml,2026-08-28 10:16:22.519868
22179,SET 10 LIGHTS NIGHT OWL,6.75,76,33,inventory.xml,2026-08-28 10:16:22.519868
21706,FOLDING UMBRELLA RED/WHITE POLKADOT,4.95,373,29,inventory.xml,2026-08-28 10:16:22.519868
85184C,S/4 VALENTINE DECOUPAGE HEART BOX,2.95,89,74,inventory.xml,2026-08-28 10:16:22.519868
22988,SOLDIERS EGG CUP,1.25,183,27,inventory.xml,2026-08-28 10:16:22.519868
20750,RED RETROSPOT MINI CASES,7.95,299,21,inventory.xml,2026-08-28 10:16:22.519868
22952,60 CAKE CASES VINTAGE CHRISTMAS,0.55,359,56,inventory.xml,2026-08-28 10:16:22.519868
22739,RIBBON REEL CHRISTMAS SOCK BAUBLE,1.65,437,44,inventory.xml,2026-08-28 10:16:22.519868
22738,RIBBON REEL SNOWY VILLAGE,1.65,22,65,inventory.xml,2026-08-28 10:16:22.519868
22909,SET OF 20 VINTAGE CHRISTMAS NAPKINS,0.85,98,95,inventory.xml,2026-08-28 10:16:22.519868
35591T,TURQUOISE CHRISTMAS TREE,1.25,140,88,inventory.xml,2026-08-28 10:16:22.519868
22186,RED STAR CARD HOLDER,2.95,155,63,inventory.xml,2026-08-28 10:16:22.519868
22695,WICKER WREATH SMALL,1.45,499,71,inventory.xml,2026-08-28 10:16:22.519868
22580,ADVENT CALENDAR GINGHAM SACK,5.95,388,84,inventory.xml,2026-08-28 10:16:22.519868
22147,FELTCRAFT BUTTERFLY HEARTS,1.45,160,54,inventory.xml,2026-08-28 10:16:22.519868
22130,PARTY CONE CHRISTMAS DECORATION,0.85,485,72,inventory.xml,2026-08-28 10:16:22.519868
22694,WICKER STAR,2.10,249,37,inventory.xml,2026-08-28 10:16:22.519868
21790,VINTAGE SNAP CARDS,0.85,250,68,inventory.xml,2026-08-28 10:16:22.519868
22149,FELTCRAFT 6 FLOWER FRIENDS,2.10,216,38,inventory.xml,2026-08-28 10:16:22.519868
22321,BIRD DECORATION RED RETROSPOT,0.85,71,35,inventory.xml,2026-08-28 10:16:22.519868
22594,CHRISTMAS GINGHAM TREE,0.85,467,80,inventory.xml,2026-08-28 10:16:22.519868
22593,CHRISTMAS GINGHAM STAR,0.85,6,65,inventory.xml,2026-08-28 10:16:22.519868
22595,CHRISTMAS GINGHAM HEART,0.85,87,50,inventory.xml,2026-08-28 10:16:22.519868
21986,PACK OF 12 PINK POLKADOT TISSUES,0.29,114,23,inventory.xml,2026-08-28 10:16:22.519868
22750,FELTCRAFT PRINCESS LOLA DOLL,3.75,139,38,inventory.xml,2026-08-28 10:16:22.519868
22616,PACK OF 12 LONDON TISSUES,0.29,65,84,inventory.xml,2026-08-28 10:16:22.519868
22775,PURPLE DRAWERKNOB ACRYLIC EDWARDIAN,1.25,8,57,inventory.xml,2026-08-28 10:16:22.519868
22899,CHILDREN'S APRON DOLLY GIRL,2.10,338,96,inventory.xml,2026-08-28 10:16:22.519868
22367,CHILDRENS APRON SPACEBOY DESIGN,1.95,484,92,inventory.xml,2026-08-28 10:16:22.519868
22942,CHRISTMAS LIGHTS 10 SANTAS,8.50,60,88,inventory.xml,2026-08-28 10:16:22.519868
21976,PACK OF 60 MUSHROOM CAKE CASES,0.55,148,21,inventory.xml,2026-08-28 10:16:22.519868
22951,60 CAKE CASES DOLLY GIRL DESIGN,0.55,253,24,inventory.xml,2026-08-28 10:16:22.519868
22834,HAND WARMER BABUSHKA DESIGN,2.10,463,66,inventory.xml,2026-08-28 10:16:22.519868
21916,SET 12 RETRO WHITE CHALK STICKS,0.42,347,47,inventory.xml,2026-08-28 10:16:22.519868
22587,FELTCRAFT HAIRBAND RED AND BLUE,0.85,383,87,inventory.xml,2026-08-28 10:16:22.519868
22566,FELTCRAFT HAIRBAND PINK AND PURPLE,0.85,290,45,inventory.xml,2026-08-28 10:16:22.519868
22565,FELTCRAFT HAIRBANDS PINK AND WHITE,0.85,208,32,inventory.xml,2026-08-28 10:16:22.519868
22472,TV DINNER TRAY DOLLY GIRL,4.95,99,29,inventory.xml,2026-08-28 10:16:22.519868
22551,PLASTERS IN TIN SPACEBOY,1.65,432,44,inventory.xml,2026-08-28 10:16:22.519868
22554,PLASTERS IN TIN WOODLAND ANIMALS,1.65,402,70,inventory.xml,2026-08-28 10:16:22.519868
22534,MAGIC DRAWING SLATE SPACEBOY,0.42,12,30,inventory.xml,2026-08-28 10:16:22.519868
22529,MAGIC DRAWING SLATE GO TO THE FAIR,0.42,357,83,inventory.xml,2026-08-28 10:16:22.519868
22530,MAGIC DRAWING SLATE DOLLY GIRL,0.42,42,44,inventory.xml,2026-08-28 10:16:22.519868
84032B,CHARLIE + LOLA RED HOT WATER BOTTLE,2.95,369,45,inventory.xml,2026-08-28 10:16:22.519868
85049H,URBAN BLACK RIBBONS,1.25,412,73,inventory.xml,2026-08-28 10:16:22.519868
22807,SET OF 6 T-LIGHTS TOADSTOOLS,2.95,65,89,inventory.xml,2026-08-28 10:16:22.519868
21494,ROTATING LEAVES T-LIGHT HOLDER,1.25,216,54,inventory.xml,2026-08-28 10:16:22.519868
22938,CUPCAKE LACE PAPER SET 6,1.95,61,83,inventory.xml,2026-08-28 10:16:22.519868
21892,TRADITIONAL WOODEN CATCH CUP GAME,1.25,283,44,inventory.xml,2026-08-28 10:16:22.519868
21890,S/6 WOODEN SKITTLES IN COTTON BAG,2.95,463,30,inventory.xml,2026-08-28 10:16:22.519868
21718,RED METAL BEACH SPADE,1.25,40,86,inventory.xml,2026-08-28 10:16:22.519868
21716,BOYS VINTAGE TIN SEASIDE BUCKET,2.55,198,81,inventory.xml,2026-08-28 10:16:22.519868
21715,GIRLS VINTAGE TIN SEASIDE BUCKET,2.55,486,80,inventory.xml,2026-08-28 10:16:22.519868
22113,GREY HEART HOT WATER BOTTLE,3.75,150,90,inventory.xml,2026-08-28 10:16:22.519868
22358,KINGS CHOICE TEA CADDY,2.95,66,59,inventory.xml,2026-08-28 10:16:22.519868
22357,KINGS CHOICE BISCUIT TIN,4.25,244,35,inventory.xml,2026-08-28 10:16:22.519868
22115,METAL SIGN EMPIRE TEA,2.95,254,66,inventory.xml,2026-08-28 10:16:22.519868
21481,FAWN BLUE HOT WATER BOTTLE,2.95,331,65,inventory.xml,2026-08-28 10:16:22.519868
22585,PACK OF 6 BIRDY GIFT TAGS,1.25,156,50,inventory.xml,2026-08-28 10:16:22.519868
21556,CERAMIC STRAWBERRY MONEY BOX,2.55,477,71,inventory.xml,2026-08-28 10:16:22.519868
22645,CERAMIC HEART FAIRY CAKE MONEY BANK,1.45,260,41,inventory.xml,2026-08-28 10:16:22.519868
22650,CERAMIC PIRATE CHEST MONEY BANK,1.45,143,68,inventory.xml,2026-08-28 10:16:22.519868
22508,DOORSTOP RETROSPOT HEART,3.75,480,83,inventory.xml,2026-08-28 10:16:22.519868
22511,RETROSPOT BABUSHKA DOORSTOP,3.75,462,27,inventory.xml,2026-08-28 10:16:22.519868
22829,SWEETHEART WIRE WALL TIDY,9.95,249,56,inventory.xml,2026-08-28 10:16:22.519868
21154,RED RETROSPOT OVEN GLOVE,1.06,12,72,inventory.xml,2026-08-28 10:16:22.519868
17021,NAMASTE SWAGAT INCENSE,0.24,298,24,inventory.xml,2026-08-28 10:16:22.519868
22059,CERAMIC STRAWBERRY DESIGN MUG,1.25,277,70,inventory.xml,2026-08-28 10:16:22.519868
84678,CLASSICAL ROSE SMALL VASE,1.25,74,93,inventory.xml,2026-08-28 10:16:22.519868
85172,HYACINTH BULB T-LIGHT CANDLES,0.42,316,85,inventory.xml,2026-08-28 10:16:22.519868
22142,CHRISTMAS CRAFT WHITE FAIRY,1.45,420,74,inventory.xml,2026-08-28 10:16:22.519868
21591,COSY HOUR CIGAR BOX MATCHES,1.25,52,84,inventory.xml,2026-08-28 10:16:22.519868
22480,RED TEA TOWEL CLASSIC DESIGN,1.25,361,48,inventory.xml,2026-08-28 10:16:22.519868
22294,HEART FILIGREE DOVE  SMALL,1.25,70,46,inventory.xml,2026-08-28 10:16:22.519868
21156,RETROSPOT CHILDRENS APRON,1.95,374,26,inventory.xml,2026-08-28 10:16:22.519868
10133,COLOURING PENCILS BROWN TUBE,0.85,209,77,inventory.xml,2026-08-28 10:16:22.519868
72800E,4 IVORY DINNER CANDLES SILVER FLOCK,2.55,3,45,inventory.xml,2026-08-28 10:16:22.519868
84836,ZINC METAL HEART DECORATION,1.25,483,89,inventory.xml,2026-08-28 10:16:22.519868
20774,GREEN FERN NOTEBOOK,1.65,82,57,inventory.xml,2026-08-28 10:16:22.519868
20773,BLUE PAISLEY NOTEBOOK,1.65,298,91,inventory.xml,2026-08-28 10:16:22.519868
20777,CHRYSANTHEMUM NOTEBOOK,1.65,90,31,inventory.xml,2026-08-28 10:16:22.519868
16016,LARGE CHINESE STYLE SCISSOR,0.85,466,32,inventory.xml,2026-08-28 10:16:22.519868
16014,SMALL CHINESE STYLE SCISSOR,0.42,369,47,inventory.xml,2026-08-28 10:16:22.519868
21651,HANGING GLASS ETCHED TEALIGHT,1.65,402,22,inventory.xml,2026-08-28 10:16:22.519868
22618,COOKING SET RETROSPOT,9.95,216,59,inventory.xml,2026-08-28 10:16:22.519868
21586,KINGS CHOICE GIANT TUBE MATCHES,2.55,233,72,inventory.xml,2026-08-28 10:16:22.519868
22152,PLACE SETTING WHITE STAR,0.42,317,72,inventory.xml,2026-08-28 10:16:22.519868
84754,S/15 SILVER GLASS BAUBLES IN BAG,1.25,392,37,inventory.xml,2026-08-28 10:16:22.519868
22670,FRENCH WC SIGN BLUE METAL,1.25,423,33,inventory.xml,2026-08-28 10:16:22.519868
84849B,FAIRY SOAP SOAP HOLDER,1.69,8,65,inventory.xml,2026-08-28 10:16:22.519868
22927,GREEN GIANT GARDEN THERMOMETER,5.95,331,70,inventory.xml,2026-08-28 10:16:22.519868
22925,BLUE GIANT GARDEN THERMOMETER,5.95,54,95,inventory.xml,2026-08-28 10:16:22.519868
21259,VICTORIAN SEWING BOX SMALL,5.95,143,91,inventory.xml,2026-08-28 10:16:22.519868
21257,VICTORIAN SEWING BOX MEDIUM,7.95,414,50,inventory.xml,2026-08-28 10:16:22.519868
21121,SET/10 RED POLKADOT PARTY CANDLES,1.25,125,32,inventory.xml,2026-08-28 10:16:22.519868
82552,WASHROOM METAL SIGN,1.45,398,40,inventory.xml,2026-08-28 10:16:22.519868
90200B,BLACK SWEETHEART BRACELET,4.25,231,90,inventory.xml,2026-08-28 10:16:22.519868
90059B,DIAMANTE HAIR GRIP PACK/2 BLACK DIA,1.65,116,56,inventory.xml,2026-08-28 10:16:22.519868
90185C,BLACK DIAMANTE EXPANDABLE RING,4.25,167,99,inventory.xml,2026-08-28 10:16:22.519868
90059E,DIAMANTE HAIR GRIP PACK/2 RUBY,1.65,265,72,inventory.xml,2026-08-28 10:16:22.519868
90059C,DIAMANTE HAIR GRIP PACK/2 MONTANA,1.65,382,67,inventory.xml,2026-08-28 10:16:22.519868
90200C,BLUE SWEETHEART BRACELET,4.25,303,28,inventory.xml,2026-08-28 10:16:22.519868
90200D,PINK SWEETHEART BRACELET,4.25,466,67,inventory.xml,2026-08-28 10:16:22.519868
90200A,PURPLE SWEETHEART BRACELET,4.25,433,50,inventory.xml,2026-08-28 10:16:22.519868
22737,RIBBON REEL CHRISTMAS PRESENT,1.65,376,87,inventory.xml,2026-08-28 10:16:22.519868
21260,FIRST AID TIN,3.25,301,30,inventory.xml,2026-08-28 10:16:22.519868
22744,MAKE YOUR OWN MONSOON CARD KIT,2.95,144,35,inventory.xml,2026-08-28 10:16:22.519868
21985,PACK OF 12 HEARTS DESIGN TISSUES,0.29,206,72,inventory.xml,2026-08-28 10:16:22.519868
22295,HEART FILIGREE DOVE LARGE,1.65,59,74,inventory.xml,2026-08-28 10:16:22.519868
16258A,SWIRLY CIRCULAR RUBBERS IN BAG,0.42,187,86,inventory.xml,2026-08-28 10:16:22.519868
21992,VINTAGE PAISLEY STATIONERY SET,2.95,463,61,inventory.xml,2026-08-28 10:16:22.519868
21124,SET/10 BLUE POLKADOT PARTY CANDLES,1.25,212,50,inventory.xml,2026-08-28 10:16:22.519868
22735,RIBBON REEL SOCKS AND MITTENS,1.65,56,44,inventory.xml,2026-08-28 10:16:22.519868
22945,CHRISTMAS METAL TAGS ASSORTED,0.85,325,49,inventory.xml,2026-08-28 10:16:22.519868
21816,CHRISTMAS TREE T-LIGHT HOLDER,1.45,481,73,inventory.xml,2026-08-28 10:16:22.519868
21815,STAR  T-LIGHT HOLDER,1.45,433,63,inventory.xml,2026-08-28 10:16:22.519868
21814,HEART T-LIGHT HOLDER,1.45,137,43,inventory.xml,2026-08-28 10:16:22.519868
10125,MINI FUNKY DESIGN TAPES,0.85,226,37,inventory.xml,2026-08-28 10:16:22.519868
22573,STAR WOODEN CHRISTMAS DECORATION,0.85,265,76,inventory.xml,2026-08-28 10:16:22.519868
22577,WOODEN HEART CHRISTMAS SCANDINAVIAN,0.85,123,39,inventory.xml,2026-08-28 10:16:22.519868
22603,CHRISTMAS RETROSPOT TREE WOOD,0.85,134,36,inventory.xml,2026-08-28 10:16:22.519868
20878,SET/9 CHRISTMAS T-LIGHTS SCENTED,1.25,118,46,inventory.xml,2026-08-28 10:16:22.519868
20866,BLUE ROSE FABRIC MIRROR,1.25,497,88,inventory.xml,2026-08-28 10:16:22.519868
85095,THREE CANVAS LUGGAGE TAGS,1.95,373,56,inventory.xml,2026-08-28 10:16:22.519868
22333,RETROSPOT PARTY BAG + STICKER SET,1.65,420,67,inventory.xml,2026-08-28 10:16:22.519868
21584,RETROSPOT SMALL TUBE MATCHES,1.65,408,26,inventory.xml,2026-08-28 10:16:22.519868
22731,3D CHRISTMAS STAMPS STICKERS,1.25,479,47,inventory.xml,2026-08-28 10:16:22.519868
22956,36 FOIL HEART CAKE CASES,2.10,52,80,inventory.xml,2026-08-28 10:16:22.519868
22582,PACK OF 6 SWEETIE GIFT BOXES,2.55,440,81,inventory.xml,2026-08-28 10:16:22.519868
85231B,CINAMMON SET OF 9 T-LIGHTS,0.85,33,66,inventory.xml,2026-08-28 10:16:22.519868
85231G,ORANGE SCENTED SET/9 T-LIGHTS,0.85,237,90,inventory.xml,2026-08-28 10:16:22.519868
22082,RIBBON REEL STRIPES DESIGN,1.65,297,43,inventory.xml,2026-08-28 10:16:22.519868
22500,SET OF 2 TINS JARDIN DE PROVENCE,4.95,178,33,inventory.xml,2026-08-28 10:16:22.519868
22742,MAKE YOUR OWN PLAYTIME CARD KIT,2.95,73,26,inventory.xml,2026-08-28 10:16:22.519868
21329,DINOSAURS  WRITING SET,1.65,96,35,inventory.xml,2026-08-28 10:16:22.519868
21327,SKULLS WRITING SET,1.65,412,81,inventory.xml,2026-08-28 10:16:22.519868
48173C,DOORMAT BLACK FLOCK,7.95,159,92,inventory.xml,2026-08-28 10:16:22.519868
72818,CHRISTMAS DECOUPAGE CANDLE,0.85,155,30,inventory.xml,2026-08-28 10:16:22.519868
22312,OFFICE MUG WARMER POLKADOT,2.95,461,60,inventory.xml,2026-08-28 10:16:22.519868
21137,BLACK RECORD COVER FRAME,3.39,71,30,inventory.xml,2026-08-28 10:16:22.519868
22041,"RECORD FRAME 7'" SINGLE SIZE",2.10,457,87,inventory.xml,2026-08-28 10:16:22.519868
20979,36 PENCILS TUBE RED RETROSPOT,1.25,460,30,inventory.xml,2026-08-28 10:16:22.519868
20977,36 PENCILS TUBE WOODLAND,1.25,299,71,inventory.xml,2026-08-28 10:16:22.519868
22571,ROCKING HORSE RED CHRISTMAS,0.72,82,26,inventory.xml,2026-08-28 10:16:22.519868
22423,REGENCY CAKESTAND 3 TIER,10.95,77,79,inventory.xml,2026-08-28 10:16:22.519868
21621,VINTAGE UNION JACK BUNTING,8.50,142,92,inventory.xml,2026-08-28 10:16:22.519868
47563A,RETRO LONGBOARD IRONING BOARD COVER,3.75,288,78,inventory.xml,2026-08-28 10:16:22.519868
84558A,3D DOG PICTURE PLAYING CARDS,2.95,76,41,inventory.xml,2026-08-28 10:16:22.519868
21577,SAVE THE PLANET COTTON TOTE BAG,2.25,227,87,inventory.xml,2026-08-28 10:16:22.519868
22087,PAPER BUNTING WHITE LACE,2.95,57,44,inventory.xml,2026-08-28 10:16:22.519868
22651,GENTLEMAN SHIRT REPAIR KIT,0.85,270,80,inventory.xml,2026-08-28 10:16:22.519868
22713,CARD I LOVE LONDON,0.42,10,86,inventory.xml,2026-08-28 10:16:22.519868
21370,MIRRORED WALL ART FOXY,6.35,354,58,inventory.xml,2026-08-28 10:16:22.519868
21367,MIRRORED WALL ART GENTS,2.55,27,69,inventory.xml,2026-08-28 10:16:22.519868
22376,AIRLINE BAG VINTAGE JET SET WHITE,4.25,97,88,inventory.xml,2026-08-28 10:16:22.519868
21895,POTTING SHED SOW 'N' GROW SET,4.25,87,34,inventory.xml,2026-08-28 10:16:22.519868
22372,AIRLINE BAG VINTAGE WORLD CHAMPION,4.25,415,21,inventory.xml,2026-08-28 10:16:22.519868
21190,PINK HEARTS PAPER GARLAND,1.65,26,54,inventory.xml,2026-08-28 10:16:22.519868
21894,POTTING SHED SEED ENVELOPES,1.25,214,34,inventory.xml,2026-08-28 10:16:22.519868
70007,HI TEC ALPINE HAND WARMER,1.65,295,90,inventory.xml,2026-08-28 10:16:22.519868
46000M,POLYESTER FILLER PAD 45x45cm,1.55,257,89,inventory.xml,2026-08-28 10:16:22.519868
22712,CARD DOLLY GIRL,0.42,340,50,inventory.xml,2026-08-28 10:16:22.519868
22983,CARD BILLBOARD FONT,0.42,401,44,inventory.xml,2026-08-28 10:16:22.519868
22024,RAINY LADIES BIRTHDAY CARD,0.42,196,76,inventory.xml,2026-08-28 10:16:22.519868
21488,RED WHITE SCARF  HOT WATER BOTTLE,3.95,414,56,inventory.xml,2026-08-28 10:16:22.519868
22895,SET OF 2 TEA TOWELS APPLE AND PEARS,2.95,158,27,inventory.xml,2026-08-28 10:16:22.519868
22784,LANTERN CREAM GAZEBO,4.95,492,73,inventory.xml,2026-08-28 10:16:22.519868
21441,BLUE BIRDHOUSE DECORATION,0.85,252,78,inventory.xml,2026-08-28 10:16:22.519868
84947,ANTIQUE SILVER TEA GLASS ENGRAVED,1.06,368,25,inventory.xml,2026-08-28 10:16:22.519868
22485,SET OF 2 WOODEN MARKET CRATES,12.75,437,82,inventory.xml,2026-08-28 10:16:22.519868
21794,CLASSIC FRENCH STYLE BASKET NATURAL,6.75,396,62,inventory.xml,2026-08-28 10:16:22.519868
20707,CRAZY DAISY HEART DECORATION,1.25,425,86,inventory.xml,2026-08-28 10:16:22.519868
22588,CARD HOLDER GINGHAM HEART,2.55,268,88,inventory.xml,2026-08-28 10:16:22.519868
21292,SMALL STRIPES CHOCOLATE GIFT BAG,0.85,21,73,inventory.xml,2026-08-28 10:16:22.519868
22760,"TRAY, BREAKFAST IN BED",12.75,246,46,inventory.xml,2026-08-28 10:16:22.519868
22107,PIZZA PLATE IN BOX,3.75,90,49,inventory.xml,2026-08-28 10:16:22.519868
21486,PINK HEART DOTS HOT WATER BOTTLE,3.75,444,77,inventory.xml,2026-08-28 10:16:22.519868
22151,PLACE SETTING WHITE HEART,0.42,118,25,inventory.xml,2026-08-28 10:16:22.519868
22643,SET OF 4 NAPKIN CHARMS LEAVES,2.55,114,38,inventory.xml,2026-08-28 10:16:22.519868
22642,SET OF 4 NAPKIN CHARMS STARS,2.55,124,61,inventory.xml,2026-08-28 10:16:22.519868
22604,SET OF 4 NAPKIN CHARMS CUTLERY,2.55,321,95,inventory.xml,2026-08-28 10:16:22.519868
22099,CARAVAN SQUARE TISSUE BOX,1.25,285,80,inventory.xml,2026-08-28 10:16:22.519868
22653,BUTTON BOX,1.95,474,85,inventory.xml,2026-08-28 10:16:22.519868
22906,12 MESSAGE CARDS WITH ENVELOPES,1.65,208,35,inventory.xml,2026-08-28 10:16:22.519868
22754,SMALL RED BABUSHKA NOTEBOOK,0.85,141,42,inventory.xml,2026-08-28 10:16:22.519868
22919,HERB MARKER MINT,0.65,24,41,inventory.xml,2026-08-28 10:16:22.519868
22917,HERB MARKER ROSEMARY,0.65,3,79,inventory.xml,2026-08-28 10:16:22.519868
22920,HERB MARKER BASIL,0.65,186,62,inventory.xml,2026-08-28 10:16:22.519868
22921,HERB MARKER CHIVES,0.65,462,36,inventory.xml,2026-08-28 10:16:22.519868
22918,HERB MARKER PARSLEY,0.65,261,79,inventory.xml,2026-08-28 10:16:22.519868
22916,HERB MARKER THYME,0.65,446,71,inventory.xml,2026-08-28 10:16:22.519868
22575,METAL MERRY CHRISTMAS WREATH,1.95,50,91,inventory.xml,2026-08-28 10:16:22.519868
21804,WHITE CHRISTMAS GARLAND STARS TREES,3.75,46,64,inventory.xml,2026-08-28 10:16:22.519868
21588,RETROSPOT GIANT TUBE MATCHES,2.55,416,30,inventory.xml,2026-08-28 10:16:22.519868
22955,36 FOIL STAR CAKE CASES,2.10,53,91,inventory.xml,2026-08-28 10:16:22.519868
22583,PACK OF 6 HANDBAG GIFT BOXES,2.55,25,34,inventory.xml,2026-08-28 10:16:22.519868
22241,GARLAND WOODEN HAPPY EASTER,1.25,202,24,inventory.xml,2026-08-28 10:16:22.519868
22904,CALENDAR PAPER CUT DESIGN,2.95,462,83,inventory.xml,2026-08-28 10:16:22.519868
22905,CALENDAR IN SEASON DESIGN,2.95,344,56,inventory.xml,2026-08-28 10:16:22.519868
22092,BLUE PAISLEY TISSUE BOX,1.25,49,71,inventory.xml,2026-08-28 10:16:22.519868
22096,PINK PAISLEY SQUARE TISSUE BOX,1.25,418,30,inventory.xml,2026-08-28 10:16:22.519868
21358,TOAST ITS - HAPPY BIRTHDAY,1.25,421,77,inventory.xml,2026-08-28 10:16:22.519868
21123,SET/10 IVORY POLKADOT PARTY CANDLES,1.25,400,52,inventory.xml,2026-08-28 10:16:22.519868
21427,SKULLS STORAGE BOX SMALL,2.10,451,99,inventory.xml,2026-08-28 10:16:22.519868
21930,JUMBO STORAGE BAG SKULLS,1.95,119,70,inventory.xml,2026-08-28 10:16:22.519868
20772,GARDEN PATH JOURNAL,2.55,489,95,inventory.xml,2026-08-28 10:16:22.519868
71406C,BLACK ORANGE SQUEEZER,0.42,160,83,inventory.xml,2026-08-28 10:16:22.519868
84985A,SET OF 72 GREEN PAPER DOILIES,1.45,401,87,inventory.xml,2026-08-28 10:16:22.519868
20754,RETROSPOT RED WASHING UP GLOVES,2.10,289,27,inventory.xml,2026-08-28 10:16:22.519868
84596E,SMALL LICORICE DES PINK BOWL,1.25,389,82,inventory.xml,2026-08-28 10:16:22.519868
21111,"SWISS ROLL TOWEL, CHOCOLATE  SPOTS",2.95,313,68,inventory.xml,2026-08-28 10:16:22.519868
22501,PICNIC BASKET WICKER LARGE,9.95,321,51,inventory.xml,2026-08-28 10:16:22.519868
22854,CREAM SWEETHEART EGG HOLDER,4.95,308,44,inventory.xml,2026-08-28 10:16:22.519868
84997D,PINK 3 PIECE POLKADOT CUTLERY SET,3.75,389,71,inventory.xml,2026-08-28 10:16:22.519868
47599A,PINK PARTY BAGS,2.10,369,35,inventory.xml,2026-08-28 10:16:22.519868
47599B,BLUE PARTY BAGS,2.10,67,34,inventory.xml,2026-08-28 10:16:22.519868
20972,PINK CREAM FELT CRAFT TRINKET BOX,1.25,413,89,inventory.xml,2026-08-28 10:16:22.519868
21041,RED RETROSPOT OVEN GLOVE DOUBLE,2.95,268,80,inventory.xml,2026-08-28 10:16:22.519868
21664,RIDGED GLASS STORAGE JAR CREAM LID,3.75,161,67,inventory.xml,2026-08-28 10:16:22.519868
22907,PACK OF 20 NAPKINS PANTRY DESIGN,0.85,257,80,inventory.xml,2026-08-28 10:16:22.519868
22776,SWEETHEART CAKESTAND 3 TIER,9.95,483,45,inventory.xml,2026-08-28 10:16:22.519868
21810,CHRISTMAS HANGING STAR WITH BELL,1.25,428,77,inventory.xml,2026-08-28 10:16:22.519868
21197,MULTICOLOUR  CONFETTI IN TUBE,1.65,416,36,inventory.xml,2026-08-28 10:16:22.519868
85035B,CHOCOLATE 3 WICK MORRIS BOX CANDLE,4.25,231,55,inventory.xml,2026-08-28 10:16:22.519868
84968C,SET OF 16 VINTAGE PISTACHIO CUTLERY,12.75,392,31,inventory.xml,2026-08-28 10:16:22.519868
21098,CHRISTMAS TOILET ROLL,1.25,192,50,inventory.xml,2026-08-28 10:16:22.519868
21192,WHITE BELL HONEYCOMB PAPER,1.65,343,47,inventory.xml,2026-08-28 10:16:22.519868
72800B,4 PURPLE FLOCK DINNER CANDLES,2.55,319,53,inventory.xml,2026-08-28 10:16:22.519868
84563A,PINK & WHITE BREAKFAST TRAY,5.95,124,58,inventory.xml,2026-08-28 10:16:22.519868
47504H,ENGLISH ROSE SPIRIT LEVEL,1.95,133,22,inventory.xml,2026-08-28 10:16:22.519868
21742,LARGE ROUND WICKER PLATTER,5.95,30,47,inventory.xml,2026-08-28 10:16:22.519868
22481,BLACK TEA TOWEL CLASSIC DESIGN,1.25,69,87,inventory.xml,2026-08-28 10:16:22.519868
22943,CHRISTMAS LIGHTS 10 VINTAGE BAUBLES,4.95,216,54,inventory.xml,2026-08-28 10:16:22.519868
22699,ROSES REGENCY TEACUP AND SAUCER,2.95,238,63,inventory.xml,2026-08-28 10:16:22.519868
22217,T-LIGHT HOLDER HANGING LACE,1.25,82,28,inventory.xml,2026-08-28 10:16:22.519868
22227,HANGING HEART MIRROR DECORATION,0.65,208,51,inventory.xml,2026-08-28 10:16:22.519868
21106,CREAM SLICE FLANNEL CHOCOLATE SPOT,2.95,302,97,inventory.xml,2026-08-28 10:16:22.519868
21107,CREAM SLICE FLANNEL PINK SPOT,2.95,116,63,inventory.xml,2026-08-28 10:16:22.519868
22697,GREEN REGENCY TEACUP AND SAUCER,2.95,169,21,inventory.xml,2026-08-28 10:16:22.519868
21826,EIGHT PIECE DINOSAUR SET,1.25,183,77,inventory.xml,2026-08-28 10:16:22.519868
22548,HEADS AND TAILS SPORTING FUN,1.25,252,81,inventory.xml,2026-08-28 10:16:22.519868
17164B,ASS COL SMALL SAND GECKO P'WEIGHT,0.42,183,50,inventory.xml,2026-08-28 10:16:22.519868
22429,ENAMEL MEASURING JUG CREAM,4.25,368,22,inventory.xml,2026-08-28 10:16:22.519868
20974,12 PENCILS SMALL TUBE SKULL,0.65,163,86,inventory.xml,2026-08-28 10:16:22.519868
20973,12 PENCIL SMALL TUBE WOODLAND,0.65,216,40,inventory.xml,2026-08-28 10:16:22.519868
15044B,BLUE PAPER PARASOL,2.95,189,93,inventory.xml,2026-08-28 10:16:22.519868
21135,VICTORIAN  METAL POSTCARD SPRING,1.69,91,49,inventory.xml,2026-08-28 10:16:22.519868
22173,METAL 4 HOOK HANGER FRENCH CHATEAU,2.95,342,50,inventory.xml,2026-08-28 10:16:22.519868
22626,BLACK KITCHEN SCALES,8.50,117,83,inventory.xml,2026-08-28 10:16:22.519868
22625,RED KITCHEN SCALES,8.50,148,31,inventory.xml,2026-08-28 10:16:22.519868
22624,IVORY KITCHEN SCALES,8.50,396,22,inventory.xml,2026-08-28 10:16:22.519868
84945,MULTI COLOUR SILVER T-LIGHT HOLDER,0.85,474,80,inventory.xml,2026-08-28 10:16:22.519868
22244,3 HOOK HANGER MAGIC GARDEN,1.95,335,94,inventory.xml,2026-08-28 10:16:22.519868
47421,ASSORTED COLOUR LIZARD SUCTION HOOK,0.42,458,99,inventory.xml,2026-08-28 10:16:22.519868
20712,JUMBO BAG WOODLAND ANIMALS,1.95,427,30,inventory.xml,2026-08-28 10:16:22.519868
22973,CHILDREN'S CIRCUS PARADE MUG,1.65,240,31,inventory.xml,2026-08-28 10:16:22.519868
84569B,PACK 3 FIRE ENGINE/CAR PATCHES,1.25,385,47,inventory.xml,2026-08-28 10:16:22.519868
22815,CARD PSYCHEDELIC APPLES,0.42,164,77,inventory.xml,2026-08-28 10:16:22.519868
85114B,IVORY ENCHANTED FOREST PLACEMAT,1.65,230,92,inventory.xml,2026-08-28 10:16:22.519868
22584,PACK OF 6 PANNETONE GIFT BOXES,2.55,267,86,inventory.xml,2026-08-28 10:16:22.519868
22454,MEASURING TAPE BABUSHKA RED,2.95,480,49,inventory.xml,2026-08-28 10:16:22.519868
85114C,RED ENCHANTED FOREST PLACEMAT,1.65,424,93,inventory.xml,2026-08-28 10:16:22.519868
22974,CHILDRENS DOLLY GIRL MUG,1.65,244,40,inventory.xml,2026-08-28 10:16:22.519868
21452,TOADSTOOL MONEY BOX,2.95,326,29,inventory.xml,2026-08-28 10:16:22.519868
22743,MAKE YOUR OWN FLOWERPOWER CARD KIT,2.95,101,54,inventory.xml,2026-08-28 10:16:22.519868
22911,PAPER CHAIN KIT LONDON,2.95,402,27,inventory.xml,2026-08-28 10:16:22.519868
22453,MEASURING TAPE BABUSHKA BLUE,2.95,276,74,inventory.xml,2026-08-28 10:16:22.519868
22445,PENCIL CASE LIFE IS BEAUTIFUL,2.95,266,99,inventory.xml,2026-08-28 10:16:22.519868
22607,WOODEN ROUNDERS GARDEN SET,9.95,383,28,inventory.xml,2026-08-28 10:16:22.519868
22635,CHILDS BREAKFAST SET DOLLY GIRL,9.95,316,29,inventory.xml,2026-08-28 10:16:22.519868
22634,CHILDS BREAKFAST SET SPACEBOY,9.95,36,34,inventory.xml,2026-08-28 10:16:22.519868
22222,CAKE PLATE LOVEBIRD WHITE,4.95,144,34,inventory.xml,2026-08-28 10:16:22.519868
22947,WOODEN ADVENT CALENDAR RED,16.95,88,62,inventory.xml,2026-08-28 10:16:22.519868
22187,GREEN CHRISTMAS TREE CARD HOLDER,4.25,367,65,inventory.xml,2026-08-28 10:16:22.519868
22164,STRING OF STARS CARD HOLDER,2.95,17,96,inventory.xml,2026-08-28 10:16:22.519868
72598,SET/12 TAPER CANDLES,0.85,101,55,inventory.xml,2026-08-28 10:16:22.519868
22627,MINT KITCHEN SCALES,8.50,298,94,inventory.xml,2026-08-28 10:16:22.519868
22487,WHITE WOOD GARDEN PLANT LADDER,9.95,347,80,inventory.xml,2026-08-28 10:16:22.519868
22360,GLASS JAR ENGLISH CONFECTIONERY,2.95,251,88,inventory.xml,2026-08-28 10:16:22.519868
22364,GLASS JAR DIGESTIVE BISCUITS,2.95,430,35,inventory.xml,2026-08-28 10:16:22.519868
21657,MILK BOTTLE WITH GLASS STOPPER,6.95,459,56,inventory.xml,2026-08-28 10:16:22.519868
22120,WELCOME  WOODEN BLOCK LETTERS,9.95,66,93,inventory.xml,2026-08-28 10:16:22.519868
21038,SET/4 MODERN VINTAGE COTTON NAPKINS,2.95,476,80,inventory.xml,2026-08-28 10:16:22.519868
21625,VINTAGE UNION JACK APRON,6.95,307,37,inventory.xml,2026-08-28 10:16:22.519868
22097,SWALLOW SQUARE TISSUE BOX,1.25,318,87,inventory.xml,2026-08-28 10:16:22.519868
21179,NO JUNK MAIL METAL SIGN,1.25,47,81,inventory.xml,2026-08-28 10:16:22.519868
22185,SLATE TILE NATURAL HANGING,1.65,310,31,inventory.xml,2026-08-28 10:16:22.519868
21662,VINTAGE GLASS COFFEE CADDY,5.95,362,25,inventory.xml,2026-08-28 10:16:22.519868
85104,SILVER GLASS T-LIGHT SET,2.95,290,40,inventory.xml,2026-08-28 10:16:22.519868
21654,RIDGED GLASS FINGER BOWL,1.45,42,57,inventory.xml,2026-08-28 10:16:22.519868
21658,GLASS  BEURRE DISH,3.95,261,32,inventory.xml,2026-08-28 10:16:22.519868
21519,GIN & TONIC DIET GREETING CARD,0.42,467,22,inventory.xml,2026-08-28 10:16:22.519868
22819,"BIRTHDAY CARD, RETRO SPOT",0.42,361,28,inventory.xml,2026-08-28 10:16:22.519868
22704,WRAP RED APPLES,0.42,68,45,inventory.xml,2026-08-28 10:16:22.519868
21498,RED RETROSPOT WRAP,0.42,479,51,inventory.xml,2026-08-28 10:16:22.519868
22049,WRAP CHRISTMAS SCREEN PRINT,0.42,479,44,inventory.xml,2026-08-28 10:16:22.519868
21497,FANCY FONTS BIRTHDAY WRAP,0.42,84,55,inventory.xml,2026-08-28 10:16:22.519868
21333,CLASSIC WHITE FRAME,2.95,400,77,inventory.xml,2026-08-28 10:16:22.519868
22194,BLACK DINER WALL CLOCK,8.50,203,39,inventory.xml,2026-08-28 10:16:22.519868
22688,DOORMAT PEACE ON EARTH BLUE,7.95,296,56,inventory.xml,2026-08-28 10:16:22.519868
84692,BOX OF 24 COCKTAIL PARASOLS,0.42,222,78,inventory.xml,2026-08-28 10:16:22.519868
22444,GROW YOUR OWN PLANT IN A CAN,1.06,391,24,inventory.xml,2026-08-28 10:16:22.519868
22555,PLASTERS IN TIN STRONGMAN,1.65,498,95,inventory.xml,2026-08-28 10:16:22.519868
22547,MINI JIGSAW DINOSAUR,0.42,397,99,inventory.xml,2026-08-28 10:16:22.519868
22543,MINI JIGSAW BAKE A CAKE,0.42,465,43,inventory.xml,2026-08-28 10:16:22.519868
22539,MINI JIGSAW DOLLY GIRL,0.42,473,91,inventory.xml,2026-08-28 10:16:22.519868
22561,WOODEN SCHOOL COLOURING SET,1.65,45,40,inventory.xml,2026-08-28 10:16:22.519868
22489,PACK OF 12 TRADITIONAL CRAYONS,0.42,126,93,inventory.xml,2026-08-28 10:16:22.519868
22814,CARD PARTY GAMES,0.42,360,72,inventory.xml,2026-08-28 10:16:22.519868
21520,BOOZE & WOMEN GREETING CARD,0.42,295,39,inventory.xml,2026-08-28 10:16:22.519868
21982,PACK OF 12 SUKI TISSUES,0.29,25,24,inventory.xml,2026-08-28 10:16:22.519868
21981,PACK OF 12 WOODLAND TISSUES,0.29,47,51,inventory.xml,2026-08-28 10:16:22.519868
21967,PACK OF 12 SKULL TISSUES,0.29,260,79,inventory.xml,2026-08-28 10:16:22.519868
22615,PACK OF 12 CIRCUS PARADE TISSUES,0.29,308,38,inventory.xml,2026-08-28 10:16:22.519868
22614,PACK OF 12 SPACEBOY TISSUES,0.29,83,61,inventory.xml,2026-08-28 10:16:22.519868
22095,LADS ONLY TISSUE BOX,1.25,85,29,inventory.xml,2026-08-28 10:16:22.519868
22094,RED RETROSPOT TISSUE BOX,1.25,64,53,inventory.xml,2026-08-28 10:16:22.519868
22966,GINGERBREAD MAN COOKIE CUTTER,1.25,282,22,inventory.xml,2026-08-28 10:16:22.519868
21874,GIN AND TONIC MUG,1.25,3,98,inventory.xml,2026-08-28 10:16:22.519868
21873,IF YOU CAN'T STAND THE HEAT MUG,1.25,286,60,inventory.xml,2026-08-28 10:16:22.519868
21870,I CAN ONLY PLEASE ONE PERSON MUG,1.25,237,87,inventory.xml,2026-08-28 10:16:22.519868
84050,PINK HEART SHAPE EGG FRYING PAN,1.25,232,29,inventory.xml,2026-08-28 10:16:22.519868
22315,200 RED + WHITE BENDY STRAWS,1.25,339,33,inventory.xml,2026-08-28 10:16:22.519868
22667,RECIPE BOX RETROSPOT,2.95,261,34,inventory.xml,2026-08-28 10:16:22.519868
22666,RECIPE BOX PANTRY YELLOW DESIGN,2.95,363,65,inventory.xml,2026-08-28 10:16:22.519868
22665,RECIPE BOX BLUE SKETCHBOOK DESIGN,2.95,381,88,inventory.xml,2026-08-28 10:16:22.519868
22567,20 DOLLY PEGS RETROSPOT,1.25,460,68,inventory.xml,2026-08-28 10:16:22.519868
82600,NO SINGING METAL SIGN,2.10,399,58,inventory.xml,2026-08-28 10:16:22.519868
22842,BISCUIT TIN VINTAGE RED,6.75,258,95,inventory.xml,2026-08-28 10:16:22.519868
22494,EMERGENCY FIRST AID TIN,1.25,246,34,inventory.xml,2026-08-28 10:16:22.519868
22740,POLKADOT PEN,0.85,117,33,inventory.xml,2026-08-28 10:16:22.519868
22825,DECORATIVE PLANT POT WITH FRIEZE,7.95,299,73,inventory.xml,2026-08-28 10:16:22.519868
22680,FRENCH BLUE METAL DOOR SIGN 5,1.25,69,88,inventory.xml,2026-08-28 10:16:22.519868
22797,CHEST OF DRAWERS GINGHAM HEART,16.95,465,41,inventory.xml,2026-08-28 10:16:22.519868
21843,RED RETROSPOT CAKE STAND,10.95,422,40,inventory.xml,2026-08-28 10:16:22.519868
22118,JOY WOODEN BLOCK LETTERS,4.95,59,62,inventory.xml,2026-08-28 10:16:22.519868
22121,NOEL WOODEN BLOCK LETTERS,5.95,392,82,inventory.xml,2026-08-28 10:16:22.519868
22119,PEACE WOODEN BLOCK LETTERS,6.95,58,42,inventory.xml,2026-08-28 10:16:22.519868
22311,OFFICE MUG WARMER BLACK+SILVER,2.95,360,85,inventory.xml,2026-08-28 10:16:22.519868
72817,SET OF 2 CHRISTMAS DECOUPAGE CANDLE,1.25,43,61,inventory.xml,2026-08-28 10:16:22.519868
22277,COSMETIC BAG VINTAGE ROSE PAISLEY,2.10,244,76,inventory.xml,2026-08-28 10:16:22.519868
20867,PINK ROSE FABRIC MIRROR,1.25,328,70,inventory.xml,2026-08-28 10:16:22.519868
21688,SILVER PLATE CANDLE BOWL SMALL,2.95,364,58,inventory.xml,2026-08-28 10:16:22.519868
21694,SMALL REGAL  SILVER CANDLEPOT,2.95,209,62,inventory.xml,2026-08-28 10:16:22.519868
22800,ANTIQUE TALL SWIRLGLASS TRINKET POT,3.75,460,99,inventory.xml,2026-08-28 10:16:22.519868
22801,ANTIQUE GLASS PEDESTAL BOWL,3.75,387,51,inventory.xml,2026-08-28 10:16:22.519868
22781,GUMBALL MAGAZINE RACK,7.65,104,95,inventory.xml,2026-08-28 10:16:22.519868
21466,RED FLOWER CROCHET FOOD COVER,3.75,335,83,inventory.xml,2026-08-28 10:16:22.519868
21467,CHERRY CROCHET FOOD COVER,3.75,365,34,inventory.xml,2026-08-28 10:16:22.519868
21471,STRAWBERRY RAFFIA FOOD COVER,3.75,166,89,inventory.xml,2026-08-28 10:16:22.519868
21469,POLKA DOT RAFFIA FOOD COVER,3.75,369,50,inventory.xml,2026-08-28 10:16:22.519868
21524,DOORMAT SPOTTY HOME SWEET HOME,7.95,449,34,inventory.xml,2026-08-28 10:16:22.519868
22791,T-LIGHT GLASS FLUTED ANTIQUE,1.25,408,40,inventory.xml,2026-08-28 10:16:22.519868
21690,SILVER  CANDLEPOT JARDIN,3.75,381,30,inventory.xml,2026-08-28 10:16:22.519868
37343,POLKADOT MUG PINK,1.65,317,47,inventory.xml,2026-08-28 10:16:22.519868
22088,PAPER BUNTING COLOURED LACE,2.95,135,29,inventory.xml,2026-08-28 10:16:22.519868
21143,ANTIQUE GLASS HEART DECORATION,1.95,397,63,inventory.xml,2026-08-28 10:16:22.519868
84944,SET OF 6 KASHMIR FOLKART BAUBLES,4.25,182,98,inventory.xml,2026-08-28 10:16:22.519868
22601,CHRISTMAS RETROSPOT ANGEL WOOD,0.85,266,97,inventory.xml,2026-08-28 10:16:22.519868
22600,CHRISTMAS RETROSPOT STAR WOOD,0.85,157,95,inventory.xml,2026-08-28 10:16:22.519868
22574,HEART WOODEN CHRISTMAS DECORATION,0.85,156,39,inventory.xml,2026-08-28 10:16:22.519868
85199L,LARGE HANGING IVORY & RED WOOD BIRD,0.65,78,38,inventory.xml,2026-08-28 10:16:22.519868
85199S,SMALL HANGING IVORY/RED WOOD BIRD,0.42,480,74,inventory.xml,2026-08-28 10:16:22.519868
72741,GRAND CHOCOLATECANDLE,1.45,73,97,inventory.xml,2026-08-28 10:16:22.519868
37495,FAIRY CAKE BIRTHDAY CANDLE SET,3.75,43,86,inventory.xml,2026-08-28 10:16:22.519868
22171,3 HOOK PHOTO SHELF ANTIQUE WHITE,8.50,468,36,inventory.xml,2026-08-28 10:16:22.519868
85067,CREAM SWEETHEART WALL CABINET,18.95,277,78,inventory.xml,2026-08-28 10:16:22.519868
48184,DOORMAT ENGLISH ROSE,7.95,218,60,inventory.xml,2026-08-28 10:16:22.519868
48138,DOORMAT UNION FLAG,7.95,368,55,inventory.xml,2026-08-28 10:16:22.519868
85019A,ROMANTIC IMAGES NOTEBOOK SET,4.25,191,59,inventory.xml,2026-08-28 10:16:22.519868
85019C,CURIOUS  IMAGES NOTEBOOK SET,4.25,63,63,inventory.xml,2026-08-28 10:16:22.519868
20902,VINTAGE KEEPSAKE BOX PARIS DAYS,6.35,364,93,inventory.xml,2026-08-28 10:16:22.519868
21429,RED GINGHAM ROSE JEWELLERY BOX,1.65,87,83,inventory.xml,2026-08-28 10:16:22.519868
85071A,BLUE CHARLIE+LOLA PERSONAL DOORSIGN,2.95,276,23,inventory.xml,2026-08-28 10:16:22.519868
85071C,"CHARLIE+LOLA'"EXTREMELY BUSY'" SIGN",2.55,474,81,inventory.xml,2026-08-28 10:16:22.519868
22355,CHARLOTTE BAG SUKI DESIGN,0.85,468,45,inventory.xml,2026-08-28 10:16:22.519868
21579,LOLITA  DESIGN  COTTON TOTE BAG,2.25,180,47,inventory.xml,2026-08-28 10:16:22.519868
21576,LETS GO SHOPPING COTTON TOTE BAG,2.25,390,67,inventory.xml,2026-08-28 10:16:22.519868
22493,PAINT YOUR OWN CANVAS SET,1.65,306,98,inventory.xml,2026-08-28 10:16:22.519868
21833,CAMOUFLAGE LED TORCH,1.69,239,25,inventory.xml,2026-08-28 10:16:22.519868
85135B,BLUE DRAGONFLY HELICOPTER,7.95,69,61,inventory.xml,2026-08-28 10:16:22.519868
85136A,YELLOW SHARK HELICOPTER,7.95,188,38,inventory.xml,2026-08-28 10:16:22.519868
85136C,RED SHARK HELICOPTER,7.95,325,93,inventory.xml,2026-08-28 10:16:22.519868
21055,TOOL BOX SOFT TOY,8.95,493,57,inventory.xml,2026-08-28 10:16:22.519868
21056,DOCTOR'S BAG SOFT TOY,8.95,2,88,inventory.xml,2026-08-28 10:16:22.519868
C2,CARRIAGE,50.00,358,90,inventory.xml,2026-08-28 10:16:22.519868
21928,JUMBO BAG SCANDINAVIAN PAISLEY,1.95,423,28,inventory.xml,2026-08-28 10:16:22.519868
20711,JUMBO BAG TOYS,1.95,475,80,inventory.xml,2026-08-28 10:16:22.519868
21773,DECORATIVE ROSE BATHROOM BOTTLE,2.51,211,83,inventory.xml,2026-08-28 10:16:22.519868
21774,DECORATIVE CATS BATHROOM BOTTLE,2.51,59,86,inventory.xml,2026-08-28 10:16:22.519868
21787,RAIN PONCHO RETROSPOT,1.66,135,99,inventory.xml,2026-08-28 10:16:22.519868
21801,CHRISTMAS TREE DECORATION WITH BELL,0.43,425,80,inventory.xml,2026-08-28 10:16:22.519868
21802,CHRISTMAS TREE HEART DECORATION,0.43,438,86,inventory.xml,2026-08-28 10:16:22.519868
21803,CHRISTMAS TREE STAR DECORATION,0.43,318,76,inventory.xml,2026-08-28 10:16:22.519868
21809,CHRISTMAS HANGING TREE WITH BELL,2.51,61,43,inventory.xml,2026-08-28 10:16:22.519868
21821,GLITTER STAR GARLAND WITH BELLS,7.62,60,87,inventory.xml,2026-08-28 10:16:22.519868
21822,GLITTER CHRISTMAS TREE WITH BELLS,4.21,239,76,inventory.xml,2026-08-28 10:16:22.519868
21851,LILAC DIAMANTE PEN IN GIFT BOX,4.21,294,74,inventory.xml,2026-08-28 10:16:22.519868
21879,HEARTS GIFT TAPE,1.66,16,97,inventory.xml,2026-08-28 10:16:22.519868
21884,CAKES AND BOWS GIFT  TAPE,1.66,343,78,inventory.xml,2026-08-28 10:16:22.519868
21888,BINGO SET,7.62,272,47,inventory.xml,2026-08-28 10:16:22.519868
21911,GARDEN METAL SIGN,3.36,6,44,inventory.xml,2026-08-28 10:16:22.519868
21922,UNION STRIPE WITH FRINGE  HAMMOCK,16.98,47,46,inventory.xml,2026-08-28 10:16:22.519868
21935,SUKI  SHOULDER BAG,3.36,227,33,inventory.xml,2026-08-28 10:16:22.519868
21942,SKULLS DESIGN FLANNEL,1.66,361,26,inventory.xml,2026-08-28 10:16:22.519868
21944,KITTENS DESIGN FLANNEL,1.66,412,80,inventory.xml,2026-08-28 10:16:22.519868
21949,SET OF 6 STRAWBERRY CHOPSTICKS,2.51,215,82,inventory.xml,2026-08-28 10:16:22.519868
21990,MODERN FLORAL STATIONERY SET,2.51,147,33,inventory.xml,2026-08-28 10:16:22.519868
21991,BOHEMIAN COLLAGE STATIONERY SET,2.51,484,51,inventory.xml,2026-08-28 10:16:22.519868
21993,FLORAL FOLK STATIONERY SET,2.51,229,93,inventory.xml,2026-08-28 10:16:22.519868
22037,ROBOT BIRTHDAY CARD,0.85,157,86,inventory.xml,2026-08-28 10:16:22.519868
22043,CHRISTMAS CARD SCREEN PRINT,0.43,221,67,inventory.xml,2026-08-28 10:16:22.519868
22065,CHRISTMAS PUDDING TRINKET POT,3.36,6,97,inventory.xml,2026-08-28 10:16:22.519868
22067,CHOC TRUFFLE GOLD TRINKET POT,3.36,150,46,inventory.xml,2026-08-28 10:16:22.519868
22069,BROWN  PIRATE TREASURE CHEST,3.36,257,87,inventory.xml,2026-08-28 10:16:22.519868
22071,SMALL WHITE RETROSPOT MUG IN BOX,7.62,459,94,inventory.xml,2026-08-28 10:16:22.519868
22076,6 RIBBONS EMPIRE,3.36,369,67,inventory.xml,2026-08-28 10:16:22.519868
22080,RIBBON REEL POLKADOTS,3.36,390,32,inventory.xml,2026-08-28 10:16:22.519868
22081,RIBBON REEL FLORA + FAUNA,3.36,272,43,inventory.xml,2026-08-28 10:16:22.519868
22090,PAPER BUNTING RETROSPOT,5.91,55,61,inventory.xml,2026-08-28 10:16:22.519868
22134,LADLE LOVE HEART RED,0.85,195,42,inventory.xml,2026-08-28 10:16:22.519868
22135,LADLE LOVE HEART PINK,0.85,498,27,inventory.xml,2026-08-28 10:16:22.519868
22154,ANGEL DECORATION 3 BUTTONS,0.85,22,33,inventory.xml,2026-08-28 10:16:22.519868
22155,STAR DECORATION RUSTIC,0.85,439,97,inventory.xml,2026-08-28 10:16:22.519868
22156,HEART DECORATION WITH PEARLS,1.66,342,50,inventory.xml,2026-08-28 10:16:22.519868
22161,HEART DECORATION RUSTIC HANGING,0.81,141,66,inventory.xml,2026-08-28 10:16:22.519868
22162,HEART GARLAND RUSTIC PADDED,3.36,388,55,inventory.xml,2026-08-28 10:16:22.519868
22169,FAMILY ALBUM WHITE PICTURE FRAME,16.98,418,84,inventory.xml,2026-08-28 10:16:22.519868
22182,CAKE STAND VICTORIAN FILIGREE SMALL,4.21,21,28,inventory.xml,2026-08-28 10:16:22.519868
22190,LOCAL CAFE MUG,2.51,53,42,inventory.xml,2026-08-28 10:16:22.519868
22203,MILK PAN RED RETROSPOT,7.62,332,66,inventory.xml,2026-08-28 10:16:22.519868
22207,FRYING PAN UNION FLAG,8.47,499,84,inventory.xml,2026-08-28 10:16:22.519868
22265,EASTER DECORATION NATURAL CHICK,1.28,11,56,inventory.xml,2026-08-28 10:16:22.519868
22276,WASH BAG VINTAGE ROSE PAISLEY,5.91,332,76,inventory.xml,2026-08-28 10:16:22.519868
22299,PIG KEYRING WITH LIGHT & SOUND,2.51,68,84,inventory.xml,2026-08-28 10:16:22.519868
22300,COFFEE MUG DOG + BALL DESIGN,5.06,325,71,inventory.xml,2026-08-28 10:16:22.519868
22301,COFFEE MUG CAT + BIRD DESIGN,5.06,311,85,inventory.xml,2026-08-28 10:16:22.519868
22309,TEA COSY RED  STRIPE,5.06,45,96,inventory.xml,2026-08-28 10:16:22.519868
22314,OFFICE MUG WARMER CHOC+BLUE,5.91,340,37,inventory.xml,2026-08-28 10:16:22.519868
22335,HEART DECORATION PAINTED ZINC,1.28,448,54,inventory.xml,2026-08-28 10:16:22.519868
22336,DOVE DECORATION PAINTED ZINC,1.28,431,38,inventory.xml,2026-08-28 10:16:22.519868
22345,PARTY PIZZA DISH BLUE POLKADOT,1.66,14,53,inventory.xml,2026-08-28 10:16:22.519868
22348,TEA BAG PLATE RED RETROSPOT,1.66,122,20,inventory.xml,2026-08-28 10:16:22.519868
22356,CHARLOTTE BAG PINK POLKADOT,1.66,120,75,inventory.xml,2026-08-28 10:16:22.519868
22359,GLASS JAR KINGS CHOICE,5.91,226,38,inventory.xml,2026-08-28 10:16:22.519868
22361,GLASS JAR DAISY FRESH COTTON WOOL,5.91,71,86,inventory.xml,2026-08-28 10:16:22.519868
22375,AIRLINE BAG VINTAGE JET SET BROWN,8.47,427,77,inventory.xml,2026-08-28 10:16:22.519868
22378,WALL TIDY RETROSPOT,4.21,388,46,inventory.xml,2026-08-28 10:16:22.519868
22380,TOY TIDY SPACEBOY,4.21,404,56,inventory.xml,2026-08-28 10:16:22.519868
22394,PAPERWEIGHT KINGS CHOICE,5.06,99,73,inventory.xml,2026-08-28 10:16:22.519868
22396,MAGNETS PACK OF 4 RETRO PHOTO,2.51,7,53,inventory.xml,2026-08-28 10:16:22.519868
22419,LIPSTICK PEN RED,0.85,455,36,inventory.xml,2026-08-28 10:16:22.519868
22422,TOOTHPASTE TUBE PEN,1.28,144,23,inventory.xml,2026-08-28 10:16:22.519868
22430,ENAMEL WATERING CAN CREAM,10.17,328,64,inventory.xml,2026-08-28 10:16:22.519868
22432,WATERING CAN PINK BUNNY,4.21,454,62,inventory.xml,2026-08-28 10:16:22.519868
22437,SET OF 9 BLACK SKULL BALLOONS,1.66,18,81,inventory.xml,2026-08-28 10:16:22.519868
22471,TV DINNER TRAY AIR HOSTESS,11.02,2,30,inventory.xml,2026-08-28 10:16:22.519868
22476,EMPIRE UNION JACK TV DINNER TRAY,11.02,2,25,inventory.xml,2026-08-28 10:16:22.519868
22477,WATERING CAN GARDEN MARKER,2.51,78,78,inventory.xml,2026-08-28 10:16:22.519868
22478,BIRDHOUSE GARDEN MARKER,2.51,25,78,inventory.xml,2026-08-28 10:16:22.519868
22479,DAISY GARDEN MARKER,2.51,409,83,inventory.xml,2026-08-28 10:16:22.519868
22497,SET OF 2 TINS VINTAGE BATHROOM,8.47,302,21,inventory.xml,2026-08-28 10:16:22.519868
22515,CHILDS GARDEN SPADE PINK,4.21,490,72,inventory.xml,2026-08-28 10:16:22.519868
22517,CHILDS GARDEN RAKE PINK,4.21,400,96,inventory.xml,2026-08-28 10:16:22.519868
22519,CHILDS GARDEN BRUSH PINK,4.21,481,81,inventory.xml,2026-08-28 10:16:22.519868
22545,MINI JIGSAW BUNNIES,0.85,119,57,inventory.xml,2026-08-28 10:16:22.519868
22550,HOLIDAY FUN LUDO,7.62,143,58,inventory.xml,2026-08-28 10:16:22.519868
22560,TRADITIONAL MODELLING CLAY,2.51,424,52,inventory.xml,2026-08-28 10:16:22.519868
22589,CARDHOLDER GINGHAM STAR,5.06,122,24,inventory.xml,2026-08-28 10:16:22.519868
22605,WOODEN CROQUET GARDEN SET,25.49,28,77,inventory.xml,2026-08-28 10:16:22.519868
22639,SET OF 4 NAPKIN CHARMS HEARTS,5.06,334,63,inventory.xml,2026-08-28 10:16:22.519868
22669,RED BABY BUNTING,5.91,400,61,inventory.xml,2026-08-28 10:16:22.519868
22675,FRENCH KITCHEN SIGN BLUE METAL,2.51,484,94,inventory.xml,2026-08-28 10:16:22.519868
22734,SET OF 6 RIBBONS VINTAGE CHRISTMAS,5.06,463,78,inventory.xml,2026-08-28 10:16:22.519868
22741,FUNKY DIVA PEN,1.66,60,96,inventory.xml,2026-08-28 10:16:22.519868
22755,SMALL PURPLE BABUSHKA NOTEBOOK,1.66,386,26,inventory.xml,2026-08-28 10:16:22.519868
22757,LARGE RED BABUSHKA NOTEBOOK,2.51,423,96,inventory.xml,2026-08-28 10:16:22.519868
22758,LARGE PURPLE BABUSHKA NOTEBOOK,2.51,349,65,inventory.xml,2026-08-28 10:16:22.519868
22769,CHALKBOARD KITCHEN ORGANISER,51.02,409,52,inventory.xml,2026-08-28 10:16:22.519868
22792,FLUTED ANTIQUE CANDLE HOLDER,1.66,418,64,inventory.xml,2026-08-28 10:16:22.519868
22816,CARD MOTORBIKE SANTA,0.85,223,22,inventory.xml,2026-08-28 10:16:22.519868
22818,CARD CHRISTMAS VILLAGE,0.85,20,94,inventory.xml,2026-08-28 10:16:22.519868
22822,CREAM WALL PLANTER HEART SHAPED,12.72,228,70,inventory.xml,2026-08-28 10:16:22.519868
22844,VINTAGE CREAM DOG FOOD CONTAINER,16.98,100,23,inventory.xml,2026-08-28 10:16:22.519868
22847,BREAD BIN DINER STYLE IVORY,34.00,56,93,inventory.xml,2026-08-28 10:16:22.519868
22862,LOVE HEART NAPKIN BOX,8.47,62,56,inventory.xml,2026-08-28 10:16:22.519868
22876,NUMBER TILE COTTAGE GARDEN 8,4.21,348,29,inventory.xml,2026-08-28 10:16:22.519868
22928,YELLOW GIANT GARDEN THERMOMETER,11.87,252,70,inventory.xml,2026-08-28 10:16:22.519868
22948,METAL DECORATION NAUGHTY CHILDREN,6.77,269,25,inventory.xml,2026-08-28 10:16:22.519868
22949,36 DOILIES DOLLY GIRL,2.98,372,64,inventory.xml,2026-08-28 10:16:22.519868
22976,CIRCUS PARADE CHILDRENS EGG CUP,2.51,274,80,inventory.xml,2026-08-28 10:16:22.519868
35095A,BLUE VICTORIAN FABRIC OVAL BOX,0.84,315,25,inventory.xml,2026-08-28 10:16:22.519868
35095B,RED VICTORIAN FABRIC OVAL BOX,0.84,43,83,inventory.xml,2026-08-28 10:16:22.519868
35471D,SET OF 3 BIRD LIGHT PINK FEATHER,2.51,425,67,inventory.xml,2026-08-28 10:16:22.519868
35598D,PINK/WHITE CHRISTMAS TREE 60CM,2.51,224,45,inventory.xml,2026-08-28 10:16:22.519868
35599D,PINK AND WHITE CHRISTMAS TREE 120CM,5.91,77,37,inventory.xml,2026-08-28 10:16:22.519868
35610A,PINK CHRISTMAS FLOCK DROPLET,2.51,406,20,inventory.xml,2026-08-28 10:16:22.519868
35818P,"ACRYLIC JEWEL ICICLE, PINK",3.36,367,35,inventory.xml,2026-08-28 10:16:22.519868
35957,SMALLFOLKART BAUBLE CHRISTMAS DEC,1.66,26,42,inventory.xml,2026-08-28 10:16:22.519868
35961,FOLKART ZINC HEART CHRISTMAS DEC,1.66,96,90,inventory.xml,2026-08-28 10:16:22.519868
35971,ROSE FOLKART HEART DECORATIONS,2.51,7,61,inventory.xml,2026-08-28 10:16:22.519868
37449,CERAMIC CAKE STAND + HANGING CAKES,21.23,135,35,inventory.xml,2026-08-28 10:16:22.519868
37476,CONDIMENT TRAY 4 BOWLS AND 4 SPOONS,18.68,49,79,inventory.xml,2026-08-28 10:16:22.519868
47559B,TEA TIME OVEN GLOVE,2.51,354,56,inventory.xml,2026-08-28 10:16:22.519868
47591B,SCOTTIES CHILDRENS APRON,1.66,261,86,inventory.xml,2026-08-28 10:16:22.519868
47591D,PINK FAIRY CAKE CHILDRENS APRON,4.21,490,80,inventory.xml,2026-08-28 10:16:22.519868
47593B,SCOTTIE DOGS BABY BIB,0.85,374,94,inventory.xml,2026-08-28 10:16:22.519868
48188,DOORMAT WELCOME PUPPIES,14.43,305,76,inventory.xml,2026-08-28 10:16:22.519868
71459,HANGING JAM JAR T-LIGHT HOLDER,1.69,254,28,inventory.xml,2026-08-28 10:16:22.519868
72586,SET OF 6 HALLOWEEN GHOST T-LIGHTS,0.85,27,64,inventory.xml,2026-08-28 10:16:22.519868
72799E,IVORY PILLAR CANDLE SILVER FLOCK,3.36,35,53,inventory.xml,2026-08-28 10:16:22.519868
72799F,IVORY PILLAR CANDLE GOLD FLOCK,3.36,308,84,inventory.xml,2026-08-28 10:16:22.519868
72807A,SET/3 ROSE CANDLE IN JEWELLED BOX,8.47,2,32,inventory.xml,2026-08-28 10:16:22.519868
72807B,SET/3 OCEAN SCENT CANDLE JEWEL BOX,8.47,21,57,inventory.xml,2026-08-28 10:16:22.519868
72807C,SET/3 VANILLA SCENTED CANDLE IN BOX,8.47,109,86,inventory.xml,2026-08-28 10:16:22.519868
72816,SET/3 CHRISTMAS DECOUPAGE CANDLES,2.51,442,69,inventory.xml,2026-08-28 10:16:22.519868
79030D,"TUMBLER, BAROQUE",12.72,229,23,inventory.xml,2026-08-28 10:16:22.519868
79030G,"TUMBLER, NEW ENGLAND",12.72,354,85,inventory.xml,2026-08-28 10:16:22.519868
82551,LAUNDRY 15C METAL SIGN,2.51,205,49,inventory.xml,2026-08-28 10:16:22.519868
82583,HOT BATHS METAL SIGN,4.21,86,74,inventory.xml,2026-08-28 10:16:22.519868
82613B,"METAL SIGN,CUPCAKE SINGLE HOOK",2.51,185,72,inventory.xml,2026-08-28 10:16:22.519868
82613C,"METAL SIGN,CUPCAKE SINGLE HOOK",2.51,45,71,inventory.xml,2026-08-28 10:16:22.519868
82613D,METAL SIGN CUPCAKE SINGLE HOOK,2.51,385,53,inventory.xml,2026-08-28 10:16:22.519868
84031A,CHARLIE+LOLA RED HOT WATER BOTTLE,4.21,91,52,inventory.xml,2026-08-28 10:16:22.519868
84031B,CHARLIE LOLA BLUE HOT WATER BOTTLE,4.21,188,28,inventory.xml,2026-08-28 10:16:22.519868
84032A,CHARLIE+LOLA PINK HOT WATER BOTTLE,3.36,490,64,inventory.xml,2026-08-28 10:16:22.519868
84086C,PINK/PURPLE RETRO RADIO,4.21,295,43,inventory.xml,2026-08-28 10:16:22.519868
84279P,CHERRY BLOSSOM  DECORATIVE FLASK,8.47,229,51,inventory.xml,2026-08-28 10:16:22.519868
85015,SET OF 12  VINTAGE POSTCARD SET,2.51,271,33,inventory.xml,2026-08-28 10:16:22.519868
85016,SET OF 6 VINTAGE NOTELETS KIT,2.51,392,79,inventory.xml,2026-08-28 10:16:22.519868
85017A,ENVELOPE 50 ROMANTIC IMAGES,0.85,127,93,inventory.xml,2026-08-28 10:16:22.519868
85017B,ENVELOPE 50 BLOSSOM IMAGES,0.85,318,50,inventory.xml,2026-08-28 10:16:22.519868
85032D,YULETIDE IMAGES GIFT WRAP SET,1.66,436,53,inventory.xml,2026-08-28 10:16:22.519868
85039A,SET/4 RED MINI ROSE CANDLE IN BOWL,1.66,286,57,inventory.xml,2026-08-28 10:16:22.519868
85048,15CM CHRISTMAS GLASS BALL 20 LIGHTS,16.98,223,25,inventory.xml,2026-08-28 10:16:22.519868
85064,CREAM SWEETHEART LETTER RACK,11.02,72,80,inventory.xml,2026-08-28 10:16:22.519868
85127,SMALL SQUARE CUT GLASS CANDLESTICK,10.17,124,90,inventory.xml,2026-08-28 10:16:22.519868
85129D,BEADED CRYSTAL HEART PINK SMALL,2.51,473,60,inventory.xml,2026-08-28 10:16:22.519868
85131B,BEADED CRYSTAL HEART GREEN ON STICK,0.85,270,24,inventory.xml,2026-08-28 10:16:22.519868
85132A,CHARLIE + LOLA BISCUITS TINS,8.47,150,47,inventory.xml,2026-08-28 10:16:22.519868
85135C,RED DRAGONFLY HELICOPTER,8.47,209,32,inventory.xml,2026-08-28 10:16:22.519868
85176,SEWING SUSAN 21 NEEDLE SET,1.66,289,86,inventory.xml,2026-08-28 10:16:22.519868
85177,BASKET OF FLOWERS SEWING KIT,1.66,268,84,inventory.xml,2026-08-28 10:16:22.519868
85178,VICTORIAN SEWING KIT,2.51,349,50,inventory.xml,2026-08-28 10:16:22.519868
85186A,EASTER BUNNY GARLAND OF FLOWERS,0.85,128,50,inventory.xml,2026-08-28 10:16:22.519868
85232B,SET OF 3 BABUSHKA STACKING TINS,4.95,324,87,inventory.xml,2026-08-28 10:16:22.519868
90003C,MIDNIGHT BLUE PAIR HEART HAIR SLIDE,3.81,221,27,inventory.xml,2026-08-28 10:16:22.519868
90018A,SILVER M.O.P ORBIT DROP EARRINGS,4.24,470,82,inventory.xml,2026-08-28 10:16:22.519868
90022,EDWARDIAN DROP EARRINGS JET BLACK,3.81,78,96,inventory.xml,2026-08-28 10:16:22.519868
90071,RUBY GLASS CLUSTER EARRINGS,1.26,74,55,inventory.xml,2026-08-28 10:16:22.519868
90099,NECKLACE+BRACELET SET BLUE HIBISCUS,5.06,230,80,inventory.xml,2026-08-28 10:16:22.519868
90116,FRUIT SALAD BAG CHARM,2.51,254,77,inventory.xml,2026-08-28 10:16:22.519868
90120C,GREEN MURANO TWIST BRACELET,4.24,345,91,inventory.xml,2026-08-28 10:16:22.519868
90129A,PINK GLASS TASSLE BAG CHARM,1.66,202,22,inventory.xml,2026-08-28 10:16:22.519868
90129B,TURQUOISE GLASS TASSLE BAG CHARM,1.66,456,76,inventory.xml,2026-08-28 10:16:22.519868
90161A,ANT COPPER RED BOUDICCA BRACELET,5.09,237,51,inventory.xml,2026-08-28 10:16:22.519868
90190C,SILVER/AMETHYST DROP EARRINGS LEAF,2.96,64,88,inventory.xml,2026-08-28 10:16:22.519868
90194,SILVER LARIAT BLACK STONE EARRINGS,4.24,59,88,inventory.xml,2026-08-28 10:16:22.519868
90209B,GREEN ENAMEL+GLASS HAIR COMB,2.11,486,42,inventory.xml,2026-08-28 10:16:22.519868
90214D,"LETTER '"D'" BLING KEY RING",0.85,67,66,inventory.xml,2026-08-28 10:16:22.519868
90214G,"LETTER '"G'" BLING KEY RING",0.85,473,59,inventory.xml,2026-08-28 10:16:22.519868
90214H,"LETTER '"H'" BLING KEY RING",0.85,139,64,inventory.xml,2026-08-28 10:16:22.519868
90214J,"LETTER '"J'" BLING KEY RING",0.85,46,86,inventory.xml,2026-08-28 10:16:22.519868
90214R,"LETTER '"R'" BLING KEY RING",0.85,152,73,inventory.xml,2026-08-28 10:16:22.519868
DOT,DOTCOM POSTAGE,569.77,307,80,inventory.xml,2026-08-28 10:16:22.519868
84534B,FAIRY CAKE NOTEBOOK A5 SIZE,1.66,213,74,inventory.xml,2026-08-28 10:16:22.519868
84535B,FAIRY CAKES NOTEBOOK A6 SIZE,1.49,392,40,inventory.xml,2026-08-28 10:16:22.519868
84536A,ENGLISH ROSE NOTEBOOK A7 SIZE,0.85,305,66,inventory.xml,2026-08-28 10:16:22.519868
84536B,FAIRY CAKES NOTEBOOK A7 SIZE,0.85,200,50,inventory.xml,2026-08-28 10:16:22.519868
84580,MOUSE TOY WITH PINK T-SHIRT,4.21,317,53,inventory.xml,2026-08-28 10:16:22.519868
84581,DOG TOY WITH PINK CROCHET SKIRT,4.21,485,28,inventory.xml,2026-08-28 10:16:22.519868
84598,BOYS ALPHABET IRON ON PATCHES,0.43,205,34,inventory.xml,2026-08-28 10:16:22.519868
84912B,GREEN ROSE WASHBAG,3.36,76,47,inventory.xml,2026-08-28 10:16:22.519868
84913A,SOFT PINK ROSE TOWEL,3.36,204,43,inventory.xml,2026-08-28 10:16:22.519868
84913B,MINT GREEN ROSE TOWEL,3.36,420,70,inventory.xml,2026-08-28 10:16:22.519868
84923,PINK BUTTERFLY HANDBAG W BOBBLES,4.21,108,43,inventory.xml,2026-08-28 10:16:22.519868
84946,ANTIQUE SILVER TEA GLASS ETCHED,2.51,474,39,inventory.xml,2026-08-28 10:16:22.519868
84988,SET OF 72 PINK HEART PAPER DOILIES,2.98,294,54,inventory.xml,2026-08-28 10:16:22.519868
20856,DENIM PATCH PURSE PINK BUTTERFLY,1.65,300,65,inventory.xml,2026-08-28 10:16:22.519868
20854,BLUE PATCH PURSE PINK HEART,1.65,158,99,inventory.xml,2026-08-28 10:16:22.519868
21218,RED SPOTTY BISCUIT TIN,3.75,460,60,inventory.xml,2026-08-28 10:16:22.519868
22845,VINTAGE CREAM CAT FOOD CONTAINER,6.35,18,48,inventory.xml,2026-08-28 10:16:22.519868
11001,ASSTD DESIGN RACING CAR PEN,3.36,149,45,inventory.xml,2026-08-28 10:16:22.519868
16236,KITTY PENCIL ERASERS,0.43,209,55,inventory.xml,2026-08-28 10:16:22.519868
17003,BROCADE RING PURSE,0.43,238,94,inventory.xml,2026-08-28 10:16:22.519868
17011F,ORIGAMI SANDLEWOOD INCENSE+FLOWER,4.21,237,49,inventory.xml,2026-08-28 10:16:22.519868
17012A,ORIGAMI VANILLA INCENSE/CANDLE SET,2.51,73,39,inventory.xml,2026-08-28 10:16:22.519868
17012B,ORIGAMI JASMINE INCENSE/CANDLE SET,2.51,112,66,inventory.xml,2026-08-28 10:16:22.519868
17012C,ORIGAMI LAVENDER INCENSE/CANDL SET,2.51,47,81,inventory.xml,2026-08-28 10:16:22.519868
17012D,ORIGAMI ROSE INCENSE/CANDLE SET,2.51,286,95,inventory.xml,2026-08-28 10:16:22.519868
17012E,ORIGAMI OPIUM INCENSE/CANDLE SET,2.51,175,42,inventory.xml,2026-08-28 10:16:22.519868
17012F,ORIGAMI SANDLEWOOD INCENSE/CAND SET,2.51,282,91,inventory.xml,2026-08-28 10:16:22.519868
17129F,BLUE GLASS GEMS IN BAG,1.66,294,88,inventory.xml,2026-08-28 10:16:22.519868
18098C,PORCELAIN BUTTERFLY OIL BURNER,5.91,351,50,inventory.xml,2026-08-28 10:16:22.519868
20622,VIPPASSPORT COVER,4.21,273,46,inventory.xml,2026-08-28 10:16:22.519868
20658,RED RETROSPOT LUGGAGE TAG,2.51,323,41,inventory.xml,2026-08-28 10:16:22.519868
20662,FIRST CLASS HOLIDAY PURSE,2.51,293,45,inventory.xml,2026-08-28 10:16:22.519868
20676,RED RETROSPOT BOWL,2.51,326,90,inventory.xml,2026-08-28 10:16:22.519868
20684,STRAWBERRY DREAM CHILDS UMBRELLA,6.77,308,44,inventory.xml,2026-08-28 10:16:22.519868
20719,WOODLAND CHARLOTTE BAG,1.66,158,59,inventory.xml,2026-08-28 10:16:22.519868
20724,RED RETROSPOT CHARLOTTE BAG,1.66,123,94,inventory.xml,2026-08-28 10:16:22.519868
20733,GOLD MINI TAPE MEASURE,0.85,393,74,inventory.xml,2026-08-28 10:16:22.519868
20735,BLACK MINI TAPE MEASURE,0.85,171,30,inventory.xml,2026-08-28 10:16:22.519868
20770,ABSTRACT CIRCLE JOURNAL,2.51,274,25,inventory.xml,2026-08-28 10:16:22.519868
20835,FRENCH LATTICE CUSHION COVER,11.02,98,37,inventory.xml,2026-08-28 10:16:22.519868
20839,FRENCH PAISLEY CUSHION COVER,9.32,215,89,inventory.xml,2026-08-28 10:16:22.519868
20840,FRENCH FLORAL CUSHION COVER,9.32,264,38,inventory.xml,2026-08-28 10:16:22.519868
20956,PORCELAIN T-LIGHT HOLDERS ASSORTED,2.51,313,45,inventory.xml,2026-08-28 10:16:22.519868
20969,RED FLORAL FELTCRAFT SHOULDER BAG,7.62,263,63,inventory.xml,2026-08-28 10:16:22.519868
20971,PINK BLUE FELT CRAFT TRINKET BOX,2.51,180,59,inventory.xml,2026-08-28 10:16:22.519868
20975,12 PENCILS SMALL TUBE RED RETROSPOT,1.28,480,26,inventory.xml,2026-08-28 10:16:22.519868
20981,12 PENCILS TALL TUBE WOODLAND,1.66,256,35,inventory.xml,2026-08-28 10:16:22.519868
20996,JAZZ HEARTS ADDRESS BOOK,0.84,404,99,inventory.xml,2026-08-28 10:16:22.728164
21000,ROSE DU SUD COSMETICS BAG,3.36,368,53,inventory.xml,2026-08-28 10:16:22.728164
21012,ANTIQUE ALL GLASS CANDLESTICK,2.51,279,42,inventory.xml,2026-08-28 10:16:22.728164
21069,VINTAGE BILLBOARD TEA MUG,2.51,443,86,inventory.xml,2026-08-28 10:16:22.728164
21070,VINTAGE BILLBOARD MUG,2.51,64,57,inventory.xml,2026-08-28 10:16:22.728164
21147,JINGLE BELLS TREE DECORATION,2.51,460,86,inventory.xml,2026-08-28 10:16:22.728164
21158,MOODY GIRL DOOR HANGER,3.36,425,32,inventory.xml,2026-08-28 10:16:22.728164
21165,BEWARE OF THE CAT METAL SIGN,4.21,251,57,inventory.xml,2026-08-28 10:16:22.728164
21174,POTTERING IN THE SHED METAL SIGN,4.21,366,84,inventory.xml,2026-08-28 10:16:22.728164
21189,WHITE HONEYCOMB PAPER GARLAND,3.36,260,81,inventory.xml,2026-08-28 10:16:22.728164
21191,LARGE WHITE HONEYCOMB PAPER BELL,4.21,134,74,inventory.xml,2026-08-28 10:16:22.728164
21195,PINK  HONEYCOMB PAPER BALL,4.21,399,56,inventory.xml,2026-08-28 10:16:22.728164
21207,SKULL AND CROSSBONES  GARLAND,3.36,122,85,inventory.xml,2026-08-28 10:16:22.728164
21216,"SET 3 RETROSPOT TEA,COFFEE,SUGAR",11.02,157,49,inventory.xml,2026-08-28 10:16:22.728164
21217,RED RETROSPOT ROUND CAKE TINS,21.23,259,72,inventory.xml,2026-08-28 10:16:22.728164
21231,SWEETHEART CERAMIC TRINKET BOX,2.51,418,63,inventory.xml,2026-08-28 10:16:22.728164
21238,RED RETROSPOT CUP,1.66,191,44,inventory.xml,2026-08-28 10:16:22.728164
21249,WOODLAND  HEIGHT CHART STICKERS,5.91,247,36,inventory.xml,2026-08-28 10:16:22.728164
21262,WHITE GOOSE FEATHER CHRISTMAS TREE,7.62,20,62,inventory.xml,2026-08-28 10:16:22.728164
21313,GLASS HEART T-LIGHT HOLDER,1.66,57,45,inventory.xml,2026-08-28 10:16:22.728164
21349,IVY HEART WREATH,13.57,27,61,inventory.xml,2026-08-28 10:16:22.728164
21352,EUCALYPTUS & PINECONE  WREATH,5.91,36,76,inventory.xml,2026-08-28 10:16:22.728164
21354,TOAST ITS - BEST MUM,2.51,434,84,inventory.xml,2026-08-28 10:16:22.728164
21365,MIRRORED WALL ART STARS,5.91,420,81,inventory.xml,2026-08-28 10:16:22.728164
21366,MIRRORED WALL ART PHOTO FRAMES,8.47,410,60,inventory.xml,2026-08-28 10:16:22.728164
21369,MIRRORED WALL ART SPLODGES,7.62,27,24,inventory.xml,2026-08-28 10:16:22.728164
21372,MIRRORED WALL ART TABLE LAMP,5.91,38,34,inventory.xml,2026-08-28 10:16:22.728164
21385,IVORY HANGING DECORATION  HEART,1.66,140,78,inventory.xml,2026-08-28 10:16:22.728164
21407,BROWN CHECK CAT DOORSTOP,8.47,282,67,inventory.xml,2026-08-28 10:16:22.728164
21408,SPOTTY PINK DUCK DOORSTOP,8.47,167,85,inventory.xml,2026-08-28 10:16:22.728164
21507,"ELEPHANT, BIRTHDAY CARD,",0.85,243,59,inventory.xml,2026-08-28 10:16:22.728164
21563,RED HEART SHAPE LOVE BUCKET,5.91,86,55,inventory.xml,2026-08-28 10:16:22.728164
21564,PINK  HEART SHAPE LOVE BUCKET,5.91,365,39,inventory.xml,2026-08-28 10:16:22.728164
21634,ASSORTED MINI MADRAS NOTEBOOK,2.51,156,24,inventory.xml,2026-08-28 10:16:22.728164
21641,ASSORTED TUTTI FRUTTI KEYRING BALL,1.66,33,31,inventory.xml,2026-08-28 10:16:22.728164
21679,SKULLS  STICKERS,1.66,371,74,inventory.xml,2026-08-28 10:16:22.728164
21703,BAG 125g SWIRLY MARBLES,0.85,451,66,inventory.xml,2026-08-28 10:16:22.728164
21704,BAG 250g SWIRLY MARBLES,1.66,7,39,inventory.xml,2026-08-28 10:16:22.728164
21721,CANDY SHOP  STICKER SHEET,1.66,218,49,inventory.xml,2026-08-28 10:16:22.728164
21722,SWEET PUDDING STICKER SHEET,1.66,413,71,inventory.xml,2026-08-28 10:16:22.728164
21758,VINTAGE SHELLS PRINT,12.72,353,50,inventory.xml,2026-08-28 10:16:22.728164
21134,,0.00,428,50,inventory.xml,2026-08-28 10:16:22.728164
22145,,0.00,207,41,inventory.xml,2026-08-28 10:16:22.728164
37509,,0.00,186,70,inventory.xml,2026-08-28 10:16:22.728164
22892,SET OF SALT AND PEPPER TOADSTOOLS,1.25,354,91,inventory.xml,2026-08-28 10:16:22.728164
22245,"HOOK, 1 HANGER ,MAGIC GARDEN",0.85,76,40,inventory.xml,2026-08-28 10:16:22.728164
20957,PORCELAIN HANGING BELL SMALL,1.45,119,43,inventory.xml,2026-08-28 10:16:22.728164
85226A,,0.00,300,58,inventory.xml,2026-08-28 10:16:22.728164
85044,,0.00,334,35,inventory.xml,2026-08-28 10:16:22.728164
79144B,PAINTED LIGHTBULB STAR+ MOON,0.42,59,61,inventory.xml,2026-08-28 10:16:22.728164
22482,BLUE TEA TOWEL CLASSIC DESIGN,1.25,254,90,inventory.xml,2026-08-28 10:16:22.728164
21917,SET 12 KIDS  WHITE CHALK STICKS,0.42,182,70,inventory.xml,2026-08-28 10:16:22.728164
20950,,0.00,250,33,inventory.xml,2026-08-28 10:16:22.728164
37461,,0.00,479,36,inventory.xml,2026-08-28 10:16:22.728164
84670,,0.00,38,26,inventory.xml,2026-08-28 10:16:22.728164
20697,LITTLE GREEN MONSTER SOFT TOY,2.55,497,96,inventory.xml,2026-08-28 10:16:22.728164
22599,CHRISTMAS MUSICAL ZINC STAR,0.85,224,47,inventory.xml,2026-08-28 10:16:22.728164
22597,CHRISTMAS MUSICAL ZINC HEART,0.85,386,43,inventory.xml,2026-08-28 10:16:22.728164
21495,SKULLS AND CROSSBONES WRAP,0.42,212,88,inventory.xml,2026-08-28 10:16:22.728164
46000R,POLYESTER FILLER PAD 45x30cm,1.45,155,44,inventory.xml,2026-08-28 10:16:22.728164
46000S,POLYESTER FILLER PAD 40x40cm,1.45,385,38,inventory.xml,2026-08-28 10:16:22.728164
84920,PINK FLOWER FABRIC PONY,3.75,343,40,inventory.xml,2026-08-28 10:16:22.728164
22953,BIRTHDAY PARTY CORDON BARRIER TAPE,1.25,72,51,inventory.xml,2026-08-28 10:16:22.728164
84508A,CAMOUFLAGE DESIGN TEDDY,2.55,352,25,inventory.xml,2026-08-28 10:16:22.728164
21670,BLUE SPOT CERAMIC DRAWER KNOB,1.25,376,71,inventory.xml,2026-08-28 10:16:22.728164
22786,CUSHION COVER PINK UNION JACK,5.95,193,53,inventory.xml,2026-08-28 10:16:22.728164
22212,FOUR HOOK  WHITE LOVEBIRDS,2.10,462,97,inventory.xml,2026-08-28 10:16:22.728164
22678,FRENCH BLUE METAL DOOR SIGN 3,1.25,320,81,inventory.xml,2026-08-28 10:16:22.728164
22686,FRENCH BLUE METAL DOOR SIGN No,1.25,166,50,inventory.xml,2026-08-28 10:16:22.728164
84685,BEACH HUT KEY CABINET,3.75,5,76,inventory.xml,2026-08-28 10:16:22.728164
20616,CHERRY BLOSSOM PASSPORT COVER,2.10,337,84,inventory.xml,2026-08-28 10:16:22.728164
22753,SMALL YELLOW BABUSHKA NOTEBOOK,0.85,104,35,inventory.xml,2026-08-28 10:16:22.728164
79066K,RETRO MOD TRAY,0.85,378,32,inventory.xml,2026-08-28 10:16:22.728164
22794,SWEETHEART WIRE MAGAZINE RACK,7.95,262,30,inventory.xml,2026-08-28 10:16:22.728164
22592,CARDHOLDER HOLLY WREATH METAL,3.75,233,23,inventory.xml,2026-08-28 10:16:22.728164
84352,SILVER CHRISTMAS TREE BAUBLE STAND,16.95,81,45,inventory.xml,2026-08-28 10:16:22.728164
22795,SWEETHEART RECIPE BOOK STAND,6.75,355,83,inventory.xml,2026-08-28 10:16:22.728164
22278,OVERNIGHT BAG VINTAGE ROSE PAISLEY,4.95,82,81,inventory.xml,2026-08-28 10:16:22.728164
22802,FAUX FUR CHOCOLATE THROW,19.95,208,50,inventory.xml,2026-08-28 10:16:22.728164
84884A,ANT WHITE WIRE HEART SPIRAL,3.95,418,59,inventory.xml,2026-08-28 10:16:22.728164
51014C,"FEATHER PEN,COAL BLACK",0.85,460,81,inventory.xml,2026-08-28 10:16:22.728164
51014L,"FEATHER PEN,LIGHT PINK",0.85,494,93,inventory.xml,2026-08-28 10:16:22.728164
51014A,"FEATHER PEN,HOT PINK",0.85,479,42,inventory.xml,2026-08-28 10:16:22.728164
22366,DOORMAT AIRMAIL,6.75,277,72,inventory.xml,2026-08-28 10:16:22.728164
48111,DOORMAT 3 SMILEY CATS,6.75,100,67,inventory.xml,2026-08-28 10:16:22.728164
22846,BREAD BIN DINER STYLE RED,14.95,419,69,inventory.xml,2026-08-28 10:16:22.728164
22402,MAGNETS PACK OF 4 VINTAGE COLLAGE,1.25,400,84,inventory.xml,2026-08-28 10:16:22.728164
22400,MAGNETS PACK OF 4 HOME SWEET HOME,1.25,495,81,inventory.xml,2026-08-28 10:16:22.728164
22399,MAGNETS PACK OF 4 CHILDHOOD MEMORY,1.25,325,51,inventory.xml,2026-08-28 10:16:22.728164
79302M,"ART LIGHTS,FUNK MONKEY",2.95,70,80,inventory.xml,2026-08-28 10:16:22.728164
37446,MINI CAKE STAND WITH HANGING CAKES,1.45,251,24,inventory.xml,2026-08-28 10:16:22.728164
84509B,SET OF 4 FAIRY CAKE PLACEMATS,3.75,224,47,inventory.xml,2026-08-28 10:16:22.728164
22313,OFFICE MUG WARMER PINK,2.95,421,37,inventory.xml,2026-08-28 10:16:22.728164
21181,PLEASE ONE PERSON METAL SIGN,2.10,196,40,inventory.xml,2026-08-28 10:16:22.728164
21818,GLITTER CHRISTMAS HEART,0.85,164,92,inventory.xml,2026-08-28 10:16:22.728164
21668,RED STRIPE CERAMIC DRAWER KNOB,1.25,40,55,inventory.xml,2026-08-28 10:16:22.728164
21462,"NURSERY A,B,C PAINTED LETTERS",6.75,417,25,inventory.xml,2026-08-28 10:16:22.728164
22496,SET OF 2 ROUND TINS DUTCH CHEESE,2.95,377,59,inventory.xml,2026-08-28 10:16:22.728164
84870C,GREEN GEISHA GIRL,3.75,20,25,inventory.xml,2026-08-28 10:16:22.728164
84870B,BLUE GEISHA GIRL,3.75,216,31,inventory.xml,2026-08-28 10:16:22.728164
22765,NEWSPAPER STAND,14.95,239,50,inventory.xml,2026-08-28 10:16:22.728164
21351,CINAMMON & ORANGE WREATH,6.75,234,55,inventory.xml,2026-08-28 10:16:22.728164
22581,WOOD STOCKING CHRISTMAS SCANDISPOT,0.85,459,38,inventory.xml,2026-08-28 10:16:22.728164
22579,WOODEN TREE CHRISTMAS SCANDINAVIAN,0.85,75,71,inventory.xml,2026-08-28 10:16:22.728164
22572,ROCKING HORSE GREEN CHRISTMAS,0.85,153,59,inventory.xml,2026-08-28 10:16:22.728164
22640,SET OF 4 NAPKIN CHARMS 3 KEYS,2.55,90,30,inventory.xml,2026-08-28 10:16:22.728164
22641,SET OF 4 NAPKIN CHARMS INSTRUMENT,2.55,122,85,inventory.xml,2026-08-28 10:16:22.728164
22638,SET OF 4 NAPKIN CHARMS CROWNS,2.55,453,31,inventory.xml,2026-08-28 10:16:22.728164
22576,SWALLOW WOODEN CHRISTMAS DECORATION,0.85,470,48,inventory.xml,2026-08-28 10:16:22.728164
21817,GLITTER CHRISTMAS TREE,0.85,22,33,inventory.xml,2026-08-28 10:16:22.728164
21813,GARLAND WITH STARS AND BELLS,4.95,316,95,inventory.xml,2026-08-28 10:16:22.728164
21808,"CHRISTMAS GARLAND STARS,TREES",3.75,116,42,inventory.xml,2026-08-28 10:16:22.728164
21014,SWISS CHALET TREE DECORATION,0.85,96,89,inventory.xml,2026-08-28 10:16:22.728164
21018,BIRD BOX CHRISTMAS TREE DECORATION,0.85,146,96,inventory.xml,2026-08-28 10:16:22.728164
22946,WOODEN ADVENT CALENDAR CREAM,16.95,97,37,inventory.xml,2026-08-28 10:16:22.728164
M,Manual,1.25,245,22,inventory.xml,2026-08-28 10:16:22.728164
22660,DOORMAT I LOVE LONDON,7.95,497,21,inventory.xml,2026-08-28 10:16:22.728164
21761,WOOD AND GLASS MEDICINE CABINET,29.95,293,34,inventory.xml,2026-08-28 10:16:22.728164
21781,MA CAMPAGNE CUTLERY BOX,14.95,361,52,inventory.xml,2026-08-28 10:16:22.728164
22696,WICKER WREATH LARGE,1.95,246,33,inventory.xml,2026-08-28 10:16:22.728164
84360,TABLE LAMP WHITE SHADE WOOD BASE,5.95,6,96,inventory.xml,2026-08-28 10:16:22.728164
35954,SMALL FOLKART STAR CHRISTMAS DEC,0.42,42,57,inventory.xml,2026-08-28 10:16:22.728164
84760S,SMALL HANGING GLASS+ZINC LANTERN,1.45,134,87,inventory.xml,2026-08-28 10:16:22.728164
85045,GREEN CHRISTMAS TREE STRING 20LIGHT,4.95,121,21,inventory.xml,2026-08-28 10:16:22.728164
35598B,BLACK CHRISTMAS TREE 60CM,0.65,420,30,inventory.xml,2026-08-28 10:16:22.728164
22578,WOODEN STAR CHRISTMAS SCANDINAVIAN,0.85,421,56,inventory.xml,2026-08-28 10:16:22.728164
22855,FINE WICKER HEART,1.25,427,33,inventory.xml,2026-08-28 10:16:22.728164
21864,UNION JACK FLAG PASSPORT COVER,1.69,318,33,inventory.xml,2026-08-28 10:16:22.728164
15056P,EDWARDIAN PARASOL PINK,4.60,278,21,inventory.xml,2026-08-28 10:16:22.728164
85174,S/4 CACTI CANDLES,4.25,324,41,inventory.xml,2026-08-28 10:16:22.728164
82615,PINK MARSHMALLOW SCARF KNITTING KIT,2.55,203,81,inventory.xml,2026-08-28 10:16:22.728164
85038,6 CHOCOLATE LOVE HEART T-LIGHTS,1.69,335,83,inventory.xml,2026-08-28 10:16:22.728164
22965,3 TRADITIONAL COOKIE CUTTERS  SET,2.10,397,60,inventory.xml,2026-08-28 10:16:22.728164
21374,MIRRORED WALL ART SKULLS,3.75,381,34,inventory.xml,2026-08-28 10:16:22.728164
21509,COWBOYS AND INDIANS BIRTHDAY CARD,0.42,306,55,inventory.xml,2026-08-28 10:16:22.728164
22025,RING OF ROSES BIRTHDAY CARD,0.42,29,69,inventory.xml,2026-08-28 10:16:22.728164
22725,ALARM CLOCK BAKELIKE CHOCOLATE,3.75,362,31,inventory.xml,2026-08-28 10:16:22.728164
37448,CERAMIC CAKE DESIGN SPOTTED MUG,1.49,183,52,inventory.xml,2026-08-28 10:16:22.728164
22421,LIPSTICK PEN FUSCHIA,0.42,371,85,inventory.xml,2026-08-28 10:16:22.728164
84997A,GREEN 3 PIECE POLKADOT CUTLERY SET,3.75,269,53,inventory.xml,2026-08-28 10:16:22.728164
21136,PAINTED METAL PEARS ASSORTED,1.69,440,57,inventory.xml,2026-08-28 10:16:22.728164
71477,COLOUR GLASS. STAR T-LIGHT HOLDER,3.25,169,85,inventory.xml,2026-08-28 10:16:22.728164
22030,SWALLOWS GREETING CARD,0.42,465,73,inventory.xml,2026-08-28 10:16:22.728164
90214M,"LETTER '"M'" BLING KEY RING",1.25,422,32,inventory.xml,2026-08-28 10:16:22.728164
90214V,"LETTER '"V'" BLING KEY RING",1.25,165,68,inventory.xml,2026-08-28 10:16:22.728164
90214S,"LETTER '"S'" BLING KEY RING",1.25,241,93,inventory.xml,2026-08-28 10:16:22.728164
21789,KIDS RAIN MAC PINK,0.85,265,36,inventory.xml,2026-08-28 10:16:22.728164
21629,SQUARE FLOOR CUSHION VINTAGE RED,7.95,384,91,inventory.xml,2026-08-28 10:16:22.728164
21850,BLUE  DIAMANTE PEN IN GIFT BOX,4.95,344,66,inventory.xml,2026-08-28 10:16:22.728164
20978,36 PENCILS TUBE SKULLS,1.25,426,73,inventory.xml,2026-08-28 10:16:22.728164
20768,GREEN FERN JOURNAL,2.55,184,46,inventory.xml,2026-08-28 10:16:22.728164
20780,BLACK EAR MUFF HEADPHONES,5.49,252,23,inventory.xml,2026-08-28 10:16:22.728164
21398,RED POLKADOT COFFEE  MUG,2.10,215,22,inventory.xml,2026-08-28 10:16:22.728164
21643,ASSORTED TUTTI FRUTTI MIRROR,1.25,454,73,inventory.xml,2026-08-28 10:16:22.728164
21620,SET OF 4 ROSE BOTANICAL CANDLES,3.75,152,98,inventory.xml,2026-08-28 10:16:22.728164
22260,FELT EGG COSY BLUE RABBIT,0.85,293,68,inventory.xml,2026-08-28 10:16:22.728164
22136,LOVE HEART SOCK HANGER,1.65,60,48,inventory.xml,2026-08-28 10:16:22.728164
10135,COLOURING PENCILS BROWN TUBE,2.51,425,81,inventory.xml,2026-08-28 10:16:22.728164
16168M,FUNKY MONKEY GIFT BAG MEDIUM,0.85,192,95,inventory.xml,2026-08-28 10:16:22.728164
17014A,ORIGAMI VANILLA INCENSE CONES,3.36,170,37,inventory.xml,2026-08-28 10:16:22.728164
17084N,FAIRY DREAMS INCENSE,0.43,291,28,inventory.xml,2026-08-28 10:16:22.728164
17084P,DRAGONS BLOOD INCENSE,0.43,249,96,inventory.xml,2026-08-28 10:16:22.728164
20617,FIRST CLASS PASSPORT COVER,4.21,423,23,inventory.xml,2026-08-28 10:16:22.728164
20619,TROPICAL PASSPORT COVER,4.21,265,90,inventory.xml,2026-08-28 10:16:22.728164
20653,CHERRY BLOSSOM LUGGAGE TAG,2.51,258,31,inventory.xml,2026-08-28 10:16:22.728164
20681,PINK POLKADOT CHILDRENS UMBRELLA,6.77,52,29,inventory.xml,2026-08-28 10:16:22.728164
20682,RED RETROSPOT CHILDRENS UMBRELLA,6.77,10,42,inventory.xml,2026-08-28 10:16:22.728164
20696,FLORAL SOFT CAR TOY,7.62,199,45,inventory.xml,2026-08-28 10:16:22.728164
20699,MOUSEY LONG LEGS SOFT TOY,5.06,499,46,inventory.xml,2026-08-28 10:16:22.728164
20700,GREEN CAT FLORAL CUSHION COVER,10.17,458,22,inventory.xml,2026-08-28 10:16:22.728164
20718,RED RETROSPOT SHOPPER BAG,2.51,314,88,inventory.xml,2026-08-28 10:16:22.728164
20752,BLUE POLKADOT WASHING UP GLOVES,4.21,315,86,inventory.xml,2026-08-28 10:16:22.728164
20761,BLUE PAISLEY SKETCHBOOK,7.62,195,74,inventory.xml,2026-08-28 10:16:22.728164
22436,12 COLOURED PARTY BALLOONS,0.65,431,80,inventory.xml,2026-08-28 10:16:22.728164
20846,ZINC HEART LATTICE T-LIGHT HOLDER,2.51,88,93,inventory.xml,2026-08-28 10:16:22.728164
20931,BLUE POT PLANT CANDLE,7.62,4,95,inventory.xml,2026-08-28 10:16:22.728164
21002,ROSE DU SUD DRAWSTRING BAG,3.36,169,99,inventory.xml,2026-08-28 10:16:22.728164
21015,DARK BIRD HOUSE TREE DECORATION,1.28,158,50,inventory.xml,2026-08-28 10:16:22.728164
21067,VINTAGE RED TEATIME MUG,2.51,95,68,inventory.xml,2026-08-28 10:16:22.728164
21109,"LARGE CAKE TOWEL, CHOCOLATE SPOTS",13.57,129,81,inventory.xml,2026-08-28 10:16:22.728164
21110,LARGE CAKE TOWEL PINK SPOTS,13.57,12,73,inventory.xml,2026-08-28 10:16:22.728164
21128,GOLD FISHING GNOME,12.72,303,83,inventory.xml,2026-08-28 10:16:22.728164
21164,HOME SWEET HOME METAL SIGN,5.91,463,74,inventory.xml,2026-08-28 10:16:22.728164
21188,3D HEARTS  HONEYCOMB PAPER GARLAND,5.91,345,50,inventory.xml,2026-08-28 10:16:22.728164
21208,PASTEL COLOUR HONEYCOMB FAN,3.36,224,65,inventory.xml,2026-08-28 10:16:22.728164
21220,SET/4 BADGES DOGS,2.51,210,35,inventory.xml,2026-08-28 10:16:22.728164
21272,SALLE DE BAIN HOOK,2.51,153,96,inventory.xml,2026-08-28 10:16:22.728164
21279,VINTAGE KITCHEN PRINT FRUITS,5.06,71,91,inventory.xml,2026-08-28 10:16:22.728164
21281,VINTAGE KITCHEN PRINT SEAFOOD,5.06,299,68,inventory.xml,2026-08-28 10:16:22.728164
21288,STRIPEY CHOCOLATE NESTING BOXES,5.91,283,81,inventory.xml,2026-08-28 10:16:22.728164
21356,TOAST ITS - FAIRY FLOWER,2.51,3,46,inventory.xml,2026-08-28 10:16:22.728164
21439,BASKET OF TOADSTOOLS,2.51,207,50,inventory.xml,2026-08-28 10:16:22.728164
21447,12 IVORY ROSE PEG PLACE SETTINGS,2.51,139,61,inventory.xml,2026-08-28 10:16:22.728164
21537,RED RETROSPOT PUDDING BOWL,8.47,85,41,inventory.xml,2026-08-28 10:16:22.728164
21547,CERAMIC BIRDHOUSE CRESTED TIT SMALL,5.91,351,21,inventory.xml,2026-08-28 10:16:22.728164
21594,Dr. Jam's Arouzer Stress Ball,4.21,262,51,inventory.xml,2026-08-28 10:16:22.728164
21638,ASSORTED TUTTI FRUTTI NOTEBOOK,4.21,316,77,inventory.xml,2026-08-28 10:16:22.728164
21648,ASSORTED TUTTI FRUTTI SMALL PURSE,2.51,356,40,inventory.xml,2026-08-28 10:16:22.728164
21656,RIDGED GLASS POSY VASE,3.36,490,75,inventory.xml,2026-08-28 10:16:22.728164
21671,RED SPOT CERAMIC DRAWER KNOB,2.51,401,67,inventory.xml,2026-08-28 10:16:22.728164
21684,SMALL MEDINA STAMPED METAL BOWL,2.51,310,53,inventory.xml,2026-08-28 10:16:22.728164
21698,MOCK LOBSTER FRIDGE MAGNET,1.66,439,78,inventory.xml,2026-08-28 10:16:22.728164
21700,BIG DOUGHNUT FRIDGE MAGNETS,8.47,238,88,inventory.xml,2026-08-28 10:16:22.728164
21745,GAOLERS KEYS DECORATIVE GARDEN,8.47,492,96,inventory.xml,2026-08-28 10:16:22.728164
21775,DECORATIVE FLORE BATHROOM BOTTLE,2.51,380,80,inventory.xml,2026-08-28 10:16:22.728164
21820,GLITTER HEART GARLAND WITH BELLS,7.62,325,27,inventory.xml,2026-08-28 10:16:22.728164
21830,ASSORTED CREEPY CRAWLIES,0.85,451,46,inventory.xml,2026-08-28 10:16:22.728164
21846,PINK DIAMANTE PEN IN GIFT BOX,4.21,257,62,inventory.xml,2026-08-28 10:16:22.728164
21868,POTTING SHED TEA MUG,3.36,360,26,inventory.xml,2026-08-28 10:16:22.728164
21875,KINGS CHOICE MUG,3.36,142,53,inventory.xml,2026-08-28 10:16:22.728164
21896,POTTING SHED TWINE,4.21,481,30,inventory.xml,2026-08-28 10:16:22.728164
21899,"KEY FOB , GARAGE DESIGN",1.66,311,64,inventory.xml,2026-08-28 10:16:22.728164
21906,PHARMACIE FIRST AID TIN,13.57,391,34,inventory.xml,2026-08-28 10:16:22.728164
21908,CHOCOLATE THIS WAY METAL SIGN,4.21,230,41,inventory.xml,2026-08-28 10:16:22.728164
21974,SET OF 36 PAISLEY FLOWER DOILIES,2.98,433,44,inventory.xml,2026-08-28 10:16:22.728164
22078,RIBBON REEL LACE DESIGN,4.21,37,97,inventory.xml,2026-08-28 10:16:22.728164
22084,PAPER CHAIN KIT EMPIRE,5.91,57,55,inventory.xml,2026-08-28 10:16:22.728164
22091,EMPIRE TISSUE BOX,2.51,253,64,inventory.xml,2026-08-28 10:16:22.728164
22124,SET OF 2 TEA TOWELS PING MICROWAVE,2.51,366,94,inventory.xml,2026-08-28 10:16:22.728164
22165,"DIAMANTE HEART SHAPED WALL MIRROR,",11.02,404,21,inventory.xml,2026-08-28 10:16:22.728164
22184,CAKE STAND VICTORIAN FILIGREE LARGE,8.47,220,42,inventory.xml,2026-08-28 10:16:22.728164
22208,WOOD STAMP SET THANK YOU,3.36,324,53,inventory.xml,2026-08-28 10:16:22.728164
22246,MAGIC GARDEN FELT GARLAND,4.21,276,91,inventory.xml,2026-08-28 10:16:22.728164
22283,6 EGG HOUSE PAINTED WOOD,16.13,480,77,inventory.xml,2026-08-28 10:16:22.728164
22304,COFFEE MUG BLUE PAISLEY DESIGN,5.06,327,74,inventory.xml,2026-08-28 10:16:22.728164
22308,TEA COSY BLUE STRIPE,5.06,208,50,inventory.xml,2026-08-28 10:16:22.728164
22317,FIVE CATS HANGING DECORATION,5.91,484,88,inventory.xml,2026-08-28 10:16:22.728164
22324,BLUE POLKADOT KIDS BAG,4.21,53,34,inventory.xml,2026-08-28 10:16:22.728164
22325,MOBILE VINTAGE HEARTS,11.87,492,52,inventory.xml,2026-08-28 10:16:22.728164
22331,WOODLAND PARTY BAG + STICKER SET,3.36,77,48,inventory.xml,2026-08-28 10:16:22.728164
22342,HOME GARLAND PAINTED ZINC,3.36,144,20,inventory.xml,2026-08-28 10:16:22.728164
22350,ILLUSTRATED CAT BOWL,5.06,410,27,inventory.xml,2026-08-28 10:16:22.728164
22393,PAPERWEIGHT VINTAGE COLLAGE,5.06,366,82,inventory.xml,2026-08-28 10:16:22.728164
22405,MONEY BOX POCKET MONEY DESIGN,2.51,485,95,inventory.xml,2026-08-28 10:16:22.728164
22409,MONEY BOX BISCUITS DESIGN,2.51,374,39,inventory.xml,2026-08-28 10:16:22.728164
22420,LIPSTICK PEN BABY PINK,0.85,318,26,inventory.xml,2026-08-28 10:16:22.728164
22425,ENAMEL COLANDER CREAM,10.17,173,31,inventory.xml,2026-08-28 10:16:22.728164
22458,CAST IRON HOOK GARDEN FORK,5.06,2,24,inventory.xml,2026-08-28 10:16:22.728164
22459,CAST IRON HOOK GARDEN TROWEL,5.06,61,83,inventory.xml,2026-08-28 10:16:22.728164
22499,WOODEN UNION JACK BUNTING,12.72,148,23,inventory.xml,2026-08-28 10:16:22.728164
22503,CABIN BAG VINTAGE PAISLEY,59.53,20,74,inventory.xml,2026-08-28 10:16:22.728164
22536,MAGIC DRAWING SLATE PURDEY,0.85,254,83,inventory.xml,2026-08-28 10:16:22.728164
22586,FELTCRAFT HAIRBAND PINK AND BLUE,1.66,388,36,inventory.xml,2026-08-28 10:16:22.728164
22602,CHRISTMAS RETROSPOT HEART WOOD,1.66,481,38,inventory.xml,2026-08-28 10:16:22.728164
22649,STRAWBERRY FAIRY CAKE TEAPOT,11.02,244,41,inventory.xml,2026-08-28 10:16:22.728164
22668,PINK BABY BUNTING,5.91,437,80,inventory.xml,2026-08-28 10:16:22.728164
22673,FRENCH GARDEN SIGN BLUE METAL,2.51,492,95,inventory.xml,2026-08-28 10:16:22.728164
22692,DOORMAT WELCOME TO OUR HOME,7.95,429,80,inventory.xml,2026-08-28 10:16:22.728164
22746,POPPY'S PLAYHOUSE LIVINGROOM,4.21,232,41,inventory.xml,2026-08-28 10:16:22.728164
22747,POPPY'S PLAYHOUSE BATHROOM,4.21,162,77,inventory.xml,2026-08-28 10:16:22.728164
22756,LARGE YELLOW BABUSHKA NOTEBOOK,2.51,488,76,inventory.xml,2026-08-28 10:16:22.728164
22788,BROCANTE COAT RACK,20.38,120,53,inventory.xml,2026-08-28 10:16:22.728164
22831,WHITE BROCANTE SOAP DISH,5.91,205,30,inventory.xml,2026-08-28 10:16:22.728164
22841,ROUND CAKE TIN VINTAGE GREEN,16.13,37,45,inventory.xml,2026-08-28 10:16:22.728164
22863,SOAP DISH BROCANTE,5.91,396,85,inventory.xml,2026-08-28 10:16:22.728164
22870,NUMBER TILE COTTAGE GARDEN 2,4.21,324,61,inventory.xml,2026-08-28 10:16:22.728164
22890,NOVELTY BISCUITS CAKE STAND 3 TIER,20.38,42,29,inventory.xml,2026-08-28 10:16:22.728164
22897,OVEN MITT APPLES DESIGN,2.98,110,93,inventory.xml,2026-08-28 10:16:22.728164
22898,CHILDRENS APRON APPLES DESIGN,4.21,277,61,inventory.xml,2026-08-28 10:16:22.728164
22944,CHRISTMAS METAL POSTCARD WITH BELLS,16.13,270,47,inventory.xml,2026-08-28 10:16:22.728164
22977,DOLLY GIRL CHILDRENS EGG CUP,2.51,401,22,inventory.xml,2026-08-28 10:16:22.728164
35637A,IVORY STRING CURTAIN WITH POLE,19.53,133,65,inventory.xml,2026-08-28 10:16:22.728164
35916B,BLUE FELT HANGING HEART W FLOWER,1.66,462,64,inventory.xml,2026-08-28 10:16:22.728164
35916C,PINK FELT HANGING HEART W FLOWER,1.66,222,32,inventory.xml,2026-08-28 10:16:22.728164
35964,FOLKART CLIP ON STARS,1.66,411,87,inventory.xml,2026-08-28 10:16:22.728164
35965,FOLKART HEART NAPKIN RINGS,3.36,119,60,inventory.xml,2026-08-28 10:16:22.728164
35967,FOLK ART METAL STAR T-LIGHT HOLDER,1.66,18,26,inventory.xml,2026-08-28 10:16:22.728164
37450,CERAMIC CAKE BOWL + HANGING CAKES,5.91,27,35,inventory.xml,2026-08-28 10:16:22.728164
37491A,YELLOW/PINK CERAMIC CANDLE HOLDER,3.36,186,41,inventory.xml,2026-08-28 10:16:22.728164
46775D,SUNSET COLOUR CHUNKY KNITTED THROW,11.02,476,79,inventory.xml,2026-08-28 10:16:22.728164
46776B,WOVEN BERRIES CUSHION COVER,4.21,24,81,inventory.xml,2026-08-28 10:16:22.728164
47566B,TEA TIME PARTY BUNTING,8.47,184,85,inventory.xml,2026-08-28 10:16:22.728164
47567B,TEA TIME KITCHEN APRON,12.72,54,68,inventory.xml,2026-08-28 10:16:22.728164
47590A,BLUE HAPPY BIRTHDAY BUNTING,11.02,465,92,inventory.xml,2026-08-28 10:16:22.728164
47590B,PINK HAPPY BIRTHDAY BUNTING,11.02,337,45,inventory.xml,2026-08-28 10:16:22.728164
47594A,CAROUSEL DESIGN WASHBAG,4.21,381,66,inventory.xml,2026-08-28 10:16:22.728164
70006,LOVE HEART POCKET WARMER,3.36,356,70,inventory.xml,2026-08-28 10:16:22.728164
71496A,A4 WALL TIDY BLUE OFFICE,1.49,328,49,inventory.xml,2026-08-28 10:16:22.728164
72134,COLUMBIAN  CUBE CANDLE,1.66,386,56,inventory.xml,2026-08-28 10:16:22.728164
79067,CORONA MEXICAN TRAY,8.47,4,76,inventory.xml,2026-08-28 10:16:22.728164
82582,AREA PATROLLED METAL SIGN,4.21,432,88,inventory.xml,2026-08-28 10:16:22.728164
82599,FANNY'S REST STOPMETAL SIGN,4.21,369,93,inventory.xml,2026-08-28 10:16:22.728164
82616C,MIDNIGHT GLAMOUR SCARF KNITTING KIT,2.51,369,43,inventory.xml,2026-08-28 10:16:22.728164
84459B,YELLOW METAL CHICKEN HEART,3.36,196,77,inventory.xml,2026-08-28 10:16:22.728164
84520B,PACK 20 ENGLISH ROSE PAPER NAPKINS,1.66,400,80,inventory.xml,2026-08-28 10:16:22.728164
84559A,3D SHEET OF DOG STICKERS,1.69,190,94,inventory.xml,2026-08-28 10:16:22.728164
84559B,3D SHEET OF CAT STICKERS,1.69,24,70,inventory.xml,2026-08-28 10:16:22.728164
84596J,MIXED NUTS LIGHT GREEN BOWL,2.51,453,36,inventory.xml,2026-08-28 10:16:22.728164
84609,TALL ROCOCO CANDLE HOLDER,16.98,117,79,inventory.xml,2026-08-28 10:16:22.728164
84659A,WHITE TRAVEL ALARM CLOCK,2.51,50,33,inventory.xml,2026-08-28 10:16:22.728164
84663A,GRASS HOPPER WOODEN WALL CLOCK,5.91,310,50,inventory.xml,2026-08-28 10:16:22.728164
84828,JUNGLE POPSICLES ICE LOLLY HOLDERS,2.51,116,59,inventory.xml,2026-08-28 10:16:22.728164
84856L,LARGE TAHITI BEACH BAG,11.87,429,77,inventory.xml,2026-08-28 10:16:22.728164
84915,HAND TOWEL PINK FLOWER AND DAISY,4.21,221,33,inventory.xml,2026-08-28 10:16:22.728164
84950,ASSORTED COLOUR T-LIGHT HOLDER,0.99,2,75,inventory.xml,2026-08-28 10:16:22.728164
84976,RECTANGULAR SHAPED MIRROR,3.36,475,31,inventory.xml,2026-08-28 10:16:22.728164
85008,SET OF 3 CONEY ISLAND OVAL BOXES,10.17,257,50,inventory.xml,2026-08-28 10:16:22.728164
85040B,SET/4 BLUE FLOWER CANDLES IN BOWL,3.36,131,29,inventory.xml,2026-08-28 10:16:22.728164
85053,FRENCH ENAMEL CANDLEHOLDER,4.21,338,22,inventory.xml,2026-08-28 10:16:22.728164
85114A,BLACK ENCHANTED FOREST PLACEMAT,3.36,265,46,inventory.xml,2026-08-28 10:16:22.728164
85131D,BEADED CRYSTAL HEART PINK ON STICK,0.85,14,97,inventory.xml,2026-08-28 10:16:22.728164
85170D,SET/6 PINK BIRD T-LIGHT CANDLES,4.21,379,64,inventory.xml,2026-08-28 10:16:22.728164
85212,MINI PAINTED GARDEN DECORATION,1.66,200,77,inventory.xml,2026-08-28 10:16:22.728164
85227,SET OF 6 3D KIT CARDS FOR KIDS,1.66,349,38,inventory.xml,2026-08-28 10:16:22.728164
85232D,SET/3 DECOUPAGE STACKING TINS,10.17,447,36,inventory.xml,2026-08-28 10:16:22.728164
90013B,BLACK VINTAGE EARRINGS,4.24,305,92,inventory.xml,2026-08-28 10:16:22.728164
90018B,GOLD M.O.P ORBIT DROP EARRINGS,4.24,335,78,inventory.xml,2026-08-28 10:16:22.728164
90019B,GOLD M.O.P ORBIT BRACELET,5.51,127,59,inventory.xml,2026-08-28 10:16:22.728164
90024C,NEW BAROQUE B'FLY NECKLACE GREEN,8.49,118,42,inventory.xml,2026-08-28 10:16:22.728164
90036F,"FLOWER GLASS GARLD NECKL36'"TURQUOIS",8.07,207,88,inventory.xml,2026-08-28 10:16:22.728164
90040B,MURANO STYLE GLASS BRACELET BLACK,3.81,426,57,inventory.xml,2026-08-28 10:16:22.728164
90051,CRACKED GLAZE NECKLACE RED,7.22,262,24,inventory.xml,2026-08-28 10:16:22.728164
90054,CRACKED GLAZE EARRINGS RED,2.54,174,88,inventory.xml,2026-08-28 10:16:22.728164
90077,BLACK DIAMOND CLUSTER EARRINGS,2.96,389,53,inventory.xml,2026-08-28 10:16:22.728164
90124B,BLUE MURANO TWIST NECKLACE,10.17,426,55,inventory.xml,2026-08-28 10:16:22.728164
90134,OLD ROSE COMBO BEAD NECKLACE,2.96,451,50,inventory.xml,2026-08-28 10:16:22.728164
90138,WHITE/PINK MINI CRYSTALS NECKLACE,5.51,149,43,inventory.xml,2026-08-28 10:16:22.728164
90161B,ANT COPPER TURQ BOUDICCA BRACELET,5.09,354,68,inventory.xml,2026-08-28 10:16:22.728164
90166,PINK & WHITE ROSEBUD RING,4.24,295,44,inventory.xml,2026-08-28 10:16:22.728164
90173,PAIR BUTTERFLY HAIR CLIPS,3.81,224,60,inventory.xml,2026-08-28 10:16:22.728164
90177C,DROP DIAMANTE EARRINGS CRYSTAL,2.96,198,26,inventory.xml,2026-08-28 10:16:22.728164
90177E,DROP DIAMANTE EARRINGS GREEN,2.96,57,86,inventory.xml,2026-08-28 10:16:22.728164
90181B,AMETHYST GLASS/SHELL/PEARL NECKLACE,9.34,137,37,inventory.xml,2026-08-28 10:16:22.728164
90192,JADE DROP EARRINGS W FILIGREE,5.09,274,68,inventory.xml,2026-08-28 10:16:22.728164
90206C,CRYSTAL DIAMANTE STAR BROOCH,5.09,443,41,inventory.xml,2026-08-28 10:16:22.728164
90209C,PINK ENAMEL+GLASS HAIR COMB,2.11,433,34,inventory.xml,2026-08-28 10:16:22.728164
90211A,DIAMOND LAS VEGAS NECKLACE 45CM,5.94,93,33,inventory.xml,2026-08-28 10:16:22.728164
90214A,"LETTER '"A'" BLING KEY RING",0.85,339,76,inventory.xml,2026-08-28 10:16:22.728164
90214E,"LETTER '"E'" BLING KEY RING",0.85,42,25,inventory.xml,2026-08-28 10:16:22.728164
20970,PINK FLORAL FELTCRAFT SHOULDER BAG,3.75,337,83,inventory.xml,2026-08-28 10:16:22.728164
84658,WHITE STITCHED CUSHION COVER,6.95,170,57,inventory.xml,2026-08-28 10:16:22.728164
22448,PIN CUSHION BABUSHKA RED,3.35,224,56,inventory.xml,2026-08-28 10:16:22.728164
22447,PIN CUSHION BABUSHKA BLUE,3.35,358,37,inventory.xml,2026-08-28 10:16:22.728164
22446,PIN CUSHION BABUSHKA PINK,3.35,212,48,inventory.xml,2026-08-28 10:16:22.728164
20665,RED RETROSPOT PURSE,2.95,403,79,inventory.xml,2026-08-28 10:16:22.728164
21472,LADYBIRD + BEE RAFFIA FOOD COVER,3.75,266,91,inventory.xml,2026-08-28 10:16:22.728164
21877,HOME SWEET HOME MUG,1.25,499,93,inventory.xml,2026-08-28 10:16:22.728164
22524,CHILDRENS GARDEN GLOVES BLUE,1.25,319,69,inventory.xml,2026-08-28 10:16:22.728164
20765,CHRYSANTHEMUM SKETCHBOOK,3.75,148,41,inventory.xml,2026-08-28 10:16:22.728164
21624,VINTAGE UNION JACK DOORSTOP,5.95,387,26,inventory.xml,2026-08-28 10:16:22.728164
84926A,WAKE UP COCKEREL TILE COASTER,1.25,203,65,inventory.xml,2026-08-28 10:16:22.728164
85035C,ROSE 3 WICK MORRIS BOX CANDLE,4.25,267,64,inventory.xml,2026-08-28 10:16:22.728164
72803A,ROSE SCENT CANDLE JEWELLED DRAWER,4.25,68,60,inventory.xml,2026-08-28 10:16:22.728164
40001,WHITE BAMBOO RIBS LAMPSHADE,0.85,59,62,inventory.xml,2026-08-28 10:16:22.728164
21709,FOLDING UMBRELLA CHOCOLATE POLKADOT,4.95,287,26,inventory.xml,2026-08-28 10:16:22.728164
22220,CAKE STAND LOVEBIRD 2 TIER WHITE,9.95,93,51,inventory.xml,2026-08-28 10:16:22.728164
85034A,3 GARDENIA MORRIS BOXED CANDLES,4.25,498,29,inventory.xml,2026-08-28 10:16:22.728164
72798C,SET/4 GARDEN ROSE DINNER CANDLE,1.65,427,88,inventory.xml,2026-08-28 10:16:22.728164
35271S,GOLD PRINT PAPER BAG,0.19,350,90,inventory.xml,2026-08-28 10:16:22.728164
21380,WOODEN HAPPY BIRTHDAY GARLAND,2.95,367,85,inventory.xml,2026-08-28 10:16:22.728164
21221,SET/4 BADGES CUTE CREATURES,1.25,297,57,inventory.xml,2026-08-28 10:16:22.728164
20755,BLUE PAISLEY POCKET BOOK,0.85,30,84,inventory.xml,2026-08-28 10:16:22.728164
21421,PORCELAIN ROSE LARGE,1.25,196,84,inventory.xml,2026-08-28 10:16:22.728164
21422,PORCELAIN ROSE SMALL,0.85,247,47,inventory.xml,2026-08-28 10:16:22.728164
22617,BAKING SET SPACEBOY DESIGN,4.25,457,25,inventory.xml,2026-08-28 10:16:22.728164
21364,PEACE SMALL WOOD LETTERS,6.75,109,87,inventory.xml,2026-08-28 10:16:22.728164
21042,RED RETROSPOT APRON,5.95,248,67,inventory.xml,2026-08-28 10:16:22.728164
22272,FELTCRAFT DOLL MARIA,2.95,172,55,inventory.xml,2026-08-28 10:16:22.728164
21172,PARTY METAL SIGN,1.45,67,89,inventory.xml,2026-08-28 10:16:22.728164
72760B,VINTAGE CREAM 3 BASKET CAKE STAND,9.95,51,96,inventory.xml,2026-08-28 10:16:22.728164
22365,DOORMAT RESPECTABLE HOUSE,7.95,182,89,inventory.xml,2026-08-28 10:16:22.728164
22507,MEMO BOARD RETROSPOT  DESIGN,4.95,41,20,inventory.xml,2026-08-28 10:16:22.728164
62096A,PINK/YELLOW FLOWERS HANDBAG,1.25,33,20,inventory.xml,2026-08-28 10:16:22.728164
85071D,CHARLIE+LOLA MY ROOM DOOR SIGN,2.55,175,59,inventory.xml,2026-08-28 10:16:22.728164
22044,CHRISTMAS CARD STACK OF PRESENTS,0.42,100,61,inventory.xml,2026-08-28 10:16:22.728164
21918,SET 12 KIDS COLOUR  CHALK STICKS,0.42,277,38,inventory.xml,2026-08-28 10:16:22.728164
22029,SPACEBOY BIRTHDAY CARD,0.42,8,49,inventory.xml,2026-08-28 10:16:22.728164
21360,JOY LARGE WOOD LETTERS,9.95,150,65,inventory.xml,2026-08-28 10:16:22.728164
84077,WORLD WAR 2 GLIDERS ASSTD DESIGNS,0.29,226,80,inventory.xml,2026-08-28 10:16:22.728164
84792,ENCHANTED BIRD COATHANGER 5 HOOK,4.65,481,80,inventory.xml,2026-08-28 10:16:22.728164
85175,CACTI T-LIGHT CANDLES,0.42,317,25,inventory.xml,2026-08-28 10:16:22.728164
20893,HANGING BAUBLE T-LIGHT HOLDER SMALL,2.10,440,50,inventory.xml,2026-08-28 10:16:22.728164
22440,BALLOON WATER BOMB PACK OF 35,0.42,171,41,inventory.xml,2026-08-28 10:16:22.728164
22434,BALLOON PUMP WITH 10 BALLOONS,1.95,224,43,inventory.xml,2026-08-28 10:16:22.728164
22564,ALPHABET STENCIL CRAFT,1.25,210,85,inventory.xml,2026-08-28 10:16:22.728164
21215,IVORY PAPER CUP CAKE CASES,0.42,443,54,inventory.xml,2026-08-28 10:16:22.728164
21058,PARTY INVITES WOODLAND,0.85,479,57,inventory.xml,2026-08-28 10:16:22.728164
21060,PARTY INVITES BALLOON GIRL,0.85,481,98,inventory.xml,2026-08-28 10:16:22.728164
21719,LOVELY BONBON STICKER SHEET,0.85,375,56,inventory.xml,2026-08-28 10:16:22.728164
84826,ASSTD DESIGN 3D PAPER STICKERS,0.85,251,80,inventory.xml,2026-08-28 10:16:22.728164
21881,CUTE CATS TAPE,0.65,270,97,inventory.xml,2026-08-28 10:16:22.728164
22491,PACK OF 12 COLOURED PENCILS,0.85,490,98,inventory.xml,2026-08-28 10:16:22.728164
21355,TOAST ITS - I LOVE YOU,1.25,142,45,inventory.xml,2026-08-28 10:16:22.728164
21518,BANK ACCOUNT  GREETING  CARD,0.42,173,52,inventory.xml,2026-08-28 10:16:22.728164
22023,EMPIRE BIRTHDAY CARD,0.42,448,23,inventory.xml,2026-08-28 10:16:22.728164
22027,TEA PARTY BIRTHDAY CARD,0.42,193,79,inventory.xml,2026-08-28 10:16:22.728164
22718,CARD CAT AND TREE,0.42,117,51,inventory.xml,2026-08-28 10:16:22.728164
22717,CARD DOG AND BALL,0.42,280,21,inventory.xml,2026-08-28 10:16:22.728164
22028,PENNY FARTHING BIRTHDAY CARD,0.42,162,32,inventory.xml,2026-08-28 10:16:22.728164
21669,BLUE STRIPE CERAMIC DRAWER KNOB,1.25,445,34,inventory.xml,2026-08-28 10:16:22.728164
21673,WHITE SPOT BLUE CERAMIC DRAWER KNOB,1.25,454,26,inventory.xml,2026-08-28 10:16:22.728164
22460,EMBOSSED GLASS TEALIGHT HOLDER,1.25,153,25,inventory.xml,2026-08-28 10:16:22.728164
22433,WATERING CAN GREEN DINOSAUR,1.95,264,65,inventory.xml,2026-08-28 10:16:22.728164
22431,WATERING CAN BLUE ELEPHANT,1.95,491,38,inventory.xml,2026-08-28 10:16:22.728164
84674,FLYING PIG WATERING CAN,2.95,371,96,inventory.xml,2026-08-28 10:16:22.728164
22676,FRENCH BLUE METAL DOOR SIGN 1,1.25,107,65,inventory.xml,2026-08-28 10:16:22.728164
22672,FRENCH BATHROOM SIGN BLUE METAL,1.65,295,66,inventory.xml,2026-08-28 10:16:22.728164
22777,GLASS BELL JAR LARGE,8.50,309,61,inventory.xml,2026-08-28 10:16:22.728164
22924,FRIDGE MAGNETS LA VIE EN ROSE,0.85,326,71,inventory.xml,2026-08-28 10:16:22.728164
22832,BROCANTE SHELF WITH HOOKS,10.75,12,82,inventory.xml,2026-08-28 10:16:22.728164
20674,GREEN POLKADOT BOWL,1.25,149,45,inventory.xml,2026-08-28 10:16:22.728164
22170,PICTURE FRAME WOOD TRIPLE PORTRAIT,6.75,427,69,inventory.xml,2026-08-28 10:16:22.728164
21428,SET3 BOOK BOX GREEN GINGHAM FLOWER,4.25,120,65,inventory.xml,2026-08-28 10:16:22.728164
22840,ROUND CAKE TIN VINTAGE RED,7.95,149,74,inventory.xml,2026-08-28 10:16:22.728164
79191C,RETRO PLASTIC ELEPHANT TRAY,0.85,161,80,inventory.xml,2026-08-28 10:16:22.728164
47471,RAINBOW PEGS PHOTO CLIP STRING,0.65,88,81,inventory.xml,2026-08-28 10:16:22.728164
16046,TEATIME PEN CASE & PENS,0.85,77,67,inventory.xml,2026-08-28 10:16:22.728164
22796,PHOTO FRAME 3 CLASSIC HANGING,9.95,173,25,inventory.xml,2026-08-28 10:16:22.728164
22891,TEA FOR ONE POLKADOT,8.47,147,80,inventory.xml,2026-08-28 10:16:22.728164
22733,3D TRADITIONAL CHRISTMAS STICKERS,1.25,437,84,inventory.xml,2026-08-28 10:16:22.728164
22559,SEASIDE FLYING DISC,1.25,0,97,inventory.xml,2026-08-28 10:16:22.728164
22896,PEG BAG APPLES DESIGN,2.55,141,64,inventory.xml,2026-08-28 10:16:22.728164
20967,GREY FLORAL FELTCRAFT SHOULDER BAG,3.75,30,55,inventory.xml,2026-08-28 10:16:22.728164
21430,SET/3 RED GINGHAM ROSE STORAGE BOX,3.75,280,35,inventory.xml,2026-08-28 10:16:22.728164
22070,SMALL RED RETROSPOT MUG IN BOX,3.75,125,56,inventory.xml,2026-08-28 10:16:22.728164
20983,12 PENCILS TALL TUBE RED RETROSPOT,0.85,395,66,inventory.xml,2026-08-28 10:16:22.728164
21527,RED RETROSPOT TRADITIONAL TEAPOT,7.95,292,82,inventory.xml,2026-08-28 10:16:22.728164
21538,DAIRY MAID  PUDDING BOWL,3.75,391,59,inventory.xml,2026-08-28 10:16:22.728164
85216,ASSORTED CAKES FRIDGE MAGNETS,0.65,317,34,inventory.xml,2026-08-28 10:16:22.728164
22131,FOOD CONTAINER SET 3 LOVE HEART,1.95,219,33,inventory.xml,2026-08-28 10:16:22.728164
21163,DO NOT TOUCH MY STUFF DOOR HANGER,1.45,430,62,inventory.xml,2026-08-28 10:16:22.728164
21161,KEEP OUT BOYS DOOR HANGER,1.45,238,69,inventory.xml,2026-08-28 10:16:22.728164
21159,MOODY BOY  DOOR HANGER,1.45,474,90,inventory.xml,2026-08-28 10:16:22.728164
21390,FILIGRIS HEART WITH BUTTERFLY,1.25,497,85,inventory.xml,2026-08-28 10:16:22.728164
22285,"DECORATION HEN ON NEST, HANGING",1.65,294,66,inventory.xml,2026-08-28 10:16:22.728164
22284,HEN HOUSE DECORATION,1.65,337,30,inventory.xml,2026-08-28 10:16:22.728164
21383,PACK OF 12 STICKY BUNNIES,0.65,127,86,inventory.xml,2026-08-28 10:16:22.728164
21381,MINI WOODEN HAPPY BIRTHDAY GARLAND,1.69,407,63,inventory.xml,2026-08-28 10:16:22.728164
22210,WOOD STAMP SET BEST WISHES,1.65,335,87,inventory.xml,2026-08-28 10:16:22.728164
22209,WOOD STAMP SET HAPPY BIRTHDAY,1.65,451,78,inventory.xml,2026-08-28 10:16:22.728164
21872,GLAMOROUS  MUG,1.25,133,45,inventory.xml,2026-08-28 10:16:22.728164
85035A,GARDENIA 3 WICK MORRIS BOXED CANDLE,4.25,393,52,inventory.xml,2026-08-28 10:16:22.728164
22761,CHEST 7 DRAWER MA CAMPAGNE,24.95,235,52,inventory.xml,2026-08-28 10:16:22.728164
22385,JUMBO BAG SPACEBOY DESIGN,1.95,92,41,inventory.xml,2026-08-28 10:16:22.728164
22374,AIRLINE BAG VINTAGE JET SET RED,4.25,85,81,inventory.xml,2026-08-28 10:16:22.728164
21741,COSY SLIPPER SHOES LARGE GREEN,2.95,281,49,inventory.xml,2026-08-28 10:16:22.728164
85061W,WHITE JEWELLED HEART DECORATION,0.85,159,75,inventory.xml,2026-08-28 10:16:22.728164
40016,CHINESE DRAGON PAPER LANTERNS,0.42,50,63,inventory.xml,2026-08-28 10:16:22.728164
22202,MILK PAN PINK POLKADOT,3.75,213,52,inventory.xml,2026-08-28 10:16:22.728164
21064,BOOM BOX SPEAKER BOYS,5.95,326,74,inventory.xml,2026-08-28 10:16:22.728164
84341B,SMALL PINK MAGIC CHRISTMAS TREE,0.85,159,33,inventory.xml,2026-08-28 10:16:22.728164
84509G,SET OF 4 FAIRY CAKE PLACEMATS,3.75,477,64,inventory.xml,2026-08-28 10:16:22.728164
16235,RECYCLED PENCIL WITH RABBIT ERASER,0.21,389,31,inventory.xml,2026-08-28 10:16:22.728164
20986,BLUE CALCULATOR RULER,1.25,256,28,inventory.xml,2026-08-28 10:16:22.728164
20832,RED FLOCK LOVE HEART PHOTO FRAME,0.85,467,86,inventory.xml,2026-08-28 10:16:22.728164
84846A,SCENTED CANDLE IN DIGITALIS TIN,2.10,216,85,inventory.xml,2026-08-28 10:16:22.728164
22442,GROW YOUR OWN FLOWERS SET OF 3,7.95,69,73,inventory.xml,2026-08-28 10:16:22.728164
21769,VINTAGE POST OFFICE CABINET,79.95,17,93,inventory.xml,2026-08-28 10:16:22.728164
20798,CLEAR MILKSHAKE GLASS,2.10,469,68,inventory.xml,2026-08-28 10:16:22.728164
22320,BIRDS MOBILE VINTAGE DESIGN,5.95,479,28,inventory.xml,2026-08-28 10:16:22.728164
21561,DINOSAUR LUNCH BOX WITH CUTLERY,2.55,369,50,inventory.xml,2026-08-28 10:16:22.728164
85132B,CHARLIE AND LOLA TABLE TINS,9.95,51,39,inventory.xml,2026-08-28 10:16:22.728164
85132C,CHARLIE AND LOLA FIGURES TINS,9.95,146,77,inventory.xml,2026-08-28 10:16:22.728164
22215,CAKE STAND WHITE TWO TIER LACE,8.50,20,33,inventory.xml,2026-08-28 10:16:22.728164
20675,BLUE POLKADOT BOWL,1.25,25,68,inventory.xml,2026-08-28 10:16:22.728164
21239,PINK  POLKADOT CUP,0.85,123,87,inventory.xml,2026-08-28 10:16:22.728164
21987,PACK OF 6 SKULL PAPER CUPS,0.65,286,34,inventory.xml,2026-08-28 10:16:22.728164
21988,PACK OF 6 SKULL PAPER PLATES,0.85,32,92,inventory.xml,2026-08-28 10:16:22.728164
21989,PACK OF 20 SKULL PAPER NAPKINS,0.85,492,76,inventory.xml,2026-08-28 10:16:22.728164
22316,200 BENDY SKULL STRAWS,1.25,227,23,inventory.xml,2026-08-28 10:16:22.728164
22332,SKULLS PARTY BAG + STICKER SET,1.65,131,62,inventory.xml,2026-08-28 10:16:22.728164
21206,STRAWBERRY HONEYCOMB  GARLAND,1.65,258,46,inventory.xml,2026-08-28 10:16:22.728164
20677,PINK POLKADOT BOWL,1.25,395,75,inventory.xml,2026-08-28 10:16:22.728164
22806,SET OF 6 T-LIGHTS WEDDING CAKE,2.95,156,35,inventory.xml,2026-08-28 10:16:22.728164
22893,MINI CAKE STAND T-LIGHT HOLDER,0.42,23,59,inventory.xml,2026-08-28 10:16:22.728164
85159A,"BLACK TEA,COFFEE,SUGAR JARS",6.35,25,57,inventory.xml,2026-08-28 10:16:22.728164
21784,SHOE SHINE BOX,9.95,425,59,inventory.xml,2026-08-28 10:16:22.728164
22849,BREAD BIN DINER STYLE MINT,16.95,55,93,inventory.xml,2026-08-28 10:16:22.728164
17090D,VANILLA INCENSE 40 CONES IN TIN,1.25,317,95,inventory.xml,2026-08-28 10:16:22.728164
17090A,LAVENDER INCENSE 40 CONES IN TIN,1.25,192,25,inventory.xml,2026-08-28 10:16:22.728164
72127,COLUMBIAN CANDLE ROUND,1.25,388,82,inventory.xml,2026-08-28 10:16:22.728164
72133,COLUMBIAN CANDLE RECTANGLE,1.25,30,33,inventory.xml,2026-08-28 10:16:22.728164
84763,ZINC FINISH 15CM PLANTER POTS,1.25,448,32,inventory.xml,2026-08-28 10:16:22.728164
22450,SILK PURSE BABUSHKA BLUE,3.35,349,58,inventory.xml,2026-08-28 10:16:22.728164
10124G,ARMY CAMO BOOKCOVER TAPE,0.42,224,98,inventory.xml,2026-08-28 10:16:22.728164
84519B,CARROT CHARLIE+LOLA COASTER SET,2.95,103,61,inventory.xml,2026-08-28 10:16:22.728164
22505,MEMO BOARD COTTAGE DESIGN,4.95,488,66,inventory.xml,2026-08-28 10:16:22.728164
22514,CHILDS GARDEN SPADE BLUE,2.10,151,79,inventory.xml,2026-08-28 10:16:22.728164
21504,SKULLS GREETING CARD,0.42,245,58,inventory.xml,2026-08-28 10:16:22.728164
22292,HANGING CHICK  YELLOW DECORATION,1.45,197,55,inventory.xml,2026-08-28 10:16:22.728164
21211,SET OF 72 SKULL PAPER  DOILIES,1.45,115,75,inventory.xml,2026-08-28 10:16:22.728164
22045,SPACEBOY GIFT WRAP,0.42,208,31,inventory.xml,2026-08-28 10:16:22.728164
90175C,BLUE GLASS CHUNKY CHARM BRACELET,8.95,75,90,inventory.xml,2026-08-28 10:16:22.728164
90180A,BLACK+WHITE NECKLACE W TASSEL,9.95,0,48,inventory.xml,2026-08-28 10:16:22.728164
90178A,AMBER CHUNKY GLASS+BEAD NECKLACE,11.95,144,67,inventory.xml,2026-08-28 10:16:22.728164
22986,GINGHAM ROSE WRAP,0.42,56,98,inventory.xml,2026-08-28 10:16:22.728164
20984,12 PENCILS TALL TUBE POSY,0.85,207,80,inventory.xml,2026-08-28 10:16:22.728164
21465,PINK FLOWER CROCHET FOOD COVER,3.75,81,85,inventory.xml,2026-08-28 10:16:22.728164
21470,FLOWER VINE RAFFIA FOOD COVER,3.75,0,29,inventory.xml,2026-08-28 10:16:22.728164
16012,FOOD/DRINK SPONGE STICKERS,0.21,55,55,inventory.xml,2026-08-28 10:16:22.728164
85025C,PINK HEART SHAPE PHOTO FRAME,1.65,254,84,inventory.xml,2026-08-28 10:16:22.728164
21849,SILVER DIAMANTE PEN IN GIFT BOX,4.95,137,40,inventory.xml,2026-08-28 10:16:22.728164
85124B,BLUE JUICY FRUIT PHOTO FRAME,2.55,244,44,inventory.xml,2026-08-28 10:16:22.728164
85124C,GREEN JUICY FRUIT PHOTO FRAME,2.55,14,90,inventory.xml,2026-08-28 10:16:22.728164
20828,GLITTER BUTTERFLY CLIPS,2.55,166,82,inventory.xml,2026-08-28 10:16:22.728164
21623,VINTAGE UNION JACK MEMOBOARD,9.95,205,40,inventory.xml,2026-08-28 10:16:22.728164
16156S,WRAP PINK FAIRY CAKES,0.42,215,21,inventory.xml,2026-08-28 10:16:22.728164
85049F,BABY BOOM RIBBONS,1.25,275,58,inventory.xml,2026-08-28 10:16:22.728164
22426,ENAMEL WASH BOWL CREAM,3.75,390,89,inventory.xml,2026-08-28 10:16:22.728164
90082D,DIAMANTE BOW BROOCH BLACK COLOUR,6.35,233,63,inventory.xml,2026-08-28 10:16:22.728164
90082A,DIAMANTE BOW BROOCH GREEN COLOUR,6.35,420,32,inventory.xml,2026-08-28 10:16:22.728164
90082B,DIAMANTE BOW BROOCH RED COLOUR,6.35,264,58,inventory.xml,2026-08-28 10:16:22.728164
90081A,LILY BROOCH AMETHYST COLOUR,4.95,130,56,inventory.xml,2026-08-28 10:16:22.728164
90204,PAIR OF ENAMEL BUTTERFLY HAIRCLIP,3.35,114,68,inventory.xml,2026-08-28 10:16:22.728164
90185B,AMETHYST DIAMANTE EXPANDABLE RING,4.25,161,72,inventory.xml,2026-08-28 10:16:22.728164
90195A,PURPLE GEMSTONE BRACELET,8.95,298,39,inventory.xml,2026-08-28 10:16:22.728164
90195B,BLACK GEMSTONE BRACELET,8.95,121,60,inventory.xml,2026-08-28 10:16:22.728164
90196A,PURPLE GEMSTONE NECKLACE 45CM,12.75,457,59,inventory.xml,2026-08-28 10:16:22.728164
90199A,5 STRAND GLASS NECKLACE BLACK,6.35,239,33,inventory.xml,2026-08-28 10:16:22.728164
90186A,AMETHYST HOOP EARRING FLORAL LEAF,2.95,431,59,inventory.xml,2026-08-28 10:16:22.728164
20894,HANGING BAUBLE T-LIGHT HOLDER LARGE,2.95,341,31,inventory.xml,2026-08-28 10:16:22.728164
85106,CUT GLASS HEXAGON T-LIGHT HOLDER,2.55,166,35,inventory.xml,2026-08-28 10:16:22.728164
21415,CLAM SHELL SMALL,2.10,114,42,inventory.xml,2026-08-28 10:16:22.728164
21416,CLAM SHELL LARGE,3.75,371,97,inventory.xml,2026-08-28 10:16:22.728164
21417,COCKLE SHELL DISH,2.10,165,24,inventory.xml,2026-08-28 10:16:22.728164
22343,PARTY PIZZA DISH RED RETROSPOT,0.85,123,88,inventory.xml,2026-08-28 10:16:22.728164
22474,SPACEBOY TV DINNER TRAY,4.95,465,37,inventory.xml,2026-08-28 10:16:22.728164
18097A,PINK TALL PORCELAIN T-LIGHT HOLDER,2.55,241,95,inventory.xml,2026-08-28 10:16:22.728164
18097C,WHITE TALL PORCELAIN T-LIGHT HOLDER,2.55,24,30,inventory.xml,2026-08-28 10:16:22.728164
21902,"KEY FOB , FRONT  DOOR",0.65,247,68,inventory.xml,2026-08-28 10:16:22.728164
21901,"KEY FOB , BACK DOOR",0.65,230,57,inventory.xml,2026-08-28 10:16:22.728164
21948,SET OF 6 CAKE CHOPSTICKS,1.25,431,38,inventory.xml,2026-08-28 10:16:22.728164
20759,CHRYSANTHEMUM POCKET BOOK,0.85,355,48,inventory.xml,2026-08-28 10:16:22.728164
20760,GARDEN PATH POCKET BOOK,0.85,95,52,inventory.xml,2026-08-28 10:16:22.728164
20757,RED DAISY POCKET BOOK,0.85,75,66,inventory.xml,2026-08-28 10:16:22.728164
85185D,FROG SOCK PUPPET,2.95,301,78,inventory.xml,2026-08-28 10:16:22.728164
85185B,PINK HORSE SOCK PUPPET,2.95,23,42,inventory.xml,2026-08-28 10:16:22.728164
22439,6 ROCKET BALLOONS,0.65,159,50,inventory.xml,2026-08-28 10:16:22.728164
79164,BLACK WINE GLASS,1.65,69,22,inventory.xml,2026-08-28 10:16:22.728164
84683,CLASSICAL ROSE CANDLESTAND,1.25,10,40,inventory.xml,2026-08-28 10:16:22.728164
79163,BLACK CHAMPAGNE GLASS,1.65,459,46,inventory.xml,2026-08-28 10:16:22.728164
22175,PINK OWL SOFT TOY,2.95,44,84,inventory.xml,2026-08-28 10:16:22.728164
21155,RED RETROSPOT PEG BAG,2.10,4,80,inventory.xml,2026-08-28 10:16:22.728164
15060B,FAIRY CAKE DESIGN UMBRELLA,3.75,466,81,inventory.xml,2026-08-28 10:16:22.728164
22985,"WRAP, BILLBOARD FONTS DESIGN",0.42,94,40,inventory.xml,2026-08-28 10:16:22.728164
22821,GIFT BAG PSYCHEDELIC APPLES,0.65,408,37,inventory.xml,2026-08-28 10:16:22.728164
22705,WRAP GREEN PEARS,0.42,15,52,inventory.xml,2026-08-28 10:16:22.728164
84952C,,0.00,76,54,inventory.xml,2026-08-28 10:16:22.728164
72801C,4 ROSE PINK DINNER CANDLES,1.25,55,80,inventory.xml,2026-08-28 10:16:22.728164
72801D,4 SKY BLUE DINNER CANDLES,1.25,353,89,inventory.xml,2026-08-28 10:16:22.728164
21735,TWO DOOR CURIO CABINET,12.75,310,52,inventory.xml,2026-08-28 10:16:22.728164
21500,PINK POLKADOT WRAP,0.42,237,37,inventory.xml,2026-08-28 10:16:22.728164
15036,ASSORTED COLOURS SILK FAN,0.75,120,90,inventory.xml,2026-08-28 10:16:22.728164
BANK CHARGES,Bank Charges,15.00,44,62,inventory.xml,2026-08-28 10:16:22.728164
21539,RED RETROSPOT BUTTER DISH,4.95,284,93,inventory.xml,2026-08-28 10:16:22.728164
22341,LOVE GARLAND PAINTED ZINC,1.65,115,51,inventory.xml,2026-08-28 10:16:22.728164
22452,MEASURING TAPE BABUSHKA PINK,2.55,295,44,inventory.xml,2026-08-28 10:16:22.728164
21508,VINTAGE KID DOLLY CARD,0.36,343,24,inventory.xml,2026-08-28 10:16:22.728164
21499,BLUE POLKADOT WRAP,0.34,424,78,inventory.xml,2026-08-28 10:16:22.728164
84952B,BLACK LOVE BIRD T-LIGHT HOLDER,1.25,246,59,inventory.xml,2026-08-28 10:16:22.728164
35001G,HAND OPEN SHAPE GOLD,3.39,2,40,inventory.xml,2026-08-28 10:16:22.728164
22264,FELT FARM ANIMAL WHITE BUNNY,0.85,140,55,inventory.xml,2026-08-28 10:16:22.728164
22181,SNOWSTORM PHOTO FRAME FRIDGE MAGNET,0.85,426,31,inventory.xml,2026-08-28 10:16:22.728164
21392,RED POLKADOT PUDDING BOWL,2.10,266,97,inventory.xml,2026-08-28 10:16:22.728164
21393,BLUE POLKADOT PUDDING BOWL,2.10,309,55,inventory.xml,2026-08-28 10:16:22.728164
21268,VINTAGE BLUE TINSEL REEL,0.42,228,44,inventory.xml,2026-08-28 10:16:22.728164
85144,JARDIN ETCHED GLASS BUTTER DISH,7.25,81,68,inventory.xml,2026-08-28 10:16:22.728164
21025,SPACE FROG,1.25,448,83,inventory.xml,2026-08-28 10:16:22.728164
21031,SPACE CADET BLACK,1.25,386,94,inventory.xml,2026-08-28 10:16:22.728164
21030,SPACE CADET RED,1.25,497,74,inventory.xml,2026-08-28 10:16:22.728164
21026,SPACE OWL,1.25,427,31,inventory.xml,2026-08-28 10:16:22.728164
21032,SPACE CADET WHITE,1.25,145,53,inventory.xml,2026-08-28 10:16:22.728164
21578,WOODLAND DESIGN  COTTON TOTE BAG,2.25,127,76,inventory.xml,2026-08-28 10:16:22.728164
21357,TOAST ITS - DINOSAUR,1.25,124,85,inventory.xml,2026-08-28 10:16:22.728164
20766,GARDEN PATH SKETCHBOOK,3.75,459,58,inventory.xml,2026-08-28 10:16:22.728164
21399,BLUE POLKADOT COFFEE MUG,2.10,278,88,inventory.xml,2026-08-28 10:16:22.728164
22562,MONSTERS STENCIL CRAFT,1.25,227,30,inventory.xml,2026-08-28 10:16:22.728164
47566,PARTY BUNTING,9.32,171,23,inventory.xml,2026-08-28 10:16:22.728164
21714,CITRONELLA CANDLE GARDEN POT,1.25,484,47,inventory.xml,2026-08-28 10:16:22.728164
20751,FUNKY WASHING UP GLOVES ASSORTED,2.10,301,97,inventory.xml,2026-08-28 10:16:22.728164
22636,CHILDS BREAKFAST SET CIRCUS PARADE,8.50,454,35,inventory.xml,2026-08-28 10:16:22.728164
21426,WOODLAND STORAGE BOX SMALL,2.10,492,75,inventory.xml,2026-08-28 10:16:22.728164
21581,SKULLS  DESIGN  COTTON TOTE BAG,2.25,39,36,inventory.xml,2026-08-28 10:16:22.728164
90002D,FLOWER BURST SILVER RING CRYSTAL,3.75,180,30,inventory.xml,2026-08-28 10:16:22.728164
21900,"KEY FOB , SHED",0.65,367,32,inventory.xml,2026-08-28 10:16:22.728164
22031,BOTANICAL LAVENDER BIRTHDAY CARD,0.42,406,92,inventory.xml,2026-08-28 10:16:22.728164
21788,KIDS RAIN MAC BLUE,0.85,74,98,inventory.xml,2026-08-28 10:16:22.728164
22408,MONEY BOX CONFECTIONERY DESIGN,1.25,159,28,inventory.xml,2026-08-28 10:16:22.728164
22406,MONEY BOX KINGS CHOICE DESIGN,1.25,274,76,inventory.xml,2026-08-28 10:16:22.728164
22275,WEEKEND BAG VINTAGE ROSE PAISLEY,7.65,399,27,inventory.xml,2026-08-28 10:16:22.728164
22042,CHRISTMAS CARD SINGING ANGEL,0.42,56,85,inventory.xml,2026-08-28 10:16:22.728164
22089,PAPER BUNTING VINTAGE PAISLEY,2.95,300,46,inventory.xml,2026-08-28 10:16:22.728164
85066,CREAM SWEETHEART MINI CHEST,12.75,148,23,inventory.xml,2026-08-28 10:16:22.728164
21129,SILVER FISHING GNOME,6.95,108,95,inventory.xml,2026-08-28 10:16:22.728164
21059,PARTY INVITES DINOSAURS,0.85,257,93,inventory.xml,2026-08-28 10:16:22.728164
22877,NUMBER TILE COTTAGE GARDEN 9,1.95,207,22,inventory.xml,2026-08-28 10:16:22.728164
22869,NUMBER TILE COTTAGE GARDEN 1,1.95,317,51,inventory.xml,2026-08-28 10:16:22.728164
22878,NUMBER TILE COTTAGE GARDEN No,2.10,158,93,inventory.xml,2026-08-28 10:16:22.728164
21240,BLUE POLKADOT CUP,0.85,411,48,inventory.xml,2026-08-28 10:16:22.728164
21927,BLUE/CREAM STRIPE CUSHION COVER,1.25,39,68,inventory.xml,2026-08-28 10:16:22.728164
21925,UNION STRIPE CUSHION COVER,1.25,430,89,inventory.xml,2026-08-28 10:16:22.728164
22763,KEY CABINET MA CAMPAGNE,9.95,14,25,inventory.xml,2026-08-28 10:16:22.728164
22334,DINOSAUR PARTY BAG + STICKER SET,1.65,367,59,inventory.xml,2026-08-28 10:16:22.728164
22655,VINTAGE RED KITCHEN CABINET,295.00,173,65,inventory.xml,2026-08-28 10:16:22.728164
22060,LARGE CAKE STAND HANGING HEARTS,9.95,191,93,inventory.xml,2026-08-28 10:16:22.728164
22061,LARGE CAKE STAND  HANGING STRAWBERY,9.95,9,56,inventory.xml,2026-08-28 10:16:22.728164
21531,RED RETROSPOT SUGAR JAM BOWL,2.55,351,86,inventory.xml,2026-08-28 10:16:22.728164
21039,RED RETROSPOT SHOPPING BAG,2.55,82,65,inventory.xml,2026-08-28 10:16:22.728164
21157,RED RETROSPOT WASHBAG,2.10,329,54,inventory.xml,2026-08-28 10:16:22.728164
16161P,WRAP ENGLISH ROSE,0.42,362,78,inventory.xml,2026-08-28 10:16:22.728164
16161M,WRAP  PINK FLOCK,0.42,422,87,inventory.xml,2026-08-28 10:16:22.728164
85214,TUB 24 PINK FLOWER PEGS,1.65,354,74,inventory.xml,2026-08-28 10:16:22.728164
72232,FENG SHUI PILLAR CANDLE,0.19,150,69,inventory.xml,2026-08-28 10:16:22.728164
84247G,"DECOUPAGE,GREETING CARD,",0.42,369,99,inventory.xml,2026-08-28 10:16:22.728164
21530,DAIRY MAID TOASTRACK,2.95,412,68,inventory.xml,2026-08-28 10:16:22.728164
21528,DAIRY MAID TRADITIONAL TEAPOT,6.95,158,32,inventory.xml,2026-08-28 10:16:22.728164
21114,LAVENDER SCENTED FABRIC HEART,1.25,62,93,inventory.xml,2026-08-28 10:16:22.728164
20615,BLUE POLKADOT PASSPORT COVER,2.10,445,85,inventory.xml,2026-08-28 10:16:22.728164
47021G,SET/6 BEAD COASTERS GAUZE BAG GOLD,1.25,73,49,inventory.xml,2026-08-28 10:16:22.728164
22443,GROW YOUR OWN HERBS SET OF 3,7.95,296,52,inventory.xml,2026-08-28 10:16:22.728164
21807,WHITE CHRISTMAS STAR DECORATION,0.42,118,73,inventory.xml,2026-08-28 10:16:22.728164
22689,DOORMAT MERRY CHRISTMAS RED,6.75,63,82,inventory.xml,2026-08-28 10:16:22.728164
22591,CARDHOLDER GINGHAM CHRISTMAS TREE,2.55,388,76,inventory.xml,2026-08-28 10:16:22.728164
22504,CABIN BAG VINTAGE RETROSPOT,29.95,71,91,inventory.xml,2026-08-28 10:16:22.728164
22158,3 HEARTS HANGING DECORATION RUSTIC,2.95,335,25,inventory.xml,2026-08-28 10:16:22.728164
22621,TRADITIONAL KNITTING NANCY,1.45,346,99,inventory.xml,2026-08-28 10:16:22.728164
79000,MOROCCAN TEA GLASS,0.85,30,59,inventory.xml,2026-08-28 10:16:22.728164
85049B,LUSH GREENS RIBBONS,1.25,86,41,inventory.xml,2026-08-28 10:16:22.728164
21878,PACK OF 6 SANDCASTLE FLAGS ASSORTED,0.85,397,37,inventory.xml,2026-08-28 10:16:22.728164
85131A,BEADED PEARL HEART WHITE ON STICK,1.25,253,56,inventory.xml,2026-08-28 10:16:22.728164
15056bl,EDWARDIAN PARASOL BLACK,12.72,60,44,inventory.xml,2026-08-28 10:16:22.728164
15056p,EDWARDIAN PARASOL PINK,12.72,495,95,inventory.xml,2026-08-28 10:16:22.728164
20941,FROG CANDLE,2.51,132,59,inventory.xml,2026-08-28 10:16:22.728164
21066,VINTAGE RED MUG,2.51,2,95,inventory.xml,2026-08-28 10:16:22.728164
21205,MULTICOLOUR 3D BALLS GARLAND,5.06,462,73,inventory.xml,2026-08-28 10:16:22.728164
21361,LOVE LARGE WOOD LETTERS,25.49,8,49,inventory.xml,2026-08-28 10:16:22.728164
21876,POTTERING MUG,3.36,276,52,inventory.xml,2026-08-28 10:16:22.728164
22167,OVAL WALL MIRROR DIAMANTE,20.38,496,95,inventory.xml,2026-08-28 10:16:22.728164
22200,FRYING PAN PINK POLKADOT,8.47,288,72,inventory.xml,2026-08-28 10:16:22.728164
22412,METAL SIGN NEIGHBOURHOOD WITCH,4.21,292,52,inventory.xml,2026-08-28 10:16:22.728164
22525,CHILDRENS GARDEN GLOVES PINK,3.36,194,79,inventory.xml,2026-08-28 10:16:22.728164
47566b,TEA TIME PARTY BUNTING,8.47,63,49,inventory.xml,2026-08-28 10:16:22.728164
72349b,SET/6 PURPLE BUTTERFLY T-LIGHTS,4.21,286,37,inventory.xml,2026-08-28 10:16:22.728164
84872a,TEATIME FUNKY FLOWER BACKPACK FOR 2,11.02,448,80,inventory.xml,2026-08-28 10:16:22.728164
84970l,SINGLE HEART ZINC T-LIGHT HOLDER,2.13,45,26,inventory.xml,2026-08-28 10:16:22.728164
84970s,HANGING HEART ZINC T-LIGHT HOLDER,2.13,440,57,inventory.xml,2026-08-28 10:16:22.728164
85039a,SET/4 RED MINI ROSE CANDLE IN BOWL,3.36,207,52,inventory.xml,2026-08-28 10:16:22.728164
10123C,HEARTS WRAPPING TAPE,0.65,268,55,inventory.xml,2026-08-28 10:16:22.728164
10120,DOGGY RUBBER,0.21,82,37,inventory.xml,2026-08-28 10:16:22.728164
84006,MAGIC TREE -PAPER FLOWERS,0.85,310,50,inventory.xml,2026-08-28 10:16:22.728164
20767,BLUE PAISLEY JOURNAL,2.55,91,29,inventory.xml,2026-08-28 10:16:22.728164
90094,NECKLACE+BRACELET SET FRUIT SALAD,2.55,136,54,inventory.xml,2026-08-28 10:16:22.728164
21882,SKULLS TAPE,0.65,360,78,inventory.xml,2026-08-28 10:16:22.728164
20886,BOX OF 9 PEBBLE CANDLES,4.21,25,31,inventory.xml,2026-08-28 10:16:22.728164
21945,STRAWBERRIES  DESIGN FLANNEL,1.66,223,32,inventory.xml,2026-08-28 10:16:22.728164
22133,PINK LOVE HEART SHAPE CUP,1.66,297,24,inventory.xml,2026-08-28 10:16:22.728164
22456,NATURAL SLATE CHALKBOARD LARGE,10.17,66,86,inventory.xml,2026-08-28 10:16:22.728164
18098c,PORCELAIN BUTTERFLY OIL BURNER,5.06,331,65,inventory.xml,2026-08-28 10:16:22.728164
20655,QUEEN OF SKIES LUGGAGE TAG,2.51,488,57,inventory.xml,2026-08-28 10:16:22.728164
21100,CHARLIE AND LOLA CHARLOTTE BAG,4.21,418,73,inventory.xml,2026-08-28 10:16:22.728164
21201,TROPICAL  HONEYCOMB PAPER GARLAND,5.06,94,49,inventory.xml,2026-08-28 10:16:22.728164
21558,SKULL LUNCH BOX WITH CUTLERY,5.06,9,84,inventory.xml,2026-08-28 10:16:22.728164
21865,PINK UNION JACK  PASSPORT COVER,4.21,25,60,inventory.xml,2026-08-28 10:16:22.728164
22132,RED LOVE HEART SHAPE CUP,1.66,297,38,inventory.xml,2026-08-28 10:16:22.728164
22166,WALL MIRROR RECTANGLE DIAMANTE PINK,16.13,78,60,inventory.xml,2026-08-28 10:16:22.728164
22518,CHILDS GARDEN BRUSH BLUE,4.21,115,38,inventory.xml,2026-08-28 10:16:22.728164
22628,PICNIC BOXES SET OF 3 RETROSPOT,10.17,423,60,inventory.xml,2026-08-28 10:16:22.728164
84509c,SET OF 4 POLKADOT PLACEMATS,7.62,436,42,inventory.xml,2026-08-28 10:16:22.728164
84534b,FAIRY CAKE NOTEBOOK A5 SIZE,1.66,419,54,inventory.xml,2026-08-28 10:16:22.728164
84559a,3D SHEET OF DOG STICKERS,1.69,126,44,inventory.xml,2026-08-28 10:16:22.728164
84596e,SMALL LICORICE DES PINK BOWL,2.51,309,61,inventory.xml,2026-08-28 10:16:22.728164
84884a,ANT WHITE WIRE HEART SPIRAL,8.47,305,80,inventory.xml,2026-08-28 10:16:22.728164
85014a,BLACK/BLUE POLKADOT UMBRELLA,12.72,92,75,inventory.xml,2026-08-28 10:16:22.728164
85014b,RED RETROSPOT UMBRELLA,12.72,276,49,inventory.xml,2026-08-28 10:16:22.728164
85036b,CHOCOLATE 1 WICK MORRIS BOX CANDLE,8.47,262,59,inventory.xml,2026-08-28 10:16:22.728164
72803b,OCEAN SCENT CANDLE JEWELLED DRAWER,8.47,198,45,inventory.xml,2026-08-28 10:16:22.728164
84993A,75 GREEN PETIT FOUR CASES,0.42,375,44,inventory.xml,2026-08-28 10:16:22.728164
84987,SET OF 36 TEATIME PAPER DOILIES,1.45,338,70,inventory.xml,2026-08-28 10:16:22.728164
20998,ROSE DU SUD OVEN GLOVE,2.95,266,82,inventory.xml,2026-08-28 10:16:22.728164
22702,BLACK AND WHITE CAT BOWL,2.10,362,34,inventory.xml,2026-08-28 10:16:22.728164
84925D,LA PALMIERA WALL THERMOMETER,2.55,381,40,inventory.xml,2026-08-28 10:16:22.728164
21078,SET/20 STRAWBERRY PAPER NAPKINS,0.85,283,28,inventory.xml,2026-08-28 10:16:22.728164
22105,MIRROR MOSAIC GOBLET CANDLE HOLDER,4.21,133,99,inventory.xml,2026-08-28 10:16:22.728164
22163,HEART STRING MEMO HOLDER HANGING,3.36,379,75,inventory.xml,2026-08-28 10:16:22.728164
22216,T-LIGHT HOLDER WHITE LACE,1.66,358,32,inventory.xml,2026-08-28 10:16:22.728164
22248,DECORATION  PINK CHICK MAGIC GARDEN,1.66,491,80,inventory.xml,2026-08-28 10:16:22.728164
22250,DECORATION  BUTTERFLY  MAGIC GARDEN,1.66,74,44,inventory.xml,2026-08-28 10:16:22.728164
22251,BIRDHOUSE DECORATION MAGIC GARDEN,2.51,209,43,inventory.xml,2026-08-28 10:16:22.728164
22255,FELT TOADSTOOL  SMALL,1.66,462,59,inventory.xml,2026-08-28 10:16:22.728164
22288,HANGING METAL RABBIT DECORATION,2.51,257,70,inventory.xml,2026-08-28 10:16:22.728164
22363,GLASS JAR MARMALADE,5.91,471,72,inventory.xml,2026-08-28 10:16:22.728164
22395,PAPERWEIGHT VINTAGE PAISLEY,5.06,6,22,inventory.xml,2026-08-28 10:16:22.728164
22483,RED GINGHAM TEDDY BEAR,5.91,17,79,inventory.xml,2026-08-28 10:16:22.728164
22546,MINI JIGSAW PURDEY,0.85,398,52,inventory.xml,2026-08-28 10:16:22.728164
22609,PENS ASSORTED SPACEBALL,1.66,179,93,inventory.xml,2026-08-28 10:16:22.728164
22762,CUPBOARD 3 DRAWER MA CAMPAGNE,29.79,260,66,inventory.xml,2026-08-28 10:16:22.728164
22811,SET OF 6 T-LIGHTS CACTI,5.91,214,94,inventory.xml,2026-08-28 10:16:22.728164
22882,NUMBER TILE VINTAGE FONT 3,4.21,203,40,inventory.xml,2026-08-28 10:16:22.728164
22884,NUMBER TILE VINTAGE FONT 5,4.21,469,73,inventory.xml,2026-08-28 10:16:22.728164
22908,PACK OF 20 NAPKINS RED APPLES,1.66,47,47,inventory.xml,2026-08-28 10:16:22.728164
35599B,BLACK CHRISTMAS TREE 120CM,5.91,386,88,inventory.xml,2026-08-28 10:16:22.728164
44234,ASSORTED CIRCULAR MOBILE,1.66,444,68,inventory.xml,2026-08-28 10:16:22.728164
71143,SILVER BOOK MARK WITH BEADS,2.51,328,80,inventory.xml,2026-08-28 10:16:22.728164
72351A,SET/6 TURQUOISE BUTTERFLY T-LIGHTS,4.21,197,67,inventory.xml,2026-08-28 10:16:22.728164
75049L,LARGE CIRCULAR MIRROR MOBILE,2.51,80,81,inventory.xml,2026-08-28 10:16:22.728164
75131,METAL TUBE CHIME ON BAMBOO,3.36,341,32,inventory.xml,2026-08-28 10:16:22.728164
79191B,RETRO PLASTIC POLKA TRAY,1.66,234,38,inventory.xml,2026-08-28 10:16:22.728164
82001S,VINYL RECORD FRAME SILVER,7.62,74,76,inventory.xml,2026-08-28 10:16:22.728164
84270,ASSTD DESIGN BUBBLE GUM RING,0.21,179,34,inventory.xml,2026-08-28 10:16:22.728164
84660C,PINK STITCHED WALL CLOCK,7.62,480,26,inventory.xml,2026-08-28 10:16:22.728164
84661B,BLACK SQUARE TABLE CLOCK,5.06,132,64,inventory.xml,2026-08-28 10:16:22.728164
84673B,BLUE FLY SWAT,1.28,89,97,inventory.xml,2026-08-28 10:16:22.728164
84927A,WAKE UP COCKEREL TILE HOOK,4.21,340,44,inventory.xml,2026-08-28 10:16:22.728164
84927F,PSYCHEDELIC TILE HOOK,4.21,99,36,inventory.xml,2026-08-28 10:16:22.728164
85025B,EAU DE NILE HEART SHAPE PHOTO FRAME,3.36,459,78,inventory.xml,2026-08-28 10:16:22.728164
85054,FRENCH ENAMEL POT W LID,5.91,429,40,inventory.xml,2026-08-28 10:16:22.728164
85055,FRENCH ENAMEL UTENSIL HOLDER,7.62,491,82,inventory.xml,2026-08-28 10:16:22.728164
85167B,BLACK GRAND BAROQUE PHOTO FRAME,8.47,456,36,inventory.xml,2026-08-28 10:16:22.728164
85169A,IVORY LOVE BIRD CANDLE,2.51,121,35,inventory.xml,2026-08-28 10:16:22.728164
85169C,EAU DE NIL LOVE BIRD CANDLE,2.51,106,99,inventory.xml,2026-08-28 10:16:22.728164
85169D,PINK LOVE BIRD CANDLE,2.51,171,67,inventory.xml,2026-08-28 10:16:22.728164
85203,HANGING WOOD AND FELT BUTTERFLY,0.84,234,42,inventory.xml,2026-08-28 10:16:22.728164
90000D,COPPER/OLIVE GREEN FLOWER NECKLACE,6.37,439,56,inventory.xml,2026-08-28 10:16:22.728164
90003E,GREEN PAIR HEART HAIR SLIDES,3.81,366,68,inventory.xml,2026-08-28 10:16:22.728164
90028,NEW BAROQUE LARGE NECKLACE BLK/WHIT,8.49,322,23,inventory.xml,2026-08-28 10:16:22.728164
90060F,FIRE POLISHED GLASS NECKL GREEN,5.94,439,99,inventory.xml,2026-08-28 10:16:22.728164
90114,SUMMER DAISIES BAG CHARM,2.51,322,58,inventory.xml,2026-08-28 10:16:22.728164
90115,SUMMER BUTTERFLIES BAG CHARM,2.51,189,96,inventory.xml,2026-08-28 10:16:22.728164
90120B,BLUE MURANO TWIST BRACELET,4.24,206,83,inventory.xml,2026-08-28 10:16:22.728164
90141A,GREEN PENDANT TRIPLE SHELL NECKLACE,5.51,258,23,inventory.xml,2026-08-28 10:16:22.728164
90199B,5 STRAND GLASS NECKLACE AMETHYST,6.37,44,84,inventory.xml,2026-08-28 10:16:22.728164
90205A,LARGE MINT DIAMANTE HAIRSLIDE,1.69,370,61,inventory.xml,2026-08-28 10:16:22.728164
90214B,"LETTER '"B'" BLING KEY RING",0.85,326,90,inventory.xml,2026-08-28 10:16:22.728164
90214C,"LETTER '"C'" BLING KEY RING",0.85,365,68,inventory.xml,2026-08-28 10:16:22.728164
90214F,"LETTER '"F'" BLING KEY RING",0.85,266,42,inventory.xml,2026-08-28 10:16:22.728164
90214I,"LETTER '"I'" BLING KEY RING",0.85,391,76,inventory.xml,2026-08-28 10:16:22.728164
90214L,"LETTER '"L'" BLING KEY RING",0.85,474,42,inventory.xml,2026-08-28 10:16:22.728164
90214N,"LETTER '"N'" BLING KEY RING",0.85,284,46,inventory.xml,2026-08-28 10:16:22.728164
90214Y,"LETTER '"Y'" BLING KEY RING",0.85,222,67,inventory.xml,2026-08-28 10:16:22.728164
16218,CARTOON  PENCIL SHARPENERS,2.13,52,46,inventory.xml,2026-08-28 10:16:22.728164
16225,RATTLE SNAKE EGGS,3.36,389,94,inventory.xml,2026-08-28 10:16:22.728164
20686,DOLLY MIXTURE CHILDREN'S UMBRELLA,6.77,451,20,inventory.xml,2026-08-28 10:16:22.728164
21200,MULTICOLOUR HONEYCOMB PAPER GARLAND,1.65,349,50,inventory.xml,2026-08-28 10:16:22.728164
21051,RIBBONS PURSE,4.21,432,22,inventory.xml,2026-08-28 10:16:22.728164
21112,"SWISS ROLL TOWEL, PINK  SPOTS",5.91,430,77,inventory.xml,2026-08-28 10:16:22.728164
21219,SET/4 BADGES BALLOON GIRL,2.51,399,64,inventory.xml,2026-08-28 10:16:22.728164
21224,SET/4 SKULL BADGES,2.51,251,31,inventory.xml,2026-08-28 10:16:22.728164
21261,GREEN GOOSE FEATHER CHRISTMAS TREE,7.62,49,26,inventory.xml,2026-08-28 10:16:22.728164
21263,GREEN GOOSE FEATHER TREE 60CM,5.91,1,79,inventory.xml,2026-08-28 10:16:22.728164
21286,RETROSPOT CANDLE  LARGE,5.06,102,36,inventory.xml,2026-08-28 10:16:22.728164
21446,12 RED ROSE PEG PLACE SETTINGS,2.51,215,87,inventory.xml,2026-08-28 10:16:22.728164
21619,4 VANILLA BOTANICAL CANDLES,7.62,371,46,inventory.xml,2026-08-28 10:16:22.728164
21640,ASSORTED TUTTI FRUTTI  FOB NOTEBOOK,1.66,227,63,inventory.xml,2026-08-28 10:16:22.728164
21675,BUTTERFLIES STICKERS,1.66,11,25,inventory.xml,2026-08-28 10:16:22.728164
21725,SWEETIES  STICKERS,1.66,105,60,inventory.xml,2026-08-28 10:16:22.728164
21828,EIGHT PIECE SNAKE  SET,2.51,489,22,inventory.xml,2026-08-28 10:16:22.728164
21829,DINOSAUR KEYRINGS ASSORTED,0.43,494,37,inventory.xml,2026-08-28 10:16:22.728164
21903,MAN FLU METAL SIGN,4.21,188,94,inventory.xml,2026-08-28 10:16:22.728164
21936,RED RETROSPOT PICNIC BAG,5.91,402,98,inventory.xml,2026-08-28 10:16:22.728164
22959,WRAP CHRISTMAS VILLAGE,0.42,359,54,inventory.xml,2026-08-28 10:16:22.728164
17084R,ASSORTED INCENSE PACK,0.16,465,92,inventory.xml,2026-08-28 10:16:22.728164
17091J,VANILLA INCENSE IN TIN,0.85,443,36,inventory.xml,2026-08-28 10:16:22.728164
21027,NINJA RABBIT PINK,1.25,314,66,inventory.xml,2026-08-28 10:16:22.728164
84539,KNITTED RABBIT DOLL,1.65,197,76,inventory.xml,2026-08-28 10:16:22.728164
90096,NECKLACE+BRACELET SET BLUE BLOSSOM,2.55,313,91,inventory.xml,2026-08-28 10:16:22.728164
21095,SET/6 POSIES PAPER PLATES,0.85,159,20,inventory.xml,2026-08-28 10:16:22.728164
85018D,YULETIDE IMAGES S/6 PAPER BOXES,2.55,174,67,inventory.xml,2026-08-28 10:16:22.728164
22732,3D VINTAGE CHRISTMAS STICKERS,1.25,304,39,inventory.xml,2026-08-28 10:16:22.728164
47503J,SET/3 FLORAL GARDEN TOOLS IN BAG,7.95,285,50,inventory.xml,2026-08-28 10:16:22.728164
37464,ROBOT MUG IN DISPLAY BOX,1.25,290,96,inventory.xml,2026-08-28 10:16:22.728164
84247N,PACK/12 BLUE FOLKART CARDS,2.95,192,72,inventory.xml,2026-08-28 10:16:22.728164
84247K,"FOLK ART GREETING CARD,pack/12",2.95,204,91,inventory.xml,2026-08-28 10:16:22.728164
22035,VINTAGE CARAVAN GREETING CARD,0.42,5,35,inventory.xml,2026-08-28 10:16:22.728164
21250,SET OF SKULL WALL STICKERS,2.95,300,70,inventory.xml,2026-08-28 10:16:22.728164
21677,HEARTS  STICKERS,0.85,287,94,inventory.xml,2026-08-28 10:16:22.728164
47504K,ENGLISH ROSE GARDEN SECATEURS,1.95,467,27,inventory.xml,2026-08-28 10:16:22.728164
84212,"ASSORTED FLOWER COLOUR '"LEIS'"",0.65,252,89,inventory.xml,2026-08-28 10:16:22.728164
21377,SMALL CAMPHOR WOOD FIELD  MUSHROOM,1.65,233,45,inventory.xml,2026-08-28 10:16:22.728164
21379,CAMPHOR WOOD PORTOBELLO MUSHROOM,1.25,33,53,inventory.xml,2026-08-28 10:16:22.728164
37489D,PINK/GREEN FLOWER DESIGN BIG MUG,1.95,98,22,inventory.xml,2026-08-28 10:16:22.728164
17107D,"FLOWER FAIRY,5 SUMMER B''DRAW LINERS",2.55,169,87,inventory.xml,2026-08-28 10:16:22.728164
37489B,BLUE/YELLOW FLOWER DESIGN BIG MUG,1.95,188,37,inventory.xml,2026-08-28 10:16:22.728164
37489C,GREEN/BLUE FLOWER DESIGN BIG MUG,1.95,181,99,inventory.xml,2026-08-28 10:16:22.728164
21932,SCANDINAVIAN PAISLEY PICNIC BAG,2.95,197,22,inventory.xml,2026-08-28 10:16:22.728164
21933,PINK VINTAGE PAISLEY PICNIC BAG,2.95,384,28,inventory.xml,2026-08-28 10:16:22.728164
37489A,YELLOW/PINK FLOWER DESIGN BIG MUG,1.95,65,30,inventory.xml,2026-08-28 10:16:22.728164
22072,RED RETROSPOT TEA CUP AND SAUCER,3.75,166,74,inventory.xml,2026-08-28 10:16:22.728164
21905,MORE BUTTER METAL SIGN,2.10,81,70,inventory.xml,2026-08-28 10:16:22.728164
22414,DOORMAT NEIGHBOURHOOD WITCH,7.95,153,36,inventory.xml,2026-08-28 10:16:22.728164
22116,METAL SIGN HIS DINNER IS SERVED,2.95,342,28,inventory.xml,2026-08-28 10:16:22.728164
85130A,BEADED PEARL HEART WHITE LARGE,1.65,23,40,inventory.xml,2026-08-28 10:16:22.728164
85129C,BEADED CRYSTAL HEART BLUE SMALL,1.25,169,32,inventory.xml,2026-08-28 10:16:22.728164
84849A,HELLO SAILOR BLUE SOAP HOLDER,1.69,11,77,inventory.xml,2026-08-28 10:16:22.728164
22137,BATHROOM SET LOVE HEART DESIGN,2.95,477,92,inventory.xml,2026-08-28 10:16:22.728164
85230B,CINNAMON SCENTED VOTIVE CANDLE,0.29,363,54,inventory.xml,2026-08-28 10:16:22.728164
85230F,JASMINE VOTIVE CANDLE,0.29,121,46,inventory.xml,2026-08-28 10:16:22.728164
22306,SILVER MUG BONE CHINA TREE OF LIFE,1.95,99,61,inventory.xml,2026-08-28 10:16:22.728164
20734,SILVER MINI TAPE MEASURE,2.51,49,46,inventory.xml,2026-08-28 10:16:22.728164
20960,WATERMELON BATH SPONGE,2.51,236,34,inventory.xml,2026-08-28 10:16:22.728164
35970,ZINC FOLKART SLEIGH BELLS,4.21,376,26,inventory.xml,2026-08-28 10:16:22.728164
47559b,TEA TIME OVEN GLOVE,3.36,292,72,inventory.xml,2026-08-28 10:16:22.728164
47591d,PINK FAIRY CAKE CHILDRENS APRON,5.06,440,83,inventory.xml,2026-08-28 10:16:22.728164
48173c,DOORMAT BLACK FLOCK,16.98,171,61,inventory.xml,2026-08-28 10:16:22.728164
82494l,WOODEN FRAME ANTIQUE WHITE,8.47,139,74,inventory.xml,2026-08-28 10:16:22.728164
84030e,ENGLISH ROSE HOT WATER BOTTLE,8.47,239,29,inventory.xml,2026-08-28 10:16:22.728164
84997b,RED 3 PIECE RETROSPOT CUTLERY SET,8.47,101,63,inventory.xml,2026-08-28 10:16:22.728164
84997c,BLUE 3 PIECE POLKADOT CUTLERY SET,8.47,487,73,inventory.xml,2026-08-28 10:16:22.728164
84997d,PINK 3 PIECE POLKADOT CUTLERY SET,8.47,92,69,inventory.xml,2026-08-28 10:16:22.728164
85049a,TRADITIONAL CHRISTMAS RIBBONS,3.36,239,21,inventory.xml,2026-08-28 10:16:22.728164
85049e,SCANDINAVIAN REDS RIBBONS,3.36,261,28,inventory.xml,2026-08-28 10:16:22.728164
85099f,JUMBO BAG STRAWBERRY,5.06,28,98,inventory.xml,2026-08-28 10:16:22.728164
85123a,WHITE HANGING HEART T-LIGHT HOLDER,6.77,234,40,inventory.xml,2026-08-28 10:16:22.728164
84849D,HOT BATHS SOAP HOLDER,1.69,227,38,inventory.xml,2026-08-28 10:16:22.728164
84507C,BLUE CIRCLES DESIGN MONKEY DOLL,2.55,129,66,inventory.xml,2026-08-28 10:16:22.728164
20910,VINTAGE PHOTO ALBUM PARIS DAYS,6.35,63,78,inventory.xml,2026-08-28 10:16:22.728164
82616B,FRAPPUCINO SCARF KNITTING KIT,2.95,22,96,inventory.xml,2026-08-28 10:16:22.728164
90128B,BLUE LEAVES AND BEADS PHONE CHARM,1.25,4,79,inventory.xml,2026-08-28 10:16:22.728164
90196B,BLACK GEMSTONE NECKLACE 45CM,12.75,240,85,inventory.xml,2026-08-28 10:16:22.728164
90198B,VINTAGE ROSE BEAD BRACELET BLACK,4.25,44,93,inventory.xml,2026-08-28 10:16:22.728164
90152B,BLUE/GREEN SHELL NECKLACE W PENDANT,5.95,479,71,inventory.xml,2026-08-28 10:16:22.728164
90151,SILVER/NATURAL SHELL NECKLACE,8.50,122,68,inventory.xml,2026-08-28 10:16:22.728164
20661,BLUE POLKADOT PURSE,2.95,326,61,inventory.xml,2026-08-28 10:16:22.728164
20652,BLUE POLKADOT LUGGAGE TAG,1.25,336,36,inventory.xml,2026-08-28 10:16:22.728164
21845,DAIRY MAID STRIPE MUG,2.95,247,21,inventory.xml,2026-08-28 10:16:22.728164
22398,MAGNETS PACK OF 4 SWALLOWS,1.25,441,29,inventory.xml,2026-08-28 10:16:22.728164
84877D,BLUE ROUND COMPACT MIRROR,3.75,55,91,inventory.xml,2026-08-28 10:16:22.728164
20657,TROPICAL LUGGAGE TAG,1.25,117,44,inventory.xml,2026-08-28 10:16:22.728164
47422,ASSORTED MONKEY SUCTION CUP HOOK,0.42,126,25,inventory.xml,2026-08-28 10:16:22.728164
21642,ASSORTED TUTTI FRUTTI PEN,0.85,67,31,inventory.xml,2026-08-28 10:16:22.728164
47503H,ASS FLORAL PRINT SPIRIT LEVEL,1.95,147,30,inventory.xml,2026-08-28 10:16:22.728164
72130,COLUMBIAN CANDLE ROUND,0.65,156,50,inventory.xml,2026-08-28 10:16:22.728164
72128,COLUMBIAN CANDLE ROUND,0.85,382,75,inventory.xml,2026-08-28 10:16:22.728164
47343A,FUSCHIA FLOWER PURSE WITH BEADS,1.49,150,84,inventory.xml,2026-08-28 10:16:22.728164
72802A,ROSE SCENT CANDLE IN JEWELLED BOX,4.25,438,84,inventory.xml,2026-08-28 10:16:22.728164
72802B,OCEAN SCENT CANDLE IN JEWELLED BOX,4.25,386,96,inventory.xml,2026-08-28 10:16:22.728164
21054,NURSE'S BAG SOFT TOY,8.95,450,82,inventory.xml,2026-08-28 10:16:22.728164
22339,CHRISTMAS TREE PAINTED ZINC,0.65,52,41,inventory.xml,2026-08-28 10:16:22.728164
22337,ANGEL DECORATION PAINTED ZINC,0.65,492,56,inventory.xml,2026-08-28 10:16:22.728164
84562A,PINK/WHITE RIBBED MELAMINE JUG,7.95,306,71,inventory.xml,2026-08-28 10:16:22.728164
21040,MODERN VINTAGE COTTON SHOPPING BAG,2.55,491,34,inventory.xml,2026-08-28 10:16:22.728164
21937,STRAWBERRY   PICNIC BAG,2.95,177,74,inventory.xml,2026-08-28 10:16:22.728164
22701,PINK DOG BOWL,2.95,476,22,inventory.xml,2026-08-28 10:16:22.728164
22362,GLASS JAR PEACOCK BATH SALTS,2.95,294,37,inventory.xml,2026-08-28 10:16:22.728164
82011C,BATHROOM SCALES FOOTPRINTS IN SAND,3.75,35,88,inventory.xml,2026-08-28 10:16:22.728164
84865,NEW BAROQUE BLACK PHOTO ALBUM,8.50,205,45,inventory.xml,2026-08-28 10:16:22.728164
35951,,0.00,68,98,inventory.xml,2026-08-28 10:16:22.728164
21414,,0.00,470,87,inventory.xml,2026-08-28 10:16:22.728164
21653,,0.00,152,39,inventory.xml,2026-08-28 10:16:22.728164
85126,,0.00,111,93,inventory.xml,2026-08-28 10:16:22.728164
21692,,0.00,276,89,inventory.xml,2026-08-28 10:16:22.728164
21535,,0.00,212,98,inventory.xml,2026-08-28 10:16:22.728164
21836,,0.00,48,52,inventory.xml,2026-08-28 10:16:22.728164
47556B,,0.00,408,92,inventory.xml,2026-08-28 10:16:22.728164
37474,,0.00,422,44,inventory.xml,2026-08-28 10:16:22.728164
21011,,0.00,371,48,inventory.xml,2026-08-28 10:16:22.728164
21287,SCENTED VELVET LOUNGE CANDLE,1.25,308,60,inventory.xml,2026-08-28 10:16:22.728164
79337,BLUE FLOCK GLASS CANDLEHOLDER,1.65,201,48,inventory.xml,2026-08-28 10:16:22.728164
85111,SILVER GLITTER FLOWER VOTIVE HOLDER,1.25,271,20,inventory.xml,2026-08-28 10:16:22.728164
22307,GOLD MUG BONE CHINA TREE OF LIFE,1.95,260,77,inventory.xml,2026-08-28 10:16:22.728164
85078,SCANDINAVIAN 3 HEARTS NAPKIN RING,0.65,82,55,inventory.xml,2026-08-28 10:16:22.728164
85036B,CHOCOLATE 1 WICK MORRIS BOX CANDLE,4.25,40,85,inventory.xml,2026-08-28 10:16:22.728164
85034C,3 ROSE MORRIS BOXED CANDLES,4.25,126,35,inventory.xml,2026-08-28 10:16:22.728164
84614A,PINK BAROQUE FLOCK CANDLE HOLDER,5.95,227,38,inventory.xml,2026-08-28 10:16:22.728164
22509,SEWING BOX RETROSPOT DESIGN,16.95,80,76,inventory.xml,2026-08-28 10:16:22.728164
90145,SILVER HOOP EARRINGS WITH FLOWER,5.95,53,75,inventory.xml,2026-08-28 10:16:22.728164
90143,SILVER BRACELET W PASTEL FLOWER,7.50,425,60,inventory.xml,2026-08-28 10:16:22.728164
90010A,MIDNIGHT BLUE GLASS/SILVER BRACELET,8.95,187,68,inventory.xml,2026-08-28 10:16:22.728164
90010B,BLACK/WHITE GLASS/SILVER BRACELET,8.95,292,89,inventory.xml,2026-08-28 10:16:22.728164
90050,CRACKED GLAZE NECKLACE IVORY,6.95,262,90,inventory.xml,2026-08-28 10:16:22.728164
90053,CRACKED GLAZE EARRINGS IVORY,2.55,367,91,inventory.xml,2026-08-28 10:16:22.728164
21696,,0.00,369,99,inventory.xml,2026-08-28 10:16:22.728164
21275,?,0.00,148,45,inventory.xml,2026-08-28 10:16:22.728164
20829,GLITTER HANGING BUTTERFLY STRING,2.10,423,83,inventory.xml,2026-08-28 10:16:22.728164
21947,SET OF 6 HEART CHOPSTICKS,1.25,185,42,inventory.xml,2026-08-28 10:16:22.728164
21726,MULTI HEARTS  STICKERS,0.85,417,89,inventory.xml,2026-08-28 10:16:22.728164
22671,FRENCH LAUNDRY SIGN BLUE METAL,1.65,202,95,inventory.xml,2026-08-28 10:16:22.728164
20936,FORKED CACTUS CANDLE,2.95,55,55,inventory.xml,2026-08-28 10:16:22.728164
84924A,WAKE UP COCKEREL CALENDAR SIGN,3.75,380,60,inventory.xml,2026-08-28 10:16:22.728164
35810B,ENAMEL BLUE RIM COFFEE CONTAINER,2.10,15,29,inventory.xml,2026-08-28 10:16:22.728164
35241,ENAMEL BLUE RIM BISCUIT BIN,4.95,386,27,inventory.xml,2026-08-28 10:16:22.728164
17109D,FLOWER FAIRY INCENSE BOUQUET,1.69,21,35,inventory.xml,2026-08-28 10:16:22.728164
22853,CAT BOWL VINTAGE CREAM,3.25,103,23,inventory.xml,2026-08-28 10:16:22.728164
85034B,3 WHITE CHOC MORRIS BOXED CANDLES,4.25,301,51,inventory.xml,2026-08-28 10:16:22.728164
72800D,4 BLUE DINNER CANDLES SILVER FLOCK,2.55,470,99,inventory.xml,2026-08-28 10:16:22.728164
84819,DANISH ROSE ROUND SEWING BOX,4.25,204,76,inventory.xml,2026-08-28 10:16:22.728164
90185D,CRYSTAL DIAMANTE EXPANDABLE RING,4.25,60,66,inventory.xml,2026-08-28 10:16:22.728164
90175A,WHITE GLASS CHUNKY CHARM BRACELET,8.95,116,78,inventory.xml,2026-08-28 10:16:22.728164
22079,RIBBON REEL HEARTS DESIGN,1.65,448,24,inventory.xml,2026-08-28 10:16:22.728164
90162B,ANT SILVER LIME GREEN BOUDICCA RING,2.95,363,72,inventory.xml,2026-08-28 10:16:22.728164
90162D,ANT SILVER PURPLE BOUDICCA RING,2.95,50,60,inventory.xml,2026-08-28 10:16:22.728164
21626,VINTAGE UNION JACK PENNANT,1.95,192,29,inventory.xml,2026-08-28 10:16:22.728164
90167,BEADED LOVE HEART JEWELLERY SET,0.85,132,60,inventory.xml,2026-08-28 10:16:22.728164
22403,MAGNETS PACK OF 4 VINTAGE LABELS,1.25,88,73,inventory.xml,2026-08-28 10:16:22.728164
22563,HAPPY STENCIL CRAFT,1.25,423,54,inventory.xml,2026-08-28 10:16:22.728164
84827,ASS DES PHONE SPONGE CRAFT STICKER,0.65,308,93,inventory.xml,2026-08-28 10:16:22.728164
22799,SWEETHEART WIRE FRUIT BOWL,8.50,89,96,inventory.xml,2026-08-28 10:16:22.728164
22305,COFFEE MUG PINK PAISLEY DESIGN,2.55,325,48,inventory.xml,2026-08-28 10:16:22.728164
84898F,YELLOW FLOWERS FELT HANDBAG KIT,2.10,206,95,inventory.xml,2026-08-28 10:16:22.728164
22415,WHITE TISSUE REAM,7.95,30,39,inventory.xml,2026-08-28 10:16:22.728164
22256,FELT FARM ANIMAL CHICKEN,1.25,224,29,inventory.xml,2026-08-28 10:16:22.728164
47310M,"SMALL POP BOX,FUNKY MONKEY",1.25,92,71,inventory.xml,2026-08-28 10:16:22.728164
84508B,STRIPES DESIGN TEDDY,2.55,122,32,inventory.xml,2026-08-28 10:16:22.728164
21555,CERAMIC STRAWBERRY TRINKET TRAY,2.55,439,45,inventory.xml,2026-08-28 10:16:22.728164
22390,PAPERWEIGHT CHILDHOOD MEMORIES,2.55,355,52,inventory.xml,2026-08-28 10:16:22.728164
84963A,PINK PAINTED KASHMIRI CHAIR,42.95,67,74,inventory.xml,2026-08-28 10:16:22.728164
72349B,SET/6 PURPLE BUTTERFLY T-LIGHTS,2.10,425,86,inventory.xml,2026-08-28 10:16:22.728164
84993B,75 BLACK PETIT FOUR CASES,0.42,287,91,inventory.xml,2026-08-28 10:16:22.728164
85206A,CREAM FELT EASTER EGG BASKET,1.65,437,69,inventory.xml,2026-08-28 10:16:22.728164
22021,BLUE FELT EASTER EGG BASKET,1.65,373,97,inventory.xml,2026-08-28 10:16:22.728164
84596G,SMALL CHOCOLATES PINK BOWL,1.25,169,78,inventory.xml,2026-08-28 10:16:22.728164
21445,12 PINK ROSE PEG PLACE SETTINGS,1.25,267,89,inventory.xml,2026-08-28 10:16:22.728164
77101A,UNION FLAG WINDSOCK,1.25,265,66,inventory.xml,2026-08-28 10:16:22.728164
84358,FLOOR LAMP SHADE WOOD BASE,9.95,359,29,inventory.xml,2026-08-28 10:16:22.728164
21294,ETCHED GLASS COASTER,1.25,124,36,inventory.xml,2026-08-28 10:16:22.728164
21468,BUTTERFLY CROCHET FOOD COVER,3.75,166,53,inventory.xml,2026-08-28 10:16:22.728164
22123,PING MICROWAVE APRON,5.95,122,85,inventory.xml,2026-08-28 10:16:22.728164
22939,APRON APPLE DELIGHT,4.95,148,53,inventory.xml,2026-08-28 10:16:22.728164
71279,PINK GLASS CANDLEHOLDER,2.95,80,21,inventory.xml,2026-08-28 10:16:22.728164
22598,CHRISTMAS MUSICAL ZINC TREE,0.85,18,54,inventory.xml,2026-08-28 10:16:22.728164
22532,MAGIC DRAWING SLATE LEAP FROG,0.42,470,75,inventory.xml,2026-08-28 10:16:22.728164
21413,PERIWINKLE T-LIGHT HOLDER,1.25,37,99,inventory.xml,2026-08-28 10:16:22.728164
79149B,SILICON STAR BULB  BLUE,0.42,443,35,inventory.xml,2026-08-28 10:16:22.728164
21682,LARGE MEDINA STAMPED METAL BOWL,4.95,1,44,inventory.xml,2026-08-28 10:16:22.728164
78034B,BLUE NETTING STORAGE HANGER,1.95,388,57,inventory.xml,2026-08-28 10:16:22.728164
22894,TABLECLOTH RED APPLES DESIGN,8.50,164,59,inventory.xml,2026-08-28 10:16:22.728164
79151B,"SILICON CUBE 25W, BLUE",0.42,258,98,inventory.xml,2026-08-28 10:16:22.728164
21090,SET/6 COLLAGE PAPER PLATES,0.85,141,51,inventory.xml,2026-08-28 10:16:22.728164
21209,MULTICOLOUR HONEYCOMB FAN,1.65,245,63,inventory.xml,2026-08-28 10:16:22.728164
22354,RETROSPOT PADDED SEAT CUSHION,3.75,225,40,inventory.xml,2026-08-28 10:16:22.728164
21635,MADRAS NOTEBOOK LARGE,3.75,264,24,inventory.xml,2026-08-28 10:16:22.728164
35653,VINTAGE BEAD NOTEBOOK,2.95,196,51,inventory.xml,2026-08-28 10:16:22.728164
85130D,BEADED CRYSTAL HEART PINK LARGE,1.65,268,54,inventory.xml,2026-08-28 10:16:22.728164
15039,SANDALWOOD FAN,0.85,412,33,inventory.xml,2026-08-28 10:16:22.728164
84978,HANGING HEART JAR T-LIGHT HOLDER,1.25,217,72,inventory.xml,2026-08-28 10:16:22.728164
84569D,PACK 6 HEART/ICE-CREAM PATCHES,1.25,180,46,inventory.xml,2026-08-28 10:16:22.728164
84921,CREAM AND PINK FLOWERS PONY,3.75,65,24,inventory.xml,2026-08-28 10:16:22.728164
84508C,BLUE CIRCLES DESIGN TEDDY,2.55,179,62,inventory.xml,2026-08-28 10:16:22.728164
90086,CRYSTAL FROG PHONE CHARM,0.85,62,40,inventory.xml,2026-08-28 10:16:22.728164
62018,SOMBRERO,1.95,91,78,inventory.xml,2026-08-28 10:16:22.728164
16011,ANIMAL STICKERS,0.21,476,21,inventory.xml,2026-08-28 10:16:22.728164
85179A,GREEN BITTY LIGHT CHAIN,4.65,44,81,inventory.xml,2026-08-28 10:16:22.728164
21785,RAIN PONCHO,0.85,241,63,inventory.xml,2026-08-28 10:16:22.728164
21650,ASSORTED TUTTI FRUTTI BRACELET,0.65,417,78,inventory.xml,2026-08-28 10:16:22.728164
84874B,BLUE TRAVEL FIRST AID KIT,1.65,476,50,inventory.xml,2026-08-28 10:16:22.728164
22674,FRENCH TOILET SIGN BLUE METAL,1.25,73,90,inventory.xml,2026-08-28 10:16:22.728164
72051S,BAG OF SILVER STONES,0.42,81,60,inventory.xml,2026-08-28 10:16:22.728164
20764,ABSTRACT CIRCLES SKETCHBOOK,3.75,186,99,inventory.xml,2026-08-28 10:16:22.728164
47579,TEA TIME BREAKFAST BASKET,2.10,277,43,inventory.xml,2026-08-28 10:16:22.728164
21723,ALPHABET HEARTS STICKER SHEET,0.85,479,88,inventory.xml,2026-08-28 10:16:22.728164
35953,FOLKART STAR CHRISTMAS DECORATIONS,1.25,103,72,inventory.xml,2026-08-28 10:16:22.728164
84051,ASS COLOUR GLOWING TIARAS,0.85,82,94,inventory.xml,2026-08-28 10:16:22.728164
21187,WHITE BELL HONEYCOMB PAPER GARLAND,1.65,126,33,inventory.xml,2026-08-28 10:16:22.728164
22034,ROBIN CHRISTMAS CARD,0.42,437,61,inventory.xml,2026-08-28 10:16:22.728164
20980,36 PENCILS TUBE POSY,1.25,15,92,inventory.xml,2026-08-28 10:16:22.728164
35958,FOLKART ZINC STAR CHRISTMAS DEC,0.85,190,39,inventory.xml,2026-08-28 10:16:22.728164
75013B,"STRING OF 8 BUTTERFLIES,PINK",1.65,59,96,inventory.xml,2026-08-28 10:16:22.728164
22830,UTILTY CABINET WITH HOOKS,26.95,78,97,inventory.xml,2026-08-28 10:16:22.728164
22684,FRENCH BLUE METAL DOOR SIGN 9,1.25,458,59,inventory.xml,2026-08-28 10:16:22.728164
82011B,BATHROOM SCALES RUBBER DUCKS,3.75,0,78,inventory.xml,2026-08-28 10:16:22.728164
21630,FLOOR CUSHION ELEPHANT CARNIVAL,8.95,160,57,inventory.xml,2026-08-28 10:16:22.728164
21580,RABBIT  DESIGN  COTTON TOTE BAG,2.25,457,72,inventory.xml,2026-08-28 10:16:22.728164
22231,JIGSAW TREE WITH BIRDHOUSE,1.45,304,88,inventory.xml,2026-08-28 10:16:22.728164
22859,EASTER TIN BUNNY BOUQUET,1.65,35,79,inventory.xml,2026-08-28 10:16:22.728164
22860,EASTER TIN CHICKS PINK DAISY,1.65,232,43,inventory.xml,2026-08-28 10:16:22.728164
22093,MOTORING TISSUE BOX,1.25,485,66,inventory.xml,2026-08-28 10:16:22.728164
20748,KENSINGTON COFFEE SET,12.75,200,84,inventory.xml,2026-08-28 10:16:22.728164
85208,SET/12 FUNKY FELT FLOWER PEG IN BAG,2.10,264,66,inventory.xml,2026-08-28 10:16:22.728164
22129,PARTY CONES CANDY TREE DECORATION,0.85,265,42,inventory.xml,2026-08-28 10:16:22.728164
22808,SET OF 6 T-LIGHTS EASTER CHICKS,2.95,330,80,inventory.xml,2026-08-28 10:16:22.728164
20702,PINK PADDED MOBILE,4.25,93,77,inventory.xml,2026-08-28 10:16:22.728164
85187,S/12 MINI RABBIT EASTER,1.65,419,70,inventory.xml,2026-08-28 10:16:22.728164
21683,MEDIUM MEDINA STAMPED METAL BOWL,2.95,494,46,inventory.xml,2026-08-28 10:16:22.728164
22770,MIRROR CORNICE,14.95,71,65,inventory.xml,2026-08-28 10:16:22.728164
84563B,BLUE & WHITE BREAKFAST TRAY,5.95,409,68,inventory.xml,2026-08-28 10:16:22.728164
79190A,RETRO PLASTIC 70'S TRAY,0.42,408,37,inventory.xml,2026-08-28 10:16:22.728164
15034,PAPER POCKET TRAVELING FAN,0.14,370,94,inventory.xml,2026-08-28 10:16:22.728164
85129B,BEADED CRYSTAL HEART GREEN SMALL,1.25,185,67,inventory.xml,2026-08-28 10:16:22.728164
35924,HANGING FAIRY CAKE DECORATION,2.10,234,24,inventory.xml,2026-08-28 10:16:22.728164
20671,BLUE TEATIME PRINT BOWL,1.25,419,41,inventory.xml,2026-08-28 10:16:22.728164
21904,HOUSE WRECKING METAL SIGN,2.10,76,84,inventory.xml,2026-08-28 10:16:22.728164
22843,BISCUIT TIN VINTAGE GREEN,6.75,414,75,inventory.xml,2026-08-28 10:16:22.728164
22199,FRYING PAN RED RETROSPOT,4.25,460,63,inventory.xml,2026-08-28 10:16:22.728164
84968A,SET OF 16 VINTAGE ROSE CUTLERY,12.75,340,59,inventory.xml,2026-08-28 10:16:22.728164
47369A,PINK GREEN EMBROIDERY COSMETIC BAG,2.95,170,50,inventory.xml,2026-08-28 10:16:22.728164
47369B,BLUE GREEN EMBROIDERY COSMETIC BAG,2.95,279,95,inventory.xml,2026-08-28 10:16:22.728164
47367B,PAIR PADDED HANGERS PINK CHECK,3.75,25,48,inventory.xml,2026-08-28 10:16:22.728164
21695,SMALL SILVER FLOWER CANDLE POT,2.95,465,86,inventory.xml,2026-08-28 10:16:22.728164
84773,RED ROSE AND LACE C/COVER,2.95,171,25,inventory.xml,2026-08-28 10:16:22.728164
21424,WOODLAND STORAGE BOX LARGE,2.95,28,62,inventory.xml,2026-08-28 10:16:22.728164
21819,GLITTER CHRISTMAS STAR,0.85,397,40,inventory.xml,2026-08-28 10:16:22.728164
22817,CARD SUKI BIRTHDAY,0.42,328,53,inventory.xml,2026-08-28 10:16:22.728164
16161U,WRAP SUKI AND FRIENDS,0.42,311,69,inventory.xml,2026-08-28 10:16:22.728164
22252,BIRDCAGE DECORATION TEALIGHT HOLDER,1.25,27,25,inventory.xml,2026-08-28 10:16:22.728164
21401,BLUE PUDDING SPOON,0.42,375,27,inventory.xml,2026-08-28 10:16:22.728164
84597C,RETRO PINK BALL ASHTRAY,1.25,318,66,inventory.xml,2026-08-28 10:16:22.728164
51020A,SUMMER FUN DESIGN SHOWER CAP,1.25,396,73,inventory.xml,2026-08-28 10:16:22.728164
51020B,STRIPY DESIGN SHOWER CAP,1.25,413,24,inventory.xml,2026-08-28 10:16:22.728164
21306,SET/4 DAISY MIRROR MAGNETS,2.10,105,96,inventory.xml,2026-08-28 10:16:22.728164
21311,SET/4 BIRD MIRROR MAGNETS,2.10,105,55,inventory.xml,2026-08-28 10:16:22.728164
21307,SET/4 BUTTERFLY MIRROR MAGNETS,2.10,461,98,inventory.xml,2026-08-28 10:16:22.728164
21277,FRENCH STYLE EMBOSSED HEART CABINET,21.95,265,30,inventory.xml,2026-08-28 10:16:22.728164
22475,SKULL DESIGN TV DINNER TRAY,4.95,218,91,inventory.xml,2026-08-28 10:16:22.728164
90200E,GREEN SWEETHEART BRACELET,4.25,143,71,inventory.xml,2026-08-28 10:16:22.728164
90062,CARNIVAL BRACELET,12.75,319,84,inventory.xml,2026-08-28 10:16:22.728164
21616,4 PEAR BOTANICAL DINNER CANDLES,3.75,376,84,inventory.xml,2026-08-28 10:16:22.728164
20659,ECONOMY LUGGAGE TAG,1.25,1,34,inventory.xml,2026-08-28 10:16:22.728164
20985,HEART CALCULATOR,1.25,276,33,inventory.xml,2026-08-28 10:16:22.728164
84596L,BISCUITS SMALL BOWL LIGHT BLUE,1.25,496,97,inventory.xml,2026-08-28 10:16:22.728164
84596F,SMALL MARSHMALLOWS PINK BOWL,1.25,140,54,inventory.xml,2026-08-28 10:16:22.728164
22346,PARTY PIZZA DISH GREEN POLKADOT,0.85,140,36,inventory.xml,2026-08-28 10:16:22.728164
22344,PARTY PIZZA DISH PINK POLKADOT,0.85,439,70,inventory.xml,2026-08-28 10:16:22.767509
85215,ASSORTED CHEESE FRIDGE MAGNETS,0.65,31,89,inventory.xml,2026-08-28 10:16:22.767509
85062,PEARL CRYSTAL PUMPKIN T-LIGHT HLDR,1.65,198,41,inventory.xml,2026-08-28 10:16:22.767509
22984,CARD GINGHAM ROSE,0.42,229,90,inventory.xml,2026-08-28 10:16:22.767509
85036C,ROSE 1 WICK MORRIS BOXED CANDLE,4.25,398,25,inventory.xml,2026-08-28 10:16:22.767509
21202,DOLLY HONEYCOMB GARLAND,1.65,64,69,inventory.xml,2026-08-28 10:16:22.767509
84531A,PINK KNITTED EGG COSY,1.95,217,50,inventory.xml,2026-08-28 10:16:22.767509
84531B,BLUE KNITTED EGG COSY,1.95,76,61,inventory.xml,2026-08-28 10:16:22.767509
21910,WAY OUT METAL SIGN,1.65,393,68,inventory.xml,2026-08-28 10:16:22.767509
22461,SAVOY ART DECO CLOCK,12.75,316,36,inventory.xml,2026-08-28 10:16:22.767509
22833,HALL CABINET WITH 3 DRAWERS,49.95,248,23,inventory.xml,2026-08-28 10:16:22.767509
22690,DOORMAT HOME SWEET HOME BLUE,7.95,196,61,inventory.xml,2026-08-28 10:16:22.767509
84881,BLUE WIRE SPIRAL CANDLE HOLDER,6.35,76,96,inventory.xml,2026-08-28 10:16:22.767509
21613,S/12 VANILLA  BOTANICAL T-LIGHTS,2.95,460,43,inventory.xml,2026-08-28 10:16:22.767509
21693,SMALL HAMMERED SILVER CANDLEPOT,2.95,323,64,inventory.xml,2026-08-28 10:16:22.767509
