customer_id,customer_name,email,city,country,loyalty_segment
C00001,Customer 00001,customer00001@example.com,Bengaluru,India,Regular
C00002,Customer 00002,customer00002@example.com,Delhi,India,Silver
C00003,Customer 00003,customer00003@example.com,Mumbai,India,Silver
C00004,Customer 00004,customer00004@example.com,Bengaluru,India,Regular
C00005,Customer 00005,customer00005@example.com,Kochi,India,Regular
C00006,Customer 00006,customer00006@example.com,Chennai,India,Regular
C00007,Customer 00007,customer00007@example.com,Mumbai,India,Silver
C00008,Customer 00008,customer00008@example.com,Chennai,India,Silver
C00009,Customer 00009,customer00009@example.com,Kochi,India,Silver
C00010,Customer 00010,customer00010@example.com,Coimbatore,India,Gold
C00011,Customer 00011,customer00011@example.com,Chennai,India,Silver
C00012,Customer 00012,customer00012@example.com,Kochi,India,Gold
C00013,Customer 00013,customer00013@example.com,Delhi,India,Silver
C00014,Customer 00014,customer00014@example.com,Mumbai,India,Gold
C00015,Customer 00015,customer00015@example.com,Bengaluru,India,Regular
C00016,Customer 00016,customer00016@example.com,Kochi,India,Regular
C00017,Customer 00017,customer00017@example.com,Pune,India,Gold
C00018,Customer 00018,customer00018@example.com,Delhi,India,Regular
C00019,Customer 00019,customer00019@example.com,Coimbatore,India,Regular
C00020,Customer 00020,customer00020@example.com,Kochi,India,Regular
C00021,Customer 00021,customer00021@example.com,Delhi,India,Gold
C00022,Customer 00022,customer00022@example.com,Mumbai,India,Regular
C00023,Customer 00023,customer00023@example.com,Chennai,India,Silver
C00024,Customer 00024,customer00024@example.com,Delhi,India,Regular
C00025,Customer 00025,customer00025@example.com,Mumbai,India,Regular
C00026,Customer 00026,customer00026@example.com,Kochi,India,Gold
C00027,Customer 00027,customer00027@example.com,Coimbatore,India,Gold
C00028,Customer 00028,customer00028@example.com,Hyderabad,India,Gold
C00029,Customer 00029,customer00029@example.com,Pune,India,Silver
C00030,Customer 00030,customer00030@example.com,Delhi,India,Regular
C00031,Customer 00031,customer00031@example.com,Hyderabad,India,Silver
C00032,Customer 00032,customer00032@example.com,Hyderabad,India,Platinum
C00033,Customer 00033,customer00033@example.com,Kochi,India,Gold
C00034,Customer 00034,customer00034@example.com,Mumbai,India,Gold
C00035,Customer 00035,customer00035@example.com,Chennai,India,Silver
C00036,Customer 00036,customer00036@example.com,Chennai,India,Gold
C00037,Customer 00037,customer00037@example.com,Kochi,India,Gold
C00038,Customer 00038,customer00038@example.com,Bengaluru,India,Silver
C00039,Customer 00039,customer00039@example.com,Pune,India,Silver
C00040,Customer 00040,customer00040@example.com,Coimbatore,India,Platinum
C00041,Customer 00041,customer00041@example.com,Coimbatore,India,Silver
C00042,Customer 00042,customer00042@example.com,Delhi,India,Silver
C00043,Customer 00043,customer00043@example.com,Mumbai,India,Gold
C00044,Customer 00044,customer00044@example.com,Kochi,India,Platinum
C00045,Customer 00045,customer00045@example.com,Pune,India,Silver
C00046,Customer 00046,customer00046@example.com,Hyderabad,India,Platinum
C00047,Customer 00047,customer00047@example.com,Bengaluru,India,Regular
C00048,Customer 00048,customer00048@example.com,Bengaluru,India,Silver
C00049,Customer 00049,customer00049@example.com,Hyderabad,India,Platinum
C00050,Customer 00050,customer00050@example.com,Bengaluru,India,Platinum
C00051,Customer 00051,customer00051@example.com,Kochi,India,Platinum
C00052,Customer 00052,customer00052@example.com,Delhi,India,Regular
C00053,Customer 00053,customer00053@example.com,Bengaluru,India,Gold
C00054,Customer 00054,customer00054@example.com,Pune,India,Regular
C00055,Customer 00055,customer00055@example.com,Delhi,India,Platinum
C00056,Customer 00056,customer00056@example.com,Hyderabad,India,Platinum
C00057,Customer 00057,customer00057@example.com,Chennai,India,Gold
C00058,Customer 00058,customer00058@example.com,Hyderabad,India,Regular
C00059,Customer 00059,customer00059@example.com,Delhi,India,Silver
C00060,Customer 00060,customer00060@example.com,Hyderabad,India,Gold
C00061,Customer 00061,customer00061@example.com,Hyderabad,India,Regular
C00062,Customer 00062,customer00062@example.com,Pune,India,Platinum
C00063,Customer 00063,customer00063@example.com,Chennai,India,Regular
C00064,Customer 00064,customer00064@example.com,Pune,India,Gold
C00065,Customer 00065,customer00065@example.com,Mumbai,India,Regular
C00066,Customer 00066,customer00066@example.com,Mumbai,India,Regular
C00067,Customer 00067,customer00067@example.com,Bengaluru,India,Platinum
C00068,Customer 00068,customer00068@example.com,Bengaluru,India,Silver
C00069,Customer 00069,customer00069@example.com,Hyderabad,India,Platinum
C00070,Customer 00070,customer00070@example.com,Hyderabad,India,Gold
C00071,Customer 00071,customer00071@example.com,Kochi,India,Silver
C00072,Customer 00072,customer00072@example.com,Mumbai,India,Gold
C00073,Customer 00073,customer00073@example.com,Kochi,India,Gold
C00074,Customer 00074,customer00074@example.com,Coimbatore,India,Platinum
C00075,Customer 00075,customer00075@example.com,Bengaluru,India,Silver
C00076,Customer 00076,customer00076@example.com,Mumbai,India,Regular
C00077,Customer 00077,customer00077@example.com,Pune,India,Regular
C00078,Customer 00078,customer00078@example.com,Mumbai,India,Silver
C00079,Customer 00079,customer00079@example.com,Chennai,India,Regular
C00080,Customer 00080,customer00080@example.com,Chennai,India,Silver
C00081,Customer 00081,customer00081@example.com,Bengaluru,India,Regular
C00082,Customer 00082,customer00082@example.com,Pune,India,Regular
C00083,Customer 00083,customer00083@example.com,Mumbai,India,Gold
C00084,Customer 00084,customer00084@example.com,Coimbatore,India,Silver
C00085,Customer 00085,customer00085@example.com,Hyderabad,India,Platinum
C00086,Customer 00086,customer00086@example.com,Mumbai,India,Platinum
C00087,Customer 00087,customer00087@example.com,Kochi,India,Silver
C00088,Customer 00088,customer00088@example.com,Bengaluru,India,Regular
C00089,Customer 00089,customer00089@example.com,Kochi,India,Gold
C00090,Customer 00090,customer00090@example.com,Kochi,India,Platinum
C00091,Customer 00091,customer00091@example.com,Coimbatore,India,Regular
C00092,Customer 00092,customer00092@example.com,Bengaluru,India,Regular
C00093,Customer 00093,customer00093@example.com,Kochi,India,Gold
C00094,Customer 00094,customer00094@example.com,Bengaluru,India,Silver
C00095,Customer 00095,customer00095@example.com,Mumbai,India,Silver
C00096,Customer 00096,customer00096@example.com,Coimbatore,India,Silver
C00097,Customer 00097,customer00097@example.com,Kochi,India,Silver
C00098,Customer 00098,customer00098@example.com,Delhi,India,Platinum
C00099,Customer 00099,customer00099@example.com,Mumbai,India,Regular
C00100,Customer 00100,customer00100@example.com,Coimbatore,India,Regular
C00101,Customer 00101,customer00101@example.com,Chennai,India,Regular
C00102,Customer 00102,customer00102@example.com,Bengaluru,India,Silver
C00103,Customer 00103,customer00103@example.com,Hyderabad,India,Platinum
C00104,Customer 00104,customer00104@example.com,Coimbatore,India,Platinum
C00105,Customer 00105,customer00105@example.com,Mumbai,India,Platinum
C00106,Customer 00106,customer00106@example.com,Chennai,India,Silver
C00107,Customer 00107,customer00107@example.com,Kochi,India,Regular
C00108,Customer 00108,customer00108@example.com,Kochi,India,Gold
C00109,Customer 00109,customer00109@example.com,Coimbatore,India,Gold
C00110,Customer 00110,customer00110@example.com,Kochi,India,Platinum
C00111,Customer 00111,customer00111@example.com,Hyderabad,India,Silver
C00112,Customer 00112,customer00112@example.com,Delhi,India,Silver
C00113,Customer 00113,customer00113@example.com,Chennai,India,Regular
C00114,Customer 00114,customer00114@example.com,Pune,India,Regular
C00115,Customer 00115,customer00115@example.com,Chennai,India,Platinum
C00116,Customer 00116,customer00116@example.com,Hyderabad,India,Regular
C00117,Customer 00117,customer00117@example.com,Bengaluru,India,Silver
C00118,Customer 00118,customer00118@example.com,Bengaluru,India,Regular
C00119,Customer 00119,customer00119@example.com,Mumbai,India,Platinum
C00120,Customer 00120,customer00120@example.com,Bengaluru,India,Silver
C00121,Customer 00121,customer00121@example.com,Chennai,India,Regular
C00122,Customer 00122,customer00122@example.com,Kochi,India,Gold
C00123,Customer 00123,customer00123@example.com,Delhi,India,Silver
C00124,Customer 00124,customer00124@example.com,Pune,India,Silver
C00125,Customer 00125,customer00125@example.com,Delhi,India,Platinum
C00126,Customer 00126,customer00126@example.com,Hyderabad,India,Gold
C00127,Customer 00127,customer00127@example.com,Coimbatore,India,Gold
C00128,Customer 00128,customer00128@example.com,Bengaluru,India,Regular
C00129,Customer 00129,customer00129@example.com,Coimbatore,India,Regular
C00130,Customer 00130,customer00130@example.com,Bengaluru,India,Silver
C00131,Customer 00131,customer00131@example.com,Delhi,India,Silver
C00132,Customer 00132,customer00132@example.com,Pune,India,Regular
C00133,Customer 00133,customer00133@example.com,Mumbai,India,Gold
C00134,Customer 00134,customer00134@example.com,Delhi,India,Silver
C00135,Customer 00135,customer00135@example.com,Coimbatore,India,Gold
C00136,Customer 00136,customer00136@example.com,Chennai,India,Gold
C00137,Customer 00137,customer00137@example.com,Bengaluru,India,Silver
C00138,Customer 00138,customer00138@example.com,Delhi,India,Regular
C00139,Customer 00139,customer00139@example.com,Bengaluru,India,Silver
C00140,Customer 00140,customer00140@example.com,Delhi,India,Gold
C00141,Customer 00141,customer00141@example.com,Mumbai,India,Gold
C00142,Customer 00142,customer00142@example.com,Mumbai,India,Gold
C00143,Customer 00143,customer00143@example.com,Coimbatore,India,Gold
C00144,Customer 00144,customer00144@example.com,Chennai,India,Regular
C00145,Customer 00145,customer00145@example.com,Kochi,India,Gold
C00146,Customer 00146,customer00146@example.com,Chennai,India,Regular
C00147,Customer 00147,customer00147@example.com,Pune,India,Silver
C00148,Customer 00148,customer00148@example.com,Delhi,India,Silver
C00149,Customer 00149,customer00149@example.com,Coimbatore,India,Platinum
C00150,Customer 00150,customer00150@example.com,Chennai,India,Regular
C00151,Customer 00151,customer00151@example.com,Bengaluru,India,Silver
C00152,Customer 00152,customer00152@example.com,Chennai,India,Gold
C00153,Customer 00153,customer00153@example.com,Hyderabad,India,Platinum
C00154,Customer 00154,customer00154@example.com,Hyderabad,India,Regular
C00155,Customer 00155,customer00155@example.com,Delhi,India,Gold
C00156,Customer 00156,customer00156@example.com,Chennai,India,Gold
C00157,Customer 00157,customer00157@example.com,Mumbai,India,Silver
C00158,Customer 00158,customer00158@example.com,Bengaluru,India,Gold
C00159,Customer 00159,customer00159@example.com,Kochi,India,Silver
C00160,Customer 00160,customer00160@example.com,Mumbai,India,Silver
C00161,Customer 00161,customer00161@example.com,Hyderabad,India,Platinum
C00162,Customer 00162,customer00162@example.com,Chennai,India,Silver
C00163,Customer 00163,customer00163@example.com,Pune,India,Platinum
C00164,Customer 00164,customer00164@example.com,Mumbai,India,Gold
C00165,Customer 00165,customer00165@example.com,Hyderabad,India,Regular
C00166,Customer 00166,customer00166@example.com,Kochi,India,Regular
C00167,Customer 00167,customer00167@example.com,Coimbatore,India,Silver
C00168,Customer 00168,customer00168@example.com,Mumbai,India,Platinum
C00169,Customer 00169,customer00169@example.com,Pune,India,Gold
C00170,Customer 00170,customer00170@example.com,Mumbai,India,Silver
C00171,Customer 00171,customer00171@example.com,Chennai,India,Silver
C00172,Customer 00172,customer00172@example.com,Kochi,India,Gold
C00173,Customer 00173,customer00173@example.com,Delhi,India,Regular
C00174,Customer 00174,customer00174@example.com,Delhi,India,Gold
C00175,Customer 00175,customer00175@example.com,Kochi,India,Gold
C00176,Customer 00176,customer00176@example.com,Chennai,India,Regular
C00177,Customer 00177,customer00177@example.com,Delhi,India,Silver
C00178,Customer 00178,customer00178@example.com,Delhi,India,Regular
C00179,Customer 00179,customer00179@example.com,Bengaluru,India,Platinum
C00180,Customer 00180,customer00180@example.com,Pune,India,Gold
C00181,Customer 00181,customer00181@example.com,Kochi,India,Regular
C00182,Customer 00182,customer00182@example.com,Kochi,India,Silver
C00183,Customer 00183,customer00183@example.com,Delhi,India,Regular
C00184,Customer 00184,customer00184@example.com,Kochi,India,Regular
C00185,Customer 00185,customer00185@example.com,Mumbai,India,Gold
C00186,Customer 00186,customer00186@example.com,Kochi,India,Regular
C00187,Customer 00187,customer00187@example.com,Pune,India,Gold
C00188,Customer 00188,customer00188@example.com,Bengaluru,India,Gold
C00189,Customer 00189,customer00189@example.com,Delhi,India,Platinum
C00190,Customer 00190,customer00190@example.com,Pune,India,Platinum
C00191,Customer 00191,customer00191@example.com,Delhi,India,Silver
C00192,Customer 00192,customer00192@example.com,Mumbai,India,Platinum
C00193,Customer 00193,customer00193@example.com,Kochi,India,Silver
C00194,Customer 00194,customer00194@example.com,Delhi,India,Platinum
C00195,Customer 00195,customer00195@example.com,Chennai,India,Gold
C00196,Customer 00196,customer00196@example.com,Delhi,India,Silver
C00197,Customer 00197,customer00197@example.com,Kochi,India,Gold
C00198,Customer 00198,customer00198@example.com,Coimbatore,India,Platinum
C00199,Customer 00199,customer00199@example.com,Coimbatore,India,Silver
C00200,Customer 00200,customer00200@example.com,Coimbatore,India,Silver
C00201,Customer 00201,customer00201@example.com,Bengaluru,India,Gold
C00202,Customer 00202,customer00202@example.com,Pune,India,Regular
C00203,Customer 00203,customer00203@example.com,Mumbai,India,Gold
C00204,Customer 00204,customer00204@example.com,Mumbai,India,Silver
C00205,Customer 00205,customer00205@example.com,Hyderabad,India,Regular
C00206,Customer 00206,customer00206@example.com,Chennai,India,Silver
C00207,Customer 00207,customer00207@example.com,Coimbatore,India,Regular
C00208,Customer 00208,customer00208@example.com,Coimbatore,India,Platinum
C00209,Customer 00209,customer00209@example.com,Mumbai,India,Platinum
C00210,Customer 00210,customer00210@example.com,Coimbatore,India,Platinum
C00211,Customer 00211,customer00211@example.com,Mumbai,India,Silver
C00212,Customer 00212,customer00212@example.com,Chennai,India,Regular
C00213,Customer 00213,customer00213@example.com,Kochi,India,Silver
C00214,Customer 00214,customer00214@example.com,Hyderabad,India,Platinum
C00215,Customer 00215,customer00215@example.com,Chennai,India,Silver
C00216,Customer 00216,customer00216@example.com,Bengaluru,India,Platinum
C00217,Customer 00217,customer00217@example.com,Hyderabad,India,Platinum
C00218,Customer 00218,customer00218@example.com,Pune,India,Platinum
C00219,Customer 00219,customer00219@example.com,Kochi,India,Platinum
C00220,Customer 00220,customer00220@example.com,Hyderabad,India,Platinum
C00221,Customer 00221,customer00221@example.com,Coimbatore,India,Gold
C00222,Customer 00222,customer00222@example.com,Mumbai,India,Gold
C00223,Customer 00223,customer00223@example.com,Coimbatore,India,Silver
C00224,Customer 00224,customer00224@example.com,Delhi,India,Platinum
C00225,Customer 00225,customer00225@example.com,Bengaluru,India,Gold
C00226,Customer 00226,customer00226@example.com,Mumbai,India,Gold
C00227,Customer 00227,customer00227@example.com,Pune,India,Gold
C00228,Customer 00228,customer00228@example.com,Bengaluru,India,Silver
C00229,Customer 00229,customer00229@example.com,Hyderabad,India,Silver
C00230,Customer 00230,customer00230@example.com,Kochi,India,Silver
C00231,Customer 00231,customer00231@example.com,Mumbai,India,Regular
C00232,Customer 00232,customer00232@example.com,Kochi,India,Platinum
C00233,Customer 00233,customer00233@example.com,Pune,India,Platinum
C00234,Customer 00234,customer00234@example.com,Kochi,India,Regular
C00235,Customer 00235,customer00235@example.com,Mumbai,India,Platinum
C00236,Customer 00236,customer00236@example.com,Kochi,India,Regular
C00237,Customer 00237,customer00237@example.com,Kochi,India,Platinum
C00238,Customer 00238,customer00238@example.com,Chennai,India,Gold
C00239,Customer 00239,customer00239@example.com,Delhi,India,Platinum
C00240,Customer 00240,customer00240@example.com,Kochi,India,Silver
C00241,Customer 00241,customer00241@example.com,Coimbatore,India,Silver
C00242,Customer 00242,customer00242@example.com,Delhi,India,Platinum
C00243,Customer 00243,customer00243@example.com,Coimbatore,India,Regular
C00244,Customer 00244,customer00244@example.com,Kochi,India,Gold
C00245,Customer 00245,customer00245@example.com,Kochi,India,Silver
C00246,Customer 00246,customer00246@example.com,Coimbatore,India,Silver
C00247,Customer 00247,customer00247@example.com,Chennai,India,Platinum
C00248,Customer 00248,customer00248@example.com,Chennai,India,Regular
C00249,Customer 00249,customer00249@example.com,Kochi,India,Silver
C00250,Customer 00250,customer00250@example.com,Coimbatore,India,Silver
C00251,Customer 00251,customer00251@example.com,Chennai,India,Gold
C00252,Customer 00252,customer00252@example.com,Kochi,India,Gold
C00253,Customer 00253,customer00253@example.com,Mumbai,India,Platinum
C00254,Customer 00254,customer00254@example.com,Pune,India,Gold
C00255,Customer 00255,customer00255@example.com,Kochi,India,Gold
C00256,Customer 00256,customer00256@example.com,Kochi,India,Gold
C00257,Customer 00257,customer00257@example.com,Bengaluru,India,Platinum
C00258,Customer 00258,customer00258@example.com,Chennai,India,Regular
C00259,Customer 00259,customer00259@example.com,Pune,India,Silver
C00260,Customer 00260,customer00260@example.com,Bengaluru,India,Regular
C00261,Customer 00261,customer00261@example.com,Chennai,India,Silver
C00262,Customer 00262,customer00262@example.com,Mumbai,India,Regular
C00263,Customer 00263,customer00263@example.com,Hyderabad,India,Silver
C00264,Customer 00264,customer00264@example.com,Hyderabad,India,Platinum
C00265,Customer 00265,customer00265@example.com,Bengaluru,India,Silver
C00266,Customer 00266,customer00266@example.com,Coimbatore,India,Gold
C00267,Customer 00267,customer00267@example.com,Pune,India,Silver
C00268,Customer 00268,customer00268@example.com,Bengaluru,India,Silver
C00269,Customer 00269,customer00269@example.com,Delhi,India,Regular
C00270,Customer 00270,customer00270@example.com,Chennai,India,Gold
C00271,Customer 00271,customer00271@example.com,Kochi,India,Platinum
C00272,Customer 00272,customer00272@example.com,Mumbai,India,Regular
C00273,Customer 00273,customer00273@example.com,Mumbai,India,Regular
C00274,Customer 00274,customer00274@example.com,Delhi,India,Regular
C00275,Customer 00275,customer00275@example.com,Chennai,India,Gold
C00276,Customer 00276,customer00276@example.com,Kochi,India,Gold
C00277,Customer 00277,customer00277@example.com,Bengaluru,India,Gold
C00278,Customer 00278,customer00278@example.com,Chennai,India,Platinum
C00279,Customer 00279,customer00279@example.com,Coimbatore,India,Regular
C00280,Customer 00280,customer00280@example.com,Kochi,India,Gold
C00281,Customer 00281,customer00281@example.com,Coimbatore,India,Silver
C00282,Customer 00282,customer00282@example.com,Kochi,India,Silver
C00283,Customer 00283,customer00283@example.com,Delhi,India,Platinum
C00284,Customer 00284,customer00284@example.com,Coimbatore,India,Platinum
C00285,Customer 00285,customer00285@example.com,Delhi,India,Gold
C00286,Customer 00286,customer00286@example.com,Mumbai,India,Regular
C00287,Customer 00287,customer00287@example.com,Delhi,India,Platinum
C00288,Customer 00288,customer00288@example.com,Mumbai,India,Platinum
C00289,Customer 00289,customer00289@example.com,Kochi,India,Gold
C00290,Customer 00290,customer00290@example.com,Chennai,India,Platinum
C00291,Customer 00291,customer00291@example.com,Pune,India,Silver
C00292,Customer 00292,customer00292@example.com,Coimbatore,India,Silver
C00293,Customer 00293,customer00293@example.com,Pune,India,Gold
C00294,Customer 00294,customer00294@example.com,Pune,India,Gold
C00295,Customer 00295,customer00295@example.com,Delhi,India,Regular
C00296,Customer 00296,customer00296@example.com,Mumbai,India,Regular
C00297,Customer 00297,customer00297@example.com,Mumbai,India,Platinum
C00298,Customer 00298,customer00298@example.com,Coimbatore,India,Silver
C00299,Customer 00299,customer00299@example.com,Coimbatore,India,Platinum
C00300,Customer 00300,customer00300@example.com,Coimbatore,India,Regular
C00301,Customer 00301,customer00301@example.com,Bengaluru,India,Gold
C00302,Customer 00302,customer00302@example.com,Mumbai,India,Platinum
C00303,Customer 00303,customer00303@example.com,Mumbai,India,Gold
C00304,Customer 00304,customer00304@example.com,Pune,India,Platinum
C00305,Customer 00305,customer00305@example.com,Pune,India,Platinum
C00306,Customer 00306,customer00306@example.com,Pune,India,Gold
C00307,Customer 00307,customer00307@example.com,Coimbatore,India,Gold
C00308,Customer 00308,customer00308@example.com,Delhi,India,Gold
C00309,Customer 00309,customer00309@example.com,Mumbai,India,Regular
C00310,Customer 00310,customer00310@example.com,Mumbai,India,Gold
C00311,Customer 00311,customer00311@example.com,Bengaluru,India,Silver
C00312,Customer 00312,customer00312@example.com,Mumbai,India,Silver
C00313,Customer 00313,customer00313@example.com,Coimbatore,India,Gold
C00314,Customer 00314,customer00314@example.com,Delhi,India,Regular
C00315,Customer 00315,customer00315@example.com,Mumbai,India,Gold
C00316,Customer 00316,customer00316@example.com,Mumbai,India,Gold
C00317,Customer 00317,customer00317@example.com,Hyderabad,India,Gold
C00318,Customer 00318,customer00318@example.com,Chennai,India,Silver
C00319,Customer 00319,customer00319@example.com,Delhi,India,Regular
C00320,Customer 00320,customer00320@example.com,Chennai,India,Gold
C00321,Customer 00321,customer00321@example.com,Hyderabad,India,Platinum
C00322,Customer 00322,customer00322@example.com,Bengaluru,India,Regular
C00323,Customer 00323,customer00323@example.com,Delhi,India,Platinum
C00324,Customer 00324,customer00324@example.com,Coimbatore,India,Platinum
C00325,Customer 00325,customer00325@example.com,Pune,India,Silver
C00326,Customer 00326,customer00326@example.com,Chennai,India,Gold
C00327,Customer 00327,customer00327@example.com,Coimbatore,India,Regular
C00328,Customer 00328,customer00328@example.com,Bengaluru,India,Platinum
C00329,Customer 00329,customer00329@example.com,Coimbatore,India,Regular
C00330,Customer 00330,customer00330@example.com,Chennai,India,Silver
C00331,Customer 00331,customer00331@example.com,Hyderabad,India,Gold
C00332,Customer 00332,customer00332@example.com,Bengaluru,India,Silver
C00333,Customer 00333,customer00333@example.com,Bengaluru,India,Platinum
C00334,Customer 00334,customer00334@example.com,Mumbai,India,Platinum
C00335,Customer 00335,customer00335@example.com,Coimbatore,India,Platinum
C00336,Customer 00336,customer00336@example.com,Delhi,India,Platinum
C00337,Customer 00337,customer00337@example.com,Delhi,India,Regular
C00338,Customer 00338,customer00338@example.com,Bengaluru,India,Silver
C00339,Customer 00339,customer00339@example.com,Mumbai,India,Gold
C00340,Customer 00340,customer00340@example.com,Bengaluru,India,Silver
C00341,Customer 00341,customer00341@example.com,Mumbai,India,Silver
C00342,Customer 00342,customer00342@example.com,Bengaluru,India,Silver
C00343,Customer 00343,customer00343@example.com,Chennai,India,Platinum
C00344,Customer 00344,customer00344@example.com,Coimbatore,India,Platinum
C00345,Customer 00345,customer00345@example.com,Delhi,India,Regular
C00346,Customer 00346,customer00346@example.com,Mumbai,India,Gold
C00347,Customer 00347,customer00347@example.com,Delhi,India,Platinum
C00348,Customer 00348,customer00348@example.com,Bengaluru,India,Silver
C00349,Customer 00349,customer00349@example.com,Delhi,India,Silver
C00350,Customer 00350,customer00350@example.com,Kochi,India,Regular
C00351,Customer 00351,customer00351@example.com,Mumbai,India,Silver
C00352,Customer 00352,customer00352@example.com,Delhi,India,Silver
C00353,Customer 00353,customer00353@example.com,Bengaluru,India,Regular
C00354,Customer 00354,customer00354@example.com,Hyderabad,India,Gold
C00355,Customer 00355,customer00355@example.com,Delhi,India,Platinum
C00356,Customer 00356,customer00356@example.com,Bengaluru,India,Platinum
C00357,Customer 00357,customer00357@example.com,Delhi,India,Platinum
C00358,Customer 00358,customer00358@example.com,Delhi,India,Platinum
C00359,Customer 00359,customer00359@example.com,Coimbatore,India,Regular
C00360,Customer 00360,customer00360@example.com,Chennai,India,Platinum
C00361,Customer 00361,customer00361@example.com,Pune,India,Gold
C00362,Customer 00362,customer00362@example.com,Chennai,India,Regular
C00363,Customer 00363,customer00363@example.com,Mumbai,India,Regular
C00364,Customer 00364,customer00364@example.com,Delhi,India,Regular
C00365,Customer 00365,customer00365@example.com,Hyderabad,India,Platinum
C00366,Customer 00366,customer00366@example.com,Coimbatore,India,Gold
C00367,Customer 00367,customer00367@example.com,Hyderabad,India,Platinum
C00368,Customer 00368,customer00368@example.com,Coimbatore,India,Regular
C00369,Customer 00369,customer00369@example.com,Coimbatore,India,Gold
C00370,Customer 00370,customer00370@example.com,Kochi,India,Gold
C00371,Customer 00371,customer00371@example.com,Pune,India,Regular
C00372,Customer 00372,customer00372@example.com,Hyderabad,India,Gold
C00373,Customer 00373,customer00373@example.com,Kochi,India,Platinum
C00374,Customer 00374,customer00374@example.com,Delhi,India,Platinum
C00375,Customer 00375,customer00375@example.com,Chennai,India,Platinum
C00376,Customer 00376,customer00376@example.com,Bengaluru,India,Gold
C00377,Customer 00377,customer00377@example.com,Delhi,India,Gold
C00378,Customer 00378,customer00378@example.com,Bengaluru,India,Platinum
C00379,Customer 00379,customer00379@example.com,Chennai,India,Platinum
C00380,Customer 00380,customer00380@example.com,Kochi,India,Regular
C00381,Customer 00381,customer00381@example.com,Mumbai,India,Gold
C00382,Customer 00382,customer00382@example.com,Coimbatore,India,Platinum
C00383,Customer 00383,customer00383@example.com,Chennai,India,Silver
C00384,Customer 00384,customer00384@example.com,Delhi,India,Silver
C00385,Customer 00385,customer00385@example.com,Delhi,India,Platinum
C00386,Customer 00386,customer00386@example.com,Coimbatore,India,Regular
C00387,Customer 00387,customer00387@example.com,Chennai,India,Silver
C00388,Customer 00388,customer00388@example.com,Hyderabad,India,Gold
C00389,Customer 00389,customer00389@example.com,Chennai,India,Platinum
C00390,Customer 00390,customer00390@example.com,Bengaluru,India,Silver
C00391,Customer 00391,customer00391@example.com,Bengaluru,India,Platinum
C00392,Customer 00392,customer00392@example.com,Bengaluru,India,Silver
C00393,Customer 00393,customer00393@example.com,Coimbatore,India,Gold
C00394,Customer 00394,customer00394@example.com,Delhi,India,Platinum
C00395,Customer 00395,customer00395@example.com,Coimbatore,India,Platinum
C00396,Customer 00396,customer00396@example.com,Mumbai,India,Platinum
C00397,Customer 00397,customer00397@example.com,Hyderabad,India,Platinum
C00398,Customer 00398,customer00398@example.com,Mumbai,India,Silver
C00399,Customer 00399,customer00399@example.com,Bengaluru,India,Gold
C00400,Customer 00400,customer00400@example.com,Kochi,India,Gold
C00401,Customer 00401,customer00401@example.com,Delhi,India,Regular
C00402,Customer 00402,customer00402@example.com,Delhi,India,Gold
C00403,Customer 00403,customer00403@example.com,Coimbatore,India,Silver
C00404,Customer 00404,customer00404@example.com,Coimbatore,India,Platinum
C00405,Customer 00405,customer00405@example.com,Pune,India,Gold
C00406,Customer 00406,customer00406@example.com,Kochi,India,Platinum
C00407,Customer 00407,customer00407@example.com,Pune,India,Silver
C00408,Customer 00408,customer00408@example.com,Mumbai,India,Platinum
C00409,Customer 00409,customer00409@example.com,Mumbai,India,Platinum
C00410,Customer 00410,customer00410@example.com,Chennai,India,Gold
C00411,Customer 00411,customer00411@example.com,Coimbatore,India,Platinum
C00412,Customer 00412,customer00412@example.com,Kochi,India,Silver
C00413,Customer 00413,customer00413@example.com,Coimbatore,India,Regular
C00414,Customer 00414,customer00414@example.com,Hyderabad,India,Gold
C00415,Customer 00415,customer00415@example.com,Bengaluru,India,Platinum
C00416,Customer 00416,customer00416@example.com,Bengaluru,India,Platinum
C00417,Customer 00417,customer00417@example.com,Chennai,India,Silver
C00418,Customer 00418,customer00418@example.com,Kochi,India,Silver
C00419,Customer 00419,customer00419@example.com,Bengaluru,India,Platinum
C00420,Customer 00420,customer00420@example.com,Delhi,India,Gold
C00421,Customer 00421,customer00421@example.com,Kochi,India,Regular
C00422,Customer 00422,customer00422@example.com,Pune,India,Platinum
C00423,Customer 00423,customer00423@example.com,Pune,India,Platinum
C00424,Customer 00424,customer00424@example.com,Chennai,India,Regular
C00425,Customer 00425,customer00425@example.com,Mumbai,India,Gold
C00426,Customer 00426,customer00426@example.com,Mumbai,India,Regular
C00427,Customer 00427,customer00427@example.com,Kochi,India,Regular
C00428,Customer 00428,customer00428@example.com,Bengaluru,India,Platinum
C00429,Customer 00429,customer00429@example.com,Hyderabad,India,Gold
C00430,Customer 00430,customer00430@example.com,Chennai,India,Regular
C00431,Customer 00431,customer00431@example.com,Pune,India,Regular
C00432,Customer 00432,customer00432@example.com,Delhi,India,Gold
C00433,Customer 00433,customer00433@example.com,Pune,India,Platinum
C00434,Customer 00434,customer00434@example.com,Hyderabad,India,Silver
C00435,Customer 00435,customer00435@example.com,Kochi,India,Silver
C00436,Customer 00436,customer00436@example.com,Hyderabad,India,Silver
C00437,Customer 00437,customer00437@example.com,Bengaluru,India,Platinum
C00438,Customer 00438,customer00438@example.com,Mumbai,India,Platinum
C00439,Customer 00439,customer00439@example.com,Hyderabad,India,Silver
C00440,Customer 00440,customer00440@example.com,Coimbatore,India,Gold
C00441,Customer 00441,customer00441@example.com,Coimbatore,India,Gold
C00442,Customer 00442,customer00442@example.com,Chennai,India,Platinum
C00443,Customer 00443,customer00443@example.com,Delhi,India,Silver
C00444,Customer 00444,customer00444@example.com,Bengaluru,India,Platinum
C00445,Customer 00445,customer00445@example.com,Pune,India,Gold
C00446,Customer 00446,customer00446@example.com,Kochi,India,Gold
C00447,Customer 00447,customer00447@example.com,Coimbatore,India,Gold
C00448,Customer 00448,customer00448@example.com,Mumbai,India,Platinum
C00449,Customer 00449,customer00449@example.com,Coimbatore,India,Regular
C00450,Customer 00450,customer00450@example.com,Mumbai,India,Platinum
C00451,Customer 00451,customer00451@example.com,Pune,India,Gold
C00452,Customer 00452,customer00452@example.com,Delhi,India,Regular
C00453,Customer 00453,customer00453@example.com,Kochi,India,Gold
C00454,Customer 00454,customer00454@example.com,Chennai,India,Regular
C00455,Customer 00455,customer00455@example.com,Coimbatore,India,Gold
C00456,Customer 00456,customer00456@example.com,Mumbai,India,Gold
C00457,Customer 00457,customer00457@example.com,Mumbai,India,Silver
C00458,Customer 00458,customer00458@example.com,Delhi,India,Silver
C00459,Customer 00459,customer00459@example.com,Bengaluru,India,Regular
C00460,Customer 00460,customer00460@example.com,Delhi,India,Platinum
C00461,Customer 00461,customer00461@example.com,Chennai,India,Gold
C00462,Customer 00462,customer00462@example.com,Hyderabad,India,Regular
C00463,Customer 00463,customer00463@example.com,Delhi,India,Gold
C00464,Customer 00464,customer00464@example.com,Kochi,India,Silver
C00465,Customer 00465,customer00465@example.com,Mumbai,India,Silver
C00466,Customer 00466,customer00466@example.com,Pune,India,Gold
C00467,Customer 00467,customer00467@example.com,Hyderabad,India,Gold
C00468,Customer 00468,customer00468@example.com,Coimbatore,India,Gold
C00469,Customer 00469,customer00469@example.com,Pune,India,Regular
C00470,Customer 00470,customer00470@example.com,Coimbatore,India,Regular
C00471,Customer 00471,customer00471@example.com,Hyderabad,India,Silver
C00472,Customer 00472,customer00472@example.com,Kochi,India,Gold
C00473,Customer 00473,customer00473@example.com,Bengaluru,India,Platinum
C00474,Customer 00474,customer00474@example.com,Chennai,India,Gold
C00475,Customer 00475,customer00475@example.com,Bengaluru,India,Platinum
C00476,Customer 00476,customer00476@example.com,Pune,India,Gold
C00477,Customer 00477,customer00477@example.com,Kochi,India,Gold
C00478,Customer 00478,customer00478@example.com,Bengaluru,India,Silver
C00479,Customer 00479,customer00479@example.com,Coimbatore,India,Regular
C00480,Customer 00480,customer00480@example.com,Pune,India,Silver
C00481,Customer 00481,customer00481@example.com,Bengaluru,India,Platinum
C00482,Customer 00482,customer00482@example.com,Delhi,India,Platinum
C00483,Customer 00483,customer00483@example.com,Bengaluru,India,Silver
C00484,Customer 00484,customer00484@example.com,Chennai,India,Regular
C00485,Customer 00485,customer00485@example.com,Delhi,India,Platinum
C00486,Customer 00486,customer00486@example.com,Bengaluru,India,Regular
C00487,Customer 00487,customer00487@example.com,Mumbai,India,Silver
C00488,Customer 00488,customer00488@example.com,Kochi,India,Platinum
C00489,Customer 00489,customer00489@example.com,Pune,India,Platinum
C00490,Customer 00490,customer00490@example.com,Hyderabad,India,Platinum
C00491,Customer 00491,customer00491@example.com,Bengaluru,India,Platinum
C00492,Customer 00492,customer00492@example.com,Kochi,India,Gold
C00493,Customer 00493,customer00493@example.com,Chennai,India,Gold
C00494,Customer 00494,customer00494@example.com,Mumbai,India,Platinum
C00495,Customer 00495,customer00495@example.com,Coimbatore,India,Silver
C00496,Customer 00496,customer00496@example.com,Pune,India,Regular
C00497,Customer 00497,customer00497@example.com,Pune,India,Gold
C00498,Customer 00498,customer00498@example.com,Chennai,India,Platinum
C00499,Customer 00499,customer00499@example.com,Delhi,India,Silver
C00500,Customer 00500,customer00500@example.com,Bengaluru,India,Platinum
C00501,Customer 00501,customer00501@example.com,Bengaluru,India,Silver
C00502,Customer 00502,customer00502@example.com,Chennai,India,Regular
C00503,Customer 00503,customer00503@example.com,Pune,India,Silver
C00504,Customer 00504,customer00504@example.com,Hyderabad,India,Silver
C00505,Customer 00505,customer00505@example.com,Bengaluru,India,Silver
C00506,Customer 00506,customer00506@example.com,Mumbai,India,Silver
C00507,Customer 00507,customer00507@example.com,Pune,India,Silver
C00508,Customer 00508,customer00508@example.com,Chennai,India,Gold
C00509,Customer 00509,customer00509@example.com,Hyderabad,India,Silver
C00510,Customer 00510,customer00510@example.com,Delhi,India,Silver
C00511,Customer 00511,customer00511@example.com,Bengaluru,India,Regular
C00512,Customer 00512,customer00512@example.com,Hyderabad,India,Regular
C00513,Customer 00513,customer00513@example.com,Pune,India,Silver
C00514,Customer 00514,customer00514@example.com,Pune,India,Regular
C00515,Customer 00515,customer00515@example.com,Hyderabad,India,Gold
C00516,Customer 00516,customer00516@example.com,Chennai,India,Silver
C00517,Customer 00517,customer00517@example.com,Kochi,India,Regular
C00518,Customer 00518,customer00518@example.com,Bengaluru,India,Platinum
C00519,Customer 00519,customer00519@example.com,Coimbatore,India,Gold
C00520,Customer 00520,customer00520@example.com,Bengaluru,India,Platinum
C00521,Customer 00521,customer00521@example.com,Mumbai,India,Regular
C00522,Customer 00522,customer00522@example.com,Delhi,India,Platinum
C00523,Customer 00523,customer00523@example.com,Chennai,India,Regular
C00524,Customer 00524,customer00524@example.com,Coimbatore,India,Platinum
C00525,Customer 00525,customer00525@example.com,Kochi,India,Regular
C00526,Customer 00526,customer00526@example.com,Coimbatore,India,Platinum
C00527,Customer 00527,customer00527@example.com,Bengaluru,India,Regular
C00528,Customer 00528,customer00528@example.com,Pune,India,Silver
C00529,Customer 00529,customer00529@example.com,Bengaluru,India,Silver
C00530,Customer 00530,customer00530@example.com,Delhi,India,Gold
C00531,Customer 00531,customer00531@example.com,Kochi,India,Gold
C00532,Customer 00532,customer00532@example.com,Coimbatore,India,Platinum
C00533,Customer 00533,customer00533@example.com,Bengaluru,India,Regular
C00534,Customer 00534,customer00534@example.com,Mumbai,India,Platinum
C00535,Customer 00535,customer00535@example.com,Coimbatore,India,Silver
C00536,Customer 00536,customer00536@example.com,Kochi,India,Gold
C00537,Customer 00537,customer00537@example.com,Coimbatore,India,Platinum
C00538,Customer 00538,customer00538@example.com,Kochi,India,Regular
C00539,Customer 00539,customer00539@example.com,Pune,India,Platinum
C00540,Customer 00540,customer00540@example.com,Pune,India,Gold
C00541,Customer 00541,customer00541@example.com,Pune,India,Silver
C00542,Customer 00542,customer00542@example.com,Coimbatore,India,Regular
C00543,Customer 00543,customer00543@example.com,Bengaluru,India,Regular
C00544,Customer 00544,customer00544@example.com,Bengaluru,India,Platinum
C00545,Customer 00545,customer00545@example.com,Bengaluru,India,Gold
C00546,Customer 00546,customer00546@example.com,Hyderabad,India,Regular
C00547,Customer 00547,customer00547@example.com,Pune,India,Regular
C00548,Customer 00548,customer00548@example.com,Kochi,India,Gold
C00549,Customer 00549,customer00549@example.com,Kochi,India,Regular
C00550,Customer 00550,customer00550@example.com,Delhi,India,Gold
C00551,Customer 00551,customer00551@example.com,Pune,India,Regular
C00552,Customer 00552,customer00552@example.com,Mumbai,India,Silver
C00553,Customer 00553,customer00553@example.com,Coimbatore,India,Silver
C00554,Customer 00554,customer00554@example.com,Bengaluru,India,Gold
C00555,Customer 00555,customer00555@example.com,Pune,India,Regular
C00556,Customer 00556,customer00556@example.com,Delhi,India,Silver
C00557,Customer 00557,customer00557@example.com,Kochi,India,Regular
C00558,Customer 00558,customer00558@example.com,Delhi,India,Regular
C00559,Customer 00559,customer00559@example.com,Hyderabad,India,Gold
C00560,Customer 00560,customer00560@example.com,Delhi,India,Gold
C00561,Customer 00561,customer00561@example.com,Pune,India,Regular
C00562,Customer 00562,customer00562@example.com,Hyderabad,India,Silver
C00563,Customer 00563,customer00563@example.com,Kochi,India,Regular
C00564,Customer 00564,customer00564@example.com,Hyderabad,India,Regular
C00565,Customer 00565,customer00565@example.com,Bengaluru,India,Silver
C00566,Customer 00566,customer00566@example.com,Kochi,India,Platinum
C00567,Customer 00567,customer00567@example.com,Coimbatore,India,Gold
C00568,Customer 00568,customer00568@example.com,Hyderabad,India,Gold
C00569,Customer 00569,customer00569@example.com,Delhi,India,Gold
C00570,Customer 00570,customer00570@example.com,Bengaluru,India,Regular
C00571,Customer 00571,customer00571@example.com,Hyderabad,India,Silver
C00572,Customer 00572,customer00572@example.com,Chennai,India,Regular
C00573,Customer 00573,customer00573@example.com,Delhi,India,Platinum
C00574,Customer 00574,customer00574@example.com,Kochi,India,Platinum
C00575,Customer 00575,customer00575@example.com,Coimbatore,India,Platinum
C00576,Customer 00576,customer00576@example.com,Delhi,India,Silver
C00577,Customer 00577,customer00577@example.com,Bengaluru,India,Gold
C00578,Customer 00578,customer00578@example.com,Kochi,India,Regular
C00579,Customer 00579,customer00579@example.com,Delhi,India,Platinum
C00580,Customer 00580,customer00580@example.com,Delhi,India,Regular
C00581,Customer 00581,customer00581@example.com,Mumbai,India,Platinum
C00582,Customer 00582,customer00582@example.com,Chennai,India,Regular
C00583,Customer 00583,customer00583@example.com,Mumbai,India,Gold
C00584,Customer 00584,customer00584@example.com,Mumbai,India,Silver
C00585,Customer 00585,customer00585@example.com,Delhi,India,Gold
C00586,Customer 00586,customer00586@example.com,Pune,India,Regular
C00587,Customer 00587,customer00587@example.com,Chennai,India,Platinum
C00588,Customer 00588,customer00588@example.com,Kochi,India,Silver
C00589,Customer 00589,customer00589@example.com,Hyderabad,India,Platinum
C00590,Customer 00590,customer00590@example.com,Mumbai,India,Gold
C00591,Customer 00591,customer00591@example.com,Bengaluru,India,Platinum
C00592,Customer 00592,customer00592@example.com,Chennai,India,Platinum
C00593,Customer 00593,customer00593@example.com,Chennai,India,Platinum
C00594,Customer 00594,customer00594@example.com,Bengaluru,India,Gold
C00595,Customer 00595,customer00595@example.com,Kochi,India,Platinum
C00596,Customer 00596,customer00596@example.com,Kochi,India,Gold
C00597,Customer 00597,customer00597@example.com,Bengaluru,India,Platinum
C00598,Customer 00598,customer00598@example.com,Chennai,India,Gold
C00599,Customer 00599,customer00599@example.com,Hyderabad,India,Platinum
C00600,Customer 00600,customer00600@example.com,Pune,India,Regular
C00601,Customer 00601,customer00601@example.com,Kochi,India,Regular
C00602,Customer 00602,customer00602@example.com,Mumbai,India,Platinum
C00603,Customer 00603,customer00603@example.com,Kochi,India,Regular
C00604,Customer 00604,customer00604@example.com,Kochi,India,Gold
C00605,Customer 00605,customer00605@example.com,Pune,India,Silver
C00606,Customer 00606,customer00606@example.com,Pune,India,Silver
C00607,Customer 00607,customer00607@example.com,Bengaluru,India,Regular
C00608,Customer 00608,customer00608@example.com,Mumbai,India,Gold
C00609,Customer 00609,customer00609@example.com,Pune,India,Silver
C00610,Customer 00610,customer00610@example.com,Mumbai,India,Regular
C00611,Customer 00611,customer00611@example.com,Hyderabad,India,Gold
C00612,Customer 00612,customer00612@example.com,Mumbai,India,Silver
C00613,Customer 00613,customer00613@example.com,Hyderabad,India,Regular
C00614,Customer 00614,customer00614@example.com,Hyderabad,India,Platinum
C00615,Customer 00615,customer00615@example.com,Coimbatore,India,Platinum
C00616,Customer 00616,customer00616@example.com,Pune,India,Gold
C00617,Customer 00617,customer00617@example.com,Hyderabad,India,Platinum
C00618,Customer 00618,customer00618@example.com,Bengaluru,India,Platinum
C00619,Customer 00619,customer00619@example.com,Coimbatore,India,Gold
C00620,Customer 00620,customer00620@example.com,Delhi,India,Regular
C00621,Customer 00621,customer00621@example.com,Pune,India,Regular
C00622,Customer 00622,customer00622@example.com,Delhi,India,Platinum
C00623,Customer 00623,customer00623@example.com,Coimbatore,India,Regular
C00624,Customer 00624,customer00624@example.com,Chennai,India,Gold
C00625,Customer 00625,customer00625@example.com,Delhi,India,Regular
C00626,Customer 00626,customer00626@example.com,Bengaluru,India,Platinum
C00627,Customer 00627,customer00627@example.com,Coimbatore,India,Regular
C00628,Customer 00628,customer00628@example.com,Coimbatore,India,Silver
C00629,Customer 00629,customer00629@example.com,Pune,India,Platinum
C00630,Customer 00630,customer00630@example.com,Hyderabad,India,Regular
C00631,Customer 00631,customer00631@example.com,Coimbatore,India,Regular
C00632,Customer 00632,customer00632@example.com,Pune,India,Regular
C00633,Customer 00633,customer00633@example.com,Hyderabad,India,Regular
C00634,Customer 00634,customer00634@example.com,Mumbai,India,Platinum
C00635,Customer 00635,customer00635@example.com,Coimbatore,India,Silver
C00636,Customer 00636,customer00636@example.com,Pune,India,Gold
C00637,Customer 00637,customer00637@example.com,Delhi,India,Platinum
C00638,Customer 00638,customer00638@example.com,Kochi,India,Gold
C00639,Customer 00639,customer00639@example.com,Chennai,India,Gold
C00640,Customer 00640,customer00640@example.com,Bengaluru,India,Gold
C00641,Customer 00641,customer00641@example.com,Bengaluru,India,Platinum
C00642,Customer 00642,customer00642@example.com,Delhi,India,Gold
C00643,Customer 00643,customer00643@example.com,Hyderabad,India,Gold
C00644,Customer 00644,customer00644@example.com,Bengaluru,India,Silver
C00645,Customer 00645,customer00645@example.com,Pune,India,Gold
C00646,Customer 00646,customer00646@example.com,Kochi,India,Silver
C00647,Customer 00647,customer00647@example.com,Bengaluru,India,Gold
C00648,Customer 00648,customer00648@example.com,Kochi,India,Gold
C00649,Customer 00649,customer00649@example.com,Hyderabad,India,Regular
C00650,Customer 00650,customer00650@example.com,Kochi,India,Gold
C00651,Customer 00651,customer00651@example.com,Chennai,India,Gold
C00652,Customer 00652,customer00652@example.com,Delhi,India,Silver
C00653,Customer 00653,customer00653@example.com,Mumbai,India,Gold
C00654,Customer 00654,customer00654@example.com,Coimbatore,India,Silver
C00655,Customer 00655,customer00655@example.com,Mumbai,India,Silver
C00656,Customer 00656,customer00656@example.com,Hyderabad,India,Regular
C00657,Customer 00657,customer00657@example.com,Delhi,India,Regular
C00658,Customer 00658,customer00658@example.com,Chennai,India,Gold
C00659,Customer 00659,customer00659@example.com,Hyderabad,India,Platinum
C00660,Customer 00660,customer00660@example.com,Hyderabad,India,Silver
C00661,Customer 00661,customer00661@example.com,Hyderabad,India,Silver
C00662,Customer 00662,customer00662@example.com,Coimbatore,India,Regular
C00663,Customer 00663,customer00663@example.com,Kochi,India,Gold
C00664,Customer 00664,customer00664@example.com,Mumbai,India,Platinum
C00665,Customer 00665,customer00665@example.com,Delhi,India,Platinum
C00666,Customer 00666,customer00666@example.com,Mumbai,India,Silver
C00667,Customer 00667,customer00667@example.com,Delhi,India,Platinum
C00668,Customer 00668,customer00668@example.com,Mumbai,India,Gold
C00669,Customer 00669,customer00669@example.com,Coimbatore,India,Platinum
C00670,Customer 00670,customer00670@example.com,Delhi,India,Platinum
C00671,Customer 00671,customer00671@example.com,Kochi,India,Silver
C00672,Customer 00672,customer00672@example.com,Mumbai,India,Silver
C00673,Customer 00673,customer00673@example.com,Delhi,India,Regular
C00674,Customer 00674,customer00674@example.com,Coimbatore,India,Gold
C00675,Customer 00675,customer00675@example.com,Bengaluru,India,Regular
C00676,Customer 00676,customer00676@example.com,Delhi,India,Regular
C00677,Customer 00677,customer00677@example.com,Hyderabad,India,Gold
C00678,Customer 00678,customer00678@example.com,Coimbatore,India,Silver
C00679,Customer 00679,customer00679@example.com,Kochi,India,Regular
C00680,Customer 00680,customer00680@example.com,Mumbai,India,Platinum
C00681,Customer 00681,customer00681@example.com,Pune,India,Regular
C00682,Customer 00682,customer00682@example.com,Kochi,India,Regular
C00683,Customer 00683,customer00683@example.com,Kochi,India,Gold
C00684,Customer 00684,customer00684@example.com,Mumbai,India,Platinum
C00685,Customer 00685,customer00685@example.com,Bengaluru,India,Gold
C00686,Customer 00686,customer00686@example.com,Mumbai,India,Regular
C00687,Customer 00687,customer00687@example.com,Pune,India,Regular
C00688,Customer 00688,customer00688@example.com,Pune,India,Silver
C00689,Customer 00689,customer00689@example.com,Hyderabad,India,Regular
C00690,Customer 00690,customer00690@example.com,Delhi,India,Platinum
C00691,Customer 00691,customer00691@example.com,Hyderabad,India,Platinum
C00692,Customer 00692,customer00692@example.com,Coimbatore,India,Regular
C00693,Customer 00693,customer00693@example.com,Bengaluru,India,Regular
C00694,Customer 00694,customer00694@example.com,Delhi,India,Silver
C00695,Customer 00695,customer00695@example.com,Hyderabad,India,Platinum
C00696,Customer 00696,customer00696@example.com,Bengaluru,India,Gold
C00697,Customer 00697,customer00697@example.com,Mumbai,India,Gold
C00698,Customer 00698,customer00698@example.com,Bengaluru,India,Regular
C00699,Customer 00699,customer00699@example.com,Mumbai,India,Platinum
C00700,Customer 00700,customer00700@example.com,Coimbatore,India,Regular
C00701,Customer 00701,customer00701@example.com,Bengaluru,India,Platinum
C00702,Customer 00702,customer00702@example.com,Chennai,India,Silver
C00703,Customer 00703,customer00703@example.com,Hyderabad,India,Gold
C00704,Customer 00704,customer00704@example.com,Kochi,India,Regular
C00705,Customer 00705,customer00705@example.com,Pune,India,Silver
C00706,Customer 00706,customer00706@example.com,Kochi,India,Silver
C00707,Customer 00707,customer00707@example.com,Bengaluru,India,Gold
C00708,Customer 00708,customer00708@example.com,Bengaluru,India,Regular
C00709,Customer 00709,customer00709@example.com,Kochi,India,Platinum
C00710,Customer 00710,customer00710@example.com,Chennai,India,Platinum
C00711,Customer 00711,customer00711@example.com,Pune,India,Gold
C00712,Customer 00712,customer00712@example.com,Chennai,India,Gold
C00713,Customer 00713,customer00713@example.com,Bengaluru,India,Gold
C00714,Customer 00714,customer00714@example.com,Mumbai,India,Regular
C00715,Customer 00715,customer00715@example.com,Pune,India,Silver
C00716,Customer 00716,customer00716@example.com,Chennai,India,Gold
C00717,Customer 00717,customer00717@example.com,Pune,India,Silver
C00718,Customer 00718,customer00718@example.com,Coimbatore,India,Platinum
C00719,Customer 00719,customer00719@example.com,Hyderabad,India,Silver
C00720,Customer 00720,customer00720@example.com,Bengaluru,India,Platinum
C00721,Customer 00721,customer00721@example.com,Chennai,India,Gold
C00722,Customer 00722,customer00722@example.com,Mumbai,India,Regular
C00723,Customer 00723,customer00723@example.com,Mumbai,India,Regular
C00724,Customer 00724,customer00724@example.com,Pune,India,Gold
C00725,Customer 00725,customer00725@example.com,Kochi,India,Platinum
C00726,Customer 00726,customer00726@example.com,Delhi,India,Regular
C00727,Customer 00727,customer00727@example.com,Mumbai,India,Gold
C00728,Customer 00728,customer00728@example.com,Pune,India,Regular
C00729,Customer 00729,customer00729@example.com,Pune,India,Gold
C00730,Customer 00730,customer00730@example.com,Bengaluru,India,Gold
C00731,Customer 00731,customer00731@example.com,Kochi,India,Platinum
C00732,Customer 00732,customer00732@example.com,Coimbatore,India,Platinum
C00733,Customer 00733,customer00733@example.com,Pune,India,Silver
C00734,Customer 00734,customer00734@example.com,Coimbatore,India,Platinum
C00735,Customer 00735,customer00735@example.com,Pune,India,Gold
C00736,Customer 00736,customer00736@example.com,Bengaluru,India,Platinum
C00737,Customer 00737,customer00737@example.com,Bengaluru,India,Platinum
C00738,Customer 00738,customer00738@example.com,Hyderabad,India,Gold
C00739,Customer 00739,customer00739@example.com,Pune,India,Regular
C00740,Customer 00740,customer00740@example.com,Bengaluru,India,Gold
C00741,Customer 00741,customer00741@example.com,Delhi,India,Gold
C00742,Customer 00742,customer00742@example.com,Coimbatore,India,Platinum
C00743,Customer 00743,customer00743@example.com,Hyderabad,India,Platinum
C00744,Customer 00744,customer00744@example.com,Pune,India,Platinum
C00745,Customer 00745,customer00745@example.com,Chennai,India,Gold
C00746,Customer 00746,customer00746@example.com,Kochi,India,Gold
C00747,Customer 00747,customer00747@example.com,Chennai,India,Regular
C00748,Customer 00748,customer00748@example.com,Kochi,India,Gold
C00749,Customer 00749,customer00749@example.com,Hyderabad,India,Regular
C00750,Customer 00750,customer00750@example.com,Hyderabad,India,Platinum
C00751,Customer 00751,customer00751@example.com,Chennai,India,Silver
C00752,Customer 00752,customer00752@example.com,Bengaluru,India,Silver
C00753,Customer 00753,customer00753@example.com,Pune,India,Gold
C00754,Customer 00754,customer00754@example.com,Kochi,India,Regular
C00755,Customer 00755,customer00755@example.com,Hyderabad,India,Platinum
C00756,Customer 00756,customer00756@example.com,Pune,India,Gold
C00757,Customer 00757,customer00757@example.com,Coimbatore,India,Regular
C00758,Customer 00758,customer00758@example.com,Hyderabad,India,Gold
C00759,Customer 00759,customer00759@example.com,Kochi,India,Gold
C00760,Customer 00760,customer00760@example.com,Delhi,India,Silver
C00761,Customer 00761,customer00761@example.com,Bengaluru,India,Regular
C00762,Customer 00762,customer00762@example.com,Hyderabad,India,Platinum
C00763,Customer 00763,customer00763@example.com,Kochi,India,Regular
C00764,Customer 00764,customer00764@example.com,Delhi,India,Gold
C00765,Customer 00765,customer00765@example.com,Coimbatore,India,Silver
C00766,Customer 00766,customer00766@example.com,Delhi,India,Platinum
C00767,Customer 00767,customer00767@example.com,Mumbai,India,Regular
C00768,Customer 00768,customer00768@example.com,Hyderabad,India,Regular
C00769,Customer 00769,customer00769@example.com,Coimbatore,India,Silver
C00770,Customer 00770,customer00770@example.com,Coimbatore,India,Regular
C00771,Customer 00771,customer00771@example.com,Pune,India,Gold
C00772,Customer 00772,customer00772@example.com,Bengaluru,India,Gold
C00773,Customer 00773,customer00773@example.com,Delhi,India,Silver
C00774,Customer 00774,customer00774@example.com,Hyderabad,India,Gold
C00775,Customer 00775,customer00775@example.com,Mumbai,India,Regular
C00776,Customer 00776,customer00776@example.com,Mumbai,India,Silver
C00777,Customer 00777,customer00777@example.com,Mumbai,India,Platinum
C00778,Customer 00778,customer00778@example.com,Chennai,India,Gold
C00779,Customer 00779,customer00779@example.com,Pune,India,Platinum
C00780,Customer 00780,customer00780@example.com,Hyderabad,India,Regular
C00781,Customer 00781,customer00781@example.com,Bengaluru,India,Gold
C00782,Customer 00782,customer00782@example.com,Kochi,India,Platinum
C00783,Customer 00783,customer00783@example.com,Kochi,India,Platinum
C00784,Customer 00784,customer00784@example.com,Bengaluru,India,Silver
C00785,Customer 00785,customer00785@example.com,Pune,India,Regular
C00786,Customer 00786,customer00786@example.com,Coimbatore,India,Platinum
C00787,Customer 00787,customer00787@example.com,Pune,India,Silver
C00788,Customer 00788,customer00788@example.com,Hyderabad,India,Silver
C00789,Customer 00789,customer00789@example.com,Kochi,India,Regular
C00790,Customer 00790,customer00790@example.com,Bengaluru,India,Silver
C00791,Customer 00791,customer00791@example.com,Delhi,India,Silver
C00792,Customer 00792,customer00792@example.com,Hyderabad,India,Gold
C00793,Customer 00793,customer00793@example.com,Mumbai,India,Gold
C00794,Customer 00794,customer00794@example.com,Delhi,India,Regular
C00795,Customer 00795,customer00795@example.com,Delhi,India,Silver
C00796,Customer 00796,customer00796@example.com,Delhi,India,Silver
C00797,Customer 00797,customer00797@example.com,Delhi,India,Regular
C00798,Customer 00798,customer00798@example.com,Hyderabad,India,Silver
C00799,Customer 00799,customer00799@example.com,Hyderabad,India,Gold
C00800,Customer 00800,customer00800@example.com,Chennai,India,Regular
C00801,Customer 00801,customer00801@example.com,Bengaluru,India,Regular
C00802,Customer 00802,customer00802@example.com,Delhi,India,Silver
C00803,Customer 00803,customer00803@example.com,Kochi,India,Regular
C00804,Customer 00804,customer00804@example.com,Coimbatore,India,Gold
C00805,Customer 00805,customer00805@example.com,Delhi,India,Platinum
C00806,Customer 00806,customer00806@example.com,Mumbai,India,Platinum
C00807,Customer 00807,customer00807@example.com,Delhi,India,Platinum
C00808,Customer 00808,customer00808@example.com,Bengaluru,India,Regular
C00809,Customer 00809,customer00809@example.com,Hyderabad,India,Platinum
C00810,Customer 00810,customer00810@example.com,Kochi,India,Platinum
C00811,Customer 00811,customer00811@example.com,Coimbatore,India,Silver
C00812,Customer 00812,customer00812@example.com,Pune,India,Silver
C00813,Customer 00813,customer00813@example.com,Pune,India,Gold
C00814,Customer 00814,customer00814@example.com,Pune,India,Platinum
C00815,Customer 00815,customer00815@example.com,Hyderabad,India,Gold
C00816,Customer 00816,customer00816@example.com,Bengaluru,India,Gold
C00817,Customer 00817,customer00817@example.com,Mumbai,India,Platinum
C00818,Customer 00818,customer00818@example.com,Bengaluru,India,Gold
C00819,Customer 00819,customer00819@example.com,Coimbatore,India,Silver
C00820,Customer 00820,customer00820@example.com,Hyderabad,India,Regular
C00821,Customer 00821,customer00821@example.com,Chennai,India,Gold
C00822,Customer 00822,customer00822@example.com,Kochi,India,Platinum
C00823,Customer 00823,customer00823@example.com,Mumbai,India,Silver
C00824,Customer 00824,customer00824@example.com,Pune,India,Gold
C00825,Customer 00825,customer00825@example.com,Mumbai,India,Silver
C00826,Customer 00826,customer00826@example.com,Coimbatore,India,Platinum
C00827,Customer 00827,customer00827@example.com,Coimbatore,India,Gold
C00828,Customer 00828,customer00828@example.com,Coimbatore,India,Regular
C00829,Customer 00829,customer00829@example.com,Bengaluru,India,Platinum
C00830,Customer 00830,customer00830@example.com,Coimbatore,India,Silver
C00831,Customer 00831,customer00831@example.com,Mumbai,India,Gold
C00832,Customer 00832,customer00832@example.com,Chennai,India,Regular
C00833,Customer 00833,customer00833@example.com,Delhi,India,Platinum
C00834,Customer 00834,customer00834@example.com,Coimbatore,India,Gold
C00835,Customer 00835,customer00835@example.com,Chennai,India,Regular
C00836,Customer 00836,customer00836@example.com,Kochi,India,Silver
C00837,Customer 00837,customer00837@example.com,Delhi,India,Gold
C00838,Customer 00838,customer00838@example.com,Kochi,India,Gold
C00839,Customer 00839,customer00839@example.com,Chennai,India,Platinum
C00840,Customer 00840,customer00840@example.com,Chennai,India,Silver
C00841,Customer 00841,customer00841@example.com,Pune,India,Gold
C00842,Customer 00842,customer00842@example.com,Bengaluru,India,Platinum
C00843,Customer 00843,customer00843@example.com,Coimbatore,India,Gold
C00844,Customer 00844,customer00844@example.com,Bengaluru,India,Silver
C00845,Customer 00845,customer00845@example.com,Bengaluru,India,Platinum
C00846,Customer 00846,customer00846@example.com,Pune,India,Gold
C00847,Customer 00847,customer00847@example.com,Pune,India,Silver
C00848,Customer 00848,customer00848@example.com,Mumbai,India,Platinum
C00849,Customer 00849,customer00849@example.com,Chennai,India,Regular
C00850,Customer 00850,customer00850@example.com,Chennai,India,Silver
C00851,Customer 00851,customer00851@example.com,Pune,India,Platinum
C00852,Customer 00852,customer00852@example.com,Coimbatore,India,Silver
C00853,Customer 00853,customer00853@example.com,Hyderabad,India,Gold
C00854,Customer 00854,customer00854@example.com,Pune,India,Silver
C00855,Customer 00855,customer00855@example.com,Kochi,India,Gold
C00856,Customer 00856,customer00856@example.com,Pune,India,Platinum
C00857,Customer 00857,customer00857@example.com,Delhi,India,Platinum
C00858,Customer 00858,customer00858@example.com,Chennai,India,Gold
C00859,Customer 00859,customer00859@example.com,Pune,India,Regular
C00860,Customer 00860,customer00860@example.com,Kochi,India,Gold
C00861,Customer 00861,customer00861@example.com,Chennai,India,Platinum
C00862,Customer 00862,customer00862@example.com,Delhi,India,Silver
C00863,Customer 00863,customer00863@example.com,Chennai,India,Platinum
C00864,Customer 00864,customer00864@example.com,Hyderabad,India,Platinum
C00865,Customer 00865,customer00865@example.com,Hyderabad,India,Silver
C00866,Customer 00866,customer00866@example.com,Chennai,India,Regular
C00867,Customer 00867,customer00867@example.com,Mumbai,India,Regular
C00868,Customer 00868,customer00868@example.com,Coimbatore,India,Gold
C00869,Customer 00869,customer00869@example.com,Kochi,India,Silver
C00870,Customer 00870,customer00870@example.com,Kochi,India,Silver
C00871,Customer 00871,customer00871@example.com,Kochi,India,Platinum
C00872,Customer 00872,customer00872@example.com,Chennai,India,Silver
C00873,Customer 00873,customer00873@example.com,Mumbai,India,Gold
C00874,Customer 00874,customer00874@example.com,Coimbatore,India,Platinum
C00875,Customer 00875,customer00875@example.com,Pune,India,Silver
C00876,Customer 00876,customer00876@example.com,Coimbatore,India,Gold
C00877,Customer 00877,customer00877@example.com,Pune,India,Gold
C00878,Customer 00878,customer00878@example.com,Coimbatore,India,Silver
C00879,Customer 00879,customer00879@example.com,Mumbai,India,Gold
C00880,Customer 00880,customer00880@example.com,Delhi,India,Silver
C00881,Customer 00881,customer00881@example.com,Delhi,India,Gold
C00882,Customer 00882,customer00882@example.com,Mumbai,India,Platinum
C00883,Customer 00883,customer00883@example.com,Pune,India,Platinum
C00884,Customer 00884,customer00884@example.com,Pune,India,Gold
C00885,Customer 00885,customer00885@example.com,Delhi,India,Regular
C00886,Customer 00886,customer00886@example.com,Kochi,India,Platinum
C00887,Customer 00887,customer00887@example.com,Pune,India,Silver
C00888,Customer 00888,customer00888@example.com,Delhi,India,Regular
C00889,Customer 00889,customer00889@example.com,Delhi,India,Regular
C00890,Customer 00890,customer00890@example.com,Pune,India,Platinum
C00891,Customer 00891,customer00891@example.com,Delhi,India,Platinum
C00892,Customer 00892,customer00892@example.com,Mumbai,India,Silver
C00893,Customer 00893,customer00893@example.com,Delhi,India,Gold
C00894,Customer 00894,customer00894@example.com,Hyderabad,India,Regular
C00895,Customer 00895,customer00895@example.com,Mumbai,India,Silver
C00896,Customer 00896,customer00896@example.com,Chennai,India,Silver
C00897,Customer 00897,customer00897@example.com,Mumbai,India,Regular
C00898,Customer 00898,customer00898@example.com,Bengaluru,India,Platinum
C00899,Customer 00899,customer00899@example.com,Pune,India,Platinum
C00900,Customer 00900,customer00900@example.com,Bengaluru,India,Silver
C00901,Customer 00901,customer00901@example.com,Chennai,India,Silver
C00902,Customer 00902,customer00902@example.com,Kochi,India,Platinum
C00903,Customer 00903,customer00903@example.com,Coimbatore,India,Silver
C00904,Customer 00904,customer00904@example.com,Delhi,India,Gold
C00905,Customer 00905,customer00905@example.com,Delhi,India,Regular
C00906,Customer 00906,customer00906@example.com,Bengaluru,India,Silver
C00907,Customer 00907,customer00907@example.com,Chennai,India,Silver
C00908,Customer 00908,customer00908@example.com,Kochi,India,Silver
C00909,Customer 00909,customer00909@example.com,Chennai,India,Platinum
C00910,Customer 00910,customer00910@example.com,Coimbatore,India,Silver
C00911,Customer 00911,customer00911@example.com,Delhi,India,Regular
C00912,Customer 00912,customer00912@example.com,Chennai,India,Gold
C00913,Customer 00913,customer00913@example.com,Bengaluru,India,Gold
C00914,Customer 00914,customer00914@example.com,Delhi,India,Platinum
C00915,Customer 00915,customer00915@example.com,Coimbatore,India,Silver
C00916,Customer 00916,customer00916@example.com,Coimbatore,India,Gold
C00917,Customer 00917,customer00917@example.com,Mumbai,India,Regular
C00918,Customer 00918,customer00918@example.com,Pune,India,Silver
C00919,Customer 00919,customer00919@example.com,Coimbatore,India,Gold
C00920,Customer 00920,customer00920@example.com,Hyderabad,India,Regular
C00921,Customer 00921,customer00921@example.com,Pune,India,Gold
C00922,Customer 00922,customer00922@example.com,Mumbai,India,Silver
C00923,Customer 00923,customer00923@example.com,Kochi,India,Platinum
C00924,Customer 00924,customer00924@example.com,Pune,India,Regular
C00925,Customer 00925,customer00925@example.com,Kochi,India,Regular
C00926,Customer 00926,customer00926@example.com,Hyderabad,India,Silver
C00927,Customer 00927,customer00927@example.com,Coimbatore,India,Gold
C00928,Customer 00928,customer00928@example.com,Mumbai,India,Regular
C00929,Customer 00929,customer00929@example.com,Delhi,India,Platinum
C00930,Customer 00930,customer00930@example.com,Mumbai,India,Platinum
C00931,Customer 00931,customer00931@example.com,Delhi,India,Gold
C00932,Customer 00932,customer00932@example.com,Delhi,India,Regular
C00933,Customer 00933,customer00933@example.com,Delhi,India,Gold
C00934,Customer 00934,customer00934@example.com,Mumbai,India,Regular
C00935,Customer 00935,customer00935@example.com,Bengaluru,India,Platinum
C00936,Customer 00936,customer00936@example.com,Delhi,India,Silver
C00937,Customer 00937,customer00937@example.com,Kochi,India,Gold
C00938,Customer 00938,customer00938@example.com,Bengaluru,India,Gold
C00939,Customer 00939,customer00939@example.com,Pune,India,Silver
C00940,Customer 00940,customer00940@example.com,Mumbai,India,Silver
C00941,Customer 00941,customer00941@example.com,Coimbatore,India,Silver
C00942,Customer 00942,customer00942@example.com,Coimbatore,India,Gold
C00943,Customer 00943,customer00943@example.com,Kochi,India,Platinum
C00944,Customer 00944,customer00944@example.com,Mumbai,India,Silver
C00945,Customer 00945,customer00945@example.com,Bengaluru,India,Platinum
C00946,Customer 00946,customer00946@example.com,Pune,India,Regular
C00947,Customer 00947,customer00947@example.com,Bengaluru,India,Regular
C00948,Customer 00948,customer00948@example.com,Mumbai,India,Silver
C00949,Customer 00949,customer00949@example.com,Hyderabad,India,Gold
C00950,Customer 00950,customer00950@example.com,Coimbatore,India,Regular
C00951,Customer 00951,customer00951@example.com,Mumbai,India,Platinum
C00952,Customer 00952,customer00952@example.com,Bengaluru,India,Platinum
C00953,Customer 00953,customer00953@example.com,Chennai,India,Platinum
C00954,Customer 00954,customer00954@example.com,Hyderabad,India,Platinum
C00955,Customer 00955,customer00955@example.com,Coimbatore,India,Regular
C00956,Customer 00956,customer00956@example.com,Coimbatore,India,Gold
C00957,Customer 00957,customer00957@example.com,Chennai,India,Platinum
C00958,Customer 00958,customer00958@example.com,Delhi,India,Regular
C00959,Customer 00959,customer00959@example.com,Mumbai,India,Regular
C00960,Customer 00960,customer00960@example.com,Chennai,India,Platinum
C00961,Customer 00961,customer00961@example.com,Pune,India,Regular
C00962,Customer 00962,customer00962@example.com,Chennai,India,Regular
C00963,Customer 00963,customer00963@example.com,Coimbatore,India,Regular
C00964,Customer 00964,customer00964@example.com,Delhi,India,Platinum
C00965,Customer 00965,customer00965@example.com,Hyderabad,India,Silver
C00966,Customer 00966,customer00966@example.com,Kochi,India,Gold
C00967,Customer 00967,customer00967@example.com,Kochi,India,Platinum
C00968,Customer 00968,customer00968@example.com,Kochi,India,Platinum
C00969,Customer 00969,customer00969@example.com,Bengaluru,India,Silver
C00970,Customer 00970,customer00970@example.com,Pune,India,Regular
C00971,Customer 00971,customer00971@example.com,Hyderabad,India,Platinum
C00972,Customer 00972,customer00972@example.com,Hyderabad,India,Silver
C00973,Customer 00973,customer00973@example.com,Chennai,India,Regular
C00974,Customer 00974,customer00974@example.com,Delhi,India,Platinum
C00975,Customer 00975,customer00975@example.com,Kochi,India,Platinum
C00976,Customer 00976,customer00976@example.com,Mumbai,India,Silver
C00977,Customer 00977,customer00977@example.com,Coimbatore,India,Gold
C00978,Customer 00978,customer00978@example.com,Hyderabad,India,Gold
C00979,Customer 00979,customer00979@example.com,Mumbai,India,Regular
C00980,Customer 00980,customer00980@example.com,Chennai,India,Platinum
C00981,Customer 00981,customer00981@example.com,Chennai,India,Silver
C00982,Customer 00982,customer00982@example.com,Mumbai,India,Regular
C00983,Customer 00983,customer00983@example.com,Bengaluru,India,Regular
C00984,Customer 00984,customer00984@example.com,Coimbatore,India,Regular
C00985,Customer 00985,customer00985@example.com,Mumbai,India,Regular
C00986,Customer 00986,customer00986@example.com,Kochi,India,Platinum
C00987,Customer 00987,customer00987@example.com,Mumbai,India,Silver
C00988,Customer 00988,customer00988@example.com,Chennai,India,Silver
C00989,Customer 00989,customer00989@example.com,Delhi,India,Silver
C00990,Customer 00990,customer00990@example.com,Pune,India,Gold
C00991,Customer 00991,customer00991@example.com,Mumbai,India,Gold
C00992,Customer 00992,customer00992@example.com,Hyderabad,India,Silver
C00993,Customer 00993,customer00993@example.com,Kochi,India,Gold
C00994,Customer 00994,customer00994@example.com,Delhi,India,Regular
C00995,Customer 00995,customer00995@example.com,Hyderabad,India,Platinum
C00996,Customer 00996,customer00996@example.com,Coimbatore,India,Regular
C00997,Customer 00997,customer00997@example.com,Pune,India,Platinum
C00998,Customer 00998,customer00998@example.com,Pune,India,Platinum
C00999,Customer 00999,customer00999@example.com,Kochi,India,Silver
C01000,Customer 01000,customer01000@example.com,Delhi,India,Platinum
C01001,Customer 01001,customer01001@example.com,Hyderabad,India,Platinum
C01002,Customer 01002,customer01002@example.com,Mumbai,India,Silver
C01003,Customer 01003,customer01003@example.com,Delhi,India,Silver
C01004,Customer 01004,customer01004@example.com,Coimbatore,India,Regular
C01005,Customer 01005,customer01005@example.com,Kochi,India,Platinum
C01006,Customer 01006,customer01006@example.com,Hyderabad,India,Platinum
C01007,Customer 01007,customer01007@example.com,Mumbai,India,Gold
C01008,Customer 01008,customer01008@example.com,Mumbai,India,Gold
C01009,Customer 01009,customer01009@example.com,Bengaluru,India,Platinum
C01010,Customer 01010,customer01010@example.com,Pune,India,Regular
C01011,Customer 01011,customer01011@example.com,Mumbai,India,Regular
C01012,Customer 01012,customer01012@example.com,Delhi,India,Platinum
C01013,Customer 01013,customer01013@example.com,Chennai,India,Regular
C01014,Customer 01014,customer01014@example.com,Mumbai,India,Silver
C01015,Customer 01015,customer01015@example.com,Coimbatore,India,Silver
C01016,Customer 01016,customer01016@example.com,Pune,India,Gold
C01017,Customer 01017,customer01017@example.com,Chennai,India,Silver
C01018,Customer 01018,customer01018@example.com,Mumbai,India,Regular
C01019,Customer 01019,customer01019@example.com,Coimbatore,India,Silver
C01020,Customer 01020,customer01020@example.com,Mumbai,India,Platinum
C01021,Customer 01021,customer01021@example.com,Mumbai,India,Gold
C01022,Customer 01022,customer01022@example.com,Delhi,India,Platinum
C01023,Customer 01023,customer01023@example.com,Coimbatore,India,Gold
C01024,Customer 01024,customer01024@example.com,Delhi,India,Gold
C01025,Customer 01025,customer01025@example.com,Pune,India,Platinum
C01026,Customer 01026,customer01026@example.com,Coimbatore,India,Regular
C01027,Customer 01027,customer01027@example.com,Coimbatore,India,Gold
C01028,Customer 01028,customer01028@example.com,Mumbai,India,Gold
C01029,Customer 01029,customer01029@example.com,Pune,India,Platinum
C01030,Customer 01030,customer01030@example.com,Chennai,India,Silver
C01031,Customer 01031,customer01031@example.com,Hyderabad,India,Regular
C01032,Customer 01032,customer01032@example.com,Delhi,India,Platinum
C01033,Customer 01033,customer01033@example.com,Delhi,India,Silver
C01034,Customer 01034,customer01034@example.com,Mumbai,India,Gold
C01035,Customer 01035,customer01035@example.com,Mumbai,India,Platinum
C01036,Customer 01036,customer01036@example.com,Mumbai,India,Platinum
C01037,Customer 01037,customer01037@example.com,Pune,India,Gold
C01038,Customer 01038,customer01038@example.com,Coimbatore,India,Platinum
C01039,Customer 01039,customer01039@example.com,Coimbatore,India,Silver
C01040,Customer 01040,customer01040@example.com,Pune,India,Silver
C01041,Customer 01041,customer01041@example.com,Hyderabad,India,Platinum
C01042,Customer 01042,customer01042@example.com,Hyderabad,India,Regular
C01043,Customer 01043,customer01043@example.com,Chennai,India,Regular
C01044,Customer 01044,customer01044@example.com,Chennai,India,Regular
C01045,Customer 01045,customer01045@example.com,Kochi,India,Silver
C01046,Customer 01046,customer01046@example.com,Mumbai,India,Regular
C01047,Customer 01047,customer01047@example.com,Hyderabad,India,Regular
C01048,Customer 01048,customer01048@example.com,Mumbai,India,Platinum
C01049,Customer 01049,customer01049@example.com,Pune,India,Regular
C01050,Customer 01050,customer01050@example.com,Coimbatore,India,Platinum
C01051,Customer 01051,customer01051@example.com,Chennai,India,Regular
C01052,Customer 01052,customer01052@example.com,Kochi,India,Regular
C01053,Customer 01053,customer01053@example.com,Chennai,India,Gold
C01054,Customer 01054,customer01054@example.com,Delhi,India,Regular
C01055,Customer 01055,customer01055@example.com,Kochi,India,Silver
C01056,Customer 01056,customer01056@example.com,Bengaluru,India,Regular
C01057,Customer 01057,customer01057@example.com,Hyderabad,India,Silver
C01058,Customer 01058,customer01058@example.com,Mumbai,India,Gold
C01059,Customer 01059,customer01059@example.com,Pune,India,Gold
C01060,Customer 01060,customer01060@example.com,Kochi,India,Regular
C01061,Customer 01061,customer01061@example.com,Pune,India,Platinum
C01062,Customer 01062,customer01062@example.com,Coimbatore,India,Silver
C01063,Customer 01063,customer01063@example.com,Mumbai,India,Gold
C01064,Customer 01064,customer01064@example.com,Bengaluru,India,Regular
C01065,Customer 01065,customer01065@example.com,Bengaluru,India,Platinum
C01066,Customer 01066,customer01066@example.com,Kochi,India,Platinum
C01067,Customer 01067,customer01067@example.com,Coimbatore,India,Regular
C01068,Customer 01068,customer01068@example.com,Chennai,India,Silver
C01069,Customer 01069,customer01069@example.com,Bengaluru,India,Platinum
C01070,Customer 01070,customer01070@example.com,Kochi,India,Gold
C01071,Customer 01071,customer01071@example.com,Bengaluru,India,Regular
C01072,Customer 01072,customer01072@example.com,Mumbai,India,Silver
C01073,Customer 01073,customer01073@example.com,Coimbatore,India,Gold
C01074,Customer 01074,customer01074@example.com,Chennai,India,Regular
C01075,Customer 01075,customer01075@example.com,Delhi,India,Regular
C01076,Customer 01076,customer01076@example.com,Hyderabad,India,Gold
C01077,Customer 01077,customer01077@example.com,Chennai,India,Silver
C01078,Customer 01078,customer01078@example.com,Hyderabad,India,Platinum
C01079,Customer 01079,customer01079@example.com,Bengaluru,India,Gold
C01080,Customer 01080,customer01080@example.com,Hyderabad,India,Silver
C01081,Customer 01081,customer01081@example.com,Kochi,India,Gold
C01082,Customer 01082,customer01082@example.com,Kochi,India,Silver
C01083,Customer 01083,customer01083@example.com,Bengaluru,India,Gold
C01084,Customer 01084,customer01084@example.com,Chennai,India,Regular
C01085,Customer 01085,customer01085@example.com,Kochi,India,Silver
C01086,Customer 01086,customer01086@example.com,Bengaluru,India,Gold
C01087,Customer 01087,customer01087@example.com,Kochi,India,Gold
C01088,Customer 01088,customer01088@example.com,Chennai,India,Gold
C01089,Customer 01089,customer01089@example.com,Coimbatore,India,Platinum
C01090,Customer 01090,customer01090@example.com,Mumbai,India,Gold
C01091,Customer 01091,customer01091@example.com,Kochi,India,Platinum
C01092,Customer 01092,customer01092@example.com,Hyderabad,India,Platinum
C01093,Customer 01093,customer01093@example.com,Bengaluru,India,Gold
C01094,Customer 01094,customer01094@example.com,Mumbai,India,Regular
C01095,Customer 01095,customer01095@example.com,Bengaluru,India,Gold
C01096,Customer 01096,customer01096@example.com,Hyderabad,India,Platinum
C01097,Customer 01097,customer01097@example.com,Hyderabad,India,Platinum
C01098,Customer 01098,customer01098@example.com,Pune,India,Gold
C01099,Customer 01099,customer01099@example.com,Bengaluru,India,Regular
C01100,Customer 01100,customer01100@example.com,Chennai,India,Gold
C01101,Customer 01101,customer01101@example.com,Coimbatore,India,Gold
C01102,Customer 01102,customer01102@example.com,Delhi,India,Regular
C01103,Customer 01103,customer01103@example.com,Hyderabad,India,Regular
C01104,Customer 01104,customer01104@example.com,Hyderabad,India,Platinum
C01105,Customer 01105,customer01105@example.com,Coimbatore,India,Platinum
C01106,Customer 01106,customer01106@example.com,Bengaluru,India,Regular
C01107,Customer 01107,customer01107@example.com,Bengaluru,India,Gold
C01108,Customer 01108,customer01108@example.com,Bengaluru,India,Gold
C01109,Customer 01109,customer01109@example.com,Kochi,India,Regular
C01110,Customer 01110,customer01110@example.com,Delhi,India,Platinum
C01111,Customer 01111,customer01111@example.com,Kochi,India,Regular
C01112,Customer 01112,customer01112@example.com,Mumbai,India,Silver
C01113,Customer 01113,customer01113@example.com,Kochi,India,Silver
C01114,Customer 01114,customer01114@example.com,Hyderabad,India,Gold
C01115,Customer 01115,customer01115@example.com,Delhi,India,Gold
C01116,Customer 01116,customer01116@example.com,Coimbatore,India,Silver
C01117,Customer 01117,customer01117@example.com,Bengaluru,India,Silver
C01118,Customer 01118,customer01118@example.com,Kochi,India,Gold
C01119,Customer 01119,customer01119@example.com,Kochi,India,Gold
C01120,Customer 01120,customer01120@example.com,Coimbatore,India,Regular
C01121,Customer 01121,customer01121@example.com,Pune,India,Gold
C01122,Customer 01122,customer01122@example.com,Mumbai,India,Platinum
C01123,Customer 01123,customer01123@example.com,Mumbai,India,Platinum
C01124,Customer 01124,customer01124@example.com,Bengaluru,India,Silver
C01125,Customer 01125,customer01125@example.com,Delhi,India,Regular
C01126,Customer 01126,customer01126@example.com,Kochi,India,Gold
C01127,Customer 01127,customer01127@example.com,Kochi,India,Gold
C01128,Customer 01128,customer01128@example.com,Coimbatore,India,Gold
C01129,Customer 01129,customer01129@example.com,Kochi,India,Silver
C01130,Customer 01130,customer01130@example.com,Delhi,India,Gold
C01131,Customer 01131,customer01131@example.com,Mumbai,India,Platinum
C01132,Customer 01132,customer01132@example.com,Pune,India,Silver
C01133,Customer 01133,customer01133@example.com,Kochi,India,Gold
C01134,Customer 01134,customer01134@example.com,Delhi,India,Platinum
C01135,Customer 01135,customer01135@example.com,Mumbai,India,Gold
C01136,Customer 01136,customer01136@example.com,Kochi,India,Gold
C01137,Customer 01137,customer01137@example.com,Kochi,India,Gold
C01138,Customer 01138,customer01138@example.com,Bengaluru,India,Silver
C01139,Customer 01139,customer01139@example.com,Hyderabad,India,Regular
C01140,Customer 01140,customer01140@example.com,Coimbatore,India,Silver
C01141,Customer 01141,customer01141@example.com,Coimbatore,India,Gold
C01142,Customer 01142,customer01142@example.com,Bengaluru,India,Platinum
C01143,Customer 01143,customer01143@example.com,Coimbatore,India,Silver
C01144,Customer 01144,customer01144@example.com,Delhi,India,Silver
C01145,Customer 01145,customer01145@example.com,Delhi,India,Silver
C01146,Customer 01146,customer01146@example.com,Kochi,India,Platinum
C01147,Customer 01147,customer01147@example.com,Bengaluru,India,Platinum
C01148,Customer 01148,customer01148@example.com,Coimbatore,India,Platinum
C01149,Customer 01149,customer01149@example.com,Kochi,India,Regular
C01150,Customer 01150,customer01150@example.com,Pune,India,Regular
C01151,Customer 01151,customer01151@example.com,Bengaluru,India,Silver
C01152,Customer 01152,customer01152@example.com,Pune,India,Silver
C01153,Customer 01153,customer01153@example.com,Chennai,India,Platinum
C01154,Customer 01154,customer01154@example.com,Pune,India,Platinum
C01155,Customer 01155,customer01155@example.com,Bengaluru,India,Regular
C01156,Customer 01156,customer01156@example.com,Bengaluru,India,Gold
C01157,Customer 01157,customer01157@example.com,Mumbai,India,Silver
C01158,Customer 01158,customer01158@example.com,Coimbatore,India,Gold
C01159,Customer 01159,customer01159@example.com,Kochi,India,Platinum
C01160,Customer 01160,customer01160@example.com,Hyderabad,India,Gold
C01161,Customer 01161,customer01161@example.com,Chennai,India,Platinum
C01162,Customer 01162,customer01162@example.com,Bengaluru,India,Gold
C01163,Customer 01163,customer01163@example.com,Kochi,India,Regular
C01164,Customer 01164,customer01164@example.com,Bengaluru,India,Silver
C01165,Customer 01165,customer01165@example.com,Pune,India,Gold
C01166,Customer 01166,customer01166@example.com,Pune,India,Platinum
C01167,Customer 01167,customer01167@example.com,Mumbai,India,Platinum
C01168,Customer 01168,customer01168@example.com,Pune,India,Platinum
C01169,Customer 01169,customer01169@example.com,Bengaluru,India,Platinum
C01170,Customer 01170,customer01170@example.com,Coimbatore,India,Gold
C01171,Customer 01171,customer01171@example.com,Bengaluru,India,Gold
C01172,Customer 01172,customer01172@example.com,Chennai,India,Regular
C01173,Customer 01173,customer01173@example.com,Chennai,India,Gold
C01174,Customer 01174,customer01174@example.com,Bengaluru,India,Silver
C01175,Customer 01175,customer01175@example.com,Mumbai,India,Silver
C01176,Customer 01176,customer01176@example.com,Hyderabad,India,Gold
C01177,Customer 01177,customer01177@example.com,Kochi,India,Platinum
C01178,Customer 01178,customer01178@example.com,Mumbai,India,Platinum
C01179,Customer 01179,customer01179@example.com,Hyderabad,India,Silver
C01180,Customer 01180,customer01180@example.com,Kochi,India,Platinum
C01181,Customer 01181,customer01181@example.com,Chennai,India,Silver
C01182,Customer 01182,customer01182@example.com,Coimbatore,India,Platinum
C01183,Customer 01183,customer01183@example.com,Kochi,India,Regular
C01184,Customer 01184,customer01184@example.com,Mumbai,India,Silver
C01185,Customer 01185,customer01185@example.com,Delhi,India,Regular
C01186,Customer 01186,customer01186@example.com,Bengaluru,India,Silver
C01187,Customer 01187,customer01187@example.com,Pune,India,Gold
C01188,Customer 01188,customer01188@example.com,Mumbai,India,Platinum
C01189,Customer 01189,customer01189@example.com,Bengaluru,India,Gold
C01190,Customer 01190,customer01190@example.com,Coimbatore,India,Gold
C01191,Customer 01191,customer01191@example.com,Kochi,India,Platinum
C01192,Customer 01192,customer01192@example.com,Bengaluru,India,Gold
C01193,Customer 01193,customer01193@example.com,Pune,India,Platinum
C01194,Customer 01194,customer01194@example.com,Hyderabad,India,Gold
C01195,Customer 01195,customer01195@example.com,Bengaluru,India,Silver
C01196,Customer 01196,customer01196@example.com,Pune,India,Regular
C01197,Customer 01197,customer01197@example.com,Mumbai,India,Gold
C01198,Customer 01198,customer01198@example.com,Bengaluru,India,Silver
C01199,Customer 01199,customer01199@example.com,Pune,India,Silver
C01200,Customer 01200,customer01200@example.com,Kochi,India,Platinum
C01201,Customer 01201,customer01201@example.com,Hyderabad,India,Platinum
C01202,Customer 01202,customer01202@example.com,Kochi,India,Silver
C01203,Customer 01203,customer01203@example.com,Coimbatore,India,Silver
C01204,Customer 01204,customer01204@example.com,Hyderabad,India,Platinum
C01205,Customer 01205,customer01205@example.com,Delhi,India,Silver
C01206,Customer 01206,customer01206@example.com,Hyderabad,India,Gold
C01207,Customer 01207,customer01207@example.com,Coimbatore,India,Regular
C01208,Customer 01208,customer01208@example.com,Pune,India,Regular
C01209,Customer 01209,customer01209@example.com,Coimbatore,India,Silver
C01210,Customer 01210,customer01210@example.com,Mumbai,India,Platinum
C01211,Customer 01211,customer01211@example.com,Coimbatore,India,Platinum
C01212,Customer 01212,customer01212@example.com,Coimbatore,India,Platinum
C01213,Customer 01213,customer01213@example.com,Coimbatore,India,Platinum
C01214,Customer 01214,customer01214@example.com,Hyderabad,India,Regular
C01215,Customer 01215,customer01215@example.com,Chennai,India,Silver
C01216,Customer 01216,customer01216@example.com,Delhi,India,Regular
C01217,Customer 01217,customer01217@example.com,Delhi,India,Silver
C01218,Customer 01218,customer01218@example.com,Delhi,India,Silver
C01219,Customer 01219,customer01219@example.com,Coimbatore,India,Platinum
C01220,Customer 01220,customer01220@example.com,Bengaluru,India,Regular
C01221,Customer 01221,customer01221@example.com,Delhi,India,Gold
C01222,Customer 01222,customer01222@example.com,Chennai,India,Platinum
C01223,Customer 01223,customer01223@example.com,Mumbai,India,Platinum
C01224,Customer 01224,customer01224@example.com,Bengaluru,India,Silver
C01225,Customer 01225,customer01225@example.com,Delhi,India,Regular
C01226,Customer 01226,customer01226@example.com,Coimbatore,India,Gold
C01227,Customer 01227,customer01227@example.com,Pune,India,Regular
C01228,Customer 01228,customer01228@example.com,Coimbatore,India,Regular
C01229,Customer 01229,customer01229@example.com,Mumbai,India,Silver
C01230,Customer 01230,customer01230@example.com,Pune,India,Platinum
C01231,Customer 01231,customer01231@example.com,Hyderabad,India,Silver
C01232,Customer 01232,customer01232@example.com,Mumbai,India,Silver
C01233,Customer 01233,customer01233@example.com,Chennai,India,Gold
C01234,Customer 01234,customer01234@example.com,Delhi,India,Silver
C01235,Customer 01235,customer01235@example.com,Pune,India,Gold
C01236,Customer 01236,customer01236@example.com,Delhi,India,Gold
C01237,Customer 01237,customer01237@example.com,Bengaluru,India,Silver
C01238,Customer 01238,customer01238@example.com,Kochi,India,Regular
C01239,Customer 01239,customer01239@example.com,Delhi,India,Silver
C01240,Customer 01240,customer01240@example.com,Hyderabad,India,Silver
C01241,Customer 01241,customer01241@example.com,Hyderabad,India,Gold
C01242,Customer 01242,customer01242@example.com,Mumbai,India,Platinum
C01243,Customer 01243,customer01243@example.com,Coimbatore,India,Silver
C01244,Customer 01244,customer01244@example.com,Delhi,India,Platinum
C01245,Customer 01245,customer01245@example.com,Kochi,India,Platinum
C01246,Customer 01246,customer01246@example.com,Bengaluru,India,Regular
C01247,Customer 01247,customer01247@example.com,Kochi,India,Gold
C01248,Customer 01248,customer01248@example.com,Pune,India,Platinum
C01249,Customer 01249,customer01249@example.com,Coimbatore,India,Gold
C01250,Customer 01250,customer01250@example.com,Chennai,India,Regular
C01251,Customer 01251,customer01251@example.com,Coimbatore,India,Gold
C01252,Customer 01252,customer01252@example.com,Bengaluru,India,Platinum
C01253,Customer 01253,customer01253@example.com,Mumbai,India,Platinum
C01254,Customer 01254,customer01254@example.com,Mumbai,India,Platinum
C01255,Customer 01255,customer01255@example.com,Delhi,India,Gold
C01256,Customer 01256,customer01256@example.com,Delhi,India,Gold
C01257,Customer 01257,customer01257@example.com,Hyderabad,India,Platinum
C01258,Customer 01258,customer01258@example.com,Pune,India,Regular
C01259,Customer 01259,customer01259@example.com,Chennai,India,Regular
C01260,Customer 01260,customer01260@example.com,Coimbatore,India,Regular
C01261,Customer 01261,customer01261@example.com,Bengaluru,India,Silver
C01262,Customer 01262,customer01262@example.com,Coimbatore,India,Platinum
C01263,Customer 01263,customer01263@example.com,Chennai,India,Platinum
C01264,Customer 01264,customer01264@example.com,Mumbai,India,Silver
C01265,Customer 01265,customer01265@example.com,Delhi,India,Silver
C01266,Customer 01266,customer01266@example.com,Delhi,India,Regular
C01267,Customer 01267,customer01267@example.com,Pune,India,Gold
C01268,Customer 01268,customer01268@example.com,Bengaluru,India,Gold
C01269,Customer 01269,customer01269@example.com,Hyderabad,India,Regular
C01270,Customer 01270,customer01270@example.com,Kochi,India,Gold
C01271,Customer 01271,customer01271@example.com,Mumbai,India,Platinum
C01272,Customer 01272,customer01272@example.com,Bengaluru,India,Regular
C01273,Customer 01273,customer01273@example.com,Chennai,India,Silver
C01274,Customer 01274,customer01274@example.com,Coimbatore,India,Regular
C01275,Customer 01275,customer01275@example.com,Hyderabad,India,Silver
C01276,Customer 01276,customer01276@example.com,Coimbatore,India,Regular
C01277,Customer 01277,customer01277@example.com,Chennai,India,Gold
C01278,Customer 01278,customer01278@example.com,Bengaluru,India,Platinum
C01279,Customer 01279,customer01279@example.com,Hyderabad,India,Platinum
C01280,Customer 01280,customer01280@example.com,Bengaluru,India,Silver
C01281,Customer 01281,customer01281@example.com,Kochi,India,Regular
C01282,Customer 01282,customer01282@example.com,Bengaluru,India,Regular
C01283,Customer 01283,customer01283@example.com,Pune,India,Gold
C01284,Customer 01284,customer01284@example.com,Delhi,India,Silver
C01285,Customer 01285,customer01285@example.com,Kochi,India,Silver
C01286,Customer 01286,customer01286@example.com,Hyderabad,India,Regular
C01287,Customer 01287,customer01287@example.com,Chennai,India,Silver
C01288,Customer 01288,customer01288@example.com,Coimbatore,India,Gold
C01289,Customer 01289,customer01289@example.com,Mumbai,India,Silver
C01290,Customer 01290,customer01290@example.com,Kochi,India,Platinum
C01291,Customer 01291,customer01291@example.com,Mumbai,India,Regular
C01292,Customer 01292,customer01292@example.com,Bengaluru,India,Silver
C01293,Customer 01293,customer01293@example.com,Bengaluru,India,Platinum
C01294,Customer 01294,customer01294@example.com,Pune,India,Platinum
C01295,Customer 01295,customer01295@example.com,Pune,India,Silver
C01296,Customer 01296,customer01296@example.com,Mumbai,India,Gold
C01297,Customer 01297,customer01297@example.com,Bengaluru,India,Silver
C01298,Customer 01298,customer01298@example.com,Delhi,India,Regular
C01299,Customer 01299,customer01299@example.com,Delhi,India,Silver
C01300,Customer 01300,customer01300@example.com,Mumbai,India,Platinum
C01301,Customer 01301,customer01301@example.com,Delhi,India,Regular
C01302,Customer 01302,customer01302@example.com,Mumbai,India,Platinum
C01303,Customer 01303,customer01303@example.com,Kochi,India,Regular
C01304,Customer 01304,customer01304@example.com,Mumbai,India,Platinum
C01305,Customer 01305,customer01305@example.com,Bengaluru,India,Regular
C01306,Customer 01306,customer01306@example.com,Pune,India,Gold
C01307,Customer 01307,customer01307@example.com,Hyderabad,India,Platinum
C01308,Customer 01308,customer01308@example.com,Kochi,India,Gold
C01309,Customer 01309,customer01309@example.com,Hyderabad,India,Platinum
C01310,Customer 01310,customer01310@example.com,Bengaluru,India,Regular
C01311,Customer 01311,customer01311@example.com,Bengaluru,India,Regular
C01312,Customer 01312,customer01312@example.com,Delhi,India,Silver
C01313,Customer 01313,customer01313@example.com,Chennai,India,Regular
C01314,Customer 01314,customer01314@example.com,Kochi,India,Gold
C01315,Customer 01315,customer01315@example.com,Kochi,India,Platinum
C01316,Customer 01316,customer01316@example.com,Kochi,India,Regular
C01317,Customer 01317,customer01317@example.com,Hyderabad,India,Gold
C01318,Customer 01318,customer01318@example.com,Bengaluru,India,Gold
C01319,Customer 01319,customer01319@example.com,Bengaluru,India,Silver
C01320,Customer 01320,customer01320@example.com,Hyderabad,India,Gold
C01321,Customer 01321,customer01321@example.com,Kochi,India,Regular
C01322,Customer 01322,customer01322@example.com,Delhi,India,Platinum
C01323,Customer 01323,customer01323@example.com,Mumbai,India,Regular
C01324,Customer 01324,customer01324@example.com,Mumbai,India,Regular
C01325,Customer 01325,customer01325@example.com,Kochi,India,Regular
C01326,Customer 01326,customer01326@example.com,Coimbatore,India,Regular
C01327,Customer 01327,customer01327@example.com,Delhi,India,Silver
C01328,Customer 01328,customer01328@example.com,Bengaluru,India,Regular
C01329,Customer 01329,customer01329@example.com,Hyderabad,India,Regular
C01330,Customer 01330,customer01330@example.com,Hyderabad,India,Platinum
C01331,Customer 01331,customer01331@example.com,Pune,India,Gold
C01332,Customer 01332,customer01332@example.com,Hyderabad,India,Gold
C01333,Customer 01333,customer01333@example.com,Hyderabad,India,Gold
C01334,Customer 01334,customer01334@example.com,Bengaluru,India,Regular
C01335,Customer 01335,customer01335@example.com,Pune,India,Platinum
C01336,Customer 01336,customer01336@example.com,Delhi,India,Regular
C01337,Customer 01337,customer01337@example.com,Delhi,India,Regular
C01338,Customer 01338,customer01338@example.com,Coimbatore,India,Platinum
C01339,Customer 01339,customer01339@example.com,Pune,India,Regular
C01340,Customer 01340,customer01340@example.com,Coimbatore,India,Silver
C01341,Customer 01341,customer01341@example.com,Pune,India,Silver
C01342,Customer 01342,customer01342@example.com,Delhi,India,Regular
C01343,Customer 01343,customer01343@example.com,Bengaluru,India,Silver
C01344,Customer 01344,customer01344@example.com,Chennai,India,Regular
C01345,Customer 01345,customer01345@example.com,Chennai,India,Silver
C01346,Customer 01346,customer01346@example.com,Chennai,India,Platinum
C01347,Customer 01347,customer01347@example.com,Pune,India,Platinum
C01348,Customer 01348,customer01348@example.com,Hyderabad,India,Silver
C01349,Customer 01349,customer01349@example.com,Chennai,India,Platinum
C01350,Customer 01350,customer01350@example.com,Mumbai,India,Gold
C01351,Customer 01351,customer01351@example.com,Mumbai,India,Platinum
C01352,Customer 01352,customer01352@example.com,Pune,India,Gold
C01353,Customer 01353,customer01353@example.com,Bengaluru,India,Gold
C01354,Customer 01354,customer01354@example.com,Bengaluru,India,Regular
C01355,Customer 01355,customer01355@example.com,Hyderabad,India,Silver
C01356,Customer 01356,customer01356@example.com,Chennai,India,Platinum
C01357,Customer 01357,customer01357@example.com,Bengaluru,India,Platinum
C01358,Customer 01358,customer01358@example.com,Delhi,India,Gold
C01359,Customer 01359,customer01359@example.com,Pune,India,Regular
C01360,Customer 01360,customer01360@example.com,Coimbatore,India,Regular
C01361,Customer 01361,customer01361@example.com,Pune,India,Silver
C01362,Customer 01362,customer01362@example.com,Delhi,India,Gold
C01363,Customer 01363,customer01363@example.com,Mumbai,India,Platinum
C01364,Customer 01364,customer01364@example.com,Pune,India,Platinum
C01365,Customer 01365,customer01365@example.com,Mumbai,India,Silver
C01366,Customer 01366,customer01366@example.com,Hyderabad,India,Regular
C01367,Customer 01367,customer01367@example.com,Kochi,India,Regular
C01368,Customer 01368,customer01368@example.com,Mumbai,India,Gold
C01369,Customer 01369,customer01369@example.com,Chennai,India,Gold
C01370,Customer 01370,customer01370@example.com,Chennai,India,Platinum
C01371,Customer 01371,customer01371@example.com,Delhi,India,Regular
C01372,Customer 01372,customer01372@example.com,Mumbai,India,Silver
C01373,Customer 01373,customer01373@example.com,Kochi,India,Platinum
C01374,Customer 01374,customer01374@example.com,Chennai,India,Silver
C01375,Customer 01375,customer01375@example.com,Delhi,India,Regular
C01376,Customer 01376,customer01376@example.com,Chennai,India,Silver
C01377,Customer 01377,customer01377@example.com,Kochi,India,Gold
C01378,Customer 01378,customer01378@example.com,Coimbatore,India,Regular
C01379,Customer 01379,customer01379@example.com,Bengaluru,India,Silver
C01380,Customer 01380,customer01380@example.com,Kochi,India,Regular
C01381,Customer 01381,customer01381@example.com,Chennai,India,Platinum
C01382,Customer 01382,customer01382@example.com,Hyderabad,India,Silver
C01383,Customer 01383,customer01383@example.com,Delhi,India,Gold
C01384,Customer 01384,customer01384@example.com,Pune,India,Platinum
C01385,Customer 01385,customer01385@example.com,Pune,India,Gold
C01386,Customer 01386,customer01386@example.com,Coimbatore,India,Gold
C01387,Customer 01387,customer01387@example.com,Mumbai,India,Regular
C01388,Customer 01388,customer01388@example.com,Mumbai,India,Silver
C01389,Customer 01389,customer01389@example.com,Bengaluru,India,Silver
C01390,Customer 01390,customer01390@example.com,Bengaluru,India,Silver
C01391,Customer 01391,customer01391@example.com,Coimbatore,India,Platinum
C01392,Customer 01392,customer01392@example.com,Pune,India,Platinum
C01393,Customer 01393,customer01393@example.com,Bengaluru,India,Gold
C01394,Customer 01394,customer01394@example.com,Mumbai,India,Platinum
C01395,Customer 01395,customer01395@example.com,Delhi,India,Platinum
C01396,Customer 01396,customer01396@example.com,Delhi,India,Regular
C01397,Customer 01397,customer01397@example.com,Bengaluru,India,Silver
C01398,Customer 01398,customer01398@example.com,Delhi,India,Regular
C01399,Customer 01399,customer01399@example.com,Mumbai,India,Gold
C01400,Customer 01400,customer01400@example.com,Hyderabad,India,Regular
C01401,Customer 01401,customer01401@example.com,Mumbai,India,Gold
C01402,Customer 01402,customer01402@example.com,Kochi,India,Regular
C01403,Customer 01403,customer01403@example.com,Delhi,India,Gold
C01404,Customer 01404,customer01404@example.com,Hyderabad,India,Regular
C01405,Customer 01405,customer01405@example.com,Kochi,India,Platinum
C01406,Customer 01406,customer01406@example.com,Mumbai,India,Regular
C01407,Customer 01407,customer01407@example.com,Coimbatore,India,Regular
C01408,Customer 01408,customer01408@example.com,Hyderabad,India,Regular
C01409,Customer 01409,customer01409@example.com,Chennai,India,Regular
C01410,Customer 01410,customer01410@example.com,Mumbai,India,Silver
C01411,Customer 01411,customer01411@example.com,Mumbai,India,Platinum
C01412,Customer 01412,customer01412@example.com,Pune,India,Regular
C01413,Customer 01413,customer01413@example.com,Delhi,India,Regular
C01414,Customer 01414,customer01414@example.com,Chennai,India,Regular
C01415,Customer 01415,customer01415@example.com,Mumbai,India,Platinum
C01416,Customer 01416,customer01416@example.com,Hyderabad,India,Regular
C01417,Customer 01417,customer01417@example.com,Pune,India,Regular
C01418,Customer 01418,customer01418@example.com,Chennai,India,Platinum
C01419,Customer 01419,customer01419@example.com,Chennai,India,Silver
C01420,Customer 01420,customer01420@example.com,Kochi,India,Platinum
C01421,Customer 01421,customer01421@example.com,Coimbatore,India,Regular
C01422,Customer 01422,customer01422@example.com,Kochi,India,Platinum
C01423,Customer 01423,customer01423@example.com,Hyderabad,India,Gold
C01424,Customer 01424,customer01424@example.com,Mumbai,India,Silver
C01425,Customer 01425,customer01425@example.com,Delhi,India,Gold
C01426,Customer 01426,customer01426@example.com,Coimbatore,India,Silver
C01427,Customer 01427,customer01427@example.com,Chennai,India,Silver
C01428,Customer 01428,customer01428@example.com,Delhi,India,Platinum
C01429,Customer 01429,customer01429@example.com,Kochi,India,Platinum
C01430,Customer 01430,customer01430@example.com,Chennai,India,Regular
C01431,Customer 01431,customer01431@example.com,Delhi,India,Platinum
C01432,Customer 01432,customer01432@example.com,Hyderabad,India,Platinum
C01433,Customer 01433,customer01433@example.com,Mumbai,India,Silver
C01434,Customer 01434,customer01434@example.com,Chennai,India,Platinum
C01435,Customer 01435,customer01435@example.com,Pune,India,Platinum
C01436,Customer 01436,customer01436@example.com,Coimbatore,India,Gold
C01437,Customer 01437,customer01437@example.com,Pune,India,Platinum
C01438,Customer 01438,customer01438@example.com,Delhi,India,Silver
C01439,Customer 01439,customer01439@example.com,Chennai,India,Gold
C01440,Customer 01440,customer01440@example.com,Mumbai,India,Regular
C01441,Customer 01441,customer01441@example.com,Delhi,India,Regular
C01442,Customer 01442,customer01442@example.com,Coimbatore,India,Gold
C01443,Customer 01443,customer01443@example.com,Mumbai,India,Silver
C01444,Customer 01444,customer01444@example.com,Bengaluru,India,Silver
C01445,Customer 01445,customer01445@example.com,Mumbai,India,Gold
C01446,Customer 01446,customer01446@example.com,Chennai,India,Silver
C01447,Customer 01447,customer01447@example.com,Kochi,India,Gold
C01448,Customer 01448,customer01448@example.com,Hyderabad,India,Silver
C01449,Customer 01449,customer01449@example.com,Mumbai,India,Gold
C01450,Customer 01450,customer01450@example.com,Pune,India,Regular
C01451,Customer 01451,customer01451@example.com,Pune,India,Silver
C01452,Customer 01452,customer01452@example.com,Mumbai,India,Platinum
C01453,Customer 01453,customer01453@example.com,Delhi,India,Silver
C01454,Customer 01454,customer01454@example.com,Coimbatore,India,Regular
C01455,Customer 01455,customer01455@example.com,Bengaluru,India,Regular
C01456,Customer 01456,customer01456@example.com,Mumbai,India,Silver
C01457,Customer 01457,customer01457@example.com,Chennai,India,Platinum
C01458,Customer 01458,customer01458@example.com,Chennai,India,Gold
C01459,Customer 01459,customer01459@example.com,Mumbai,India,Silver
C01460,Customer 01460,customer01460@example.com,Pune,India,Silver
C01461,Customer 01461,customer01461@example.com,Pune,India,Regular
C01462,Customer 01462,customer01462@example.com,Chennai,India,Silver
C01463,Customer 01463,customer01463@example.com,Hyderabad,India,Regular
C01464,Customer 01464,customer01464@example.com,Pune,India,Regular
C01465,Customer 01465,customer01465@example.com,Pune,India,Platinum
C01466,Customer 01466,customer01466@example.com,Bengaluru,India,Gold
C01467,Customer 01467,customer01467@example.com,Delhi,India,Gold
C01468,Customer 01468,customer01468@example.com,Hyderabad,India,Silver
C01469,Customer 01469,customer01469@example.com,Kochi,India,Platinum
C01470,Customer 01470,customer01470@example.com,Pune,India,Silver
C01471,Customer 01471,customer01471@example.com,Pune,India,Silver
C01472,Customer 01472,customer01472@example.com,Hyderabad,India,Platinum
C01473,Customer 01473,customer01473@example.com,Delhi,India,Gold
C01474,Customer 01474,customer01474@example.com,Hyderabad,India,Silver
C01475,Customer 01475,customer01475@example.com,Chennai,India,Platinum
C01476,Customer 01476,customer01476@example.com,Chennai,India,Silver
C01477,Customer 01477,customer01477@example.com,Pune,India,Silver
C01478,Customer 01478,customer01478@example.com,Bengaluru,India,Platinum
C01479,Customer 01479,customer01479@example.com,Hyderabad,India,Gold
C01480,Customer 01480,customer01480@example.com,Bengaluru,India,Silver
C01481,Customer 01481,customer01481@example.com,Pune,India,Gold
C01482,Customer 01482,customer01482@example.com,Hyderabad,India,Regular
C01483,Customer 01483,customer01483@example.com,Pune,India,Platinum
C01484,Customer 01484,customer01484@example.com,Chennai,India,Gold
C01485,Customer 01485,customer01485@example.com,Mumbai,India,Silver
C01486,Customer 01486,customer01486@example.com,Bengaluru,India,Gold
C01487,Customer 01487,customer01487@example.com,Delhi,India,Regular
C01488,Customer 01488,customer01488@example.com,Chennai,India,Regular
C01489,Customer 01489,customer01489@example.com,Kochi,India,Platinum
C01490,Customer 01490,customer01490@example.com,Kochi,India,Silver
C01491,Customer 01491,customer01491@example.com,Kochi,India,Platinum
C01492,Customer 01492,customer01492@example.com,Kochi,India,Gold
C01493,Customer 01493,customer01493@example.com,Kochi,India,Regular
C01494,Customer 01494,customer01494@example.com,Coimbatore,India,Silver
C01495,Customer 01495,customer01495@example.com,Hyderabad,India,Platinum
C01496,Customer 01496,customer01496@example.com,Bengaluru,India,Regular
C01497,Customer 01497,customer01497@example.com,Delhi,India,Regular
C01498,Customer 01498,customer01498@example.com,Pune,India,Gold
C01499,Customer 01499,customer01499@example.com,Bengaluru,India,Regular
C01500,Customer 01500,customer01500@example.com,Pune,India,Silver
C01501,Customer 01501,customer01501@example.com,Kochi,India,Silver
C01502,Customer 01502,customer01502@example.com,Bengaluru,India,Regular
C01503,Customer 01503,customer01503@example.com,Pune,India,Platinum
C01504,Customer 01504,customer01504@example.com,Chennai,India,Platinum
C01505,Customer 01505,customer01505@example.com,Hyderabad,India,Platinum
C01506,Customer 01506,customer01506@example.com,Hyderabad,India,Regular
C01507,Customer 01507,customer01507@example.com,Bengaluru,India,Gold
C01508,Customer 01508,customer01508@example.com,Mumbai,India,Silver
C01509,Customer 01509,customer01509@example.com,Kochi,India,Gold
C01510,Customer 01510,customer01510@example.com,Delhi,India,Gold
C01511,Customer 01511,customer01511@example.com,Mumbai,India,Regular
C01512,Customer 01512,customer01512@example.com,Chennai,India,Platinum
C01513,Customer 01513,customer01513@example.com,Coimbatore,India,Silver
C01514,Customer 01514,customer01514@example.com,Chennai,India,Gold
C01515,Customer 01515,customer01515@example.com,Chennai,India,Platinum
C01516,Customer 01516,customer01516@example.com,Bengaluru,India,Gold
C01517,Customer 01517,customer01517@example.com,Coimbatore,India,Silver
C01518,Customer 01518,customer01518@example.com,Bengaluru,India,Regular
C01519,Customer 01519,customer01519@example.com,Mumbai,India,Silver
C01520,Customer 01520,customer01520@example.com,Delhi,India,Regular
C01521,Customer 01521,customer01521@example.com,Coimbatore,India,Regular
C01522,Customer 01522,customer01522@example.com,Delhi,India,Platinum
C01523,Customer 01523,customer01523@example.com,Coimbatore,India,Platinum
C01524,Customer 01524,customer01524@example.com,Delhi,India,Regular
C01525,Customer 01525,customer01525@example.com,Kochi,India,Silver
C01526,Customer 01526,customer01526@example.com,Pune,India,Platinum
C01527,Customer 01527,customer01527@example.com,Pune,India,Silver
C01528,Customer 01528,customer01528@example.com,Coimbatore,India,Regular
C01529,Customer 01529,customer01529@example.com,Delhi,India,Platinum
C01530,Customer 01530,customer01530@example.com,Coimbatore,India,Gold
C01531,Customer 01531,customer01531@example.com,Mumbai,India,Gold
C01532,Customer 01532,customer01532@example.com,Chennai,India,Silver
C01533,Customer 01533,customer01533@example.com,Bengaluru,India,Regular
C01534,Customer 01534,customer01534@example.com,Pune,India,Platinum
C01535,Customer 01535,customer01535@example.com,Mumbai,India,Regular
C01536,Customer 01536,customer01536@example.com,Kochi,India,Platinum
C01537,Customer 01537,customer01537@example.com,Coimbatore,India,Silver
C01538,Customer 01538,customer01538@example.com,Coimbatore,India,Gold
C01539,Customer 01539,customer01539@example.com,Bengaluru,India,Platinum
C01540,Customer 01540,customer01540@example.com,Chennai,India,Silver
C01541,Customer 01541,customer01541@example.com,Bengaluru,India,Platinum
C01542,Customer 01542,customer01542@example.com,Hyderabad,India,Silver
C01543,Customer 01543,customer01543@example.com,Mumbai,India,Silver
C01544,Customer 01544,customer01544@example.com,Hyderabad,India,Regular
C01545,Customer 01545,customer01545@example.com,Kochi,India,Regular
C01546,Customer 01546,customer01546@example.com,Kochi,India,Silver
C01547,Customer 01547,customer01547@example.com,Hyderabad,India,Gold
C01548,Customer 01548,customer01548@example.com,Pune,India,Regular
C01549,Customer 01549,customer01549@example.com,Bengaluru,India,Platinum
C01550,Customer 01550,customer01550@example.com,Kochi,India,Gold
C01551,Customer 01551,customer01551@example.com,Delhi,India,Platinum
C01552,Customer 01552,customer01552@example.com,Chennai,India,Platinum
C01553,Customer 01553,customer01553@example.com,Bengaluru,India,Platinum
C01554,Customer 01554,customer01554@example.com,Hyderabad,India,Silver
C01555,Customer 01555,customer01555@example.com,Bengaluru,India,Regular
C01556,Customer 01556,customer01556@example.com,Bengaluru,India,Gold
C01557,Customer 01557,customer01557@example.com,Pune,India,Platinum
C01558,Customer 01558,customer01558@example.com,Delhi,India,Platinum
C01559,Customer 01559,customer01559@example.com,Coimbatore,India,Platinum
C01560,Customer 01560,customer01560@example.com,Chennai,India,Silver
C01561,Customer 01561,customer01561@example.com,Delhi,India,Platinum
C01562,Customer 01562,customer01562@example.com,Hyderabad,India,Platinum
C01563,Customer 01563,customer01563@example.com,Chennai,India,Platinum
C01564,Customer 01564,customer01564@example.com,Pune,India,Silver
C01565,Customer 01565,customer01565@example.com,Chennai,India,Platinum
C01566,Customer 01566,customer01566@example.com,Delhi,India,Gold
C01567,Customer 01567,customer01567@example.com,Chennai,India,Gold
C01568,Customer 01568,customer01568@example.com,Delhi,India,Gold
C01569,Customer 01569,customer01569@example.com,Delhi,India,Platinum
C01570,Customer 01570,customer01570@example.com,Bengaluru,India,Silver
C01571,Customer 01571,customer01571@example.com,Hyderabad,India,Gold
C01572,Customer 01572,customer01572@example.com,Coimbatore,India,Gold
C01573,Customer 01573,customer01573@example.com,Delhi,India,Platinum
C01574,Customer 01574,customer01574@example.com,Bengaluru,India,Silver
C01575,Customer 01575,customer01575@example.com,Coimbatore,India,Silver
C01576,Customer 01576,customer01576@example.com,Kochi,India,Platinum
C01577,Customer 01577,customer01577@example.com,Pune,India,Regular
C01578,Customer 01578,customer01578@example.com,Hyderabad,India,Regular
C01579,Customer 01579,customer01579@example.com,Delhi,India,Platinum
C01580,Customer 01580,customer01580@example.com,Hyderabad,India,Regular
C01581,Customer 01581,customer01581@example.com,Hyderabad,India,Silver
C01582,Customer 01582,customer01582@example.com,Mumbai,India,Regular
C01583,Customer 01583,customer01583@example.com,Mumbai,India,Regular
C01584,Customer 01584,customer01584@example.com,Coimbatore,India,Regular
C01585,Customer 01585,customer01585@example.com,Pune,India,Silver
C01586,Customer 01586,customer01586@example.com,Delhi,India,Gold
C01587,Customer 01587,customer01587@example.com,Coimbatore,India,Platinum
C01588,Customer 01588,customer01588@example.com,Bengaluru,India,Regular
C01589,Customer 01589,customer01589@example.com,Mumbai,India,Gold
C01590,Customer 01590,customer01590@example.com,Coimbatore,India,Platinum
C01591,Customer 01591,customer01591@example.com,Hyderabad,India,Platinum
C01592,Customer 01592,customer01592@example.com,Pune,India,Gold
C01593,Customer 01593,customer01593@example.com,Hyderabad,India,Gold
C01594,Customer 01594,customer01594@example.com,Bengaluru,India,Gold
C01595,Customer 01595,customer01595@example.com,Chennai,India,Platinum
C01596,Customer 01596,customer01596@example.com,Chennai,India,Silver
C01597,Customer 01597,customer01597@example.com,Mumbai,India,Silver
C01598,Customer 01598,customer01598@example.com,Mumbai,India,Silver
C01599,Customer 01599,customer01599@example.com,Delhi,India,Platinum
C01600,Customer 01600,customer01600@example.com,Chennai,India,Regular
C01601,Customer 01601,customer01601@example.com,Coimbatore,India,Silver
C01602,Customer 01602,customer01602@example.com,Hyderabad,India,Regular
C01603,Customer 01603,customer01603@example.com,Mumbai,India,Gold
C01604,Customer 01604,customer01604@example.com,Delhi,India,Gold
C01605,Customer 01605,customer01605@example.com,Kochi,India,Platinum
C01606,Customer 01606,customer01606@example.com,Pune,India,Platinum
C01607,Customer 01607,customer01607@example.com,Delhi,India,Silver
C01608,Customer 01608,customer01608@example.com,Coimbatore,India,Gold
C01609,Customer 01609,customer01609@example.com,Kochi,India,Regular
C01610,Customer 01610,customer01610@example.com,Chennai,India,Gold
C01611,Customer 01611,customer01611@example.com,Delhi,India,Gold
C01612,Customer 01612,customer01612@example.com,Bengaluru,India,Platinum
C01613,Customer 01613,customer01613@example.com,Bengaluru,India,Gold
C01614,Customer 01614,customer01614@example.com,Delhi,India,Gold
C01615,Customer 01615,customer01615@example.com,Delhi,India,Gold
C01616,Customer 01616,customer01616@example.com,Delhi,India,Silver
C01617,Customer 01617,customer01617@example.com,Hyderabad,India,Silver
C01618,Customer 01618,customer01618@example.com,Chennai,India,Platinum
C01619,Customer 01619,customer01619@example.com,Pune,India,Silver
C01620,Customer 01620,customer01620@example.com,Chennai,India,Platinum
C01621,Customer 01621,customer01621@example.com,Delhi,India,Gold
C01622,Customer 01622,customer01622@example.com,Kochi,India,Platinum
C01623,Customer 01623,customer01623@example.com,Kochi,India,Regular
C01624,Customer 01624,customer01624@example.com,Mumbai,India,Gold
C01625,Customer 01625,customer01625@example.com,Mumbai,India,Platinum
C01626,Customer 01626,customer01626@example.com,Pune,India,Gold
C01627,Customer 01627,customer01627@example.com,Hyderabad,India,Silver
C01628,Customer 01628,customer01628@example.com,Delhi,India,Regular
C01629,Customer 01629,customer01629@example.com,Coimbatore,India,Silver
C01630,Customer 01630,customer01630@example.com,Delhi,India,Silver
C01631,Customer 01631,customer01631@example.com,Pune,India,Regular
C01632,Customer 01632,customer01632@example.com,Mumbai,India,Gold
C01633,Customer 01633,customer01633@example.com,Mumbai,India,Gold
C01634,Customer 01634,customer01634@example.com,Kochi,India,Gold
C01635,Customer 01635,customer01635@example.com,Pune,India,Gold
C01636,Customer 01636,customer01636@example.com,Delhi,India,Platinum
C01637,Customer 01637,customer01637@example.com,Bengaluru,India,Platinum
C01638,Customer 01638,customer01638@example.com,Chennai,India,Regular
C01639,Customer 01639,customer01639@example.com,Coimbatore,India,Silver
C01640,Customer 01640,customer01640@example.com,Bengaluru,India,Platinum
C01641,Customer 01641,customer01641@example.com,Delhi,India,Platinum
C01642,Customer 01642,customer01642@example.com,Chennai,India,Silver
C01643,Customer 01643,customer01643@example.com,Hyderabad,India,Silver
C01644,Customer 01644,customer01644@example.com,Pune,India,Platinum
C01645,Customer 01645,customer01645@example.com,Coimbatore,India,Silver
C01646,Customer 01646,customer01646@example.com,Pune,India,Silver
C01647,Customer 01647,customer01647@example.com,Bengaluru,India,Platinum
C01648,Customer 01648,customer01648@example.com,Pune,India,Silver
C01649,Customer 01649,customer01649@example.com,Pune,India,Regular
C01650,Customer 01650,customer01650@example.com,Chennai,India,Platinum
C01651,Customer 01651,customer01651@example.com,Delhi,India,Silver
C01652,Customer 01652,customer01652@example.com,Hyderabad,India,Silver
C01653,Customer 01653,customer01653@example.com,Coimbatore,India,Regular
C01654,Customer 01654,customer01654@example.com,Hyderabad,India,Platinum
C01655,Customer 01655,customer01655@example.com,Kochi,India,Platinum
C01656,Customer 01656,customer01656@example.com,Kochi,India,Platinum
C01657,Customer 01657,customer01657@example.com,Kochi,India,Regular
C01658,Customer 01658,customer01658@example.com,Chennai,India,Silver
C01659,Customer 01659,customer01659@example.com,Pune,India,Regular
C01660,Customer 01660,customer01660@example.com,Pune,India,Silver
C01661,Customer 01661,customer01661@example.com,Chennai,India,Regular
C01662,Customer 01662,customer01662@example.com,Mumbai,India,Silver
C01663,Customer 01663,customer01663@example.com,Pune,India,Gold
C01664,Customer 01664,customer01664@example.com,Hyderabad,India,Regular
C01665,Customer 01665,customer01665@example.com,Kochi,India,Gold
C01666,Customer 01666,customer01666@example.com,Hyderabad,India,Regular
C01667,Customer 01667,customer01667@example.com,Chennai,India,Gold
C01668,Customer 01668,customer01668@example.com,Delhi,India,Platinum
C01669,Customer 01669,customer01669@example.com,Pune,India,Platinum
C01670,Customer 01670,customer01670@example.com,Hyderabad,India,Gold
C01671,Customer 01671,customer01671@example.com,Coimbatore,India,Gold
C01672,Customer 01672,customer01672@example.com,Mumbai,India,Silver
C01673,Customer 01673,customer01673@example.com,Kochi,India,Regular
C01674,Customer 01674,customer01674@example.com,Mumbai,India,Silver
C01675,Customer 01675,customer01675@example.com,Hyderabad,India,Silver
C01676,Customer 01676,customer01676@example.com,Chennai,India,Silver
C01677,Customer 01677,customer01677@example.com,Bengaluru,India,Gold
C01678,Customer 01678,customer01678@example.com,Chennai,India,Platinum
C01679,Customer 01679,customer01679@example.com,Delhi,India,Regular
C01680,Customer 01680,customer01680@example.com,Chennai,India,Regular
C01681,Customer 01681,customer01681@example.com,Chennai,India,Regular
C01682,Customer 01682,customer01682@example.com,Bengaluru,India,Platinum
C01683,Customer 01683,customer01683@example.com,Coimbatore,India,Platinum
C01684,Customer 01684,customer01684@example.com,Bengaluru,India,Gold
C01685,Customer 01685,customer01685@example.com,Coimbatore,India,Silver
C01686,Customer 01686,customer01686@example.com,Mumbai,India,Regular
C01687,Customer 01687,customer01687@example.com,Delhi,India,Platinum
C01688,Customer 01688,customer01688@example.com,Bengaluru,India,Gold
C01689,Customer 01689,customer01689@example.com,Hyderabad,India,Platinum
C01690,Customer 01690,customer01690@example.com,Bengaluru,India,Regular
C01691,Customer 01691,customer01691@example.com,Delhi,India,Regular
C01692,Customer 01692,customer01692@example.com,Bengaluru,India,Platinum
C01693,Customer 01693,customer01693@example.com,Mumbai,India,Silver
C01694,Customer 01694,customer01694@example.com,Delhi,India,Silver
C01695,Customer 01695,customer01695@example.com,Pune,India,Platinum
C01696,Customer 01696,customer01696@example.com,Delhi,India,Silver
C01697,Customer 01697,customer01697@example.com,Chennai,India,Platinum
C01698,Customer 01698,customer01698@example.com,Mumbai,India,Platinum
C01699,Customer 01699,customer01699@example.com,Pune,India,Silver
C01700,Customer 01700,customer01700@example.com,Chennai,India,Regular
C01701,Customer 01701,customer01701@example.com,Bengaluru,India,Regular
C01702,Customer 01702,customer01702@example.com,Coimbatore,India,Silver
C01703,Customer 01703,customer01703@example.com,Bengaluru,India,Regular
C01704,Customer 01704,customer01704@example.com,Bengaluru,India,Gold
C01705,Customer 01705,customer01705@example.com,Mumbai,India,Platinum
C01706,Customer 01706,customer01706@example.com,Delhi,India,Gold
C01707,Customer 01707,customer01707@example.com,Coimbatore,India,Regular
C01708,Customer 01708,customer01708@example.com,Bengaluru,India,Silver
C01709,Customer 01709,customer01709@example.com,Chennai,India,Gold
C01710,Customer 01710,customer01710@example.com,Pune,India,Gold
C01711,Customer 01711,customer01711@example.com,Kochi,India,Regular
C01712,Customer 01712,customer01712@example.com,Bengaluru,India,Regular
C01713,Customer 01713,customer01713@example.com,Chennai,India,Silver
C01714,Customer 01714,customer01714@example.com,Hyderabad,India,Gold
C01715,Customer 01715,customer01715@example.com,Pune,India,Platinum
C01716,Customer 01716,customer01716@example.com,Delhi,India,Regular
C01717,Customer 01717,customer01717@example.com,Pune,India,Gold
C01718,Customer 01718,customer01718@example.com,Hyderabad,India,Regular
C01719,Customer 01719,customer01719@example.com,Kochi,India,Platinum
C01720,Customer 01720,customer01720@example.com,Coimbatore,India,Gold
C01721,Customer 01721,customer01721@example.com,Kochi,India,Platinum
C01722,Customer 01722,customer01722@example.com,Kochi,India,Silver
C01723,Customer 01723,customer01723@example.com,Bengaluru,India,Silver
C01724,Customer 01724,customer01724@example.com,Chennai,India,Silver
C01725,Customer 01725,customer01725@example.com,Bengaluru,India,Platinum
C01726,Customer 01726,customer01726@example.com,Coimbatore,India,Platinum
C01727,Customer 01727,customer01727@example.com,Hyderabad,India,Platinum
C01728,Customer 01728,customer01728@example.com,Pune,India,Regular
C01729,Customer 01729,customer01729@example.com,Hyderabad,India,Platinum
C01730,Customer 01730,customer01730@example.com,Coimbatore,India,Regular
C01731,Customer 01731,customer01731@example.com,Kochi,India,Platinum
C01732,Customer 01732,customer01732@example.com,Chennai,India,Regular
C01733,Customer 01733,customer01733@example.com,Delhi,India,Gold
C01734,Customer 01734,customer01734@example.com,Chennai,India,Silver
C01735,Customer 01735,customer01735@example.com,Pune,India,Regular
C01736,Customer 01736,customer01736@example.com,Kochi,India,Silver
C01737,Customer 01737,customer01737@example.com,Coimbatore,India,Gold
C01738,Customer 01738,customer01738@example.com,Kochi,India,Silver
C01739,Customer 01739,customer01739@example.com,Chennai,India,Regular
C01740,Customer 01740,customer01740@example.com,Hyderabad,India,Platinum
C01741,Customer 01741,customer01741@example.com,Coimbatore,India,Silver
C01742,Customer 01742,customer01742@example.com,Bengaluru,India,Platinum
C01743,Customer 01743,customer01743@example.com,Pune,India,Silver
C01744,Customer 01744,customer01744@example.com,Pune,India,Gold
C01745,Customer 01745,customer01745@example.com,Chennai,India,Silver
C01746,Customer 01746,customer01746@example.com,Kochi,India,Platinum
C01747,Customer 01747,customer01747@example.com,Mumbai,India,Regular
C01748,Customer 01748,customer01748@example.com,Coimbatore,India,Platinum
C01749,Customer 01749,customer01749@example.com,Coimbatore,India,Regular
C01750,Customer 01750,customer01750@example.com,Coimbatore,India,Platinum
C01751,Customer 01751,customer01751@example.com,Pune,India,Regular
C01752,Customer 01752,customer01752@example.com,Coimbatore,India,Regular
C01753,Customer 01753,customer01753@example.com,Bengaluru,India,Platinum
C01754,Customer 01754,customer01754@example.com,Kochi,India,Regular
C01755,Customer 01755,customer01755@example.com,Chennai,India,Regular
C01756,Customer 01756,customer01756@example.com,Delhi,India,Silver
C01757,Customer 01757,customer01757@example.com,Coimbatore,India,Gold
C01758,Customer 01758,customer01758@example.com,Pune,India,Regular
C01759,Customer 01759,customer01759@example.com,Mumbai,India,Platinum
C01760,Customer 01760,customer01760@example.com,Pune,India,Platinum
C01761,Customer 01761,customer01761@example.com,Pune,India,Platinum
C01762,Customer 01762,customer01762@example.com,Bengaluru,India,Regular
C01763,Customer 01763,customer01763@example.com,Mumbai,India,Regular
C01764,Customer 01764,customer01764@example.com,Pune,India,Gold
C01765,Customer 01765,customer01765@example.com,Delhi,India,Gold
C01766,Customer 01766,customer01766@example.com,Bengaluru,India,Regular
C01767,Customer 01767,customer01767@example.com,Hyderabad,India,Platinum
C01768,Customer 01768,customer01768@example.com,Hyderabad,India,Platinum
C01769,Customer 01769,customer01769@example.com,Bengaluru,India,Gold
C01770,Customer 01770,customer01770@example.com,Mumbai,India,Silver
C01771,Customer 01771,customer01771@example.com,Bengaluru,India,Platinum
C01772,Customer 01772,customer01772@example.com,Mumbai,India,Platinum
C01773,Customer 01773,customer01773@example.com,Mumbai,India,Gold
C01774,Customer 01774,customer01774@example.com,Bengaluru,India,Platinum
C01775,Customer 01775,customer01775@example.com,Chennai,India,Regular
C01776,Customer 01776,customer01776@example.com,Coimbatore,India,Platinum
C01777,Customer 01777,customer01777@example.com,Hyderabad,India,Platinum
C01778,Customer 01778,customer01778@example.com,Chennai,India,Regular
C01779,Customer 01779,customer01779@example.com,Kochi,India,Platinum
C01780,Customer 01780,customer01780@example.com,Hyderabad,India,Silver
C01781,Customer 01781,customer01781@example.com,Hyderabad,India,Regular
C01782,Customer 01782,customer01782@example.com,Kochi,India,Gold
C01783,Customer 01783,customer01783@example.com,Kochi,India,Platinum
C01784,Customer 01784,customer01784@example.com,Mumbai,India,Gold
C01785,Customer 01785,customer01785@example.com,Kochi,India,Gold
C01786,Customer 01786,customer01786@example.com,Delhi,India,Platinum
C01787,Customer 01787,customer01787@example.com,Hyderabad,India,Silver
C01788,Customer 01788,customer01788@example.com,Kochi,India,Gold
C01789,Customer 01789,customer01789@example.com,Pune,India,Silver
C01790,Customer 01790,customer01790@example.com,Mumbai,India,Silver
C01791,Customer 01791,customer01791@example.com,Delhi,India,Gold
C01792,Customer 01792,customer01792@example.com,Hyderabad,India,Silver
C01793,Customer 01793,customer01793@example.com,Pune,India,Regular
C01794,Customer 01794,customer01794@example.com,Pune,India,Platinum
C01795,Customer 01795,customer01795@example.com,Kochi,India,Gold
C01796,Customer 01796,customer01796@example.com,Kochi,India,Regular
C01797,Customer 01797,customer01797@example.com,Bengaluru,India,Regular
C01798,Customer 01798,customer01798@example.com,Kochi,India,Silver
C01799,Customer 01799,customer01799@example.com,Chennai,India,Regular
C01800,Customer 01800,customer01800@example.com,Mumbai,India,Gold
C01801,Customer 01801,customer01801@example.com,Hyderabad,India,Gold
C01802,Customer 01802,customer01802@example.com,Delhi,India,Silver
C01803,Customer 01803,customer01803@example.com,Chennai,India,Gold
C01804,Customer 01804,customer01804@example.com,Mumbai,India,Regular
C01805,Customer 01805,customer01805@example.com,Pune,India,Platinum
C01806,Customer 01806,customer01806@example.com,Bengaluru,India,Silver
C01807,Customer 01807,customer01807@example.com,Kochi,India,Silver
C01808,Customer 01808,customer01808@example.com,Delhi,India,Regular
C01809,Customer 01809,customer01809@example.com,Kochi,India,Platinum
C01810,Customer 01810,customer01810@example.com,Kochi,India,Gold
C01811,Customer 01811,customer01811@example.com,Chennai,India,Regular
C01812,Customer 01812,customer01812@example.com,Delhi,India,Silver
C01813,Customer 01813,customer01813@example.com,Coimbatore,India,Silver
C01814,Customer 01814,customer01814@example.com,Pune,India,Silver
C01815,Customer 01815,customer01815@example.com,Mumbai,India,Gold
C01816,Customer 01816,customer01816@example.com,Coimbatore,India,Silver
C01817,Customer 01817,customer01817@example.com,Bengaluru,India,Silver
C01818,Customer 01818,customer01818@example.com,Hyderabad,India,Regular
C01819,Customer 01819,customer01819@example.com,Kochi,India,Regular
C01820,Customer 01820,customer01820@example.com,Kochi,India,Gold
C01821,Customer 01821,customer01821@example.com,Delhi,India,Silver
C01822,Customer 01822,customer01822@example.com,Hyderabad,India,Gold
C01823,Customer 01823,customer01823@example.com,Chennai,India,Gold
C01824,Customer 01824,customer01824@example.com,Coimbatore,India,Silver
C01825,Customer 01825,customer01825@example.com,Chennai,India,Silver
C01826,Customer 01826,customer01826@example.com,Pune,India,Regular
C01827,Customer 01827,customer01827@example.com,Delhi,India,Platinum
C01828,Customer 01828,customer01828@example.com,Pune,India,Regular
C01829,Customer 01829,customer01829@example.com,Pune,India,Silver
C01830,Customer 01830,customer01830@example.com,Hyderabad,India,Regular
C01831,Customer 01831,customer01831@example.com,Hyderabad,India,Platinum
C01832,Customer 01832,customer01832@example.com,Kochi,India,Regular
C01833,Customer 01833,customer01833@example.com,Pune,India,Silver
C01834,Customer 01834,customer01834@example.com,Mumbai,India,Gold
C01835,Customer 01835,customer01835@example.com,Pune,India,Gold
C01836,Customer 01836,customer01836@example.com,Delhi,India,Silver
C01837,Customer 01837,customer01837@example.com,Coimbatore,India,Regular
C01838,Customer 01838,customer01838@example.com,Bengaluru,India,Gold
C01839,Customer 01839,customer01839@example.com,Coimbatore,India,Silver
C01840,Customer 01840,customer01840@example.com,Mumbai,India,Regular
C01841,Customer 01841,customer01841@example.com,Pune,India,Platinum
C01842,Customer 01842,customer01842@example.com,Bengaluru,India,Platinum
C01843,Customer 01843,customer01843@example.com,Delhi,India,Gold
C01844,Customer 01844,customer01844@example.com,Chennai,India,Gold
C01845,Customer 01845,customer01845@example.com,Coimbatore,India,Platinum
C01846,Customer 01846,customer01846@example.com,Chennai,India,Gold
C01847,Customer 01847,customer01847@example.com,Mumbai,India,Gold
C01848,Customer 01848,customer01848@example.com,Bengaluru,India,Regular
C01849,Customer 01849,customer01849@example.com,Hyderabad,India,Regular
C01850,Customer 01850,customer01850@example.com,Bengaluru,India,Silver
C01851,Customer 01851,customer01851@example.com,Mumbai,India,Platinum
C01852,Customer 01852,customer01852@example.com,Bengaluru,India,Silver
C01853,Customer 01853,customer01853@example.com,Kochi,India,Regular
C01854,Customer 01854,customer01854@example.com,Hyderabad,India,Regular
C01855,Customer 01855,customer01855@example.com,Coimbatore,India,Gold
C01856,Customer 01856,customer01856@example.com,Chennai,India,Regular
C01857,Customer 01857,customer01857@example.com,Bengaluru,India,Regular
C01858,Customer 01858,customer01858@example.com,Hyderabad,India,Gold
C01859,Customer 01859,customer01859@example.com,Bengaluru,India,Silver
C01860,Customer 01860,customer01860@example.com,Delhi,India,Platinum
C01861,Customer 01861,customer01861@example.com,Kochi,India,Platinum
C01862,Customer 01862,customer01862@example.com,Kochi,India,Platinum
C01863,Customer 01863,customer01863@example.com,Pune,India,Regular
C01864,Customer 01864,customer01864@example.com,Kochi,India,Regular
C01865,Customer 01865,customer01865@example.com,Chennai,India,Regular
C01866,Customer 01866,customer01866@example.com,Chennai,India,Regular
C01867,Customer 01867,customer01867@example.com,Pune,India,Regular
C01868,Customer 01868,customer01868@example.com,Delhi,India,Gold
C01869,Customer 01869,customer01869@example.com,Bengaluru,India,Gold
C01870,Customer 01870,customer01870@example.com,Coimbatore,India,Platinum
C01871,Customer 01871,customer01871@example.com,Kochi,India,Regular
C01872,Customer 01872,customer01872@example.com,Coimbatore,India,Silver
C01873,Customer 01873,customer01873@example.com,Mumbai,India,Silver
C01874,Customer 01874,customer01874@example.com,Kochi,India,Gold
C01875,Customer 01875,customer01875@example.com,Hyderabad,India,Gold
C01876,Customer 01876,customer01876@example.com,Pune,India,Regular
C01877,Customer 01877,customer01877@example.com,Hyderabad,India,Regular
C01878,Customer 01878,customer01878@example.com,Chennai,India,Regular
C01879,Customer 01879,customer01879@example.com,Kochi,India,Regular
C01880,Customer 01880,customer01880@example.com,Delhi,India,Silver
C01881,Customer 01881,customer01881@example.com,Pune,India,Silver
C01882,Customer 01882,customer01882@example.com,Kochi,India,Silver
C01883,Customer 01883,customer01883@example.com,Hyderabad,India,Silver
C01884,Customer 01884,customer01884@example.com,Mumbai,India,Gold
C01885,Customer 01885,customer01885@example.com,Mumbai,India,Regular
C01886,Customer 01886,customer01886@example.com,Hyderabad,India,Regular
C01887,Customer 01887,customer01887@example.com,Coimbatore,India,Regular
C01888,Customer 01888,customer01888@example.com,Delhi,India,Regular
C01889,Customer 01889,customer01889@example.com,Delhi,India,Regular
C01890,Customer 01890,customer01890@example.com,Mumbai,India,Platinum
C01891,Customer 01891,customer01891@example.com,Pune,India,Gold
C01892,Customer 01892,customer01892@example.com,Hyderabad,India,Silver
C01893,Customer 01893,customer01893@example.com,Bengaluru,India,Gold
C01894,Customer 01894,customer01894@example.com,Bengaluru,India,Silver
C01895,Customer 01895,customer01895@example.com,Pune,India,Platinum
C01896,Customer 01896,customer01896@example.com,Coimbatore,India,Gold
C01897,Customer 01897,customer01897@example.com,Delhi,India,Silver
C01898,Customer 01898,customer01898@example.com,Pune,India,Gold
C01899,Customer 01899,customer01899@example.com,Kochi,India,Silver
C01900,Customer 01900,customer01900@example.com,Chennai,India,Gold
C01901,Customer 01901,customer01901@example.com,Mumbai,India,Silver
C01902,Customer 01902,customer01902@example.com,Kochi,India,Gold
C01903,Customer 01903,customer01903@example.com,Pune,India,Silver
C01904,Customer 01904,customer01904@example.com,Pune,India,Platinum
C01905,Customer 01905,customer01905@example.com,Coimbatore,India,Platinum
C01906,Customer 01906,customer01906@example.com,Pune,India,Gold
C01907,Customer 01907,customer01907@example.com,Coimbatore,India,Regular
C01908,Customer 01908,customer01908@example.com,Hyderabad,India,Regular
C01909,Customer 01909,customer01909@example.com,Delhi,India,Silver
C01910,Customer 01910,customer01910@example.com,Mumbai,India,Gold
C01911,Customer 01911,customer01911@example.com,Bengaluru,India,Regular
C01912,Customer 01912,customer01912@example.com,Chennai,India,Regular
C01913,Customer 01913,customer01913@example.com,Kochi,India,Silver
C01914,Customer 01914,customer01914@example.com,Chennai,India,Gold
C01915,Customer 01915,customer01915@example.com,Coimbatore,India,Silver
C01916,Customer 01916,customer01916@example.com,Pune,India,Platinum
C01917,Customer 01917,customer01917@example.com,Mumbai,India,Gold
C01918,Customer 01918,customer01918@example.com,Hyderabad,India,Platinum
C01919,Customer 01919,customer01919@example.com,Bengaluru,India,Platinum
C01920,Customer 01920,customer01920@example.com,Pune,India,Regular
C01921,Customer 01921,customer01921@example.com,Mumbai,India,Silver
C01922,Customer 01922,customer01922@example.com,Hyderabad,India,Platinum
C01923,Customer 01923,customer01923@example.com,Hyderabad,India,Silver
C01924,Customer 01924,customer01924@example.com,Hyderabad,India,Platinum
C01925,Customer 01925,customer01925@example.com,Pune,India,Regular
C01926,Customer 01926,customer01926@example.com,Mumbai,India,Platinum
C01927,Customer 01927,customer01927@example.com,Mumbai,India,Regular
C01928,Customer 01928,customer01928@example.com,Delhi,India,Gold
C01929,Customer 01929,customer01929@example.com,Mumbai,India,Regular
C01930,Customer 01930,customer01930@example.com,Mumbai,India,Gold
C01931,Customer 01931,customer01931@example.com,Kochi,India,Platinum
C01932,Customer 01932,customer01932@example.com,Coimbatore,India,Regular
C01933,Customer 01933,customer01933@example.com,Chennai,India,Gold
C01934,Customer 01934,customer01934@example.com,Bengaluru,India,Gold
C01935,Customer 01935,customer01935@example.com,Delhi,India,Silver
C01936,Customer 01936,customer01936@example.com,Kochi,India,Platinum
C01937,Customer 01937,customer01937@example.com,Pune,India,Regular
C01938,Customer 01938,customer01938@example.com,Delhi,India,Platinum
C01939,Customer 01939,customer01939@example.com,Mumbai,India,Platinum
C01940,Customer 01940,customer01940@example.com,Pune,India,Gold
C01941,Customer 01941,customer01941@example.com,Coimbatore,India,Platinum
C01942,Customer 01942,customer01942@example.com,Chennai,India,Silver
C01943,Customer 01943,customer01943@example.com,Coimbatore,India,Silver
C01944,Customer 01944,customer01944@example.com,Mumbai,India,Regular
C01945,Customer 01945,customer01945@example.com,Delhi,India,Silver
C01946,Customer 01946,customer01946@example.com,Hyderabad,India,Silver
C01947,Customer 01947,customer01947@example.com,Hyderabad,India,Gold
C01948,Customer 01948,customer01948@example.com,Bengaluru,India,Silver
C01949,Customer 01949,customer01949@example.com,Kochi,India,Gold
C01950,Customer 01950,customer01950@example.com,Bengaluru,India,Platinum
C01951,Customer 01951,customer01951@example.com,Coimbatore,India,Platinum
C01952,Customer 01952,customer01952@example.com,Mumbai,India,Silver
C01953,Customer 01953,customer01953@example.com,Kochi,India,Regular
C01954,Customer 01954,customer01954@example.com,Mumbai,India,Regular
C01955,Customer 01955,customer01955@example.com,Hyderabad,India,Silver
C01956,Customer 01956,customer01956@example.com,Hyderabad,India,Regular
C01957,Customer 01957,customer01957@example.com,Hyderabad,India,Regular
C01958,Customer 01958,customer01958@example.com,Hyderabad,India,Gold
C01959,Customer 01959,customer01959@example.com,Hyderabad,India,Platinum
C01960,Customer 01960,customer01960@example.com,Chennai,India,Gold
C01961,Customer 01961,customer01961@example.com,Bengaluru,India,Silver
C01962,Customer 01962,customer01962@example.com,Coimbatore,India,Platinum
C01963,Customer 01963,customer01963@example.com,Coimbatore,India,Silver
C01964,Customer 01964,customer01964@example.com,Mumbai,India,Platinum
C01965,Customer 01965,customer01965@example.com,Hyderabad,India,Silver
C01966,Customer 01966,customer01966@example.com,Delhi,India,Silver
C01967,Customer 01967,customer01967@example.com,Pune,India,Platinum
C01968,Customer 01968,customer01968@example.com,Bengaluru,India,Silver
C01969,Customer 01969,customer01969@example.com,Kochi,India,Platinum
C01970,Customer 01970,customer01970@example.com,Hyderabad,India,Regular
C01971,Customer 01971,customer01971@example.com,Chennai,India,Silver
C01972,Customer 01972,customer01972@example.com,Kochi,India,Silver
C01973,Customer 01973,customer01973@example.com,Bengaluru,India,Silver
C01974,Customer 01974,customer01974@example.com,Coimbatore,India,Regular
C01975,Customer 01975,customer01975@example.com,Bengaluru,India,Regular
C01976,Customer 01976,customer01976@example.com,Coimbatore,India,Silver
C01977,Customer 01977,customer01977@example.com,Chennai,India,Platinum
C01978,Customer 01978,customer01978@example.com,Kochi,India,Gold
C01979,Customer 01979,customer01979@example.com,Chennai,India,Platinum
C01980,Customer 01980,customer01980@example.com,Mumbai,India,Platinum
C01981,Customer 01981,customer01981@example.com,Kochi,India,Gold
C01982,Customer 01982,customer01982@example.com,Bengaluru,India,Platinum
C01983,Customer 01983,customer01983@example.com,Hyderabad,India,Gold
C01984,Customer 01984,customer01984@example.com,Coimbatore,India,Silver
C01985,Customer 01985,customer01985@example.com,Bengaluru,India,Gold
C01986,Customer 01986,customer01986@example.com,Kochi,India,Gold
C01987,Customer 01987,customer01987@example.com,Mumbai,India,Regular
C01988,Customer 01988,customer01988@example.com,Chennai,India,Regular
C01989,Customer 01989,customer01989@example.com,Chennai,India,Platinum
C01990,Customer 01990,customer01990@example.com,Mumbai,India,Gold
C01991,Customer 01991,customer01991@example.com,Kochi,India,Gold
C01992,Customer 01992,customer01992@example.com,Bengaluru,India,Silver
C01993,Customer 01993,customer01993@example.com,Kochi,India,Gold
C01994,Customer 01994,customer01994@example.com,Delhi,India,Platinum
C01995,Customer 01995,customer01995@example.com,Pune,India,Gold
C01996,Customer 01996,customer01996@example.com,Kochi,India,Silver
C01997,Customer 01997,customer01997@example.com,Kochi,India,Platinum
C01998,Customer 01998,customer01998@example.com,Hyderabad,India,Gold
C01999,Customer 01999,customer01999@example.com,Coimbatore,India,Gold
C02000,Customer 02000,customer02000@example.com,Delhi,India,Gold
C02001,Customer 02001,customer02001@example.com,Kochi,India,Silver
C02002,Customer 02002,customer02002@example.com,Bengaluru,India,Silver
C02003,Customer 02003,customer02003@example.com,Coimbatore,India,Silver
C02004,Customer 02004,customer02004@example.com,Bengaluru,India,Silver
C02005,Customer 02005,customer02005@example.com,Kochi,India,Gold
C02006,Customer 02006,customer02006@example.com,Chennai,India,Silver
C02007,Customer 02007,customer02007@example.com,Kochi,India,Regular
C02008,Customer 02008,customer02008@example.com,Bengaluru,India,Silver
C02009,Customer 02009,customer02009@example.com,Coimbatore,India,Platinum
C02010,Customer 02010,customer02010@example.com,Bengaluru,India,Regular
C02011,Customer 02011,customer02011@example.com,Delhi,India,Silver
C02012,Customer 02012,customer02012@example.com,Pune,India,Regular
C02013,Customer 02013,customer02013@example.com,Chennai,India,Platinum
C02014,Customer 02014,customer02014@example.com,Kochi,India,Gold
C02015,Customer 02015,customer02015@example.com,Chennai,India,Silver
C02016,Customer 02016,customer02016@example.com,Coimbatore,India,Platinum
C02017,Customer 02017,customer02017@example.com,Chennai,India,Silver
C02018,Customer 02018,customer02018@example.com,Delhi,India,Silver
C02019,Customer 02019,customer02019@example.com,Chennai,India,Silver
C02020,Customer 02020,customer02020@example.com,Hyderabad,India,Regular
C02021,Customer 02021,customer02021@example.com,Pune,India,Silver
C02022,Customer 02022,customer02022@example.com,Chennai,India,Silver
C02023,Customer 02023,customer02023@example.com,Bengaluru,India,Gold
C02024,Customer 02024,customer02024@example.com,Kochi,India,Gold
C02025,Customer 02025,customer02025@example.com,Kochi,India,Platinum
C02026,Customer 02026,customer02026@example.com,Mumbai,India,Regular
C02027,Customer 02027,customer02027@example.com,Bengaluru,India,Regular
C02028,Customer 02028,customer02028@example.com,Delhi,India,Gold
C02029,Customer 02029,customer02029@example.com,Pune,India,Gold
C02030,Customer 02030,customer02030@example.com,Mumbai,India,Silver
C02031,Customer 02031,customer02031@example.com,Coimbatore,India,Platinum
C02032,Customer 02032,customer02032@example.com,Chennai,India,Gold
C02033,Customer 02033,customer02033@example.com,Hyderabad,India,Platinum
C02034,Customer 02034,customer02034@example.com,Bengaluru,India,Regular
C02035,Customer 02035,customer02035@example.com,Delhi,India,Gold
C02036,Customer 02036,customer02036@example.com,Bengaluru,India,Gold
C02037,Customer 02037,customer02037@example.com,Delhi,India,Platinum
C02038,Customer 02038,customer02038@example.com,Kochi,India,Platinum
C02039,Customer 02039,customer02039@example.com,Mumbai,India,Gold
C02040,Customer 02040,customer02040@example.com,Coimbatore,India,Platinum
C02041,Customer 02041,customer02041@example.com,Chennai,India,Platinum
C02042,Customer 02042,customer02042@example.com,Bengaluru,India,Gold
C02043,Customer 02043,customer02043@example.com,Bengaluru,India,Platinum
C02044,Customer 02044,customer02044@example.com,Mumbai,India,Silver
C02045,Customer 02045,customer02045@example.com,Pune,India,Platinum
C02046,Customer 02046,customer02046@example.com,Pune,India,Regular
C02047,Customer 02047,customer02047@example.com,Delhi,India,Silver
C02048,Customer 02048,customer02048@example.com,Delhi,India,Regular
C02049,Customer 02049,customer02049@example.com,Kochi,India,Gold
C02050,Customer 02050,customer02050@example.com,Bengaluru,India,Silver
C02051,Customer 02051,customer02051@example.com,Coimbatore,India,Gold
C02052,Customer 02052,customer02052@example.com,Pune,India,Silver
C02053,Customer 02053,customer02053@example.com,Delhi,India,Silver
C02054,Customer 02054,customer02054@example.com,Mumbai,India,Platinum
C02055,Customer 02055,customer02055@example.com,Mumbai,India,Silver
C02056,Customer 02056,customer02056@example.com,Mumbai,India,Gold
C02057,Customer 02057,customer02057@example.com,Mumbai,India,Silver
C02058,Customer 02058,customer02058@example.com,Mumbai,India,Silver
C02059,Customer 02059,customer02059@example.com,Pune,India,Silver
C02060,Customer 02060,customer02060@example.com,Bengaluru,India,Regular
C02061,Customer 02061,customer02061@example.com,Bengaluru,India,Platinum
C02062,Customer 02062,customer02062@example.com,Chennai,India,Regular
C02063,Customer 02063,customer02063@example.com,Coimbatore,India,Gold
C02064,Customer 02064,customer02064@example.com,Pune,India,Platinum
C02065,Customer 02065,customer02065@example.com,Delhi,India,Platinum
C02066,Customer 02066,customer02066@example.com,Hyderabad,India,Gold
C02067,Customer 02067,customer02067@example.com,Kochi,India,Silver
C02068,Customer 02068,customer02068@example.com,Hyderabad,India,Regular
C02069,Customer 02069,customer02069@example.com,Kochi,India,Platinum
C02070,Customer 02070,customer02070@example.com,Chennai,India,Gold
C02071,Customer 02071,customer02071@example.com,Kochi,India,Silver
C02072,Customer 02072,customer02072@example.com,Coimbatore,India,Regular
C02073,Customer 02073,customer02073@example.com,Coimbatore,India,Gold
C02074,Customer 02074,customer02074@example.com,Chennai,India,Regular
C02075,Customer 02075,customer02075@example.com,Mumbai,India,Platinum
C02076,Customer 02076,customer02076@example.com,Bengaluru,India,Gold
C02077,Customer 02077,customer02077@example.com,Pune,India,Gold
C02078,Customer 02078,customer02078@example.com,Hyderabad,India,Gold
C02079,Customer 02079,customer02079@example.com,Mumbai,India,Gold
C02080,Customer 02080,customer02080@example.com,Coimbatore,India,Gold
C02081,Customer 02081,customer02081@example.com,Pune,India,Silver
C02082,Customer 02082,customer02082@example.com,Coimbatore,India,Platinum
C02083,Customer 02083,customer02083@example.com,Mumbai,India,Platinum
C02084,Customer 02084,customer02084@example.com,Pune,India,Gold
C02085,Customer 02085,customer02085@example.com,Kochi,India,Gold
C02086,Customer 02086,customer02086@example.com,Coimbatore,India,Silver
C02087,Customer 02087,customer02087@example.com,Hyderabad,India,Silver
C02088,Customer 02088,customer02088@example.com,Bengaluru,India,Gold
C02089,Customer 02089,customer02089@example.com,Mumbai,India,Platinum
C02090,Customer 02090,customer02090@example.com,Kochi,India,Silver
C02091,Customer 02091,customer02091@example.com,Hyderabad,India,Silver
C02092,Customer 02092,customer02092@example.com,Coimbatore,India,Regular
C02093,Customer 02093,customer02093@example.com,Hyderabad,India,Platinum
C02094,Customer 02094,customer02094@example.com,Coimbatore,India,Silver
C02095,Customer 02095,customer02095@example.com,Pune,India,Platinum
C02096,Customer 02096,customer02096@example.com,Delhi,India,Gold
C02097,Customer 02097,customer02097@example.com,Chennai,India,Platinum
C02098,Customer 02098,customer02098@example.com,Bengaluru,India,Silver
C02099,Customer 02099,customer02099@example.com,Chennai,India,Silver
C02100,Customer 02100,customer02100@example.com,Delhi,India,Platinum
C02101,Customer 02101,customer02101@example.com,Bengaluru,India,Platinum
C02102,Customer 02102,customer02102@example.com,Pune,India,Gold
C02103,Customer 02103,customer02103@example.com,Pune,India,Gold
C02104,Customer 02104,customer02104@example.com,Delhi,India,Gold
C02105,Customer 02105,customer02105@example.com,Chennai,India,Platinum
C02106,Customer 02106,customer02106@example.com,Bengaluru,India,Gold
C02107,Customer 02107,customer02107@example.com,Mumbai,India,Silver
C02108,Customer 02108,customer02108@example.com,Delhi,India,Gold
C02109,Customer 02109,customer02109@example.com,Pune,India,Platinum
C02110,Customer 02110,customer02110@example.com,Coimbatore,India,Regular
C02111,Customer 02111,customer02111@example.com,Kochi,India,Gold
C02112,Customer 02112,customer02112@example.com,Coimbatore,India,Silver
C02113,Customer 02113,customer02113@example.com,Hyderabad,India,Gold
C02114,Customer 02114,customer02114@example.com,Kochi,India,Platinum
C02115,Customer 02115,customer02115@example.com,Bengaluru,India,Regular
C02116,Customer 02116,customer02116@example.com,Hyderabad,India,Gold
C02117,Customer 02117,customer02117@example.com,Mumbai,India,Gold
C02118,Customer 02118,customer02118@example.com,Pune,India,Gold
C02119,Customer 02119,customer02119@example.com,Delhi,India,Platinum
C02120,Customer 02120,customer02120@example.com,Delhi,India,Platinum
C02121,Customer 02121,customer02121@example.com,Pune,India,Platinum
C02122,Customer 02122,customer02122@example.com,Kochi,India,Silver
C02123,Customer 02123,customer02123@example.com,Hyderabad,India,Regular
C02124,Customer 02124,customer02124@example.com,Hyderabad,India,Silver
C02125,Customer 02125,customer02125@example.com,Delhi,India,Regular
C02126,Customer 02126,customer02126@example.com,Mumbai,India,Silver
C02127,Customer 02127,customer02127@example.com,Kochi,India,Regular
C02128,Customer 02128,customer02128@example.com,Bengaluru,India,Regular
C02129,Customer 02129,customer02129@example.com,Coimbatore,India,Regular
C02130,Customer 02130,customer02130@example.com,Chennai,India,Platinum
C02131,Customer 02131,customer02131@example.com,Bengaluru,India,Regular
C02132,Customer 02132,customer02132@example.com,Delhi,India,Silver
C02133,Customer 02133,customer02133@example.com,Bengaluru,India,Platinum
C02134,Customer 02134,customer02134@example.com,Delhi,India,Silver
C02135,Customer 02135,customer02135@example.com,Mumbai,India,Gold
C02136,Customer 02136,customer02136@example.com,Coimbatore,India,Silver
C02137,Customer 02137,customer02137@example.com,Hyderabad,India,Silver
C02138,Customer 02138,customer02138@example.com,Chennai,India,Regular
C02139,Customer 02139,customer02139@example.com,Pune,India,Gold
C02140,Customer 02140,customer02140@example.com,Coimbatore,India,Platinum
C02141,Customer 02141,customer02141@example.com,Delhi,India,Platinum
C02142,Customer 02142,customer02142@example.com,Hyderabad,India,Silver
C02143,Customer 02143,customer02143@example.com,Coimbatore,India,Platinum
C02144,Customer 02144,customer02144@example.com,Delhi,India,Gold
C02145,Customer 02145,customer02145@example.com,Coimbatore,India,Silver
C02146,Customer 02146,customer02146@example.com,Bengaluru,India,Platinum
C02147,Customer 02147,customer02147@example.com,Delhi,India,Gold
C02148,Customer 02148,customer02148@example.com,Kochi,India,Gold
C02149,Customer 02149,customer02149@example.com,Hyderabad,India,Gold
C02150,Customer 02150,customer02150@example.com,Chennai,India,Regular
C02151,Customer 02151,customer02151@example.com,Hyderabad,India,Gold
C02152,Customer 02152,customer02152@example.com,Delhi,India,Platinum
C02153,Customer 02153,customer02153@example.com,Chennai,India,Platinum
C02154,Customer 02154,customer02154@example.com,Coimbatore,India,Gold
C02155,Customer 02155,customer02155@example.com,Chennai,India,Platinum
C02156,Customer 02156,customer02156@example.com,Delhi,India,Silver
C02157,Customer 02157,customer02157@example.com,Chennai,India,Gold
C02158,Customer 02158,customer02158@example.com,Mumbai,India,Platinum
C02159,Customer 02159,customer02159@example.com,Kochi,India,Platinum
C02160,Customer 02160,customer02160@example.com,Mumbai,India,Silver
C02161,Customer 02161,customer02161@example.com,Kochi,India,Platinum
C02162,Customer 02162,customer02162@example.com,Mumbai,India,Gold
C02163,Customer 02163,customer02163@example.com,Bengaluru,India,Platinum
C02164,Customer 02164,customer02164@example.com,Mumbai,India,Gold
C02165,Customer 02165,customer02165@example.com,Delhi,India,Gold
C02166,Customer 02166,customer02166@example.com,Kochi,India,Silver
C02167,Customer 02167,customer02167@example.com,Bengaluru,India,Silver
C02168,Customer 02168,customer02168@example.com,Hyderabad,India,Gold
C02169,Customer 02169,customer02169@example.com,Bengaluru,India,Platinum
C02170,Customer 02170,customer02170@example.com,Coimbatore,India,Gold
C02171,Customer 02171,customer02171@example.com,Coimbatore,India,Silver
C02172,Customer 02172,customer02172@example.com,Pune,India,Regular
C02173,Customer 02173,customer02173@example.com,Hyderabad,India,Regular
C02174,Customer 02174,customer02174@example.com,Chennai,India,Silver
C02175,Customer 02175,customer02175@example.com,Bengaluru,India,Gold
C02176,Customer 02176,customer02176@example.com,Delhi,India,Silver
C02177,Customer 02177,customer02177@example.com,Coimbatore,India,Regular
C02178,Customer 02178,customer02178@example.com,Mumbai,India,Regular
C02179,Customer 02179,customer02179@example.com,Hyderabad,India,Regular
C02180,Customer 02180,customer02180@example.com,Coimbatore,India,Silver
C02181,Customer 02181,customer02181@example.com,Pune,India,Platinum
C02182,Customer 02182,customer02182@example.com,Delhi,India,Platinum
C02183,Customer 02183,customer02183@example.com,Pune,India,Platinum
C02184,Customer 02184,customer02184@example.com,Chennai,India,Gold
C02185,Customer 02185,customer02185@example.com,Bengaluru,India,Silver
C02186,Customer 02186,customer02186@example.com,Chennai,India,Gold
C02187,Customer 02187,customer02187@example.com,Kochi,India,Regular
C02188,Customer 02188,customer02188@example.com,Coimbatore,India,Silver
C02189,Customer 02189,customer02189@example.com,Mumbai,India,Gold
C02190,Customer 02190,customer02190@example.com,Kochi,India,Regular
C02191,Customer 02191,customer02191@example.com,Bengaluru,India,Silver
C02192,Customer 02192,customer02192@example.com,Kochi,India,Platinum
C02193,Customer 02193,customer02193@example.com,Mumbai,India,Regular
C02194,Customer 02194,customer02194@example.com,Mumbai,India,Platinum
C02195,Customer 02195,customer02195@example.com,Bengaluru,India,Silver
C02196,Customer 02196,customer02196@example.com,Coimbatore,India,Platinum
C02197,Customer 02197,customer02197@example.com,Delhi,India,Gold
C02198,Customer 02198,customer02198@example.com,Hyderabad,India,Regular
C02199,Customer 02199,customer02199@example.com,Bengaluru,India,Gold
C02200,Customer 02200,customer02200@example.com,Coimbatore,India,Gold
C02201,Customer 02201,customer02201@example.com,Mumbai,India,Gold
C02202,Customer 02202,customer02202@example.com,Chennai,India,Silver
C02203,Customer 02203,customer02203@example.com,Bengaluru,India,Silver
C02204,Customer 02204,customer02204@example.com,Kochi,India,Gold
C02205,Customer 02205,customer02205@example.com,Chennai,India,Silver
C02206,Customer 02206,customer02206@example.com,Delhi,India,Regular
C02207,Customer 02207,customer02207@example.com,Kochi,India,Silver
C02208,Customer 02208,customer02208@example.com,Chennai,India,Regular
C02209,Customer 02209,customer02209@example.com,Coimbatore,India,Silver
C02210,Customer 02210,customer02210@example.com,Pune,India,Regular
C02211,Customer 02211,customer02211@example.com,Mumbai,India,Silver
C02212,Customer 02212,customer02212@example.com,Coimbatore,India,Regular
C02213,Customer 02213,customer02213@example.com,Pune,India,Regular
C02214,Customer 02214,customer02214@example.com,Chennai,India,Gold
C02215,Customer 02215,customer02215@example.com,Hyderabad,India,Regular
C02216,Customer 02216,customer02216@example.com,Hyderabad,India,Platinum
C02217,Customer 02217,customer02217@example.com,Mumbai,India,Gold
C02218,Customer 02218,customer02218@example.com,Pune,India,Platinum
C02219,Customer 02219,customer02219@example.com,Mumbai,India,Regular
C02220,Customer 02220,customer02220@example.com,Kochi,India,Gold
C02221,Customer 02221,customer02221@example.com,Hyderabad,India,Gold
C02222,Customer 02222,customer02222@example.com,Chennai,India,Platinum
C02223,Customer 02223,customer02223@example.com,Coimbatore,India,Gold
C02224,Customer 02224,customer02224@example.com,Coimbatore,India,Silver
C02225,Customer 02225,customer02225@example.com,Hyderabad,India,Gold
C02226,Customer 02226,customer02226@example.com,Pune,India,Platinum
C02227,Customer 02227,customer02227@example.com,Delhi,India,Silver
C02228,Customer 02228,customer02228@example.com,Bengaluru,India,Silver
C02229,Customer 02229,customer02229@example.com,Coimbatore,India,Gold
C02230,Customer 02230,customer02230@example.com,Delhi,India,Gold
C02231,Customer 02231,customer02231@example.com,Coimbatore,India,Regular
C02232,Customer 02232,customer02232@example.com,Kochi,India,Silver
C02233,Customer 02233,customer02233@example.com,Chennai,India,Gold
C02234,Customer 02234,customer02234@example.com,Mumbai,India,Gold
C02235,Customer 02235,customer02235@example.com,Bengaluru,India,Platinum
C02236,Customer 02236,customer02236@example.com,Mumbai,India,Platinum
C02237,Customer 02237,customer02237@example.com,Hyderabad,India,Gold
C02238,Customer 02238,customer02238@example.com,Pune,India,Platinum
C02239,Customer 02239,customer02239@example.com,Pune,India,Regular
C02240,Customer 02240,customer02240@example.com,Bengaluru,India,Regular
C02241,Customer 02241,customer02241@example.com,Chennai,India,Silver
C02242,Customer 02242,customer02242@example.com,Hyderabad,India,Regular
C02243,Customer 02243,customer02243@example.com,Mumbai,India,Regular
C02244,Customer 02244,customer02244@example.com,Coimbatore,India,Silver
C02245,Customer 02245,customer02245@example.com,Bengaluru,India,Regular
C02246,Customer 02246,customer02246@example.com,Kochi,India,Platinum
C02247,Customer 02247,customer02247@example.com,Delhi,India,Regular
C02248,Customer 02248,customer02248@example.com,Pune,India,Silver
C02249,Customer 02249,customer02249@example.com,Bengaluru,India,Regular
C02250,Customer 02250,customer02250@example.com,Mumbai,India,Platinum
C02251,Customer 02251,customer02251@example.com,Bengaluru,India,Platinum
C02252,Customer 02252,customer02252@example.com,Chennai,India,Gold
C02253,Customer 02253,customer02253@example.com,Kochi,India,Gold
C02254,Customer 02254,customer02254@example.com,Chennai,India,Gold
C02255,Customer 02255,customer02255@example.com,Chennai,India,Regular
C02256,Customer 02256,customer02256@example.com,Delhi,India,Regular
C02257,Customer 02257,customer02257@example.com,Mumbai,India,Regular
C02258,Customer 02258,customer02258@example.com,Bengaluru,India,Silver
C02259,Customer 02259,customer02259@example.com,Kochi,India,Silver
C02260,Customer 02260,customer02260@example.com,Mumbai,India,Silver
C02261,Customer 02261,customer02261@example.com,Hyderabad,India,Platinum
C02262,Customer 02262,customer02262@example.com,Bengaluru,India,Gold
C02263,Customer 02263,customer02263@example.com,Coimbatore,India,Platinum
C02264,Customer 02264,customer02264@example.com,Bengaluru,India,Silver
C02265,Customer 02265,customer02265@example.com,Hyderabad,India,Platinum
C02266,Customer 02266,customer02266@example.com,Pune,India,Silver
C02267,Customer 02267,customer02267@example.com,Coimbatore,India,Gold
C02268,Customer 02268,customer02268@example.com,Pune,India,Gold
C02269,Customer 02269,customer02269@example.com,Pune,India,Platinum
C02270,Customer 02270,customer02270@example.com,Kochi,India,Gold
C02271,Customer 02271,customer02271@example.com,Mumbai,India,Silver
C02272,Customer 02272,customer02272@example.com,Kochi,India,Gold
C02273,Customer 02273,customer02273@example.com,Pune,India,Platinum
C02274,Customer 02274,customer02274@example.com,Coimbatore,India,Platinum
C02275,Customer 02275,customer02275@example.com,Chennai,India,Regular
C02276,Customer 02276,customer02276@example.com,Delhi,India,Regular
C02277,Customer 02277,customer02277@example.com,Hyderabad,India,Gold
C02278,Customer 02278,customer02278@example.com,Chennai,India,Gold
C02279,Customer 02279,customer02279@example.com,Mumbai,India,Silver
C02280,Customer 02280,customer02280@example.com,Pune,India,Regular
C02281,Customer 02281,customer02281@example.com,Delhi,India,Silver
C02282,Customer 02282,customer02282@example.com,Bengaluru,India,Regular
C02283,Customer 02283,customer02283@example.com,Coimbatore,India,Gold
C02284,Customer 02284,customer02284@example.com,Hyderabad,India,Silver
C02285,Customer 02285,customer02285@example.com,Delhi,India,Gold
C02286,Customer 02286,customer02286@example.com,Mumbai,India,Silver
C02287,Customer 02287,customer02287@example.com,Delhi,India,Gold
C02288,Customer 02288,customer02288@example.com,Bengaluru,India,Platinum
C02289,Customer 02289,customer02289@example.com,Mumbai,India,Regular
C02290,Customer 02290,customer02290@example.com,Pune,India,Platinum
C02291,Customer 02291,customer02291@example.com,Hyderabad,India,Platinum
C02292,Customer 02292,customer02292@example.com,Bengaluru,India,Gold
C02293,Customer 02293,customer02293@example.com,Chennai,India,Platinum
C02294,Customer 02294,customer02294@example.com,Bengaluru,India,Regular
C02295,Customer 02295,customer02295@example.com,Pune,India,Gold
C02296,Customer 02296,customer02296@example.com,Kochi,India,Platinum
C02297,Customer 02297,customer02297@example.com,Bengaluru,India,Silver
C02298,Customer 02298,customer02298@example.com,Chennai,India,Platinum
C02299,Customer 02299,customer02299@example.com,Chennai,India,Gold
C02300,Customer 02300,customer02300@example.com,Chennai,India,Gold
C02301,Customer 02301,customer02301@example.com,Hyderabad,India,Gold
C02302,Customer 02302,customer02302@example.com,Mumbai,India,Silver
C02303,Customer 02303,customer02303@example.com,Chennai,India,Platinum
C02304,Customer 02304,customer02304@example.com,Coimbatore,India,Regular
C02305,Customer 02305,customer02305@example.com,Mumbai,India,Platinum
C02306,Customer 02306,customer02306@example.com,Delhi,India,Platinum
C02307,Customer 02307,customer02307@example.com,Hyderabad,India,Silver
C02308,Customer 02308,customer02308@example.com,Pune,India,Regular
C02309,Customer 02309,customer02309@example.com,Coimbatore,India,Regular
C02310,Customer 02310,customer02310@example.com,Kochi,India,Gold
C02311,Customer 02311,customer02311@example.com,Bengaluru,India,Platinum
C02312,Customer 02312,customer02312@example.com,Kochi,India,Silver
C02313,Customer 02313,customer02313@example.com,Hyderabad,India,Platinum
C02314,Customer 02314,customer02314@example.com,Mumbai,India,Platinum
C02315,Customer 02315,customer02315@example.com,Kochi,India,Silver
C02316,Customer 02316,customer02316@example.com,Mumbai,India,Silver
C02317,Customer 02317,customer02317@example.com,Bengaluru,India,Gold
C02318,Customer 02318,customer02318@example.com,Kochi,India,Gold
C02319,Customer 02319,customer02319@example.com,Bengaluru,India,Regular
C02320,Customer 02320,customer02320@example.com,Kochi,India,Platinum
C02321,Customer 02321,customer02321@example.com,Pune,India,Gold
C02322,Customer 02322,customer02322@example.com,Mumbai,India,Gold
C02323,Customer 02323,customer02323@example.com,Pune,India,Regular
C02324,Customer 02324,customer02324@example.com,Delhi,India,Silver
C02325,Customer 02325,customer02325@example.com,Pune,India,Platinum
C02326,Customer 02326,customer02326@example.com,Hyderabad,India,Platinum
C02327,Customer 02327,customer02327@example.com,Chennai,India,Silver
C02328,Customer 02328,customer02328@example.com,Mumbai,India,Gold
C02329,Customer 02329,customer02329@example.com,Hyderabad,India,Regular
C02330,Customer 02330,customer02330@example.com,Bengaluru,India,Regular
C02331,Customer 02331,customer02331@example.com,Mumbai,India,Silver
C02332,Customer 02332,customer02332@example.com,Delhi,India,Regular
C02333,Customer 02333,customer02333@example.com,Pune,India,Regular
C02334,Customer 02334,customer02334@example.com,Delhi,India,Platinum
C02335,Customer 02335,customer02335@example.com,Coimbatore,India,Regular
C02336,Customer 02336,customer02336@example.com,Pune,India,Silver
C02337,Customer 02337,customer02337@example.com,Mumbai,India,Silver
C02338,Customer 02338,customer02338@example.com,Delhi,India,Platinum
C02339,Customer 02339,customer02339@example.com,Hyderabad,India,Regular
C02340,Customer 02340,customer02340@example.com,Kochi,India,Regular
C02341,Customer 02341,customer02341@example.com,Delhi,India,Silver
C02342,Customer 02342,customer02342@example.com,Chennai,India,Gold
C02343,Customer 02343,customer02343@example.com,Mumbai,India,Gold
C02344,Customer 02344,customer02344@example.com,Chennai,India,Platinum
C02345,Customer 02345,customer02345@example.com,Chennai,India,Regular
C02346,Customer 02346,customer02346@example.com,Kochi,India,Gold
C02347,Customer 02347,customer02347@example.com,Pune,India,Regular
C02348,Customer 02348,customer02348@example.com,Chennai,India,Gold
C02349,Customer 02349,customer02349@example.com,Kochi,India,Silver
C02350,Customer 02350,customer02350@example.com,Kochi,India,Regular
C02351,Customer 02351,customer02351@example.com,Pune,India,Platinum
C02352,Customer 02352,customer02352@example.com,Bengaluru,India,Silver
C02353,Customer 02353,customer02353@example.com,Mumbai,India,Platinum
C02354,Customer 02354,customer02354@example.com,Chennai,India,Regular
C02355,Customer 02355,customer02355@example.com,Mumbai,India,Gold
C02356,Customer 02356,customer02356@example.com,Pune,India,Platinum
C02357,Customer 02357,customer02357@example.com,Kochi,India,Silver
C02358,Customer 02358,customer02358@example.com,Chennai,India,Gold
C02359,Customer 02359,customer02359@example.com,Pune,India,Gold
C02360,Customer 02360,customer02360@example.com,Delhi,India,Silver
C02361,Customer 02361,customer02361@example.com,Delhi,India,Regular
C02362,Customer 02362,customer02362@example.com,Delhi,India,Platinum
C02363,Customer 02363,customer02363@example.com,Chennai,India,Gold
C02364,Customer 02364,customer02364@example.com,Mumbai,India,Silver
C02365,Customer 02365,customer02365@example.com,Pune,India,Platinum
C02366,Customer 02366,customer02366@example.com,Hyderabad,India,Regular
C02367,Customer 02367,customer02367@example.com,Kochi,India,Silver
C02368,Customer 02368,customer02368@example.com,Kochi,India,Silver
C02369,Customer 02369,customer02369@example.com,Hyderabad,India,Platinum
C02370,Customer 02370,customer02370@example.com,Delhi,India,Gold
C02371,Customer 02371,customer02371@example.com,Coimbatore,India,Silver
C02372,Customer 02372,customer02372@example.com,Mumbai,India,Silver
C02373,Customer 02373,customer02373@example.com,Mumbai,India,Silver
C02374,Customer 02374,customer02374@example.com,Delhi,India,Silver
C02375,Customer 02375,customer02375@example.com,Kochi,India,Silver
C02376,Customer 02376,customer02376@example.com,Hyderabad,India,Gold
C02377,Customer 02377,customer02377@example.com,Bengaluru,India,Regular
C02378,Customer 02378,customer02378@example.com,Hyderabad,India,Gold
C02379,Customer 02379,customer02379@example.com,Hyderabad,India,Regular
C02380,Customer 02380,customer02380@example.com,Pune,India,Platinum
C02381,Customer 02381,customer02381@example.com,Kochi,India,Gold
C02382,Customer 02382,customer02382@example.com,Coimbatore,India,Gold
C02383,Customer 02383,customer02383@example.com,Hyderabad,India,Silver
C02384,Customer 02384,customer02384@example.com,Bengaluru,India,Silver
C02385,Customer 02385,customer02385@example.com,Hyderabad,India,Regular
C02386,Customer 02386,customer02386@example.com,Delhi,India,Silver
C02387,Customer 02387,customer02387@example.com,Mumbai,India,Silver
C02388,Customer 02388,customer02388@example.com,Chennai,India,Gold
C02389,Customer 02389,customer02389@example.com,Bengaluru,India,Platinum
C02390,Customer 02390,customer02390@example.com,Hyderabad,India,Platinum
C02391,Customer 02391,customer02391@example.com,Pune,India,Silver
C02392,Customer 02392,customer02392@example.com,Kochi,India,Platinum
C02393,Customer 02393,customer02393@example.com,Coimbatore,India,Silver
C02394,Customer 02394,customer02394@example.com,Hyderabad,India,Silver
C02395,Customer 02395,customer02395@example.com,Mumbai,India,Regular
C02396,Customer 02396,customer02396@example.com,Kochi,India,Regular
C02397,Customer 02397,customer02397@example.com,Delhi,India,Platinum
C02398,Customer 02398,customer02398@example.com,Mumbai,India,Silver
C02399,Customer 02399,customer02399@example.com,Mumbai,India,Regular
C02400,Customer 02400,customer02400@example.com,Hyderabad,India,Platinum
C02401,Customer 02401,customer02401@example.com,Coimbatore,India,Gold
C02402,Customer 02402,customer02402@example.com,Coimbatore,India,Silver
C02403,Customer 02403,customer02403@example.com,Kochi,India,Platinum
C02404,Customer 02404,customer02404@example.com,Chennai,India,Platinum
C02405,Customer 02405,customer02405@example.com,Pune,India,Platinum
C02406,Customer 02406,customer02406@example.com,Chennai,India,Regular
C02407,Customer 02407,customer02407@example.com,Coimbatore,India,Platinum
C02408,Customer 02408,customer02408@example.com,Chennai,India,Silver
C02409,Customer 02409,customer02409@example.com,Kochi,India,Regular
C02410,Customer 02410,customer02410@example.com,Kochi,India,Regular
C02411,Customer 02411,customer02411@example.com,Mumbai,India,Gold
C02412,Customer 02412,customer02412@example.com,Coimbatore,India,Platinum
C02413,Customer 02413,customer02413@example.com,Delhi,India,Gold
C02414,Customer 02414,customer02414@example.com,Coimbatore,India,Silver
C02415,Customer 02415,customer02415@example.com,Kochi,India,Gold
C02416,Customer 02416,customer02416@example.com,Chennai,India,Silver
C02417,Customer 02417,customer02417@example.com,Coimbatore,India,Platinum
C02418,Customer 02418,customer02418@example.com,Bengaluru,India,Regular
C02419,Customer 02419,customer02419@example.com,Hyderabad,India,Silver
C02420,Customer 02420,customer02420@example.com,Kochi,India,Platinum
C02421,Customer 02421,customer02421@example.com,Pune,India,Platinum
C02422,Customer 02422,customer02422@example.com,Chennai,India,Silver
C02423,Customer 02423,customer02423@example.com,Coimbatore,India,Silver
C02424,Customer 02424,customer02424@example.com,Coimbatore,India,Regular
C02425,Customer 02425,customer02425@example.com,Delhi,India,Gold
C02426,Customer 02426,customer02426@example.com,Hyderabad,India,Regular
C02427,Customer 02427,customer02427@example.com,Bengaluru,India,Regular
C02428,Customer 02428,customer02428@example.com,Coimbatore,India,Gold
C02429,Customer 02429,customer02429@example.com,Bengaluru,India,Platinum
C02430,Customer 02430,customer02430@example.com,Hyderabad,India,Platinum
C02431,Customer 02431,customer02431@example.com,Kochi,India,Regular
C02432,Customer 02432,customer02432@example.com,Hyderabad,India,Gold
C02433,Customer 02433,customer02433@example.com,Hyderabad,India,Silver
C02434,Customer 02434,customer02434@example.com,Hyderabad,India,Silver
C02435,Customer 02435,customer02435@example.com,Chennai,India,Platinum
C02436,Customer 02436,customer02436@example.com,Delhi,India,Gold
C02437,Customer 02437,customer02437@example.com,Coimbatore,India,Gold
C02438,Customer 02438,customer02438@example.com,Hyderabad,India,Regular
C02439,Customer 02439,customer02439@example.com,Hyderabad,India,Silver
C02440,Customer 02440,customer02440@example.com,Chennai,India,Gold
C02441,Customer 02441,customer02441@example.com,Chennai,India,Platinum
C02442,Customer 02442,customer02442@example.com,Coimbatore,India,Platinum
C02443,Customer 02443,customer02443@example.com,Chennai,India,Platinum
C02444,Customer 02444,customer02444@example.com,Mumbai,India,Silver
C02445,Customer 02445,customer02445@example.com,Coimbatore,India,Platinum
C02446,Customer 02446,customer02446@example.com,Kochi,India,Platinum
C02447,Customer 02447,customer02447@example.com,Bengaluru,India,Regular
C02448,Customer 02448,customer02448@example.com,Mumbai,India,Gold
C02449,Customer 02449,customer02449@example.com,Mumbai,India,Regular
C02450,Customer 02450,customer02450@example.com,Hyderabad,India,Silver
C02451,Customer 02451,customer02451@example.com,Chennai,India,Gold
C02452,Customer 02452,customer02452@example.com,Chennai,India,Silver
C02453,Customer 02453,customer02453@example.com,Chennai,India,Gold
C02454,Customer 02454,customer02454@example.com,Pune,India,Regular
C02455,Customer 02455,customer02455@example.com,Chennai,India,Regular
C02456,Customer 02456,customer02456@example.com,Kochi,India,Silver
C02457,Customer 02457,customer02457@example.com,Hyderabad,India,Gold
C02458,Customer 02458,customer02458@example.com,Hyderabad,India,Platinum
C02459,Customer 02459,customer02459@example.com,Pune,India,Regular
C02460,Customer 02460,customer02460@example.com,Bengaluru,India,Gold
C02461,Customer 02461,customer02461@example.com,Pune,India,Gold
C02462,Customer 02462,customer02462@example.com,Kochi,India,Regular
C02463,Customer 02463,customer02463@example.com,Kochi,India,Regular
C02464,Customer 02464,customer02464@example.com,Delhi,India,Platinum
C02465,Customer 02465,customer02465@example.com,Hyderabad,India,Regular
C02466,Customer 02466,customer02466@example.com,Delhi,India,Gold
C02467,Customer 02467,customer02467@example.com,Kochi,India,Silver
C02468,Customer 02468,customer02468@example.com,Mumbai,India,Regular
C02469,Customer 02469,customer02469@example.com,Bengaluru,India,Regular
C02470,Customer 02470,customer02470@example.com,Coimbatore,India,Gold
C02471,Customer 02471,customer02471@example.com,Kochi,India,Gold
C02472,Customer 02472,customer02472@example.com,Delhi,India,Gold
C02473,Customer 02473,customer02473@example.com,Hyderabad,India,Platinum
C02474,Customer 02474,customer02474@example.com,Coimbatore,India,Platinum
C02475,Customer 02475,customer02475@example.com,Hyderabad,India,Silver
C02476,Customer 02476,customer02476@example.com,Delhi,India,Silver
C02477,Customer 02477,customer02477@example.com,Chennai,India,Regular
C02478,Customer 02478,customer02478@example.com,Chennai,India,Platinum
C02479,Customer 02479,customer02479@example.com,Bengaluru,India,Silver
C02480,Customer 02480,customer02480@example.com,Kochi,India,Platinum
C02481,Customer 02481,customer02481@example.com,Chennai,India,Gold
C02482,Customer 02482,customer02482@example.com,Pune,India,Silver
C02483,Customer 02483,customer02483@example.com,Chennai,India,Silver
C02484,Customer 02484,customer02484@example.com,Delhi,India,Gold
C02485,Customer 02485,customer02485@example.com,Bengaluru,India,Gold
C02486,Customer 02486,customer02486@example.com,Delhi,India,Gold
C02487,Customer 02487,customer02487@example.com,Chennai,India,Regular
C02488,Customer 02488,customer02488@example.com,Pune,India,Gold
C02489,Customer 02489,customer02489@example.com,Kochi,India,Regular
C02490,Customer 02490,customer02490@example.com,Hyderabad,India,Silver
C02491,Customer 02491,customer02491@example.com,Pune,India,Gold
C02492,Customer 02492,customer02492@example.com,Coimbatore,India,Platinum
C02493,Customer 02493,customer02493@example.com,Chennai,India,Silver
C02494,Customer 02494,customer02494@example.com,Coimbatore,India,Silver
C02495,Customer 02495,customer02495@example.com,Coimbatore,India,Gold
C02496,Customer 02496,customer02496@example.com,Coimbatore,India,Platinum
C02497,Customer 02497,customer02497@example.com,Chennai,India,Gold
C02498,Customer 02498,customer02498@example.com,Pune,India,Regular
C02499,Customer 02499,customer02499@example.com,Mumbai,India,Gold
C02500,Customer 02500,customer02500@example.com,Pune,India,Regular
C02501,Customer 02501,customer02501@example.com,Hyderabad,India,Gold
C02502,Customer 02502,customer02502@example.com,Chennai,India,Gold
C02503,Customer 02503,customer02503@example.com,Kochi,India,Silver
C02504,Customer 02504,customer02504@example.com,Kochi,India,Silver
C02505,Customer 02505,customer02505@example.com,Bengaluru,India,Gold
C02506,Customer 02506,customer02506@example.com,Pune,India,Regular
C02507,Customer 02507,customer02507@example.com,Delhi,India,Platinum
C02508,Customer 02508,customer02508@example.com,Bengaluru,India,Platinum
C02509,Customer 02509,customer02509@example.com,Mumbai,India,Gold
C02510,Customer 02510,customer02510@example.com,Coimbatore,India,Gold
C02511,Customer 02511,customer02511@example.com,Mumbai,India,Gold
C02512,Customer 02512,customer02512@example.com,Hyderabad,India,Regular
C02513,Customer 02513,customer02513@example.com,Pune,India,Regular
C02514,Customer 02514,customer02514@example.com,Mumbai,India,Regular
C02515,Customer 02515,customer02515@example.com,Coimbatore,India,Regular
C02516,Customer 02516,customer02516@example.com,Coimbatore,India,Silver
C02517,Customer 02517,customer02517@example.com,Mumbai,India,Gold
C02518,Customer 02518,customer02518@example.com,Coimbatore,India,Gold
C02519,Customer 02519,customer02519@example.com,Pune,India,Silver
C02520,Customer 02520,customer02520@example.com,Bengaluru,India,Silver
C02521,Customer 02521,customer02521@example.com,Mumbai,India,Regular
C02522,Customer 02522,customer02522@example.com,Coimbatore,India,Platinum
C02523,Customer 02523,customer02523@example.com,Bengaluru,India,Regular
C02524,Customer 02524,customer02524@example.com,Delhi,India,Regular
C02525,Customer 02525,customer02525@example.com,Bengaluru,India,Gold
C02526,Customer 02526,customer02526@example.com,Coimbatore,India,Regular
C02527,Customer 02527,customer02527@example.com,Bengaluru,India,Gold
C02528,Customer 02528,customer02528@example.com,Chennai,India,Gold
C02529,Customer 02529,customer02529@example.com,Mumbai,India,Gold
C02530,Customer 02530,customer02530@example.com,Mumbai,India,Silver
C02531,Customer 02531,customer02531@example.com,Delhi,India,Gold
C02532,Customer 02532,customer02532@example.com,Pune,India,Platinum
C02533,Customer 02533,customer02533@example.com,Bengaluru,India,Gold
C02534,Customer 02534,customer02534@example.com,Hyderabad,India,Silver
C02535,Customer 02535,customer02535@example.com,Delhi,India,Regular
C02536,Customer 02536,customer02536@example.com,Chennai,India,Regular
C02537,Customer 02537,customer02537@example.com,Mumbai,India,Gold
C02538,Customer 02538,customer02538@example.com,Pune,India,Gold
C02539,Customer 02539,customer02539@example.com,Hyderabad,India,Gold
C02540,Customer 02540,customer02540@example.com,Mumbai,India,Silver
C02541,Customer 02541,customer02541@example.com,Bengaluru,India,Gold
C02542,Customer 02542,customer02542@example.com,Pune,India,Platinum
C02543,Customer 02543,customer02543@example.com,Chennai,India,Silver
C02544,Customer 02544,customer02544@example.com,Chennai,India,Platinum
C02545,Customer 02545,customer02545@example.com,Chennai,India,Regular
C02546,Customer 02546,customer02546@example.com,Kochi,India,Regular
C02547,Customer 02547,customer02547@example.com,Bengaluru,India,Platinum
C02548,Customer 02548,customer02548@example.com,Kochi,India,Silver
C02549,Customer 02549,customer02549@example.com,Coimbatore,India,Gold
C02550,Customer 02550,customer02550@example.com,Delhi,India,Gold
C02551,Customer 02551,customer02551@example.com,Mumbai,India,Regular
C02552,Customer 02552,customer02552@example.com,Coimbatore,India,Silver
C02553,Customer 02553,customer02553@example.com,Bengaluru,India,Platinum
C02554,Customer 02554,customer02554@example.com,Bengaluru,India,Platinum
C02555,Customer 02555,customer02555@example.com,Delhi,India,Platinum
C02556,Customer 02556,customer02556@example.com,Coimbatore,India,Silver
C02557,Customer 02557,customer02557@example.com,Mumbai,India,Silver
C02558,Customer 02558,customer02558@example.com,Delhi,India,Gold
C02559,Customer 02559,customer02559@example.com,Kochi,India,Silver
C02560,Customer 02560,customer02560@example.com,Pune,India,Gold
C02561,Customer 02561,customer02561@example.com,Coimbatore,India,Platinum
C02562,Customer 02562,customer02562@example.com,Chennai,India,Regular
C02563,Customer 02563,customer02563@example.com,Coimbatore,India,Regular
C02564,Customer 02564,customer02564@example.com,Pune,India,Platinum
C02565,Customer 02565,customer02565@example.com,Coimbatore,India,Silver
C02566,Customer 02566,customer02566@example.com,Delhi,India,Gold
C02567,Customer 02567,customer02567@example.com,Hyderabad,India,Regular
C02568,Customer 02568,customer02568@example.com,Kochi,India,Regular
C02569,Customer 02569,customer02569@example.com,Pune,India,Regular
C02570,Customer 02570,customer02570@example.com,Delhi,India,Platinum
C02571,Customer 02571,customer02571@example.com,Kochi,India,Platinum
C02572,Customer 02572,customer02572@example.com,Mumbai,India,Silver
C02573,Customer 02573,customer02573@example.com,Hyderabad,India,Platinum
C02574,Customer 02574,customer02574@example.com,Kochi,India,Regular
C02575,Customer 02575,customer02575@example.com,Pune,India,Silver
C02576,Customer 02576,customer02576@example.com,Kochi,India,Platinum
C02577,Customer 02577,customer02577@example.com,Pune,India,Silver
C02578,Customer 02578,customer02578@example.com,Hyderabad,India,Regular
C02579,Customer 02579,customer02579@example.com,Coimbatore,India,Regular
C02580,Customer 02580,customer02580@example.com,Coimbatore,India,Gold
C02581,Customer 02581,customer02581@example.com,Bengaluru,India,Platinum
C02582,Customer 02582,customer02582@example.com,Hyderabad,India,Gold
C02583,Customer 02583,customer02583@example.com,Kochi,India,Regular
C02584,Customer 02584,customer02584@example.com,Bengaluru,India,Platinum
C02585,Customer 02585,customer02585@example.com,Pune,India,Platinum
C02586,Customer 02586,customer02586@example.com,Chennai,India,Regular
C02587,Customer 02587,customer02587@example.com,Mumbai,India,Silver
C02588,Customer 02588,customer02588@example.com,Chennai,India,Silver
C02589,Customer 02589,customer02589@example.com,Hyderabad,India,Platinum
C02590,Customer 02590,customer02590@example.com,Delhi,India,Platinum
C02591,Customer 02591,customer02591@example.com,Coimbatore,India,Silver
C02592,Customer 02592,customer02592@example.com,Mumbai,India,Gold
C02593,Customer 02593,customer02593@example.com,Delhi,India,Gold
C02594,Customer 02594,customer02594@example.com,Kochi,India,Gold
C02595,Customer 02595,customer02595@example.com,Bengaluru,India,Regular
C02596,Customer 02596,customer02596@example.com,Kochi,India,Silver
C02597,Customer 02597,customer02597@example.com,Delhi,India,Regular
C02598,Customer 02598,customer02598@example.com,Pune,India,Regular
C02599,Customer 02599,customer02599@example.com,Chennai,India,Gold
C02600,Customer 02600,customer02600@example.com,Bengaluru,India,Gold
C02601,Customer 02601,customer02601@example.com,Chennai,India,Silver
C02602,Customer 02602,customer02602@example.com,Kochi,India,Platinum
C02603,Customer 02603,customer02603@example.com,Pune,India,Platinum
C02604,Customer 02604,customer02604@example.com,Kochi,India,Platinum
C02605,Customer 02605,customer02605@example.com,Kochi,India,Silver
C02606,Customer 02606,customer02606@example.com,Hyderabad,India,Platinum
C02607,Customer 02607,customer02607@example.com,Hyderabad,India,Silver
C02608,Customer 02608,customer02608@example.com,Kochi,India,Gold
C02609,Customer 02609,customer02609@example.com,Kochi,India,Silver
C02610,Customer 02610,customer02610@example.com,Delhi,India,Silver
C02611,Customer 02611,customer02611@example.com,Hyderabad,India,Regular
C02612,Customer 02612,customer02612@example.com,Bengaluru,India,Regular
C02613,Customer 02613,customer02613@example.com,Hyderabad,India,Platinum
C02614,Customer 02614,customer02614@example.com,Kochi,India,Silver
C02615,Customer 02615,customer02615@example.com,Bengaluru,India,Silver
C02616,Customer 02616,customer02616@example.com,Kochi,India,Platinum
C02617,Customer 02617,customer02617@example.com,Kochi,India,Silver
C02618,Customer 02618,customer02618@example.com,Coimbatore,India,Platinum
C02619,Customer 02619,customer02619@example.com,Coimbatore,India,Platinum
C02620,Customer 02620,customer02620@example.com,Pune,India,Silver
C02621,Customer 02621,customer02621@example.com,Hyderabad,India,Platinum
C02622,Customer 02622,customer02622@example.com,Chennai,India,Platinum
C02623,Customer 02623,customer02623@example.com,Mumbai,India,Gold
C02624,Customer 02624,customer02624@example.com,Kochi,India,Gold
C02625,Customer 02625,customer02625@example.com,Chennai,India,Regular
C02626,Customer 02626,customer02626@example.com,Coimbatore,India,Gold
C02627,Customer 02627,customer02627@example.com,Bengaluru,India,Platinum
C02628,Customer 02628,customer02628@example.com,Bengaluru,India,Silver
C02629,Customer 02629,customer02629@example.com,Delhi,India,Platinum
C02630,Customer 02630,customer02630@example.com,Bengaluru,India,Regular
C02631,Customer 02631,customer02631@example.com,Mumbai,India,Platinum
C02632,Customer 02632,customer02632@example.com,Bengaluru,India,Gold
C02633,Customer 02633,customer02633@example.com,Chennai,India,Gold
C02634,Customer 02634,customer02634@example.com,Chennai,India,Platinum
C02635,Customer 02635,customer02635@example.com,Coimbatore,India,Platinum
C02636,Customer 02636,customer02636@example.com,Pune,India,Platinum
C02637,Customer 02637,customer02637@example.com,Pune,India,Gold
C02638,Customer 02638,customer02638@example.com,Delhi,India,Silver
C02639,Customer 02639,customer02639@example.com,Chennai,India,Gold
C02640,Customer 02640,customer02640@example.com,Delhi,India,Regular
C02641,Customer 02641,customer02641@example.com,Coimbatore,India,Silver
C02642,Customer 02642,customer02642@example.com,Chennai,India,Gold
C02643,Customer 02643,customer02643@example.com,Chennai,India,Gold
C02644,Customer 02644,customer02644@example.com,Coimbatore,India,Regular
C02645,Customer 02645,customer02645@example.com,Hyderabad,India,Regular
C02646,Customer 02646,customer02646@example.com,Delhi,India,Gold
C02647,Customer 02647,customer02647@example.com,Hyderabad,India,Gold
C02648,Customer 02648,customer02648@example.com,Delhi,India,Gold
C02649,Customer 02649,customer02649@example.com,Chennai,India,Regular
C02650,Customer 02650,customer02650@example.com,Hyderabad,India,Silver
C02651,Customer 02651,customer02651@example.com,Coimbatore,India,Gold
C02652,Customer 02652,customer02652@example.com,Hyderabad,India,Gold
C02653,Customer 02653,customer02653@example.com,Mumbai,India,Platinum
C02654,Customer 02654,customer02654@example.com,Hyderabad,India,Regular
C02655,Customer 02655,customer02655@example.com,Pune,India,Regular
C02656,Customer 02656,customer02656@example.com,Hyderabad,India,Silver
C02657,Customer 02657,customer02657@example.com,Coimbatore,India,Platinum
C02658,Customer 02658,customer02658@example.com,Kochi,India,Silver
C02659,Customer 02659,customer02659@example.com,Coimbatore,India,Silver
C02660,Customer 02660,customer02660@example.com,Mumbai,India,Gold
C02661,Customer 02661,customer02661@example.com,Chennai,India,Gold
C02662,Customer 02662,customer02662@example.com,Bengaluru,India,Regular
C02663,Customer 02663,customer02663@example.com,Hyderabad,India,Platinum
C02664,Customer 02664,customer02664@example.com,Kochi,India,Platinum
C02665,Customer 02665,customer02665@example.com,Delhi,India,Platinum
C02666,Customer 02666,customer02666@example.com,Mumbai,India,Platinum
C02667,Customer 02667,customer02667@example.com,Kochi,India,Platinum
C02668,Customer 02668,customer02668@example.com,Delhi,India,Silver
C02669,Customer 02669,customer02669@example.com,Kochi,India,Regular
C02670,Customer 02670,customer02670@example.com,Delhi,India,Platinum
C02671,Customer 02671,customer02671@example.com,Kochi,India,Gold
C02672,Customer 02672,customer02672@example.com,Chennai,India,Regular
C02673,Customer 02673,customer02673@example.com,Pune,India,Platinum
C02674,Customer 02674,customer02674@example.com,Delhi,India,Gold
C02675,Customer 02675,customer02675@example.com,Delhi,India,Gold
C02676,Customer 02676,customer02676@example.com,Bengaluru,India,Gold
C02677,Customer 02677,customer02677@example.com,Kochi,India,Platinum
C02678,Customer 02678,customer02678@example.com,Mumbai,India,Silver
C02679,Customer 02679,customer02679@example.com,Pune,India,Silver
C02680,Customer 02680,customer02680@example.com,Pune,India,Regular
C02681,Customer 02681,customer02681@example.com,Chennai,India,Regular
C02682,Customer 02682,customer02682@example.com,Chennai,India,Platinum
C02683,Customer 02683,customer02683@example.com,Bengaluru,India,Regular
C02684,Customer 02684,customer02684@example.com,Coimbatore,India,Gold
C02685,Customer 02685,customer02685@example.com,Mumbai,India,Gold
C02686,Customer 02686,customer02686@example.com,Delhi,India,Silver
C02687,Customer 02687,customer02687@example.com,Chennai,India,Regular
C02688,Customer 02688,customer02688@example.com,Bengaluru,India,Regular
C02689,Customer 02689,customer02689@example.com,Mumbai,India,Regular
C02690,Customer 02690,customer02690@example.com,Bengaluru,India,Regular
C02691,Customer 02691,customer02691@example.com,Hyderabad,India,Platinum
C02692,Customer 02692,customer02692@example.com,Hyderabad,India,Regular
C02693,Customer 02693,customer02693@example.com,Hyderabad,India,Gold
C02694,Customer 02694,customer02694@example.com,Delhi,India,Platinum
C02695,Customer 02695,customer02695@example.com,Bengaluru,India,Platinum
C02696,Customer 02696,customer02696@example.com,Delhi,India,Platinum
C02697,Customer 02697,customer02697@example.com,Pune,India,Gold
C02698,Customer 02698,customer02698@example.com,Hyderabad,India,Regular
C02699,Customer 02699,customer02699@example.com,Delhi,India,Regular
C02700,Customer 02700,customer02700@example.com,Kochi,India,Platinum
C02701,Customer 02701,customer02701@example.com,Pune,India,Regular
C02702,Customer 02702,customer02702@example.com,Delhi,India,Gold
C02703,Customer 02703,customer02703@example.com,Hyderabad,India,Platinum
C02704,Customer 02704,customer02704@example.com,Bengaluru,India,Platinum
C02705,Customer 02705,customer02705@example.com,Mumbai,India,Platinum
C02706,Customer 02706,customer02706@example.com,Hyderabad,India,Platinum
C02707,Customer 02707,customer02707@example.com,Bengaluru,India,Silver
C02708,Customer 02708,customer02708@example.com,Kochi,India,Silver
C02709,Customer 02709,customer02709@example.com,Bengaluru,India,Platinum
C02710,Customer 02710,customer02710@example.com,Delhi,India,Regular
C02711,Customer 02711,customer02711@example.com,Chennai,India,Regular
C02712,Customer 02712,customer02712@example.com,Bengaluru,India,Gold
C02713,Customer 02713,customer02713@example.com,Coimbatore,India,Regular
C02714,Customer 02714,customer02714@example.com,Coimbatore,India,Silver
C02715,Customer 02715,customer02715@example.com,Chennai,India,Regular
C02716,Customer 02716,customer02716@example.com,Kochi,India,Gold
C02717,Customer 02717,customer02717@example.com,Hyderabad,India,Gold
C02718,Customer 02718,customer02718@example.com,Kochi,India,Regular
C02719,Customer 02719,customer02719@example.com,Coimbatore,India,Platinum
C02720,Customer 02720,customer02720@example.com,Kochi,India,Platinum
C02721,Customer 02721,customer02721@example.com,Bengaluru,India,Silver
C02722,Customer 02722,customer02722@example.com,Chennai,India,Platinum
C02723,Customer 02723,customer02723@example.com,Coimbatore,India,Regular
C02724,Customer 02724,customer02724@example.com,Pune,India,Gold
C02725,Customer 02725,customer02725@example.com,Delhi,India,Platinum
C02726,Customer 02726,customer02726@example.com,Chennai,India,Regular
C02727,Customer 02727,customer02727@example.com,Pune,India,Gold
C02728,Customer 02728,customer02728@example.com,Bengaluru,India,Platinum
C02729,Customer 02729,customer02729@example.com,Delhi,India,Silver
C02730,Customer 02730,customer02730@example.com,Hyderabad,India,Regular
C02731,Customer 02731,customer02731@example.com,Kochi,India,Silver
C02732,Customer 02732,customer02732@example.com,Delhi,India,Platinum
C02733,Customer 02733,customer02733@example.com,Bengaluru,India,Gold
C02734,Customer 02734,customer02734@example.com,Coimbatore,India,Regular
C02735,Customer 02735,customer02735@example.com,Coimbatore,India,Silver
C02736,Customer 02736,customer02736@example.com,Hyderabad,India,Regular
C02737,Customer 02737,customer02737@example.com,Mumbai,India,Regular
C02738,Customer 02738,customer02738@example.com,Mumbai,India,Platinum
C02739,Customer 02739,customer02739@example.com,Kochi,India,Regular
C02740,Customer 02740,customer02740@example.com,Delhi,India,Platinum
C02741,Customer 02741,customer02741@example.com,Coimbatore,India,Regular
C02742,Customer 02742,customer02742@example.com,Chennai,India,Gold
C02743,Customer 02743,customer02743@example.com,Chennai,India,Gold
C02744,Customer 02744,customer02744@example.com,Chennai,India,Platinum
C02745,Customer 02745,customer02745@example.com,Bengaluru,India,Silver
C02746,Customer 02746,customer02746@example.com,Coimbatore,India,Silver
C02747,Customer 02747,customer02747@example.com,Mumbai,India,Regular
C02748,Customer 02748,customer02748@example.com,Chennai,India,Silver
C02749,Customer 02749,customer02749@example.com,Coimbatore,India,Regular
C02750,Customer 02750,customer02750@example.com,Coimbatore,India,Regular
C02751,Customer 02751,customer02751@example.com,Mumbai,India,Silver
C02752,Customer 02752,customer02752@example.com,Chennai,India,Silver
C02753,Customer 02753,customer02753@example.com,Chennai,India,Gold
C02754,Customer 02754,customer02754@example.com,Bengaluru,India,Platinum
C02755,Customer 02755,customer02755@example.com,Hyderabad,India,Regular
C02756,Customer 02756,customer02756@example.com,Bengaluru,India,Regular
C02757,Customer 02757,customer02757@example.com,Coimbatore,India,Silver
C02758,Customer 02758,customer02758@example.com,Bengaluru,India,Silver
C02759,Customer 02759,customer02759@example.com,Kochi,India,Gold
C02760,Customer 02760,customer02760@example.com,Kochi,India,Gold
C02761,Customer 02761,customer02761@example.com,Bengaluru,India,Silver
C02762,Customer 02762,customer02762@example.com,Pune,India,Silver
C02763,Customer 02763,customer02763@example.com,Chennai,India,Silver
C02764,Customer 02764,customer02764@example.com,Pune,India,Regular
C02765,Customer 02765,customer02765@example.com,Bengaluru,India,Gold
C02766,Customer 02766,customer02766@example.com,Hyderabad,India,Platinum
C02767,Customer 02767,customer02767@example.com,Hyderabad,India,Gold
C02768,Customer 02768,customer02768@example.com,Hyderabad,India,Platinum
C02769,Customer 02769,customer02769@example.com,Mumbai,India,Regular
C02770,Customer 02770,customer02770@example.com,Hyderabad,India,Regular
C02771,Customer 02771,customer02771@example.com,Kochi,India,Silver
C02772,Customer 02772,customer02772@example.com,Chennai,India,Platinum
C02773,Customer 02773,customer02773@example.com,Bengaluru,India,Regular
C02774,Customer 02774,customer02774@example.com,Chennai,India,Silver
C02775,Customer 02775,customer02775@example.com,Bengaluru,India,Gold
C02776,Customer 02776,customer02776@example.com,Kochi,India,Platinum
C02777,Customer 02777,customer02777@example.com,Hyderabad,India,Silver
C02778,Customer 02778,customer02778@example.com,Hyderabad,India,Gold
C02779,Customer 02779,customer02779@example.com,Coimbatore,India,Platinum
C02780,Customer 02780,customer02780@example.com,Mumbai,India,Silver
C02781,Customer 02781,customer02781@example.com,Chennai,India,Silver
C02782,Customer 02782,customer02782@example.com,Coimbatore,India,Regular
C02783,Customer 02783,customer02783@example.com,Delhi,India,Gold
C02784,Customer 02784,customer02784@example.com,Kochi,India,Regular
C02785,Customer 02785,customer02785@example.com,Mumbai,India,Silver
C02786,Customer 02786,customer02786@example.com,Bengaluru,India,Regular
C02787,Customer 02787,customer02787@example.com,Pune,India,Silver
C02788,Customer 02788,customer02788@example.com,Coimbatore,India,Silver
C02789,Customer 02789,customer02789@example.com,Delhi,India,Regular
C02790,Customer 02790,customer02790@example.com,Mumbai,India,Regular
C02791,Customer 02791,customer02791@example.com,Hyderabad,India,Platinum
C02792,Customer 02792,customer02792@example.com,Coimbatore,India,Silver
C02793,Customer 02793,customer02793@example.com,Hyderabad,India,Regular
C02794,Customer 02794,customer02794@example.com,Chennai,India,Gold
C02795,Customer 02795,customer02795@example.com,Delhi,India,Silver
C02796,Customer 02796,customer02796@example.com,Kochi,India,Gold
C02797,Customer 02797,customer02797@example.com,Pune,India,Platinum
C02798,Customer 02798,customer02798@example.com,Chennai,India,Regular
C02799,Customer 02799,customer02799@example.com,Chennai,India,Silver
C02800,Customer 02800,customer02800@example.com,Hyderabad,India,Regular
C02801,Customer 02801,customer02801@example.com,Coimbatore,India,Regular
C02802,Customer 02802,customer02802@example.com,Bengaluru,India,Silver
C02803,Customer 02803,customer02803@example.com,Coimbatore,India,Gold
C02804,Customer 02804,customer02804@example.com,Kochi,India,Silver
C02805,Customer 02805,customer02805@example.com,Pune,India,Silver
C02806,Customer 02806,customer02806@example.com,Bengaluru,India,Gold
C02807,Customer 02807,customer02807@example.com,Mumbai,India,Regular
C02808,Customer 02808,customer02808@example.com,Mumbai,India,Platinum
C02809,Customer 02809,customer02809@example.com,Mumbai,India,Platinum
C02810,Customer 02810,customer02810@example.com,Mumbai,India,Regular
C02811,Customer 02811,customer02811@example.com,Coimbatore,India,Platinum
C02812,Customer 02812,customer02812@example.com,Chennai,India,Platinum
C02813,Customer 02813,customer02813@example.com,Hyderabad,India,Silver
C02814,Customer 02814,customer02814@example.com,Coimbatore,India,Silver
C02815,Customer 02815,customer02815@example.com,Kochi,India,Gold
C02816,Customer 02816,customer02816@example.com,Hyderabad,India,Platinum
C02817,Customer 02817,customer02817@example.com,Mumbai,India,Gold
C02818,Customer 02818,customer02818@example.com,Delhi,India,Silver
C02819,Customer 02819,customer02819@example.com,Pune,India,Silver
C02820,Customer 02820,customer02820@example.com,Chennai,India,Regular
C02821,Customer 02821,customer02821@example.com,Delhi,India,Silver
C02822,Customer 02822,customer02822@example.com,Bengaluru,India,Platinum
C02823,Customer 02823,customer02823@example.com,Coimbatore,India,Platinum
C02824,Customer 02824,customer02824@example.com,Hyderabad,India,Gold
C02825,Customer 02825,customer02825@example.com,Mumbai,India,Gold
C02826,Customer 02826,customer02826@example.com,Hyderabad,India,Silver
C02827,Customer 02827,customer02827@example.com,Mumbai,India,Regular
C02828,Customer 02828,customer02828@example.com,Kochi,India,Platinum
C02829,Customer 02829,customer02829@example.com,Mumbai,India,Platinum
C02830,Customer 02830,customer02830@example.com,Coimbatore,India,Gold
C02831,Customer 02831,customer02831@example.com,Chennai,India,Platinum
C02832,Customer 02832,customer02832@example.com,Mumbai,India,Silver
C02833,Customer 02833,customer02833@example.com,Pune,India,Platinum
C02834,Customer 02834,customer02834@example.com,Mumbai,India,Silver
C02835,Customer 02835,customer02835@example.com,Chennai,India,Platinum
C02836,Customer 02836,customer02836@example.com,Chennai,India,Regular
C02837,Customer 02837,customer02837@example.com,Coimbatore,India,Regular
C02838,Customer 02838,customer02838@example.com,Kochi,India,Platinum
C02839,Customer 02839,customer02839@example.com,Coimbatore,India,Regular
C02840,Customer 02840,customer02840@example.com,Coimbatore,India,Platinum
C02841,Customer 02841,customer02841@example.com,Mumbai,India,Regular
C02842,Customer 02842,customer02842@example.com,Chennai,India,Platinum
C02843,Customer 02843,customer02843@example.com,Mumbai,India,Silver
C02844,Customer 02844,customer02844@example.com,Pune,India,Gold
C02845,Customer 02845,customer02845@example.com,Mumbai,India,Regular
C02846,Customer 02846,customer02846@example.com,Chennai,India,Platinum
C02847,Customer 02847,customer02847@example.com,Delhi,India,Silver
C02848,Customer 02848,customer02848@example.com,Coimbatore,India,Regular
C02849,Customer 02849,customer02849@example.com,Coimbatore,India,Platinum
C02850,Customer 02850,customer02850@example.com,Hyderabad,India,Platinum
C02851,Customer 02851,customer02851@example.com,Hyderabad,India,Gold
C02852,Customer 02852,customer02852@example.com,Coimbatore,India,Regular
C02853,Customer 02853,customer02853@example.com,Bengaluru,India,Platinum
C02854,Customer 02854,customer02854@example.com,Pune,India,Regular
C02855,Customer 02855,customer02855@example.com,Delhi,India,Platinum
C02856,Customer 02856,customer02856@example.com,Delhi,India,Silver
C02857,Customer 02857,customer02857@example.com,Bengaluru,India,Gold
C02858,Customer 02858,customer02858@example.com,Chennai,India,Gold
C02859,Customer 02859,customer02859@example.com,Chennai,India,Regular
C02860,Customer 02860,customer02860@example.com,Kochi,India,Gold
C02861,Customer 02861,customer02861@example.com,Coimbatore,India,Regular
C02862,Customer 02862,customer02862@example.com,Pune,India,Gold
C02863,Customer 02863,customer02863@example.com,Hyderabad,India,Regular
C02864,Customer 02864,customer02864@example.com,Mumbai,India,Silver
C02865,Customer 02865,customer02865@example.com,Pune,India,Silver
C02866,Customer 02866,customer02866@example.com,Bengaluru,India,Platinum
C02867,Customer 02867,customer02867@example.com,Mumbai,India,Silver
C02868,Customer 02868,customer02868@example.com,Pune,India,Gold
C02869,Customer 02869,customer02869@example.com,Delhi,India,Platinum
C02870,Customer 02870,customer02870@example.com,Delhi,India,Regular
C02871,Customer 02871,customer02871@example.com,Bengaluru,India,Gold
C02872,Customer 02872,customer02872@example.com,Pune,India,Platinum
C02873,Customer 02873,customer02873@example.com,Coimbatore,India,Regular
C02874,Customer 02874,customer02874@example.com,Coimbatore,India,Gold
C02875,Customer 02875,customer02875@example.com,Coimbatore,India,Gold
C02876,Customer 02876,customer02876@example.com,Bengaluru,India,Silver
C02877,Customer 02877,customer02877@example.com,Coimbatore,India,Regular
C02878,Customer 02878,customer02878@example.com,Bengaluru,India,Platinum
C02879,Customer 02879,customer02879@example.com,Hyderabad,India,Gold
C02880,Customer 02880,customer02880@example.com,Bengaluru,India,Regular
C02881,Customer 02881,customer02881@example.com,Hyderabad,India,Gold
C02882,Customer 02882,customer02882@example.com,Bengaluru,India,Silver
C02883,Customer 02883,customer02883@example.com,Coimbatore,India,Silver
C02884,Customer 02884,customer02884@example.com,Mumbai,India,Regular
C02885,Customer 02885,customer02885@example.com,Delhi,India,Platinum
C02886,Customer 02886,customer02886@example.com,Hyderabad,India,Platinum
C02887,Customer 02887,customer02887@example.com,Pune,India,Platinum
C02888,Customer 02888,customer02888@example.com,Coimbatore,India,Regular
C02889,Customer 02889,customer02889@example.com,Delhi,India,Silver
C02890,Customer 02890,customer02890@example.com,Bengaluru,India,Regular
C02891,Customer 02891,customer02891@example.com,Mumbai,India,Gold
C02892,Customer 02892,customer02892@example.com,Kochi,India,Gold
C02893,Customer 02893,customer02893@example.com,Pune,India,Platinum
C02894,Customer 02894,customer02894@example.com,Coimbatore,India,Platinum
C02895,Customer 02895,customer02895@example.com,Delhi,India,Silver
C02896,Customer 02896,customer02896@example.com,Delhi,India,Silver
C02897,Customer 02897,customer02897@example.com,Delhi,India,Silver
C02898,Customer 02898,customer02898@example.com,Coimbatore,India,Gold
C02899,Customer 02899,customer02899@example.com,Delhi,India,Regular
C02900,Customer 02900,customer02900@example.com,Hyderabad,India,Gold
C02901,Customer 02901,customer02901@example.com,Delhi,India,Platinum
C02902,Customer 02902,customer02902@example.com,Hyderabad,India,Silver
C02903,Customer 02903,customer02903@example.com,Delhi,India,Silver
C02904,Customer 02904,customer02904@example.com,Hyderabad,India,Silver
C02905,Customer 02905,customer02905@example.com,Hyderabad,India,Silver
C02906,Customer 02906,customer02906@example.com,Bengaluru,India,Regular
C02907,Customer 02907,customer02907@example.com,Pune,India,Silver
C02908,Customer 02908,customer02908@example.com,Coimbatore,India,Gold
C02909,Customer 02909,customer02909@example.com,Pune,India,Silver
C02910,Customer 02910,customer02910@example.com,Mumbai,India,Regular
C02911,Customer 02911,customer02911@example.com,Pune,India,Gold
C02912,Customer 02912,customer02912@example.com,Hyderabad,India,Gold
C02913,Customer 02913,customer02913@example.com,Coimbatore,India,Silver
C02914,Customer 02914,customer02914@example.com,Delhi,India,Regular
C02915,Customer 02915,customer02915@example.com,Chennai,India,Platinum
C02916,Customer 02916,customer02916@example.com,Coimbatore,India,Silver
C02917,Customer 02917,customer02917@example.com,Coimbatore,India,Gold
C02918,Customer 02918,customer02918@example.com,Hyderabad,India,Regular
C02919,Customer 02919,customer02919@example.com,Pune,India,Gold
C02920,Customer 02920,customer02920@example.com,Coimbatore,India,Gold
C02921,Customer 02921,customer02921@example.com,Hyderabad,India,Platinum
C02922,Customer 02922,customer02922@example.com,Pune,India,Regular
C02923,Customer 02923,customer02923@example.com,Coimbatore,India,Regular
C02924,Customer 02924,customer02924@example.com,Hyderabad,India,Regular
C02925,Customer 02925,customer02925@example.com,Delhi,India,Regular
C02926,Customer 02926,customer02926@example.com,Kochi,India,Silver
C02927,Customer 02927,customer02927@example.com,Coimbatore,India,Gold
C02928,Customer 02928,customer02928@example.com,Bengaluru,India,Gold
C02929,Customer 02929,customer02929@example.com,Chennai,India,Silver
C02930,Customer 02930,customer02930@example.com,Mumbai,India,Gold
C02931,Customer 02931,customer02931@example.com,Mumbai,India,Regular
C02932,Customer 02932,customer02932@example.com,Bengaluru,India,Platinum
C02933,Customer 02933,customer02933@example.com,Bengaluru,India,Platinum
C02934,Customer 02934,customer02934@example.com,Mumbai,India,Platinum
C02935,Customer 02935,customer02935@example.com,Pune,India,Regular
C02936,Customer 02936,customer02936@example.com,Pune,India,Platinum
C02937,Customer 02937,customer02937@example.com,Hyderabad,India,Platinum
C02938,Customer 02938,customer02938@example.com,Pune,India,Platinum
C02939,Customer 02939,customer02939@example.com,Pune,India,Regular
C02940,Customer 02940,customer02940@example.com,Delhi,India,Gold
C02941,Customer 02941,customer02941@example.com,Pune,India,Gold
C02942,Customer 02942,customer02942@example.com,Coimbatore,India,Regular
C02943,Customer 02943,customer02943@example.com,Mumbai,India,Platinum
C02944,Customer 02944,customer02944@example.com,Kochi,India,Platinum
C02945,Customer 02945,customer02945@example.com,Delhi,India,Silver
C02946,Customer 02946,customer02946@example.com,Kochi,India,Platinum
C02947,Customer 02947,customer02947@example.com,Hyderabad,India,Regular
C02948,Customer 02948,customer02948@example.com,Hyderabad,India,Silver
C02949,Customer 02949,customer02949@example.com,Delhi,India,Platinum
C02950,Customer 02950,customer02950@example.com,Pune,India,Regular
C02951,Customer 02951,customer02951@example.com,Kochi,India,Regular
C02952,Customer 02952,customer02952@example.com,Chennai,India,Platinum
C02953,Customer 02953,customer02953@example.com,Delhi,India,Platinum
C02954,Customer 02954,customer02954@example.com,Hyderabad,India,Platinum
C02955,Customer 02955,customer02955@example.com,Hyderabad,India,Silver
C02956,Customer 02956,customer02956@example.com,Hyderabad,India,Platinum
C02957,Customer 02957,customer02957@example.com,Delhi,India,Platinum
C02958,Customer 02958,customer02958@example.com,Chennai,India,Gold
C02959,Customer 02959,customer02959@example.com,Delhi,India,Platinum
C02960,Customer 02960,customer02960@example.com,Coimbatore,India,Silver
C02961,Customer 02961,customer02961@example.com,Chennai,India,Regular
C02962,Customer 02962,customer02962@example.com,Hyderabad,India,Gold
C02963,Customer 02963,customer02963@example.com,Delhi,India,Platinum
C02964,Customer 02964,customer02964@example.com,Bengaluru,India,Gold
C02965,Customer 02965,customer02965@example.com,Kochi,India,Silver
C02966,Customer 02966,customer02966@example.com,Coimbatore,India,Silver
C02967,Customer 02967,customer02967@example.com,Chennai,India,Regular
C02968,Customer 02968,customer02968@example.com,Delhi,India,Platinum
C02969,Customer 02969,customer02969@example.com,Bengaluru,India,Gold
C02970,Customer 02970,customer02970@example.com,Coimbatore,India,Platinum
C02971,Customer 02971,customer02971@example.com,Delhi,India,Platinum
C02972,Customer 02972,customer02972@example.com,Bengaluru,India,Gold
C02973,Customer 02973,customer02973@example.com,Chennai,India,Gold
C02974,Customer 02974,customer02974@example.com,Hyderabad,India,Regular
C02975,Customer 02975,customer02975@example.com,Hyderabad,India,Gold
C02976,Customer 02976,customer02976@example.com,Coimbatore,India,Silver
C02977,Customer 02977,customer02977@example.com,Pune,India,Silver
C02978,Customer 02978,customer02978@example.com,Chennai,India,Gold
C02979,Customer 02979,customer02979@example.com,Pune,India,Platinum
C02980,Customer 02980,customer02980@example.com,Pune,India,Regular
C02981,Customer 02981,customer02981@example.com,Delhi,India,Gold
C02982,Customer 02982,customer02982@example.com,Bengaluru,India,Silver
C02983,Customer 02983,customer02983@example.com,Hyderabad,India,Regular
C02984,Customer 02984,customer02984@example.com,Hyderabad,India,Gold
C02985,Customer 02985,customer02985@example.com,Pune,India,Gold
C02986,Customer 02986,customer02986@example.com,Delhi,India,Gold
C02987,Customer 02987,customer02987@example.com,Bengaluru,India,Gold
C02988,Customer 02988,customer02988@example.com,Hyderabad,India,Regular
C02989,Customer 02989,customer02989@example.com,Hyderabad,India,Gold
C02990,Customer 02990,customer02990@example.com,Pune,India,Platinum
C02991,Customer 02991,customer02991@example.com,Kochi,India,Gold
C02992,Customer 02992,customer02992@example.com,Hyderabad,India,Regular
C02993,Customer 02993,customer02993@example.com,Mumbai,India,Silver
C02994,Customer 02994,customer02994@example.com,Mumbai,India,Silver
C02995,Customer 02995,customer02995@example.com,Bengaluru,India,Platinum
C02996,Customer 02996,customer02996@example.com,Coimbatore,India,Regular
C02997,Customer 02997,customer02997@example.com,Bengaluru,India,Silver
C02998,Customer 02998,customer02998@example.com,Chennai,India,Platinum
C02999,Customer 02999,customer02999@example.com,Pune,India,Gold
C03000,Customer 03000,customer03000@example.com,Pune,India,Silver
