order_id,customer_id,product_id,quantity,unit_price,order_date,shipping_city,order_status
O000001,C00971,P0142,1,152.07,2026-03-12 16:06:00,Hyderabad,Delivered
O000002,C00597,P0096,4,8076.83,2026-06-25 00:36:00,Bengaluru,Processing
O000003,C02889,P0417,2,4565.4,2026-06-09 04:23:00,Delhi,Returned
O000004,C02409,P0398,2,3448.99,2026-03-01 13:14:00,Kochi,Shipped
O000005,C00385,P0054,2,8384.65,2026-03-16 04:49:00,Delhi,Delivered
O000006,C02931,P0258,4,2488.26,2026-04-22 07:49:00,Mumbai,Delivered
O000007,C02888,P0151,4,5217.03,2026-02-03 17:08:00,Coimbatore,Delivered
O000008,C02257,P0084,1,1223.23,2026-02-21 04:05:00,Mumbai,Returned
O000009,C02133,P0705,3,3427.16,2026-02-19 12:26:00,Bengaluru,Delivered
O000010,C01431,P0197,2,1254.11,2026-06-22 14:37:00,Delhi,Shipped
O000011,C01155,P0510,4,1916.1,2026-05-15 17:51:00,Bengaluru,Shipped
O000012,C01357,P0305,1,1076.57,2026-06-05 17:46:00,Bengaluru,Returned
O000013,C00463,P0547,2,3808.05,2026-02-24 19:23:00,Delhi,Delivered
O000014,C00609,P0504,2,2455.83,2026-02-03 18:53:00,Pune,Shipped
O000015,C00922,P0659,2,7727.73,2026-06-30 23:52:00,Mumbai,Returned
O000016,C01255,P0328,1,9147.78,2026-02-22 18:05:00,Delhi,Returned
O000017,C01526,P0051,3,3973.71,2026-03-15 09:36:00,Pune,Delivered
O000018,C02823,P0344,3,2669.28,2026-05-05 11:01:00,Coimbatore,Processing
O000019,C00750,P0197,3,1254.11,2026-01-29 06:52:00,Hyderabad,Returned
O000020,C00167,P0635,4,4059.59,2026-01-09 05:23:00,Coimbatore,Processing
O000021,C02516,P0598,1,6993.13,2026-03-13 23:01:00,Coimbatore,Delivered
O000022,C02827,P0013,4,3585.81,2026-01-26 16:06:00,Mumbai,Returned
O000023,C02315,P0527,4,4964.39,2026-05-07 12:09:00,Kochi,Shipped
O000024,C01568,P0705,1,3427.16,2026-01-01 09:25:00,Delhi,Processing
O000025,C01245,P0769,3,4342.42,2026-05-08 20:42:00,Kochi,Processing
O000026,C02033,P0144,3,9682.77,2026-02-28 15:54:00,Hyderabad,Shipped
O000027,C00851,P0466,2,4158.95,2026-04-12 23:29:00,Pune,Processing
O000028,C01848,P0206,2,7412.93,2026-03-07 10:39:00,Bengaluru,Processing
O000029,C01951,P0584,1,8485.47,2026-02-11 05:25:00,Coimbatore,Returned
O000030,C01289,P0606,1,3619.28,2026-03-16 22:09:00,Mumbai,Shipped
O000031,C02448,P0427,2,7722.75,2026-01-12 02:03:00,Mumbai,Delivered
O000032,C00589,P0796,3,4753.83,2026-05-11 12:45:00,Hyderabad,Shipped
O000033,C00210,P0320,2,5892.08,2026-06-03 16:32:00,Coimbatore,Delivered
O000034,C02359,P0521,3,4330.23,2026-03-02 17:19:00,Pune,Returned
O000035,C01783,P0023,3,7075.84,2026-01-09 02:36:00,Kochi,Shipped
O000036,C01104,P0506,4,6514.66,2026-05-08 19:00:00,Hyderabad,Shipped
O000037,C00912,P0439,4,9228.23,2026-04-08 20:46:00,Chennai,Shipped
O000038,C01629,P0270,1,8731.95,2026-01-02 11:17:00,Coimbatore,Shipped
O000039,C02236,P0115,1,6337.55,2026-03-17 22:46:00,Mumbai,Processing
O000040,C01985,P0796,3,4753.83,2026-01-07 11:10:00,Bengaluru,Delivered
O000041,C02823,P0758,3,3142.11,2026-01-27 11:22:00,Coimbatore,Processing
O000042,C00053,P0620,4,7558.73,2026-01-16 08:16:00,Bengaluru,Processing
O000043,C02595,P0430,2,2345.57,2026-04-29 00:21:00,Bengaluru,Returned
O000044,C00073,P0078,3,9351.9,2026-01-11 01:59:00,Kochi,Delivered
O000045,C00430,P0498,3,3416.54,2026-03-04 15:02:00,Chennai,Shipped
O000046,C00394,P0570,4,1364.83,2026-05-04 08:56:00,Delhi,Delivered
O000047,C02520,P0572,3,6659.16,2026-05-02 19:42:00,Bengaluru,Returned
O000048,C02691,P0373,2,9052.26,2026-01-20 23:13:00,Hyderabad,Delivered
O000049,C01190,P0372,3,5991.23,2026-01-17 14:22:00,Coimbatore,Processing
O000050,C01000,P0220,2,8346.5,2026-05-14 18:14:00,Delhi,Shipped
O000051,C01892,P0396,1,2039.28,2026-01-11 20:14:00,Hyderabad,Returned
O000052,C00431,P0259,4,7345.66,2026-05-22 04:41:00,Pune,Returned
O000053,C01445,P0748,4,3169.59,2026-01-25 20:03:00,Mumbai,Returned
O000054,C02597,P0192,2,8778.88,2026-01-14 23:26:00,Delhi,Returned
O000055,C02842,P0350,3,5219.84,2026-05-02 18:44:00,Chennai,Returned
O000056,C00386,P0666,4,9941.8,2026-03-23 18:55:00,Coimbatore,Processing
O000057,C00806,P0103,1,8429.58,2026-01-10 21:09:00,Mumbai,Shipped
O000058,C00673,P0165,1,384.86,2026-04-15 09:58:00,Delhi,Returned
O000059,C00089,P0183,4,4734.37,2026-06-16 14:36:00,Kochi,Returned
O000060,C02524,P0177,2,4946.27,2026-04-17 02:53:00,Delhi,Processing
O000061,C00338,P0731,1,5565.29,2026-02-16 17:10:00,Bengaluru,Shipped
O000062,C01652,P0612,2,3735.5,2026-05-11 23:27:00,Hyderabad,Delivered
O000063,C01785,P0181,3,9734.39,2026-06-02 22:20:00,Kochi,Shipped
O000064,C02291,P0785,1,9579.4,2026-03-01 02:32:00,Hyderabad,Processing
O000065,C02574,P0110,2,8676.8,2026-02-13 14:42:00,Kochi,Processing
O000066,C02156,P0658,1,6391.79,2026-06-29 15:04:00,Delhi,Returned
O000067,C02383,P0179,2,8127.84,2026-03-30 15:58:00,Hyderabad,Shipped
O000068,C00959,P0435,4,1474.61,2026-05-16 03:39:00,Mumbai,Shipped
O000069,C00072,P0228,3,1293.81,2026-06-26 07:30:00,Mumbai,Shipped
O000070,C00567,P0336,4,2292.06,2026-01-13 01:23:00,Coimbatore,Delivered
O000071,C00364,P0651,1,4819.93,2026-02-17 08:20:00,Delhi,Delivered
O000072,C00871,P0492,1,6612.82,2026-01-20 21:29:00,Kochi,Shipped
O000073,C00358,P0171,2,1015.26,2026-03-09 21:21:00,Delhi,Shipped
O000074,C02795,P0765,4,1777.63,2026-03-31 04:21:00,Delhi,Delivered
O000075,C00318,P0062,1,2738.53,2026-04-24 21:48:00,Chennai,Processing
O000076,C00732,P0341,1,5733.11,2026-03-31 01:44:00,Coimbatore,Delivered
O000077,C02362,P0604,1,6814.35,2026-01-18 20:44:00,Delhi,Returned
O000078,C01318,P0120,1,6904.92,2026-05-11 12:40:00,Bengaluru,Delivered
O000079,C02842,P0086,1,5641.27,2026-03-24 00:47:00,Chennai,Processing
O000080,C00679,P0110,2,8676.8,2026-03-29 02:02:00,Kochi,Delivered
O000081,C00683,P0117,4,1196.2,2026-03-26 02:02:00,Kochi,Shipped
O000082,C01915,P0405,1,2546.0,2026-02-19 19:19:00,Coimbatore,Delivered
O000083,C01987,P0604,2,6814.35,2026-05-23 00:16:00,Mumbai,Returned
O000084,C02415,P0632,1,6060.23,2026-03-14 20:39:00,Kochi,Shipped
O000085,C00441,P0505,1,1428.24,2026-01-09 09:24:00,Coimbatore,Processing
O000086,C01242,P0114,1,4586.29,2026-03-07 13:01:00,Mumbai,Delivered
O000087,C01303,P0507,4,8483.65,2026-01-17 01:26:00,Kochi,Processing
O000088,C00932,P0569,3,3008.24,2026-05-19 08:10:00,Delhi,Processing
O000089,C00268,P0611,2,7798.54,2026-04-30 11:27:00,Bengaluru,Shipped
O000090,C00758,P0428,3,9462.57,2026-05-02 20:57:00,Hyderabad,Delivered
O000091,C00751,P0363,2,3200.47,2026-06-24 06:35:00,Chennai,Processing
O000092,C01383,P0488,1,9348.84,2026-05-28 02:23:00,Delhi,Returned
O000093,C00792,P0564,3,3746.46,2026-04-18 06:32:00,Hyderabad,Returned
O000094,C00144,P0277,3,3757.9,2026-05-16 11:17:00,Chennai,Delivered
O000095,C02234,P0103,3,8429.58,2026-03-31 15:22:00,Mumbai,Returned
O000096,C01929,P0087,1,2098.71,2026-04-24 15:24:00,Mumbai,Processing
O000097,C01746,P0484,4,8222.21,2026-02-03 15:45:00,Kochi,Delivered
O000098,C02907,P0060,4,294.15,2026-01-27 01:09:00,Pune,Processing
O000099,C00136,P0177,2,4946.27,2026-01-06 16:08:00,Chennai,Shipped
O000100,C01430,P0721,2,4538.97,2026-05-24 13:19:00,Chennai,Shipped
O000101,C00269,P0513,3,5966.04,2026-06-09 15:56:00,Delhi,Delivered
O000102,C02954,P0010,4,9207.97,2026-06-16 19:09:00,Hyderabad,Returned
O000103,C01757,P0120,1,6904.92,2026-01-16 17:46:00,Coimbatore,Processing
O000104,C01068,P0252,4,7003.96,2026-03-25 10:44:00,Chennai,Delivered
O000105,C01798,P0765,3,1777.63,2026-05-15 03:23:00,Kochi,Processing
O000106,C01253,P0307,2,2471.27,2026-06-01 08:56:00,Mumbai,Processing
O000107,C02467,P0421,2,8440.77,2026-04-13 13:36:00,Kochi,Shipped
O000108,C00888,P0425,3,7476.59,2026-01-25 19:58:00,Delhi,Delivered
O000109,C00935,P0732,2,5381.3,2026-02-18 09:32:00,Bengaluru,Processing
O000110,C01307,P0082,3,2741.65,2026-02-16 19:35:00,Hyderabad,Shipped
O000111,C01889,P0474,4,8400.11,2026-06-23 15:29:00,Delhi,Delivered
O000112,C01514,P0195,4,873.38,2026-01-31 13:23:00,Chennai,Delivered
O000113,C00332,P0060,2,294.15,2026-01-27 03:58:00,Bengaluru,Shipped
O000114,C02563,P0690,4,4940.77,2026-05-09 15:11:00,Coimbatore,Delivered
O000115,C01932,P0554,4,4902.42,2026-06-20 17:54:00,Coimbatore,Shipped
O000116,C00990,P0586,1,1154.2,2026-05-28 01:57:00,Pune,Returned
O000117,C00577,P0484,3,8222.21,2026-05-22 10:11:00,Bengaluru,Delivered
O000118,C02483,P0054,1,8384.65,2026-04-17 06:22:00,Chennai,Processing
O000119,C02399,P0027,3,8581.06,2026-04-15 13:06:00,Mumbai,Returned
O000120,C01370,P0004,1,1339.91,2026-04-17 17:38:00,Chennai,Delivered
O000121,C01489,P0187,3,5154.45,2026-02-10 17:15:00,Kochi,Returned
O000122,C01885,P0203,3,6531.42,2026-01-07 15:05:00,Mumbai,Delivered
O000123,C00472,P0270,1,8731.95,2026-02-14 09:09:00,Kochi,Delivered
O000124,C02782,P0421,1,8440.77,2026-05-07 15:17:00,Coimbatore,Shipped
O000125,C02042,P0196,4,4393.61,2026-02-28 01:05:00,Bengaluru,Delivered
O000126,C00919,P0337,2,1994.97,2026-01-15 03:57:00,Coimbatore,Shipped
O000127,C00510,P0338,4,2418.15,2026-03-14 15:17:00,Delhi,Delivered
O000128,C02164,P0265,3,3344.68,2026-03-23 01:33:00,Mumbai,Shipped
O000129,C00338,P0210,2,8500.3,2026-04-26 10:01:00,Bengaluru,Processing
O000130,C00493,P0501,3,2439.32,2026-04-07 12:13:00,Chennai,Delivered
O000131,C01940,P0224,1,2422.72,2026-03-24 01:03:00,Pune,Delivered
O000132,C01052,P0496,2,9815.02,2026-05-11 05:05:00,Kochi,Returned
O000133,C00593,P0551,1,8695.78,2026-01-21 04:53:00,Chennai,Delivered
O000134,C02939,P0148,1,1255.74,2026-03-23 04:53:00,Pune,Returned
O000135,C00197,P0178,4,5673.27,2026-06-18 23:11:00,Kochi,Returned
O000136,C01933,P0702,3,9903.95,2026-05-07 10:41:00,Chennai,Returned
O000137,C02991,P0107,4,992.48,2026-06-03 15:18:00,Kochi,Shipped
O000138,C00065,P0377,1,3179.76,2026-04-22 20:19:00,Mumbai,Returned
O000139,C01736,P0251,3,7031.92,2026-05-12 15:18:00,Kochi,Processing
O000140,C02853,P0604,2,6814.35,2026-06-18 07:11:00,Bengaluru,Delivered
O000141,C01420,P0648,1,6112.92,2026-01-29 00:16:00,Kochi,Delivered
O000142,C02100,P0506,2,6514.66,2026-01-21 07:47:00,Delhi,Processing
O000143,C00291,P0470,1,205.3,2026-06-01 23:30:00,Pune,Shipped
O000144,C01679,P0710,4,4772.38,2026-01-29 16:31:00,Delhi,Returned
O000145,C02078,P0370,1,3461.2,2026-05-15 17:24:00,Hyderabad,Shipped
O000146,C01548,P0477,1,4461.51,2026-04-18 02:18:00,Pune,Returned
O000147,C00542,P0080,3,7488.69,2026-03-29 23:30:00,Coimbatore,Delivered
O000148,C01410,P0462,3,2809.39,2026-05-27 06:40:00,Mumbai,Delivered
O000149,C01961,P0687,2,2919.51,2026-04-18 09:04:00,Bengaluru,Delivered
O000150,C00808,P0561,3,9754.52,2026-06-19 09:19:00,Bengaluru,Processing
O000151,C01125,P0213,1,4276.85,2026-02-16 17:39:00,Delhi,Processing
O000152,C01282,P0705,1,3427.16,2026-01-15 17:26:00,Bengaluru,Returned
O000153,C00444,P0464,4,9923.66,2026-03-22 14:54:00,Bengaluru,Returned
O000154,C02794,P0746,2,4646.96,2026-03-22 16:43:00,Chennai,Delivered
O000155,C02079,P0200,1,8064.94,2026-05-18 14:28:00,Mumbai,Shipped
O000156,C00250,P0166,1,6319.73,2026-04-30 06:57:00,Coimbatore,Returned
O000157,C01188,P0337,2,1994.97,2026-04-24 00:06:00,Mumbai,Delivered
O000158,C00542,P0126,4,6217.24,2026-06-02 19:58:00,Coimbatore,Shipped
O000159,C02496,P0538,4,7089.09,2026-06-15 04:39:00,Coimbatore,Shipped
O000160,C02344,P0269,4,6799.54,2026-04-15 03:04:00,Chennai,Shipped
O000161,C02192,P0318,4,9340.72,2026-05-02 21:58:00,Kochi,Returned
O000162,C00396,P0045,2,3896.94,2026-01-27 00:45:00,Mumbai,Returned
O000163,C01070,P0135,3,9762.67,2026-02-20 02:42:00,Kochi,Delivered
O000164,C02018,P0322,1,3075.32,2026-05-20 04:45:00,Delhi,Returned
O000165,C00551,P0344,2,2669.28,2026-04-27 03:59:00,Pune,Delivered
O000166,C02172,P0413,3,5755.57,2026-04-15 14:26:00,Pune,Returned
O000167,C01710,P0366,3,6806.89,2026-05-19 08:32:00,Pune,Delivered
O000168,C00753,P0291,1,5653.34,2026-06-15 02:07:00,Pune,Shipped
O000169,C01094,P0454,4,2095.86,2026-02-19 14:28:00,Mumbai,Processing
O000170,C01700,P0372,4,5991.23,2026-01-19 05:26:00,Chennai,Delivered
O000171,C00663,P0720,3,8925.71,2026-06-05 18:51:00,Kochi,Returned
O000172,C02622,P0443,3,1796.09,2026-01-20 10:58:00,Chennai,Processing
O000173,C02741,P0486,2,4214.23,2026-02-01 23:09:00,Coimbatore,Shipped
O000174,C02849,P0067,1,3696.01,2026-03-05 19:53:00,Coimbatore,Returned
O000175,C00991,P0539,1,8771.46,2026-02-13 17:07:00,Mumbai,Shipped
O000176,C01849,P0591,4,6346.66,2026-05-05 06:01:00,Hyderabad,Shipped
O000177,C00067,P0793,4,3714.92,2026-01-22 21:57:00,Bengaluru,Delivered
O000178,C01499,P0221,1,6255.24,2026-06-14 07:45:00,Bengaluru,Shipped
O000179,C01691,P0417,3,4565.4,2026-06-05 09:49:00,Delhi,Shipped
O000180,C02296,P0507,2,8483.65,2026-04-20 16:14:00,Kochi,Returned
O000181,C01214,P0286,4,5096.16,2026-02-18 05:46:00,Hyderabad,Processing
O000182,C01850,P0340,1,2040.26,2026-05-27 11:16:00,Bengaluru,Processing
O000183,C02317,P0278,4,1264.65,2026-05-19 08:38:00,Bengaluru,Returned
O000184,C01871,P0162,4,6800.39,2026-01-11 08:53:00,Kochi,Delivered
O000185,C00713,P0749,1,786.6,2026-05-03 17:03:00,Bengaluru,Delivered
O000186,C00370,P0498,4,3416.54,2026-05-30 20:08:00,Kochi,Processing
O000187,C01270,P0279,2,3009.41,2026-06-15 19:08:00,Kochi,Shipped
O000188,C01551,P0597,2,3970.52,2026-02-14 09:17:00,Delhi,Returned
O000189,C00046,P0042,3,2098.12,2026-02-12 19:57:00,Hyderabad,Processing
O000190,C02964,P0330,3,5601.33,2026-05-01 03:56:00,Bengaluru,Shipped
O000191,C00150,P0051,4,3973.71,2026-03-01 03:00:00,Chennai,Returned
O000192,C00175,P0569,1,3008.24,2026-04-08 19:08:00,Kochi,Shipped
O000193,C00578,P0277,2,3757.9,2026-06-08 21:39:00,Kochi,Returned
O000194,C01794,P0654,4,7103.27,2026-06-27 16:26:00,Pune,Processing
O000195,C00521,P0203,2,6531.42,2026-05-28 03:27:00,Mumbai,Returned
O000196,C01395,P0719,1,532.73,2026-04-03 17:08:00,Delhi,Processing
O000197,C02392,P0120,3,6904.92,2026-05-12 06:15:00,Kochi,Processing
O000198,C01211,P0428,1,9462.57,2026-01-18 18:03:00,Coimbatore,Delivered
O000199,C02972,P0238,3,4446.17,2026-04-13 15:25:00,Bengaluru,Delivered
O000200,C00074,P0720,4,8925.71,2026-01-28 14:25:00,Coimbatore,Shipped
O000201,C01087,P0553,4,3486.3,2026-03-03 17:26:00,Kochi,Delivered
O000202,C02831,P0031,4,739.63,2026-03-04 17:00:00,Chennai,Delivered
O000203,C01800,P0702,2,9903.95,2026-01-19 19:11:00,Mumbai,Processing
O000204,C02298,P0038,2,393.26,2026-02-05 13:25:00,Chennai,Delivered
O000205,C01017,P0410,3,4789.21,2026-01-12 11:43:00,Chennai,Processing
O000206,C01171,P0400,3,8795.04,2026-06-07 00:41:00,Bengaluru,Delivered
O000207,C01423,P0488,2,9348.84,2026-03-21 02:05:00,Hyderabad,Delivered
O000208,C01861,P0074,3,2079.76,2026-04-03 00:50:00,Kochi,Processing
O000209,C02725,P0607,2,1260.73,2026-03-25 15:21:00,Delhi,Delivered
O000210,C00384,P0296,2,8312.94,2026-05-01 16:34:00,Delhi,Delivered
O000211,C01478,P0078,2,9351.9,2026-02-19 17:46:00,Bengaluru,Returned
O000212,C00554,P0612,2,3735.5,2026-05-31 05:44:00,Bengaluru,Delivered
O000213,C00987,P0158,1,3560.08,2026-01-21 22:23:00,Mumbai,Returned
O000214,C02674,P0285,1,8360.15,2026-01-15 16:55:00,Delhi,Processing
O000215,C00588,P0229,4,9936.26,2026-02-12 18:18:00,Kochi,Processing
O000216,C00685,P0218,2,5916.82,2026-06-19 16:36:00,Bengaluru,Returned
O000217,C02977,P0043,2,5469.14,2026-03-23 12:52:00,Pune,Returned
O000218,C02429,P0142,3,152.07,2026-03-12 04:58:00,Bengaluru,Processing
O000219,C00706,P0493,2,534.0,2026-02-10 14:27:00,Kochi,Processing
O000220,C00612,P0491,2,3951.95,2026-06-14 08:21:00,Mumbai,Shipped
O000221,C00967,P0313,2,5724.63,2026-06-11 12:55:00,Kochi,Delivered
O000222,C02812,P0792,2,8389.63,2026-02-16 04:38:00,Chennai,Shipped
O000223,C01825,P0675,3,8934.69,2026-04-07 03:25:00,Chennai,Returned
O000224,C01450,P0667,2,6112.0,2026-03-20 23:16:00,Pune,Processing
O000225,C00294,P0688,4,7463.85,2026-02-26 00:51:00,Pune,Delivered
O000226,C02112,P0749,1,786.6,2026-05-28 04:53:00,Coimbatore,Processing
O000227,C02702,P0750,2,4603.74,2026-03-13 03:44:00,Delhi,Shipped
O000228,C01792,P0614,2,5908.82,2026-04-02 20:33:00,Hyderabad,Returned
O000229,C00660,P0380,2,666.44,2026-05-12 23:45:00,Hyderabad,Shipped
O000230,C00128,P0153,2,625.9,2026-05-31 16:43:00,Bengaluru,Processing
O000231,C02242,P0633,1,2845.22,2026-01-07 20:41:00,Hyderabad,Shipped
O000232,C00945,P0626,4,4287.21,2026-04-24 14:58:00,Bengaluru,Processing
O000233,C01129,P0085,3,7989.74,2026-03-29 09:12:00,Kochi,Processing
O000234,C01120,P0291,3,5653.34,2026-02-06 20:29:00,Coimbatore,Returned
O000235,C02004,P0228,2,1293.81,2026-04-20 19:11:00,Bengaluru,Shipped
O000236,C00947,P0168,2,3315.66,2026-03-06 18:11:00,Bengaluru,Shipped
O000237,C01988,P0208,3,2092.25,2026-04-06 23:32:00,Chennai,Returned
O000238,C02592,P0654,2,7103.27,2026-05-07 18:28:00,Mumbai,Processing
O000239,C00950,P0095,2,7753.59,2026-01-20 03:39:00,Coimbatore,Returned
O000240,C00884,P0338,1,2418.15,2026-02-07 14:20:00,Pune,Processing
O000241,C01562,P0355,4,2048.08,2026-04-24 12:00:00,Hyderabad,Returned
O000242,C01452,P0036,4,1558.0,2026-01-28 16:20:00,Mumbai,Delivered
O000243,C02549,P0371,1,5918.35,2026-06-16 18:25:00,Coimbatore,Shipped
O000244,C00928,P0236,2,7351.26,2026-04-04 13:29:00,Mumbai,Shipped
O000245,C02590,P0791,3,7042.88,2026-03-28 00:35:00,Delhi,Delivered
O000246,C01374,P0211,3,465.47,2026-01-29 01:52:00,Chennai,Shipped
O000247,C01067,P0747,1,9438.22,2026-01-20 07:57:00,Coimbatore,Returned
O000248,C02712,P0198,2,6947.88,2026-01-07 22:35:00,Bengaluru,Shipped
O000249,C00132,P0136,1,9081.55,2026-04-27 07:47:00,Pune,Shipped
O000250,C02584,P0130,4,7163.28,2026-01-11 13:32:00,Bengaluru,Returned
O000251,C02279,P0645,4,9521.65,2026-04-18 07:51:00,Mumbai,Delivered
O000252,C01969,P0769,1,4342.42,2026-06-09 21:14:00,Kochi,Returned
O000253,C02228,P0291,4,5653.34,2026-02-28 20:18:00,Bengaluru,Returned
O000254,C01759,P0321,1,1697.02,2026-05-28 05:46:00,Mumbai,Processing
O000255,C00332,P0588,1,6830.81,2026-01-05 04:23:00,Bengaluru,Processing
O000256,C02662,P0596,2,3439.36,2026-05-15 06:29:00,Bengaluru,Processing
O000257,C02329,P0015,2,5334.5,2026-02-07 15:07:00,Hyderabad,Processing
O000258,C00527,P0195,4,873.38,2026-06-05 09:53:00,Bengaluru,Returned
O000259,C02815,P0196,2,4393.61,2026-01-15 23:47:00,Kochi,Delivered
O000260,C02973,P0249,1,4250.12,2026-04-12 11:01:00,Chennai,Shipped
O000261,C00704,P0207,2,293.32,2026-06-03 23:35:00,Kochi,Returned
O000262,C00290,P0624,1,8528.36,2026-06-19 19:02:00,Chennai,Returned
O000263,C01267,P0390,1,1923.02,2026-01-19 11:34:00,Pune,Delivered
O000264,C01579,P0767,3,6194.4,2026-06-29 22:49:00,Delhi,Processing
O000265,C01365,P0423,2,805.35,2026-02-19 21:13:00,Mumbai,Returned
O000266,C01536,P0796,4,4753.83,2026-05-24 05:09:00,Kochi,Returned
O000267,C00077,P0599,1,1062.46,2026-05-15 00:30:00,Pune,Delivered
O000268,C01866,P0289,1,9583.99,2026-02-20 06:23:00,Chennai,Shipped
O000269,C00165,P0427,1,7722.75,2026-05-16 17:12:00,Hyderabad,Processing
O000270,C00778,P0676,1,157.32,2026-02-21 23:41:00,Chennai,Processing
O000271,C01883,P0635,2,4059.59,2026-01-31 00:43:00,Hyderabad,Processing
O000272,C02303,P0218,2,5916.82,2026-01-26 05:29:00,Chennai,Delivered
O000273,C01116,P0319,2,8409.93,2026-05-09 04:56:00,Coimbatore,Shipped
O000274,C01725,P0756,1,8540.93,2026-04-21 01:08:00,Bengaluru,Delivered
O000275,C02719,P0022,4,1191.13,2026-02-07 19:04:00,Coimbatore,Shipped
O000276,C02178,P0730,2,3102.76,2026-01-18 04:18:00,Mumbai,Delivered
O000277,C00399,P0041,3,7624.7,2026-01-26 00:11:00,Bengaluru,Returned
O000278,C02456,P0049,4,5730.67,2026-05-12 10:19:00,Kochi,Returned
O000279,C00108,P0693,3,1638.87,2026-06-22 21:50:00,Kochi,Shipped
O000280,C00138,P0717,4,9261.46,2026-06-22 15:37:00,Delhi,Returned
O000281,C02748,P0437,2,4248.56,2026-01-27 01:07:00,Chennai,Delivered
O000282,C01270,P0618,3,4111.77,2026-02-21 02:37:00,Kochi,Processing
O000283,C00551,P0143,2,3093.82,2026-04-09 11:09:00,Pune,Shipped
O000284,C01937,P0169,1,8645.46,2026-03-08 16:26:00,Pune,Shipped
O000285,C02779,P0660,3,7325.53,2026-01-04 16:26:00,Coimbatore,Returned
O000286,C00804,P0157,2,4630.82,2026-02-02 15:38:00,Coimbatore,Processing
O000287,C02383,P0041,3,7624.7,2026-03-21 08:51:00,Hyderabad,Shipped
O000288,C02030,P0086,3,5641.27,2026-05-29 07:18:00,Mumbai,Returned
O000289,C00302,P0010,4,9207.97,2026-01-21 14:53:00,Mumbai,Returned
O000290,C02915,P0764,4,9223.74,2026-02-27 01:03:00,Chennai,Returned
O000291,C01906,P0205,2,4275.6,2026-02-08 22:26:00,Pune,Processing
O000292,C01525,P0493,3,534.0,2026-05-16 08:13:00,Kochi,Returned
O000293,C02457,P0214,1,2750.7,2026-04-24 01:06:00,Hyderabad,Delivered
O000294,C02103,P0217,1,3503.09,2026-01-02 04:54:00,Pune,Processing
O000295,C02275,P0453,2,5915.17,2026-02-14 22:57:00,Chennai,Shipped
O000296,C02776,P0238,3,4446.17,2026-05-16 14:39:00,Kochi,Shipped
O000297,C01121,P0220,2,8346.5,2026-06-18 04:28:00,Pune,Shipped
O000298,C00538,P0299,2,4425.47,2026-04-17 10:18:00,Kochi,Delivered
O000299,C00499,P0018,3,7010.52,2026-06-12 09:22:00,Delhi,Shipped
O000300,C00023,P0197,3,1254.11,2026-04-08 13:19:00,Chennai,Processing
O000301,C01794,P0774,4,1562.02,2026-04-18 00:25:00,Pune,Returned
O000302,C02590,P0111,2,9271.32,2026-04-02 04:14:00,Delhi,Returned
O000303,C00976,P0265,3,3344.68,2026-02-14 04:15:00,Mumbai,Delivered
O000304,C01275,P0555,2,2733.2,2026-06-07 18:18:00,Hyderabad,Shipped
O000305,C02323,P0715,1,962.59,2026-03-05 03:25:00,Pune,Returned
O000306,C01688,P0620,3,7558.73,2026-04-10 14:44:00,Bengaluru,Delivered
O000307,C00615,P0785,4,9579.4,2026-06-20 18:56:00,Coimbatore,Returned
O000308,C02292,P0299,3,4425.47,2026-01-29 21:29:00,Bengaluru,Delivered
O000309,C01738,P0457,4,5802.71,2026-01-30 05:01:00,Kochi,Processing
O000310,C02803,P0504,4,2455.83,2026-06-14 18:49:00,Coimbatore,Processing
O000311,C02400,P0708,4,3265.42,2026-04-07 14:31:00,Hyderabad,Processing
O000312,C02309,P0439,2,9228.23,2026-04-21 12:32:00,Coimbatore,Delivered
O000313,C02254,P0188,2,6641.47,2026-05-02 15:31:00,Chennai,Processing
O000314,C02518,P0421,3,8440.77,2026-05-20 06:15:00,Coimbatore,Processing
O000315,C01192,P0732,3,5381.3,2026-04-30 12:56:00,Bengaluru,Shipped
O000316,C01208,P0302,4,2628.99,2026-06-21 19:03:00,Pune,Shipped
O000317,C00196,P0042,1,2098.12,2026-02-19 16:44:00,Delhi,Returned
O000318,C01013,P0524,3,5664.21,2026-02-10 23:00:00,Chennai,Delivered
O000319,C01987,P0241,2,7179.48,2026-06-22 09:00:00,Mumbai,Shipped
O000320,C00190,P0771,3,3548.02,2026-04-18 12:30:00,Pune,Shipped
O000321,C00649,P0321,1,1697.02,2026-06-17 16:48:00,Hyderabad,Delivered
O000322,C01947,P0346,2,6837.74,2026-04-07 16:53:00,Hyderabad,Returned
O000323,C02256,P0587,2,3226.67,2026-01-12 01:37:00,Delhi,Shipped
O000324,C00201,P0739,2,7330.72,2026-01-10 09:09:00,Bengaluru,Shipped
O000325,C00200,P0206,4,7412.93,2026-04-29 19:16:00,Coimbatore,Delivered
O000326,C00115,P0740,1,9717.89,2026-02-03 03:02:00,Chennai,Processing
O000327,C00740,P0200,2,8064.94,2026-05-09 18:32:00,Bengaluru,Processing
O000328,C02335,P0064,3,3290.97,2026-04-05 11:33:00,Coimbatore,Delivered
O000329,C00661,P0440,4,9802.7,2026-02-01 19:01:00,Hyderabad,Delivered
O000330,C01574,P0053,2,707.1,2026-01-19 20:20:00,Bengaluru,Processing
O000331,C01130,P0292,1,2004.02,2026-04-21 13:16:00,Delhi,Returned
O000332,C01563,P0748,3,3169.59,2026-06-30 14:46:00,Chennai,Shipped
O000333,C02507,P0652,1,6896.92,2026-06-20 14:23:00,Delhi,Processing
O000334,C01635,P0065,3,6938.55,2026-01-22 04:31:00,Pune,Returned
O000335,C01025,P0327,4,4651.01,2026-02-20 16:28:00,Pune,Delivered
O000336,C00673,P0280,1,7858.55,2026-03-19 04:04:00,Delhi,Processing
O000337,C00965,P0148,4,1255.74,2026-04-23 18:02:00,Hyderabad,Returned
O000338,C00111,P0061,1,6610.9,2026-05-26 18:04:00,Hyderabad,Processing
O000339,C01417,P0278,1,1264.65,2026-04-15 21:44:00,Pune,Shipped
O000340,C02563,P0349,4,6832.72,2026-04-13 08:11:00,Coimbatore,Shipped
O000341,C02683,P0528,1,3900.97,2026-02-17 06:37:00,Bengaluru,Processing
O000342,C02644,P0305,2,1076.57,2026-06-17 07:18:00,Coimbatore,Returned
O000343,C01609,P0048,2,1430.43,2026-01-02 07:03:00,Kochi,Returned
O000344,C00230,P0423,2,805.35,2026-06-13 01:19:00,Kochi,Returned
O000345,C01826,P0033,2,8396.28,2026-05-01 08:06:00,Pune,Returned
O000346,C02200,P0430,1,2345.57,2026-03-03 03:05:00,Coimbatore,Returned
O000347,C02633,P0624,4,8528.36,2026-04-22 00:33:00,Chennai,Returned
O000348,C02484,P0732,1,5381.3,2026-03-10 13:07:00,Delhi,Returned
O000349,C00182,P0023,3,7075.84,2026-03-27 20:11:00,Kochi,Shipped
O000350,C00266,P0758,3,3142.11,2026-05-27 06:25:00,Coimbatore,Processing
O000351,C02512,P0275,1,7489.31,2026-06-17 22:12:00,Hyderabad,Returned
O000352,C01491,P0088,1,2657.13,2026-02-17 19:05:00,Kochi,Returned
O000353,C02863,P0625,2,5109.87,2026-04-17 22:23:00,Hyderabad,Shipped
O000354,C01329,P0143,3,3093.82,2026-03-27 15:12:00,Hyderabad,Processing
O000355,C00440,P0798,3,6080.32,2026-03-30 21:36:00,Coimbatore,Delivered
O000356,C02596,P0534,1,440.62,2026-04-22 13:06:00,Kochi,Delivered
O000357,C01703,P0238,2,4446.17,2026-03-10 00:27:00,Bengaluru,Delivered
O000358,C01560,P0727,1,4067.4,2026-04-17 19:18:00,Chennai,Shipped
O000359,C01006,P0127,2,980.71,2026-03-05 12:53:00,Hyderabad,Shipped
O000360,C01323,P0299,2,4425.47,2026-05-17 01:03:00,Mumbai,Processing
O000361,C00900,P0682,2,4013.05,2026-02-15 13:11:00,Bengaluru,Processing
O000362,C01094,P0285,3,8360.15,2026-05-11 03:15:00,Mumbai,Returned
O000363,C02397,P0310,3,747.04,2026-04-17 03:16:00,Delhi,Processing
O000364,C02604,P0162,4,6800.39,2026-05-22 03:52:00,Kochi,Processing
O000365,C00448,P0627,3,556.05,2026-04-16 15:55:00,Mumbai,Processing
O000366,C00075,P0668,4,1829.66,2026-06-26 20:03:00,Bengaluru,Processing
O000367,C00392,P0585,4,7994.43,2026-06-17 23:41:00,Bengaluru,Delivered
O000368,C00068,P0434,1,4553.72,2026-02-05 11:44:00,Bengaluru,Returned
O000369,C01610,P0064,1,3290.97,2026-02-09 23:45:00,Chennai,Shipped
O000370,C01088,P0152,4,7394.01,2026-01-18 10:39:00,Chennai,Returned
O000371,C01679,P0053,4,707.1,2026-03-31 20:46:00,Delhi,Returned
O000372,C00135,P0338,1,2418.15,2026-06-22 22:28:00,Coimbatore,Delivered
O000373,C00464,P0187,4,5154.45,2026-06-08 15:12:00,Kochi,Returned
O000374,C02643,P0311,4,9144.98,2026-01-02 22:14:00,Chennai,Processing
O000375,C02281,P0707,4,3698.4,2026-06-19 00:58:00,Delhi,Delivered
O000376,C01398,P0414,4,1428.87,2026-01-18 04:50:00,Delhi,Processing
O000377,C01687,P0447,2,4600.17,2026-03-27 14:04:00,Delhi,Processing
O000378,C00577,P0066,3,5076.41,2026-01-18 14:24:00,Bengaluru,Shipped
O000379,C02970,P0514,1,4318.77,2026-02-14 13:02:00,Coimbatore,Delivered
O000380,C00734,P0282,2,119.65,2026-05-15 22:37:00,Coimbatore,Processing
O000381,C01176,P0512,4,9387.92,2026-05-31 16:36:00,Hyderabad,Processing
O000382,C00863,P0126,4,6217.24,2026-05-16 02:30:00,Chennai,Processing
O000383,C02211,P0795,1,4749.67,2026-06-14 09:23:00,Mumbai,Processing
O000384,C01541,P0752,2,3839.96,2026-03-28 23:24:00,Bengaluru,Delivered
O000385,C02613,P0044,2,9529.55,2026-04-26 04:40:00,Hyderabad,Delivered
O000386,C00417,P0458,3,3532.14,2026-02-01 03:36:00,Chennai,Shipped
O000387,C00740,P0112,1,8260.57,2026-03-30 17:49:00,Bengaluru,Processing
O000388,C02390,P0070,2,8064.57,2026-04-11 21:36:00,Hyderabad,Shipped
O000389,C02582,P0385,2,4244.08,2026-01-24 07:33:00,Hyderabad,Processing
O000390,C01046,P0600,4,8512.12,2026-01-08 15:54:00,Mumbai,Delivered
O000391,C02093,P0737,2,4141.59,2026-06-09 11:31:00,Hyderabad,Shipped
O000392,C02415,P0112,2,8260.57,2026-05-20 11:41:00,Kochi,Shipped
O000393,C00681,P0138,2,9745.55,2026-02-01 02:14:00,Pune,Processing
O000394,C00921,P0190,1,1226.96,2026-01-21 12:22:00,Pune,Processing
O000395,C02384,P0495,4,2593.21,2026-06-11 00:17:00,Bengaluru,Processing
O000396,C03000,P0639,2,4253.9,2026-01-21 05:56:00,Pune,Delivered
O000397,C02708,P0388,1,6275.81,2026-03-22 07:51:00,Kochi,Processing
O000398,C01002,P0318,2,9340.72,2026-05-12 09:27:00,Mumbai,Processing
O000399,C00314,P0660,2,7325.53,2026-06-02 22:41:00,Delhi,Shipped
O000400,C01877,P0549,3,1936.82,2026-02-21 02:37:00,Hyderabad,Delivered
O000401,C01199,P0449,1,9895.99,2026-03-09 18:00:00,Pune,Returned
O000402,C01152,P0425,2,7476.59,2026-04-24 07:24:00,Pune,Delivered
O000403,C02396,P0007,2,1166.39,2026-01-14 03:27:00,Kochi,Returned
O000404,C01714,P0063,2,9858.07,2026-02-07 19:28:00,Hyderabad,Shipped
O000405,C00229,P0279,1,3009.41,2026-01-30 12:52:00,Hyderabad,Shipped
O000406,C00084,P0523,1,4689.15,2026-04-17 18:27:00,Coimbatore,Delivered
O000407,C00991,P0476,2,867.09,2026-05-13 03:34:00,Mumbai,Returned
O000408,C02564,P0376,1,1363.04,2026-04-27 16:45:00,Pune,Shipped
O000409,C02063,P0076,1,6314.65,2026-04-21 14:18:00,Coimbatore,Processing
O000410,C00229,P0659,3,7727.73,2026-04-19 12:20:00,Hyderabad,Processing
O000411,C01146,P0239,1,8363.65,2026-01-13 05:07:00,Kochi,Returned
O000412,C02020,P0700,1,1966.82,2026-04-16 02:20:00,Hyderabad,Returned
O000413,C01874,P0139,4,7112.69,2026-03-23 07:59:00,Kochi,Processing
O000414,C00861,P0266,1,4596.66,2026-06-28 21:24:00,Chennai,Returned
O000415,C00302,P0097,4,1527.35,2026-06-01 17:39:00,Mumbai,Delivered
O000416,C02927,P0286,2,5096.16,2026-06-16 03:56:00,Coimbatore,Processing
O000417,C00739,P0591,2,6346.66,2026-01-14 00:51:00,Pune,Processing
O000418,C01125,P0693,2,1638.87,2026-02-10 19:51:00,Delhi,Processing
O000419,C02259,P0423,4,805.35,2026-04-13 21:28:00,Kochi,Delivered
O000420,C01684,P0418,1,8063.59,2026-01-30 18:16:00,Bengaluru,Processing
O000421,C00149,P0475,1,3011.03,2026-01-24 00:41:00,Coimbatore,Shipped
O000422,C01947,P0062,2,2738.53,2026-04-24 18:49:00,Hyderabad,Returned
O000423,C01318,P0412,3,4018.41,2026-06-21 16:09:00,Bengaluru,Delivered
O000424,C01377,P0624,3,8528.36,2026-05-04 05:38:00,Kochi,Delivered
O000425,C01087,P0196,1,4393.61,2026-06-17 07:50:00,Kochi,Returned
O000426,C00295,P0322,4,3075.32,2026-04-09 16:56:00,Delhi,Shipped
O000427,C01956,P0665,2,7169.18,2026-05-05 05:48:00,Hyderabad,Processing
O000428,C02926,P0604,1,6814.35,2026-04-12 06:31:00,Kochi,Processing
O000429,C02843,P0628,2,1483.56,2026-01-31 05:20:00,Mumbai,Delivered
O000430,C01474,P0715,1,962.59,2026-06-19 01:35:00,Hyderabad,Delivered
O000431,C02452,P0621,1,8632.83,2026-02-14 21:19:00,Chennai,Shipped
O000432,C01120,P0745,4,9030.46,2026-01-25 07:26:00,Coimbatore,Delivered
O000433,C00001,P0100,2,5501.88,2026-03-25 17:44:00,Bengaluru,Delivered
O000434,C01906,P0466,1,4158.95,2026-01-15 20:08:00,Pune,Delivered
O000435,C00238,P0171,3,1015.26,2026-03-29 22:56:00,Chennai,Shipped
O000436,C01949,P0524,3,5664.21,2026-06-05 12:51:00,Kochi,Shipped
O000437,C02693,P0535,3,2686.17,2026-03-24 08:31:00,Hyderabad,Processing
O000438,C01129,P0744,4,2393.06,2026-05-20 03:52:00,Kochi,Returned
O000439,C00709,P0394,2,2911.6,2026-06-23 01:36:00,Kochi,Delivered
O000440,C01818,P0196,2,4393.61,2026-04-11 06:42:00,Hyderabad,Returned
O000441,C02794,P0799,3,206.59,2026-05-03 01:13:00,Chennai,Delivered
O000442,C00262,P0340,1,2040.26,2026-04-27 16:53:00,Mumbai,Shipped
O000443,C01749,P0220,2,8346.5,2026-04-16 02:10:00,Coimbatore,Processing
O000444,C02926,P0710,3,4772.38,2026-04-12 09:01:00,Kochi,Processing
O000445,C01836,P0374,3,3617.37,2026-02-26 02:16:00,Delhi,Delivered
O000446,C00557,P0045,4,3896.94,2026-04-20 19:04:00,Kochi,Returned
O000447,C00749,P0318,4,9340.72,2026-03-23 15:10:00,Hyderabad,Delivered
O000448,C02144,P0280,1,7858.55,2026-02-15 12:43:00,Delhi,Processing
O000449,C02539,P0135,1,9762.67,2026-06-23 13:50:00,Hyderabad,Processing
O000450,C02495,P0208,4,2092.25,2026-05-26 08:32:00,Coimbatore,Processing
O000451,C01031,P0463,1,7009.64,2026-01-17 22:45:00,Hyderabad,Processing
O000452,C02649,P0565,4,6635.26,2026-04-17 17:57:00,Chennai,Processing
O000453,C00704,P0592,4,7069.99,2026-02-10 12:18:00,Kochi,Processing
O000454,C00694,P0339,2,2878.49,2026-02-08 09:21:00,Delhi,Delivered
O000455,C00772,P0142,1,152.07,2026-05-14 19:55:00,Bengaluru,Delivered
O000456,C00664,P0140,3,1042.27,2026-02-19 21:00:00,Mumbai,Returned
O000457,C01282,P0108,1,8607.23,2026-01-28 01:37:00,Bengaluru,Shipped
O000458,C01012,P0688,3,7463.85,2026-01-30 10:32:00,Delhi,Shipped
O000459,C02828,P0689,1,9487.92,2026-01-16 19:24:00,Kochi,Processing
O000460,C00498,P0042,4,2098.12,2026-05-04 08:52:00,Chennai,Delivered
O000461,C00717,P0581,2,7430.75,2026-02-05 10:05:00,Pune,Processing
O000462,C00459,P0100,1,5501.88,2026-06-01 14:33:00,Bengaluru,Returned
O000463,C02798,P0032,2,5989.11,2026-03-17 21:15:00,Chennai,Delivered
O000464,C01697,P0076,2,6314.65,2026-03-18 15:36:00,Chennai,Returned
O000465,C01697,P0475,2,3011.03,2026-06-05 16:06:00,Chennai,Processing
O000466,C01595,P0764,4,9223.74,2026-06-05 07:07:00,Chennai,Delivered
O000467,C01892,P0712,2,3112.13,2026-01-31 16:34:00,Hyderabad,Shipped
O000468,C02654,P0076,2,6314.65,2026-05-04 20:36:00,Hyderabad,Delivered
O000469,C00228,P0732,4,5381.3,2026-05-12 22:12:00,Bengaluru,Processing
O000470,C01191,P0403,2,9771.12,2026-05-17 17:03:00,Kochi,Shipped
O000471,C01499,P0309,4,2764.95,2026-04-10 06:30:00,Bengaluru,Processing
O000472,C02988,P0526,4,9168.71,2026-02-19 03:18:00,Hyderabad,Delivered
O000473,C00882,P0088,3,2657.13,2026-03-15 20:53:00,Mumbai,Shipped
O000474,C02301,P0322,4,3075.32,2026-05-01 09:21:00,Hyderabad,Processing
O000475,C01192,P0418,3,8063.59,2026-02-27 04:05:00,Bengaluru,Shipped
O000476,C02198,P0168,1,3315.66,2026-04-06 13:10:00,Hyderabad,Delivered
O000477,C01721,P0208,2,2092.25,2026-02-26 08:02:00,Kochi,Shipped
O000478,C02911,P0638,1,5679.06,2026-03-16 14:41:00,Pune,Delivered
O000479,C01200,P0530,4,9327.08,2026-06-24 22:55:00,Kochi,Returned
O000480,C00138,P0305,4,1076.57,2026-02-04 09:49:00,Delhi,Delivered
O000481,C02932,P0777,1,3589.83,2026-05-12 16:18:00,Bengaluru,Returned
O000482,C02000,P0105,1,5394.62,2026-05-19 08:40:00,Delhi,Delivered
O000483,C02863,P0327,2,4651.01,2026-05-06 15:25:00,Hyderabad,Delivered
O000484,C01471,P0075,2,6747.45,2026-05-07 10:58:00,Pune,Delivered
O000485,C02598,P0477,2,4461.51,2026-04-19 02:49:00,Pune,Shipped
O000486,C00146,P0192,3,8778.88,2026-01-15 13:34:00,Chennai,Shipped
O000487,C00667,P0794,2,222.53,2026-02-19 13:13:00,Delhi,Shipped
O000488,C02075,P0659,1,7727.73,2026-06-14 19:50:00,Mumbai,Returned
O000489,C02552,P0577,1,994.37,2026-01-27 02:48:00,Coimbatore,Shipped
O000490,C01945,P0027,2,8581.06,2026-04-18 13:13:00,Delhi,Delivered
O000491,C02456,P0772,4,6650.14,2026-04-28 03:44:00,Kochi,Returned
O000492,C01768,P0604,4,6814.35,2026-05-15 02:17:00,Hyderabad,Returned
O000493,C01644,P0178,4,5673.27,2026-05-06 03:13:00,Pune,Processing
O000494,C01776,P0066,2,5076.41,2026-04-15 22:39:00,Coimbatore,Processing
O000495,C02020,P0595,1,3060.11,2026-01-14 15:11:00,Hyderabad,Shipped
O000496,C00455,P0166,2,6319.73,2026-04-26 02:29:00,Coimbatore,Shipped
O000497,C01452,P0088,1,2657.13,2026-06-08 15:09:00,Mumbai,Delivered
O000498,C01652,P0622,2,8024.08,2026-04-28 07:28:00,Hyderabad,Delivered
O000499,C01946,P0440,2,9802.7,2026-03-06 19:22:00,Hyderabad,Shipped
O000500,C01061,P0568,2,3547.51,2026-04-21 16:39:00,Pune,Returned
O000501,C00378,P0753,4,7657.11,2026-05-09 09:32:00,Bengaluru,Delivered
O000502,C01230,P0332,3,8935.46,2026-06-16 03:51:00,Pune,Shipped
O000503,C01671,P0018,1,7010.52,2026-02-02 12:53:00,Coimbatore,Returned
O000504,C01925,P0255,1,2214.97,2026-01-28 09:13:00,Pune,Processing
O000505,C02774,P0634,4,5542.5,2026-05-04 03:27:00,Chennai,Processing
O000506,C02655,P0539,2,8771.46,2026-05-07 18:56:00,Pune,Delivered
O000507,C00596,P0747,3,9438.22,2026-06-02 17:16:00,Kochi,Shipped
O000508,C02942,P0221,1,6255.24,2026-06-01 16:46:00,Coimbatore,Shipped
O000509,C02055,P0430,4,2345.57,2026-03-10 05:25:00,Mumbai,Delivered
O000510,C00278,P0324,1,6142.41,2026-02-04 13:20:00,Chennai,Delivered
O000511,C02408,P0008,1,4742.92,2026-02-04 18:00:00,Chennai,Shipped
O000512,C01996,P0491,3,3951.95,2026-04-07 22:28:00,Kochi,Processing
O000513,C02486,P0196,2,4393.61,2026-05-06 14:36:00,Delhi,Returned
O000514,C00643,P0234,4,1752.76,2026-03-20 05:31:00,Hyderabad,Returned
O000515,C01701,P0677,4,3602.54,2026-04-24 07:13:00,Bengaluru,Delivered
O000516,C01074,P0090,2,646.74,2026-02-21 11:36:00,Chennai,Shipped
O000517,C02766,P0498,3,3416.54,2026-03-03 09:38:00,Hyderabad,Delivered
O000518,C00297,P0469,4,7483.98,2026-02-06 16:33:00,Mumbai,Returned
O000519,C01063,P0447,4,4600.17,2026-05-16 23:47:00,Mumbai,Processing
O000520,C01779,P0535,1,2686.17,2026-06-14 10:45:00,Kochi,Returned
O000521,C00483,P0257,2,8913.16,2026-01-21 00:47:00,Bengaluru,Returned
O000522,C01612,P0412,1,4018.41,2026-02-09 20:55:00,Bengaluru,Returned
O000523,C02521,P0147,3,7130.53,2026-03-27 04:00:00,Mumbai,Shipped
O000524,C01453,P0745,4,9030.46,2026-01-02 20:30:00,Delhi,Delivered
O000525,C02692,P0078,3,9351.9,2026-05-14 00:29:00,Hyderabad,Returned
O000526,C00294,P0568,1,3547.51,2026-04-20 21:23:00,Pune,Processing
O000527,C01493,P0608,1,9699.3,2026-02-22 21:53:00,Kochi,Returned
O000528,C02795,P0223,2,1097.95,2026-04-21 05:51:00,Delhi,Shipped
O000529,C01321,P0487,1,5663.34,2026-03-27 21:33:00,Kochi,Processing
O000530,C00631,P0215,2,4997.41,2026-04-18 00:20:00,Coimbatore,Shipped
O000531,C02295,P0494,3,7697.7,2026-04-10 23:56:00,Pune,Shipped
O000532,C00228,P0291,4,5653.34,2026-06-26 17:38:00,Bengaluru,Shipped
O000533,C01376,P0463,3,7009.64,2026-04-02 17:55:00,Chennai,Returned
O000534,C00223,P0715,2,962.59,2026-02-24 00:37:00,Coimbatore,Returned
O000535,C00267,P0654,1,7103.27,2026-03-26 12:51:00,Pune,Processing
O000536,C00092,P0043,4,5469.14,2026-04-26 10:25:00,Bengaluru,Delivered
O000537,C02150,P0382,4,7873.11,2026-05-07 20:50:00,Chennai,Processing
O000538,C00538,P0690,3,4940.77,2026-01-06 21:36:00,Kochi,Returned
O000539,C01120,P0719,1,532.73,2026-03-22 22:23:00,Coimbatore,Processing
O000540,C01859,P0018,3,7010.52,2026-05-06 14:09:00,Bengaluru,Processing
O000541,C02368,P0314,4,7849.53,2026-06-10 08:27:00,Kochi,Shipped
O000542,C01246,P0099,1,4953.55,2026-05-26 13:27:00,Bengaluru,Processing
O000543,C01129,P0171,1,1015.26,2026-03-14 06:40:00,Kochi,Returned
O000544,C01192,P0375,3,1939.64,2026-01-21 20:09:00,Bengaluru,Delivered
O000545,C01746,P0730,1,3102.76,2026-01-13 21:51:00,Kochi,Shipped
O000546,C00566,P0726,2,1737.63,2026-04-20 23:15:00,Kochi,Processing
O000547,C01729,P0729,4,8802.63,2026-06-02 21:07:00,Hyderabad,Shipped
O000548,C01538,P0431,2,5205.67,2026-03-19 07:49:00,Coimbatore,Processing
O000549,C02986,P0735,1,5391.49,2026-04-29 18:32:00,Delhi,Delivered
O000550,C02142,P0310,1,747.04,2026-05-18 20:49:00,Hyderabad,Returned
O000551,C02985,P0370,4,3461.2,2026-01-27 10:11:00,Pune,Returned
O000552,C00623,P0628,1,1483.56,2026-06-27 02:37:00,Coimbatore,Shipped
O000553,C01563,P0697,4,7318.56,2026-04-03 16:20:00,Chennai,Processing
O000554,C00699,P0093,2,5751.64,2026-05-11 16:09:00,Mumbai,Returned
O000555,C00049,P0498,3,3416.54,2026-03-10 10:31:00,Hyderabad,Returned
O000556,C02207,P0073,4,5094.93,2026-05-25 10:07:00,Kochi,Delivered
O000557,C02469,P0233,1,8252.74,2026-03-07 01:15:00,Bengaluru,Delivered
O000558,C01671,P0520,2,7626.21,2026-05-14 07:54:00,Coimbatore,Processing
O000559,C02870,P0746,3,4646.96,2026-06-12 16:26:00,Delhi,Delivered
O000560,C00754,P0289,4,9583.99,2026-01-09 20:01:00,Kochi,Shipped
O000561,C02440,P0086,1,5641.27,2026-02-16 02:10:00,Chennai,Shipped
O000562,C02687,P0344,3,2669.28,2026-02-28 11:26:00,Chennai,Shipped
O000563,C00552,P0644,3,196.65,2026-01-31 05:37:00,Mumbai,Returned
O000564,C01652,P0425,2,7476.59,2026-06-18 01:32:00,Hyderabad,Returned
O000565,C01338,P0576,4,6691.73,2026-04-16 01:28:00,Coimbatore,Delivered
O000566,C00624,P0726,3,1737.63,2026-03-19 02:20:00,Chennai,Delivered
O000567,C02930,P0079,1,3705.32,2026-06-12 04:29:00,Mumbai,Delivered
O000568,C01470,P0093,1,5751.64,2026-02-09 12:49:00,Pune,Delivered
O000569,C01514,P0344,3,2669.28,2026-02-08 15:49:00,Chennai,Returned
O000570,C00374,P0687,3,2919.51,2026-01-17 01:46:00,Delhi,Processing
O000571,C00559,P0367,4,8513.3,2026-04-15 09:54:00,Hyderabad,Returned
O000572,C02093,P0520,1,7626.21,2026-06-08 00:51:00,Hyderabad,Processing
O000573,C02841,P0640,3,3850.52,2026-02-09 12:59:00,Mumbai,Delivered
O000574,C02882,P0344,1,2669.28,2026-05-09 12:35:00,Bengaluru,Processing
O000575,C01575,P0752,3,3839.96,2026-01-25 06:53:00,Coimbatore,Returned
O000576,C02291,P0149,1,8728.63,2026-01-28 04:21:00,Hyderabad,Shipped
O000577,C00319,P0214,3,2750.7,2026-03-09 19:03:00,Delhi,Returned
O000578,C01702,P0235,4,1653.62,2026-05-10 01:07:00,Coimbatore,Shipped
O000579,C01301,P0623,3,5792.3,2026-03-10 18:35:00,Delhi,Processing
O000580,C02309,P0774,4,1562.02,2026-03-26 06:17:00,Coimbatore,Returned
O000581,C02004,P0355,1,2048.08,2026-01-15 11:49:00,Bengaluru,Returned
O000582,C02146,P0143,3,3093.82,2026-03-14 06:34:00,Bengaluru,Shipped
O000583,C02628,P0637,1,797.52,2026-05-19 03:00:00,Bengaluru,Delivered
O000584,C00178,P0437,4,4248.56,2026-02-15 20:59:00,Delhi,Shipped
O000585,C02966,P0579,3,8102.63,2026-06-13 14:48:00,Coimbatore,Delivered
O000586,C01566,P0200,1,8064.94,2026-03-25 03:29:00,Delhi,Delivered
O000587,C00030,P0787,2,1525.99,2026-05-07 08:48:00,Delhi,Shipped
O000588,C00616,P0128,1,238.74,2026-06-08 14:18:00,Pune,Returned
O000589,C00202,P0038,4,393.26,2026-04-30 23:21:00,Pune,Processing
O000590,C00382,P0458,3,3532.14,2026-04-03 11:16:00,Coimbatore,Returned
O000591,C02828,P0142,2,152.07,2026-05-28 23:20:00,Kochi,Processing
O000592,C01705,P0509,3,6118.83,2026-04-15 21:02:00,Mumbai,Delivered
O000593,C01156,P0755,3,7943.76,2026-04-27 17:24:00,Bengaluru,Processing
O000594,C02864,P0635,1,4059.59,2026-05-29 11:28:00,Mumbai,Delivered
O000595,C02976,P0617,1,1083.47,2026-05-31 10:40:00,Coimbatore,Delivered
O000596,C01541,P0367,1,8513.3,2026-02-25 04:22:00,Bengaluru,Returned
O000597,C00549,P0416,3,4705.01,2026-01-25 01:52:00,Kochi,Shipped
O000598,C01492,P0100,2,5501.88,2026-01-07 17:22:00,Kochi,Returned
O000599,C00979,P0035,2,6699.1,2026-01-01 05:32:00,Mumbai,Processing
O000600,C01983,P0421,4,8440.77,2026-04-18 22:40:00,Hyderabad,Returned
O000601,C02674,P0567,4,2411.23,2026-01-02 14:30:00,Delhi,Processing
O000602,C00232,P0092,1,4028.26,2026-06-09 22:33:00,Kochi,Delivered
O000603,C01925,P0008,2,4742.92,2026-05-25 20:57:00,Pune,Returned
O000604,C00701,P0508,2,2136.59,2026-03-14 17:59:00,Bengaluru,Processing
O000605,C00473,P0360,3,5243.78,2026-06-11 15:17:00,Bengaluru,Delivered
O000606,C01058,P0208,2,2092.25,2026-03-14 19:34:00,Mumbai,Delivered
O000607,C00315,P0450,1,4833.69,2026-01-14 07:57:00,Mumbai,Processing
O000608,C02564,P0505,1,1428.24,2026-03-27 18:13:00,Pune,Shipped
O000609,C00899,P0669,3,9528.59,2026-06-01 09:35:00,Pune,Shipped
O000610,C01998,P0641,3,2773.24,2026-05-06 12:47:00,Hyderabad,Delivered
O000611,C00853,P0440,4,9802.7,2026-05-23 11:30:00,Hyderabad,Shipped
O000612,C02554,P0578,2,6474.47,2026-05-10 13:37:00,Bengaluru,Shipped
O000613,C02386,P0385,2,4244.08,2026-03-06 23:00:00,Delhi,Delivered
O000614,C01491,P0066,2,5076.41,2026-04-02 14:17:00,Kochi,Processing
O000615,C02662,P0104,4,5571.01,2026-04-01 01:40:00,Bengaluru,Returned
O000616,C00867,P0304,2,1895.43,2026-01-07 11:47:00,Mumbai,Processing
O000617,C02967,P0063,4,9858.07,2026-05-26 14:31:00,Chennai,Processing
O000618,C01131,P0103,2,8429.58,2026-04-09 19:02:00,Mumbai,Shipped
O000619,C00579,P0468,3,6423.78,2026-04-15 08:24:00,Delhi,Shipped
O000620,C00256,P0038,2,393.26,2026-06-24 05:17:00,Kochi,Processing
O000621,C00298,P0794,1,222.53,2026-05-02 16:10:00,Coimbatore,Delivered
O000622,C01442,P0377,2,3179.76,2026-04-20 16:44:00,Coimbatore,Shipped
O000623,C02899,P0116,4,2079.75,2026-03-16 05:21:00,Delhi,Delivered
O000624,C01402,P0107,2,992.48,2026-01-27 23:42:00,Kochi,Shipped
O000625,C02464,P0444,2,8281.1,2026-04-18 00:14:00,Delhi,Returned
O000626,C01926,P0041,2,7624.7,2026-06-07 21:09:00,Mumbai,Processing
O000627,C00411,P0373,2,9052.26,2026-01-24 00:48:00,Coimbatore,Shipped
O000628,C02329,P0646,4,5928.39,2026-05-19 17:45:00,Hyderabad,Returned
O000629,C01364,P0200,3,8064.94,2026-01-26 04:48:00,Pune,Shipped
O000630,C02751,P0010,4,9207.97,2026-04-02 12:55:00,Mumbai,Returned
O000631,C01281,P0309,2,2764.95,2026-04-30 16:42:00,Kochi,Delivered
O000632,C01620,P0623,3,5792.3,2026-02-09 04:39:00,Chennai,Processing
O000633,C00854,P0424,3,3403.2,2026-01-18 14:50:00,Pune,Delivered
O000634,C00449,P0204,2,951.33,2026-01-17 21:07:00,Coimbatore,Delivered
O000635,C01085,P0308,2,4979.5,2026-02-19 18:28:00,Kochi,Delivered
O000636,C01358,P0320,3,5892.08,2026-01-15 08:21:00,Delhi,Shipped
O000637,C02927,P0489,3,2399.84,2026-01-27 11:41:00,Coimbatore,Processing
O000638,C01029,P0444,2,8281.1,2026-02-09 12:25:00,Pune,Processing
O000639,C00571,P0582,2,1360.43,2026-05-08 02:31:00,Hyderabad,Shipped
O000640,C00039,P0646,4,5928.39,2026-03-19 09:22:00,Pune,Delivered
O000641,C00433,P0687,3,2919.51,2026-06-22 17:40:00,Pune,Returned
O000642,C02492,P0168,4,3315.66,2026-05-11 06:27:00,Coimbatore,Shipped
O000643,C02065,P0653,3,3849.13,2026-03-24 06:34:00,Delhi,Delivered
O000644,C00678,P0776,1,994.43,2026-06-10 14:48:00,Coimbatore,Returned
O000645,C01104,P0059,1,8701.51,2026-06-26 00:56:00,Hyderabad,Shipped
O000646,C01733,P0753,4,7657.11,2026-01-11 02:15:00,Delhi,Returned
O000647,C00312,P0149,3,8728.63,2026-06-27 02:57:00,Mumbai,Processing
O000648,C01910,P0662,3,8101.63,2026-03-08 01:25:00,Mumbai,Delivered
O000649,C01302,P0062,3,2738.53,2026-06-25 08:31:00,Mumbai,Delivered
O000650,C00663,P0687,2,2919.51,2026-02-11 14:14:00,Kochi,Processing
O000651,C00761,P0598,2,6993.13,2026-02-09 15:05:00,Bengaluru,Shipped
O000652,C02599,P0305,3,1076.57,2026-06-25 21:36:00,Chennai,Processing
O000653,C00909,P0036,2,1558.0,2026-03-19 16:25:00,Chennai,Returned
O000654,C01147,P0670,3,1786.79,2026-02-16 06:24:00,Bengaluru,Shipped
O000655,C00817,P0327,4,4651.01,2026-05-02 22:02:00,Mumbai,Processing
O000656,C00740,P0795,2,4749.67,2026-06-13 14:02:00,Bengaluru,Returned
O000657,C01558,P0065,3,6938.55,2026-05-21 08:43:00,Delhi,Shipped
O000658,C01409,P0779,1,1467.39,2026-03-15 12:15:00,Chennai,Processing
O000659,C02757,P0744,4,2393.06,2026-02-04 13:18:00,Coimbatore,Delivered
O000660,C01405,P0331,2,7893.32,2026-05-09 12:23:00,Kochi,Processing
O000661,C02218,P0359,3,2458.76,2026-05-27 20:07:00,Pune,Delivered
O000662,C02606,P0752,1,3839.96,2026-02-26 09:08:00,Hyderabad,Returned
O000663,C02802,P0471,3,6734.93,2026-03-12 21:03:00,Bengaluru,Processing
O000664,C01370,P0569,2,3008.24,2026-06-30 20:44:00,Chennai,Delivered
O000665,C00288,P0127,2,980.71,2026-01-14 18:11:00,Mumbai,Shipped
O000666,C00336,P0149,2,8728.63,2026-01-27 14:34:00,Delhi,Delivered
O000667,C02655,P0780,4,5537.46,2026-04-18 04:45:00,Pune,Processing
O000668,C02354,P0094,4,5013.87,2026-02-22 23:10:00,Chennai,Delivered
O000669,C00124,P0655,2,7096.19,2026-06-13 22:36:00,Pune,Shipped
O000670,C00386,P0224,2,2422.72,2026-04-22 11:07:00,Coimbatore,Shipped
O000671,C02051,P0669,1,9528.59,2026-01-01 01:53:00,Coimbatore,Returned
O000672,C02502,P0291,4,5653.34,2026-01-20 00:19:00,Chennai,Processing
O000673,C02142,P0262,3,9830.21,2026-01-10 09:21:00,Hyderabad,Shipped
O000674,C00218,P0570,1,1364.83,2026-05-19 12:59:00,Pune,Returned
O000675,C01355,P0421,1,8440.77,2026-03-22 07:07:00,Hyderabad,Shipped
O000676,C00638,P0388,2,6275.81,2026-03-03 08:13:00,Kochi,Shipped
O000677,C01131,P0395,4,3463.19,2026-05-27 11:55:00,Mumbai,Processing
O000678,C02785,P0582,3,1360.43,2026-04-21 12:16:00,Mumbai,Shipped
O000679,C01486,P0016,3,9025.44,2026-05-14 19:01:00,Bengaluru,Processing
O000680,C01915,P0053,2,707.1,2026-02-08 12:34:00,Coimbatore,Returned
O000681,C00359,P0616,4,3900.2,2026-02-17 22:34:00,Coimbatore,Delivered
O000682,C01953,P0493,2,534.0,2026-04-17 20:41:00,Kochi,Shipped
O000683,C00764,P0374,2,3617.37,2026-02-03 01:21:00,Delhi,Returned
O000684,C00600,P0428,4,9462.57,2026-02-04 11:36:00,Pune,Delivered
O000685,C00047,P0499,1,3884.48,2026-02-04 01:16:00,Bengaluru,Delivered
O000686,C01165,P0564,1,3746.46,2026-05-02 12:28:00,Pune,Shipped
O000687,C00597,P0134,4,4143.39,2026-02-02 23:11:00,Bengaluru,Processing
O000688,C01315,P0525,2,1451.9,2026-01-17 16:53:00,Kochi,Processing
O000689,C01929,P0518,4,891.16,2026-02-22 09:19:00,Mumbai,Delivered
O000690,C00954,P0360,4,5243.78,2026-05-03 23:40:00,Hyderabad,Returned
O000691,C01867,P0450,1,4833.69,2026-06-23 06:25:00,Pune,Returned
O000692,C00778,P0645,4,9521.65,2026-05-25 13:49:00,Chennai,Returned
O000693,C02276,P0145,1,2675.89,2026-02-21 13:57:00,Delhi,Returned
O000694,C02906,P0126,3,6217.24,2026-06-25 13:47:00,Bengaluru,Processing
O000695,C00362,P0034,2,7586.4,2026-02-19 11:29:00,Chennai,Returned
O000696,C00597,P0539,2,8771.46,2026-02-20 21:50:00,Bengaluru,Processing
O000697,C01889,P0627,1,556.05,2026-05-19 07:30:00,Delhi,Processing
O000698,C01781,P0050,2,4810.52,2026-04-07 04:48:00,Hyderabad,Processing
O000699,C00949,P0693,4,1638.87,2026-03-21 10:32:00,Hyderabad,Delivered
O000700,C02207,P0278,4,1264.65,2026-05-06 15:01:00,Kochi,Processing
O000701,C02336,P0347,3,6444.57,2026-02-01 17:06:00,Pune,Shipped
O000702,C02112,P0389,1,8090.99,2026-05-19 19:48:00,Coimbatore,Delivered
O000703,C00791,P0601,2,5812.86,2026-01-06 14:58:00,Delhi,Returned
O000704,C01198,P0292,1,2004.02,2026-05-02 12:07:00,Bengaluru,Processing
O000705,C01375,P0133,2,7293.41,2026-06-03 02:15:00,Delhi,Shipped
O000706,C01439,P0783,3,7059.62,2026-02-05 10:57:00,Chennai,Delivered
O000707,C00789,P0029,1,4435.78,2026-05-20 19:39:00,Kochi,Returned
O000708,C01949,P0206,4,7412.93,2026-01-13 22:36:00,Kochi,Shipped
O000709,C02124,P0482,4,3807.98,2026-01-15 06:47:00,Hyderabad,Shipped
O000710,C00466,P0137,3,947.81,2026-05-09 07:08:00,Pune,Returned
O000711,C00163,P0214,2,2750.7,2026-06-30 21:17:00,Pune,Shipped
O000712,C01413,P0524,4,5664.21,2026-04-30 09:15:00,Delhi,Shipped
O000713,C01576,P0645,1,9521.65,2026-03-16 17:11:00,Kochi,Shipped
O000714,C01607,P0248,2,9033.86,2026-05-21 23:24:00,Delhi,Delivered
O000715,C03000,P0450,3,4833.69,2026-01-02 14:47:00,Pune,Delivered
O000716,C02419,P0705,3,3427.16,2026-04-29 02:13:00,Hyderabad,Delivered
O000717,C02739,P0691,4,7534.79,2026-06-22 21:19:00,Kochi,Processing
O000718,C00953,P0074,1,2079.76,2026-05-30 04:09:00,Chennai,Processing
O000719,C02314,P0168,4,3315.66,2026-04-25 06:50:00,Mumbai,Delivered
O000720,C01036,P0458,4,3532.14,2026-05-21 13:16:00,Mumbai,Shipped
O000721,C01547,P0552,3,947.5,2026-04-10 02:36:00,Hyderabad,Delivered
O000722,C01867,P0764,1,9223.74,2026-02-13 15:24:00,Pune,Returned
O000723,C01053,P0616,1,3900.2,2026-05-01 14:29:00,Chennai,Processing
O000724,C02099,P0328,2,9147.78,2026-02-26 20:27:00,Chennai,Delivered
O000725,C02939,P0420,2,6488.01,2026-05-04 01:10:00,Pune,Processing
O000726,C00413,P0640,3,3850.52,2026-06-14 04:03:00,Coimbatore,Processing
O000727,C00524,P0427,2,7722.75,2026-03-02 07:02:00,Coimbatore,Shipped
O000728,C01645,P0113,4,3582.38,2026-02-15 19:49:00,Coimbatore,Delivered
O000729,C00962,P0036,4,1558.0,2026-02-05 23:12:00,Chennai,Processing
O000730,C02013,P0658,1,6391.79,2026-06-19 19:57:00,Chennai,Processing
O000731,C02972,P0122,3,8775.26,2026-01-23 06:40:00,Bengaluru,Delivered
O000732,C01219,P0501,3,2439.32,2026-04-04 05:01:00,Coimbatore,Delivered
O000733,C00033,P0651,2,4819.93,2026-03-31 20:57:00,Kochi,Shipped
O000734,C00083,P0656,3,8003.84,2026-05-03 22:04:00,Mumbai,Delivered
O000735,C00805,P0567,2,2411.23,2026-06-18 05:17:00,Delhi,Returned
O000736,C02975,P0248,1,9033.86,2026-02-22 01:50:00,Hyderabad,Returned
O000737,C00959,P0517,4,9679.49,2026-01-17 21:54:00,Mumbai,Returned
O000738,C00605,P0267,3,910.28,2026-04-14 03:26:00,Pune,Shipped
O000739,C01446,P0646,4,5928.39,2026-06-06 18:16:00,Chennai,Delivered
O000740,C00680,P0712,2,3112.13,2026-02-18 04:00:00,Mumbai,Returned
O000741,C00816,P0030,1,4007.63,2026-05-19 20:53:00,Bengaluru,Shipped
O000742,C02761,P0696,3,916.89,2026-04-14 08:12:00,Bengaluru,Delivered
O000743,C01196,P0090,1,646.74,2026-02-13 03:13:00,Pune,Processing
O000744,C00205,P0215,1,4997.41,2026-03-14 01:53:00,Hyderabad,Shipped
O000745,C01691,P0471,1,6734.93,2026-04-30 16:41:00,Delhi,Delivered
O000746,C02831,P0173,2,8537.22,2026-03-04 04:30:00,Chennai,Shipped
O000747,C01529,P0283,3,8716.22,2026-02-05 22:34:00,Delhi,Shipped
O000748,C00842,P0777,1,3589.83,2026-05-03 23:13:00,Bengaluru,Returned
O000749,C00450,P0530,4,9327.08,2026-02-15 03:48:00,Mumbai,Processing
O000750,C01947,P0164,4,5943.35,2026-04-03 22:14:00,Hyderabad,Returned
O000751,C01794,P0347,1,6444.57,2026-05-03 14:28:00,Pune,Shipped
O000752,C02823,P0070,3,8064.57,2026-01-31 13:56:00,Coimbatore,Shipped
O000753,C00226,P0321,2,1697.02,2026-01-17 09:41:00,Mumbai,Shipped
O000754,C00094,P0085,4,7989.74,2026-06-16 04:06:00,Bengaluru,Delivered
O000755,C00284,P0270,1,8731.95,2026-04-10 09:39:00,Coimbatore,Processing
O000756,C02062,P0346,2,6837.74,2026-01-02 00:50:00,Chennai,Processing
O000757,C00264,P0775,2,1219.32,2026-03-11 08:39:00,Hyderabad,Processing
O000758,C01538,P0128,1,238.74,2026-06-02 10:29:00,Coimbatore,Returned
O000759,C01014,P0341,4,5733.11,2026-01-01 21:19:00,Mumbai,Shipped
O000760,C02096,P0224,4,2422.72,2026-06-05 17:41:00,Delhi,Shipped
O000761,C02561,P0188,2,6641.47,2026-02-13 08:19:00,Coimbatore,Returned
O000762,C01801,P0452,1,8196.17,2026-06-02 18:48:00,Hyderabad,Processing
O000763,C01222,P0209,2,3404.12,2026-04-01 23:39:00,Chennai,Delivered
O000764,C00246,P0509,1,6118.83,2026-02-19 10:48:00,Coimbatore,Delivered
O000765,C00644,P0695,1,4398.85,2026-04-06 12:46:00,Bengaluru,Processing
O000766,C01082,P0138,2,9745.55,2026-01-01 17:14:00,Kochi,Returned
O000767,C00836,P0127,1,980.71,2026-01-27 13:47:00,Kochi,Delivered
O000768,C02142,P0570,1,1364.83,2026-03-21 02:20:00,Hyderabad,Delivered
O000769,C00743,P0720,1,8925.71,2026-06-19 04:27:00,Hyderabad,Returned
O000770,C00205,P0126,1,6217.24,2026-04-19 23:32:00,Hyderabad,Delivered
O000771,C02898,P0050,2,4810.52,2026-05-27 13:18:00,Coimbatore,Returned
O000772,C01714,P0274,4,6974.26,2026-04-23 17:27:00,Hyderabad,Delivered
O000773,C01165,P0199,2,6222.14,2026-01-27 14:52:00,Pune,Shipped
O000774,C02433,P0740,2,9717.89,2026-06-28 10:22:00,Hyderabad,Shipped
O000775,C01488,P0376,4,1363.04,2026-03-21 19:40:00,Chennai,Delivered
O000776,C01400,P0555,4,2733.2,2026-03-18 16:38:00,Hyderabad,Delivered
O000777,C01813,P0503,1,2098.92,2026-03-23 11:24:00,Coimbatore,Returned
O000778,C02137,P0299,4,4425.47,2026-03-06 08:02:00,Hyderabad,Shipped
O000779,C02922,P0155,3,7088.03,2026-04-11 20:02:00,Pune,Returned
O000780,C00438,P0239,1,8363.65,2026-03-25 18:11:00,Mumbai,Returned
O000781,C02403,P0002,2,1803.85,2026-06-30 22:01:00,Kochi,Shipped
O000782,C00829,P0398,3,3448.99,2026-02-20 01:46:00,Bengaluru,Shipped
O000783,C00646,P0442,1,3354.53,2026-03-14 17:29:00,Kochi,Shipped
O000784,C00082,P0258,1,2488.26,2026-03-30 04:57:00,Pune,Delivered
O000785,C00850,P0462,1,2809.39,2026-01-13 02:18:00,Chennai,Returned
O000786,C00843,P0245,2,4480.53,2026-03-14 16:17:00,Coimbatore,Delivered
O000787,C02704,P0351,2,2850.54,2026-03-29 19:00:00,Bengaluru,Returned
O000788,C01948,P0786,2,3671.5,2026-06-07 02:03:00,Bengaluru,Shipped
O000789,C01589,P0106,4,176.87,2026-02-15 17:45:00,Mumbai,Delivered
O000790,C02090,P0553,3,3486.3,2026-06-14 18:13:00,Kochi,Processing
O000791,C01873,P0039,2,6812.26,2026-03-16 07:48:00,Mumbai,Delivered
O000792,C00084,P0586,3,1154.2,2026-06-10 15:17:00,Coimbatore,Shipped
O000793,C01616,P0283,4,8716.22,2026-04-29 11:35:00,Delhi,Returned
O000794,C00382,P0063,3,9858.07,2026-06-27 09:47:00,Coimbatore,Shipped
O000795,C00546,P0682,4,4013.05,2026-01-11 21:10:00,Hyderabad,Processing
O000796,C01949,P0384,4,8533.89,2026-06-16 05:20:00,Kochi,Delivered
O000797,C02951,P0049,3,5730.67,2026-06-27 07:59:00,Kochi,Returned
O000798,C02249,P0797,1,2938.01,2026-05-22 19:40:00,Bengaluru,Returned
O000799,C00904,P0280,3,7858.55,2026-03-04 18:35:00,Delhi,Shipped
O000800,C00420,P0033,4,8396.28,2026-05-06 14:05:00,Delhi,Returned
O000801,C00325,P0713,2,3378.0,2026-05-27 09:10:00,Pune,Processing
O000802,C00316,P0748,1,3169.59,2026-04-05 07:32:00,Mumbai,Delivered
O000803,C00442,P0631,2,1960.93,2026-06-29 16:51:00,Chennai,Delivered
O000804,C00793,P0456,4,9111.0,2026-04-13 06:05:00,Mumbai,Delivered
O000805,C02645,P0420,2,6488.01,2026-05-08 04:16:00,Hyderabad,Processing
O000806,C01861,P0286,1,5096.16,2026-05-26 19:50:00,Kochi,Returned
O000807,C01065,P0482,3,3807.98,2026-01-04 15:28:00,Bengaluru,Delivered
O000808,C00595,P0443,2,1796.09,2026-06-01 05:17:00,Kochi,Processing
O000809,C01782,P0137,3,947.81,2026-06-22 12:26:00,Kochi,Processing
O000810,C02591,P0709,4,104.31,2026-03-28 15:09:00,Coimbatore,Returned
O000811,C02105,P0681,1,7716.53,2026-01-29 05:33:00,Chennai,Delivered
O000812,C01466,P0038,4,393.26,2026-03-24 23:25:00,Bengaluru,Processing
O000813,C00999,P0355,1,2048.08,2026-06-20 08:36:00,Kochi,Delivered
O000814,C02947,P0494,3,7697.7,2026-02-20 21:24:00,Hyderabad,Shipped
O000815,C01879,P0544,2,9870.55,2026-06-19 15:20:00,Kochi,Delivered
O000816,C02677,P0487,3,5663.34,2026-06-05 07:19:00,Kochi,Shipped
O000817,C02537,P0361,2,7663.58,2026-03-15 05:42:00,Mumbai,Shipped
O000818,C01228,P0572,3,6659.16,2026-05-22 04:25:00,Coimbatore,Shipped
O000819,C00617,P0705,1,3427.16,2026-01-25 16:05:00,Hyderabad,Delivered
O000820,C01625,P0038,2,393.26,2026-05-05 17:55:00,Mumbai,Delivered
O000821,C00501,P0706,4,6473.34,2026-05-14 20:03:00,Bengaluru,Shipped
O000822,C00865,P0557,3,6068.55,2026-03-08 06:31:00,Hyderabad,Processing
O000823,C01365,P0643,4,7801.9,2026-06-27 23:33:00,Mumbai,Delivered
O000824,C02289,P0137,3,947.81,2026-01-15 07:26:00,Mumbai,Processing
O000825,C00255,P0773,3,8629.97,2026-05-22 18:05:00,Kochi,Returned
O000826,C01031,P0007,1,1166.39,2026-05-26 06:46:00,Hyderabad,Delivered
O000827,C02670,P0561,4,9754.52,2026-02-26 04:25:00,Delhi,Shipped
O000828,C00787,P0758,3,3142.11,2026-01-27 19:21:00,Pune,Processing
O000829,C02521,P0054,4,8384.65,2026-02-05 06:27:00,Mumbai,Shipped
O000830,C01120,P0313,1,5724.63,2026-06-22 12:25:00,Coimbatore,Shipped
O000831,C02998,P0567,2,2411.23,2026-03-04 06:42:00,Chennai,Shipped
O000832,C02784,P0457,4,5802.71,2026-02-22 22:49:00,Kochi,Shipped
O000833,C02148,P0335,1,3766.76,2026-03-25 18:45:00,Kochi,Shipped
O000834,C02577,P0628,3,1483.56,2026-05-26 17:11:00,Pune,Delivered
O000835,C02120,P0290,1,8671.94,2026-03-24 20:59:00,Delhi,Processing
O000836,C01434,P0069,3,2943.82,2026-04-16 16:39:00,Chennai,Processing
O000837,C01233,P0414,2,1428.87,2026-02-16 15:47:00,Chennai,Shipped
O000838,C00153,P0054,4,8384.65,2026-03-03 13:21:00,Hyderabad,Processing
O000839,C00157,P0475,3,3011.03,2026-05-15 16:20:00,Mumbai,Delivered
O000840,C00576,P0301,1,5462.61,2026-03-11 22:48:00,Delhi,Delivered
O000841,C00578,P0619,3,731.92,2026-06-11 09:13:00,Kochi,Returned
O000842,C00879,P0433,2,4344.05,2026-06-12 22:28:00,Mumbai,Returned
O000843,C02468,P0501,2,2439.32,2026-05-11 00:38:00,Mumbai,Processing
O000844,C01837,P0799,1,206.59,2026-01-30 08:19:00,Coimbatore,Delivered
O000845,C01859,P0204,4,951.33,2026-01-03 09:13:00,Bengaluru,Delivered
O000846,C00402,P0601,4,5812.86,2026-06-02 19:17:00,Delhi,Returned
O000847,C01359,P0022,4,1191.13,2026-05-29 23:01:00,Pune,Returned
O000848,C00409,P0222,1,1377.06,2026-05-10 01:46:00,Mumbai,Shipped
O000849,C00286,P0500,2,2401.8,2026-04-19 05:40:00,Mumbai,Shipped
O000850,C01506,P0326,4,6655.54,2026-05-14 09:38:00,Hyderabad,Delivered
O000851,C00038,P0578,2,6474.47,2026-02-08 04:22:00,Bengaluru,Shipped
O000852,C00479,P0076,2,6314.65,2026-06-28 17:18:00,Coimbatore,Returned
O000853,C02625,P0632,1,6060.23,2026-05-23 13:49:00,Chennai,Returned
O000854,C01935,P0031,1,739.63,2026-06-07 10:31:00,Delhi,Delivered
O000855,C02383,P0708,3,3265.42,2026-05-07 05:26:00,Hyderabad,Processing
O000856,C01684,P0091,3,8684.0,2026-05-10 22:33:00,Bengaluru,Processing
O000857,C02859,P0359,2,2458.76,2026-04-10 19:20:00,Chennai,Delivered
O000858,C00159,P0641,3,2773.24,2026-02-21 10:33:00,Kochi,Delivered
O000859,C00910,P0373,3,9052.26,2026-05-08 09:45:00,Coimbatore,Shipped
O000860,C00869,P0656,1,8003.84,2026-06-25 18:25:00,Kochi,Delivered
O000861,C00206,P0788,4,2185.3,2026-06-09 19:54:00,Chennai,Shipped
O000862,C01451,P0277,4,3757.9,2026-04-02 02:26:00,Pune,Shipped
O000863,C02730,P0604,1,6814.35,2026-05-01 22:46:00,Hyderabad,Shipped
O000864,C01863,P0398,3,3448.99,2026-06-19 11:00:00,Pune,Shipped
O000865,C00923,P0750,4,4603.74,2026-02-03 10:49:00,Kochi,Delivered
O000866,C02254,P0452,1,8196.17,2026-06-17 06:13:00,Chennai,Returned
O000867,C01300,P0101,2,8805.39,2026-02-05 15:26:00,Mumbai,Shipped
O000868,C02873,P0494,2,7697.7,2026-02-05 14:07:00,Coimbatore,Shipped
O000869,C02163,P0781,4,5370.5,2026-01-29 15:58:00,Bengaluru,Delivered
O000870,C02303,P0390,1,1923.02,2026-02-19 18:43:00,Chennai,Shipped
O000871,C02153,P0348,1,8457.98,2026-05-07 17:18:00,Chennai,Delivered
O000872,C01471,P0030,2,4007.63,2026-03-18 21:58:00,Pune,Processing
O000873,C00770,P0013,3,3585.81,2026-04-27 21:57:00,Coimbatore,Shipped
O000874,C01273,P0376,2,1363.04,2026-01-19 03:58:00,Chennai,Shipped
O000875,C02582,P0668,3,1829.66,2026-05-02 21:06:00,Hyderabad,Returned
O000876,C01270,P0094,3,5013.87,2026-03-17 00:47:00,Kochi,Delivered
O000877,C01875,P0337,4,1994.97,2026-06-04 18:43:00,Hyderabad,Processing
O000878,C00340,P0226,3,1828.68,2026-02-13 05:33:00,Bengaluru,Returned
O000879,C02548,P0728,1,134.65,2026-01-29 00:26:00,Kochi,Returned
O000880,C01782,P0313,3,5724.63,2026-03-29 01:22:00,Kochi,Returned
O000881,C00970,P0379,1,3750.42,2026-02-15 22:19:00,Pune,Delivered
O000882,C01735,P0027,4,8581.06,2026-03-30 22:14:00,Pune,Shipped
O000883,C00641,P0194,1,3478.21,2026-03-19 04:38:00,Bengaluru,Delivered
O000884,C01184,P0658,2,6391.79,2026-02-07 09:30:00,Mumbai,Returned
O000885,C01072,P0010,2,9207.97,2026-05-14 10:06:00,Mumbai,Processing
O000886,C00309,P0050,2,4810.52,2026-04-14 16:28:00,Mumbai,Shipped
O000887,C01378,P0303,1,9525.43,2026-05-24 21:00:00,Coimbatore,Shipped
O000888,C02959,P0145,1,2675.89,2026-01-06 18:01:00,Delhi,Processing
O000889,C02824,P0760,4,308.96,2026-03-24 04:56:00,Hyderabad,Delivered
O000890,C00927,P0584,2,8485.47,2026-04-09 20:41:00,Coimbatore,Processing
O000891,C02709,P0284,4,5700.06,2026-03-20 07:29:00,Bengaluru,Delivered
O000892,C00516,P0021,1,7636.95,2026-02-04 00:55:00,Chennai,Returned
O000893,C02675,P0447,3,4600.17,2026-05-14 07:18:00,Delhi,Processing
O000894,C00468,P0505,4,1428.24,2026-05-14 14:27:00,Coimbatore,Shipped
O000895,C02134,P0014,2,5097.6,2026-04-28 19:45:00,Delhi,Returned
O000896,C00787,P0631,3,1960.93,2026-05-23 07:16:00,Pune,Shipped
O000897,C01034,P0584,1,8485.47,2026-05-07 09:03:00,Mumbai,Shipped
O000898,C02060,P0412,1,4018.41,2026-01-31 15:16:00,Bengaluru,Processing
O000899,C00391,P0063,4,9858.07,2026-05-03 11:53:00,Bengaluru,Processing
O000900,C01425,P0463,1,7009.64,2026-02-26 22:00:00,Delhi,Delivered
O000901,C02592,P0429,1,6574.5,2026-04-02 15:37:00,Mumbai,Shipped
O000902,C01755,P0438,3,3327.19,2026-01-04 22:51:00,Chennai,Returned
O000903,C00028,P0574,1,9933.28,2026-02-14 00:53:00,Hyderabad,Delivered
O000904,C02320,P0216,1,304.99,2026-05-16 22:12:00,Kochi,Delivered
O000905,C02440,P0719,4,532.73,2026-01-15 22:54:00,Chennai,Processing
O000906,C01663,P0454,3,2095.86,2026-06-09 11:20:00,Pune,Processing
O000907,C00155,P0296,3,8312.94,2026-01-03 06:43:00,Delhi,Returned
O000908,C00277,P0167,2,3360.33,2026-01-07 10:28:00,Bengaluru,Delivered
O000909,C00070,P0569,3,3008.24,2026-05-23 04:31:00,Hyderabad,Returned
O000910,C02922,P0018,3,7010.52,2026-04-18 05:21:00,Pune,Delivered
O000911,C02046,P0564,2,3746.46,2026-05-21 10:24:00,Pune,Shipped
O000912,C00688,P0143,1,3093.82,2026-04-04 13:21:00,Pune,Shipped
O000913,C00816,P0304,4,1895.43,2026-04-18 17:11:00,Bengaluru,Shipped
O000914,C01436,P0644,2,196.65,2026-03-04 17:18:00,Coimbatore,Delivered
O000915,C01154,P0352,4,3229.8,2026-03-20 07:09:00,Pune,Shipped
O000916,C02486,P0661,3,936.39,2026-03-25 15:16:00,Delhi,Processing
O000917,C00975,P0321,2,1697.02,2026-04-03 01:03:00,Kochi,Returned
O000918,C02846,P0353,3,908.91,2026-01-19 06:26:00,Chennai,Delivered
O000919,C02622,P0483,3,257.78,2026-03-06 08:28:00,Chennai,Shipped
O000920,C01987,P0585,2,7994.43,2026-06-26 00:05:00,Mumbai,Shipped
O000921,C00561,P0772,2,6650.14,2026-02-01 04:55:00,Pune,Shipped
O000922,C01855,P0695,1,4398.85,2026-06-18 07:50:00,Coimbatore,Shipped
O000923,C02665,P0650,2,8079.24,2026-05-15 17:07:00,Delhi,Returned
O000924,C02778,P0061,2,6610.9,2026-06-22 14:48:00,Hyderabad,Delivered
O000925,C02602,P0060,3,294.15,2026-02-05 02:05:00,Kochi,Returned
O000926,C00470,P0780,1,5537.46,2026-05-15 09:48:00,Coimbatore,Delivered
O000927,C01581,P0025,4,4622.76,2026-05-02 23:26:00,Hyderabad,Returned
O000928,C00771,P0346,2,6837.74,2026-03-04 18:45:00,Pune,Returned
O000929,C02723,P0197,4,1254.11,2026-05-01 07:00:00,Coimbatore,Returned
O000930,C01211,P0749,2,786.6,2026-01-30 15:05:00,Coimbatore,Processing
O000931,C02707,P0730,4,3102.76,2026-02-11 05:46:00,Bengaluru,Delivered
O000932,C01094,P0741,2,7252.76,2026-04-12 20:32:00,Mumbai,Delivered
O000933,C01208,P0450,2,4833.69,2026-02-24 18:55:00,Pune,Delivered
O000934,C02659,P0777,4,3589.83,2026-06-04 03:01:00,Coimbatore,Delivered
O000935,C00220,P0536,1,2548.41,2026-05-02 10:13:00,Hyderabad,Processing
O000936,C02875,P0338,2,2418.15,2026-04-26 10:55:00,Coimbatore,Shipped
O000937,C00040,P0508,1,2136.59,2026-03-06 03:47:00,Coimbatore,Delivered
O000938,C00822,P0178,2,5673.27,2026-04-09 05:27:00,Kochi,Returned
O000939,C00323,P0294,1,5075.12,2026-04-11 20:36:00,Delhi,Shipped
O000940,C01932,P0503,1,2098.92,2026-03-04 18:50:00,Coimbatore,Shipped
O000941,C02954,P0695,1,4398.85,2026-06-21 07:38:00,Hyderabad,Returned
O000942,C01058,P0672,1,4881.93,2026-03-04 14:44:00,Mumbai,Processing
O000943,C00309,P0462,4,2809.39,2026-05-16 17:43:00,Mumbai,Returned
O000944,C02417,P0152,2,7394.01,2026-01-19 20:30:00,Coimbatore,Delivered
O000945,C00160,P0078,1,9351.9,2026-05-19 11:54:00,Mumbai,Processing
O000946,C00047,P0279,3,3009.41,2026-05-05 08:51:00,Bengaluru,Processing
O000947,C01991,P0529,1,4146.0,2026-02-26 18:57:00,Kochi,Delivered
O000948,C02036,P0712,1,3112.13,2026-05-04 09:08:00,Bengaluru,Returned
O000949,C02462,P0298,1,5929.04,2026-05-02 20:54:00,Kochi,Shipped
O000950,C00584,P0250,3,9100.39,2026-02-21 08:00:00,Mumbai,Returned
O000951,C01625,P0255,2,2214.97,2026-02-20 00:50:00,Mumbai,Processing
O000952,C01822,P0778,4,6963.87,2026-02-08 23:28:00,Hyderabad,Delivered
O000953,C01893,P0720,2,8925.71,2026-04-09 13:52:00,Bengaluru,Shipped
O000954,C02184,P0126,3,6217.24,2026-05-09 11:35:00,Chennai,Shipped
O000955,C02666,P0721,1,4538.97,2026-05-14 14:51:00,Mumbai,Shipped
O000956,C00909,P0379,3,3750.42,2026-04-10 07:17:00,Chennai,Processing
O000957,C02202,P0696,4,916.89,2026-03-14 06:20:00,Chennai,Shipped
O000958,C00835,P0261,3,5766.11,2026-05-30 01:57:00,Chennai,Shipped
O000959,C00584,P0261,4,5766.11,2026-05-30 05:20:00,Mumbai,Returned
O000960,C01258,P0227,3,3442.57,2026-03-18 19:08:00,Pune,Shipped
O000961,C01029,P0007,1,1166.39,2026-01-05 12:38:00,Pune,Processing
O000962,C02686,P0346,4,6837.74,2026-01-03 02:23:00,Delhi,Shipped
O000963,C01858,P0653,4,3849.13,2026-02-13 18:48:00,Hyderabad,Returned
O000964,C01299,P0512,4,9387.92,2026-04-14 18:20:00,Delhi,Delivered
O000965,C00798,P0504,3,2455.83,2026-03-28 23:46:00,Hyderabad,Returned
O000966,C00096,P0128,4,238.74,2026-01-27 15:38:00,Coimbatore,Delivered
O000967,C01441,P0419,3,343.71,2026-01-10 05:52:00,Delhi,Returned
O000968,C01952,P0311,2,9144.98,2026-02-04 06:53:00,Mumbai,Delivered
O000969,C01689,P0268,3,4813.91,2026-02-09 01:34:00,Hyderabad,Shipped
O000970,C01827,P0014,4,5097.6,2026-04-02 16:38:00,Delhi,Returned
O000971,C01865,P0405,3,2546.0,2026-05-14 02:45:00,Chennai,Shipped
O000972,C00935,P0307,3,2471.27,2026-06-27 09:15:00,Bengaluru,Returned
O000973,C01558,P0453,2,5915.17,2026-03-01 13:32:00,Delhi,Returned
O000974,C02758,P0418,2,8063.59,2026-04-25 18:45:00,Bengaluru,Returned
O000975,C00745,P0123,1,9485.28,2026-03-08 12:03:00,Chennai,Returned
O000976,C01680,P0509,4,6118.83,2026-06-14 08:37:00,Chennai,Delivered
O000977,C02538,P0259,3,7345.66,2026-01-08 13:30:00,Pune,Shipped
O000978,C00349,P0358,1,8420.03,2026-01-23 11:50:00,Delhi,Processing
O000979,C01407,P0440,2,9802.7,2026-06-07 04:48:00,Coimbatore,Returned
O000980,C02274,P0685,1,3601.0,2026-06-11 06:28:00,Coimbatore,Returned
O000981,C01059,P0148,1,1255.74,2026-03-10 14:47:00,Pune,Returned
O000982,C02493,P0481,2,580.78,2026-02-20 18:58:00,Chennai,Shipped
O000983,C01392,P0598,1,6993.13,2026-02-08 21:20:00,Pune,Returned
O000984,C01583,P0574,2,9933.28,2026-06-22 13:09:00,Mumbai,Shipped
O000985,C00444,P0693,3,1638.87,2026-01-23 07:47:00,Bengaluru,Processing
O000986,C00140,P0762,2,9129.45,2026-06-26 20:40:00,Delhi,Returned
O000987,C01284,P0537,1,1254.63,2026-03-18 02:25:00,Delhi,Shipped
O000988,C00274,P0017,1,9248.9,2026-05-29 00:49:00,Delhi,Returned
O000989,C01993,P0506,2,6514.66,2026-04-17 18:35:00,Kochi,Processing
O000990,C02772,P0180,2,6342.79,2026-04-27 21:54:00,Chennai,Processing
O000991,C01703,P0476,1,867.09,2026-01-30 11:24:00,Bengaluru,Processing
O000992,C01160,P0545,4,790.43,2026-02-18 17:18:00,Hyderabad,Processing
O000993,C00014,P0010,1,9207.97,2026-01-20 02:07:00,Mumbai,Processing
O000994,C00374,P0145,2,2675.89,2026-03-09 00:42:00,Delhi,Returned
O000995,C02964,P0434,4,4553.72,2026-05-04 17:50:00,Bengaluru,Returned
O000996,C00416,P0719,4,532.73,2026-04-08 09:53:00,Bengaluru,Processing
O000997,C00998,P0207,2,293.32,2026-04-27 07:44:00,Pune,Shipped
O000998,C00188,P0126,4,6217.24,2026-06-11 10:17:00,Bengaluru,Returned
O000999,C00103,P0410,2,4789.21,2026-01-23 01:21:00,Hyderabad,Returned
O001000,C01876,P0455,2,8262.37,2026-06-15 12:32:00,Pune,Shipped
O001001,C02368,P0242,4,1599.95,2026-03-09 02:42:00,Kochi,Processing
O001002,C00371,P0317,2,6564.28,2026-05-04 12:36:00,Pune,Returned
O001003,C02196,P0583,1,3175.91,2026-02-14 15:37:00,Coimbatore,Shipped
O001004,C02516,P0059,2,8701.51,2026-03-26 05:35:00,Coimbatore,Processing
O001005,C00633,P0074,1,2079.76,2026-06-08 18:06:00,Hyderabad,Returned
O001006,C01396,P0367,3,8513.3,2026-04-13 17:01:00,Delhi,Delivered
O001007,C01173,P0011,4,1928.34,2026-04-01 23:19:00,Chennai,Returned
O001008,C00407,P0045,2,3896.94,2026-05-13 00:39:00,Pune,Returned
O001009,C00785,P0034,3,7586.4,2026-01-26 04:06:00,Pune,Returned
O001010,C02208,P0201,4,236.37,2026-01-19 01:12:00,Chennai,Delivered
O001011,C02171,P0010,2,9207.97,2026-01-14 03:31:00,Coimbatore,Processing
O001012,C01406,P0199,2,6222.14,2026-04-25 18:59:00,Mumbai,Delivered
O001013,C02978,P0047,3,8857.53,2026-04-15 01:16:00,Chennai,Returned
O001014,C02285,P0198,3,6947.88,2026-01-22 20:31:00,Delhi,Returned
O001015,C02231,P0144,3,9682.77,2026-01-28 20:26:00,Coimbatore,Processing
O001016,C01797,P0270,3,8731.95,2026-04-10 21:10:00,Bengaluru,Delivered
O001017,C01474,P0741,4,7252.76,2026-05-29 05:40:00,Hyderabad,Shipped
O001018,C02715,P0173,1,8537.22,2026-05-19 06:45:00,Chennai,Processing
O001019,C01702,P0493,3,534.0,2026-02-20 18:03:00,Coimbatore,Shipped
O001020,C01341,P0195,4,873.38,2026-02-02 23:52:00,Pune,Processing
O001021,C02492,P0116,3,2079.75,2026-01-22 15:54:00,Coimbatore,Returned
O001022,C00407,P0241,2,7179.48,2026-04-29 17:41:00,Pune,Returned
O001023,C02291,P0634,3,5542.5,2026-04-16 17:29:00,Hyderabad,Returned
O001024,C02330,P0740,4,9717.89,2026-06-27 15:30:00,Bengaluru,Shipped
O001025,C02819,P0477,3,4461.51,2026-04-09 18:14:00,Pune,Delivered
O001026,C02121,P0749,3,786.6,2026-06-26 20:24:00,Pune,Returned
O001027,C01429,P0447,2,4600.17,2026-01-31 13:00:00,Kochi,Shipped
O001028,C02622,P0705,3,3427.16,2026-05-15 16:14:00,Chennai,Returned
O001029,C01102,P0767,1,6194.4,2026-02-01 01:45:00,Delhi,Processing
O001030,C02662,P0120,1,6904.92,2026-05-10 09:42:00,Bengaluru,Shipped
O001031,C01537,P0678,3,4079.47,2026-02-01 00:09:00,Coimbatore,Shipped
O001032,C00207,P0150,3,2899.96,2026-05-17 08:10:00,Coimbatore,Processing
O001033,C01324,P0593,4,1610.75,2026-05-22 17:51:00,Mumbai,Delivered
O001034,C02183,P0713,2,3378.0,2026-03-30 04:34:00,Pune,Returned
O001035,C02976,P0178,4,5673.27,2026-03-04 22:40:00,Coimbatore,Shipped
O001036,C01624,P0453,1,5915.17,2026-04-22 23:42:00,Mumbai,Returned
O001037,C01630,P0037,2,2580.83,2026-04-04 00:09:00,Delhi,Delivered
O001038,C01931,P0687,2,2919.51,2026-04-14 03:21:00,Kochi,Delivered
O001039,C02897,P0634,1,5542.5,2026-06-05 11:07:00,Delhi,Returned
O001040,C00247,P0720,4,8925.71,2026-06-15 19:33:00,Chennai,Shipped
O001041,C00741,P0743,2,2117.79,2026-02-05 06:37:00,Delhi,Returned
O001042,C02840,P0503,2,2098.92,2026-04-13 23:45:00,Coimbatore,Processing
O001043,C01047,P0704,1,4131.24,2026-01-21 19:12:00,Hyderabad,Returned
O001044,C00489,P0220,1,8346.5,2026-01-23 05:48:00,Pune,Delivered
O001045,C00581,P0750,4,4603.74,2026-02-13 06:04:00,Mumbai,Delivered
O001046,C00992,P0404,1,8557.91,2026-05-06 10:04:00,Hyderabad,Delivered
O001047,C02434,P0634,2,5542.5,2026-05-21 19:24:00,Hyderabad,Shipped
O001048,C01845,P0677,2,3602.54,2026-02-27 09:31:00,Coimbatore,Delivered
O001049,C02916,P0621,3,8632.83,2026-05-18 13:29:00,Coimbatore,Shipped
O001050,C01191,P0328,4,9147.78,2026-05-30 06:19:00,Kochi,Shipped
O001051,C01571,P0143,4,3093.82,2026-02-05 08:47:00,Hyderabad,Shipped
O001052,C02980,P0596,4,3439.36,2026-04-07 07:36:00,Pune,Delivered
O001053,C01136,P0460,2,4631.5,2026-06-19 13:08:00,Kochi,Returned
O001054,C00864,P0209,1,3404.12,2026-02-14 05:03:00,Hyderabad,Delivered
O001055,C00759,P0010,2,9207.97,2026-06-14 16:07:00,Kochi,Delivered
O001056,C02780,P0648,4,6112.92,2026-01-06 21:18:00,Mumbai,Shipped
O001057,C01171,P0074,1,2079.76,2026-04-28 22:50:00,Bengaluru,Shipped
O001058,C01020,P0707,4,3698.4,2026-01-29 05:27:00,Mumbai,Shipped
O001059,C00892,P0603,2,7378.66,2026-05-21 03:06:00,Mumbai,Processing
O001060,C02588,P0352,3,3229.8,2026-06-20 22:18:00,Chennai,Returned
O001061,C00333,P0360,3,5243.78,2026-02-10 08:13:00,Bengaluru,Processing
O001062,C02355,P0575,4,9035.22,2026-02-08 11:52:00,Mumbai,Delivered
O001063,C01567,P0792,4,8389.63,2026-01-20 07:40:00,Chennai,Shipped
O001064,C02794,P0137,2,947.81,2026-04-26 00:32:00,Chennai,Delivered
O001065,C00429,P0244,2,8989.85,2026-03-21 13:21:00,Hyderabad,Processing
O001066,C00932,P0299,1,4425.47,2026-06-29 02:51:00,Delhi,Processing
O001067,C00930,P0693,2,1638.87,2026-05-28 11:26:00,Mumbai,Shipped
O001068,C02836,P0194,2,3478.21,2026-06-20 14:27:00,Chennai,Processing
O001069,C02513,P0041,1,7624.7,2026-01-31 05:57:00,Pune,Delivered
O001070,C01263,P0518,2,891.16,2026-06-12 13:13:00,Chennai,Processing
O001071,C02461,P0342,1,6631.4,2026-03-05 23:03:00,Pune,Delivered
O001072,C00235,P0784,4,2111.47,2026-04-30 19:38:00,Mumbai,Delivered
O001073,C00832,P0669,3,9528.59,2026-04-15 19:04:00,Chennai,Delivered
O001074,C02572,P0391,1,828.94,2026-04-09 11:50:00,Mumbai,Returned
O001075,C00593,P0067,1,3696.01,2026-06-22 16:49:00,Chennai,Processing
O001076,C00569,P0484,4,8222.21,2026-05-05 06:08:00,Delhi,Shipped
O001077,C00159,P0312,4,2537.53,2026-05-19 18:39:00,Kochi,Returned
O001078,C00611,P0509,4,6118.83,2026-03-28 21:51:00,Hyderabad,Shipped
O001079,C01711,P0562,4,4622.5,2026-05-21 20:18:00,Kochi,Returned
O001080,C00227,P0725,4,7432.08,2026-02-23 10:13:00,Pune,Shipped
O001081,C02202,P0105,1,5394.62,2026-05-11 20:56:00,Chennai,Shipped
O001082,C01628,P0112,2,8260.57,2026-02-21 17:00:00,Delhi,Processing
O001083,C02928,P0251,3,7031.92,2026-02-04 23:12:00,Bengaluru,Delivered
O001084,C01683,P0338,4,2418.15,2026-05-09 00:47:00,Coimbatore,Returned
O001085,C01469,P0230,2,8972.55,2026-04-12 15:22:00,Kochi,Processing
O001086,C01445,P0398,2,3448.99,2026-06-09 23:08:00,Mumbai,Delivered
O001087,C00995,P0384,1,8533.89,2026-02-19 13:33:00,Hyderabad,Delivered
O001088,C00068,P0010,3,9207.97,2026-06-10 14:50:00,Bengaluru,Delivered
O001089,C01362,P0751,1,7293.97,2026-01-01 00:47:00,Delhi,Delivered
O001090,C02944,P0578,3,6474.47,2026-01-01 01:35:00,Kochi,Returned
O001091,C01620,P0174,3,2919.87,2026-04-18 04:53:00,Chennai,Returned
O001092,C01711,P0105,4,5394.62,2026-03-31 04:26:00,Kochi,Delivered
O001093,C02350,P0370,2,3461.2,2026-03-27 08:58:00,Kochi,Delivered
O001094,C02038,P0379,2,3750.42,2026-03-02 19:46:00,Kochi,Returned
O001095,C00759,P0267,3,910.28,2026-04-29 09:39:00,Kochi,Shipped
O001096,C01333,P0666,1,9941.8,2026-06-09 19:50:00,Hyderabad,Processing
O001097,C02015,P0630,3,6658.91,2026-04-20 11:07:00,Chennai,Delivered
O001098,C02182,P0589,3,1543.12,2026-04-19 23:15:00,Delhi,Processing
O001099,C00866,P0388,1,6275.81,2026-04-12 01:00:00,Chennai,Shipped
O001100,C02634,P0190,3,1226.96,2026-06-21 18:15:00,Chennai,Returned
O001101,C02506,P0572,3,6659.16,2026-01-27 23:41:00,Pune,Returned
O001102,C01764,P0130,2,7163.28,2026-06-27 12:09:00,Pune,Shipped
O001103,C02257,P0532,2,6385.3,2026-05-09 00:21:00,Mumbai,Shipped
O001104,C00399,P0220,3,8346.5,2026-02-19 22:36:00,Bengaluru,Delivered
O001105,C00623,P0679,3,4970.26,2026-02-08 01:21:00,Coimbatore,Delivered
O001106,C00520,P0669,1,9528.59,2026-03-16 05:31:00,Bengaluru,Returned
O001107,C02847,P0588,1,6830.81,2026-05-19 16:19:00,Delhi,Shipped
O001108,C00969,P0324,3,6142.41,2026-04-07 16:54:00,Bengaluru,Delivered
O001109,C02399,P0601,4,5812.86,2026-06-19 17:12:00,Mumbai,Processing
O001110,C00152,P0666,4,9941.8,2026-01-19 13:04:00,Chennai,Delivered
O001111,C00483,P0256,2,5260.23,2026-02-01 15:40:00,Bengaluru,Delivered
O001112,C02645,P0445,2,1947.25,2026-04-11 14:25:00,Hyderabad,Returned
O001113,C02081,P0627,4,556.05,2026-03-10 04:46:00,Pune,Shipped
O001114,C00933,P0243,3,1465.14,2026-03-19 10:38:00,Delhi,Returned
O001115,C00374,P0071,4,5958.46,2026-05-26 10:49:00,Delhi,Processing
O001116,C02978,P0609,3,1275.15,2026-04-28 02:17:00,Chennai,Delivered
O001117,C00043,P0452,3,8196.17,2026-06-07 08:44:00,Mumbai,Processing
O001118,C02599,P0666,1,9941.8,2026-04-04 06:34:00,Chennai,Returned
O001119,C01056,P0125,3,7041.49,2026-01-19 23:27:00,Bengaluru,Shipped
O001120,C00939,P0076,2,6314.65,2026-01-25 23:22:00,Pune,Delivered
O001121,C01545,P0717,4,9261.46,2026-01-11 10:17:00,Kochi,Delivered
O001122,C01611,P0369,1,4587.77,2026-01-03 01:59:00,Delhi,Returned
O001123,C01769,P0131,1,7488.79,2026-04-30 12:59:00,Bengaluru,Processing
O001124,C01725,P0073,3,5094.93,2026-01-15 21:52:00,Bengaluru,Returned
O001125,C00137,P0295,1,9626.53,2026-03-28 18:48:00,Bengaluru,Processing
O001126,C01422,P0302,1,2628.99,2026-02-04 17:09:00,Kochi,Shipped
O001127,C00574,P0494,3,7697.7,2026-02-10 18:16:00,Kochi,Delivered
O001128,C01732,P0113,4,3582.38,2026-03-14 20:23:00,Chennai,Returned
O001129,C02748,P0167,3,3360.33,2026-05-15 08:24:00,Chennai,Shipped
O001130,C02462,P0324,3,6142.41,2026-05-07 10:14:00,Kochi,Processing
O001131,C00445,P0637,2,797.52,2026-02-22 17:02:00,Pune,Processing
O001132,C02370,P0595,2,3060.11,2026-02-27 08:43:00,Delhi,Processing
O001133,C00767,P0566,2,6373.4,2026-05-21 18:11:00,Mumbai,Delivered
O001134,C02002,P0515,1,7243.57,2026-04-12 20:10:00,Bengaluru,Processing
O001135,C01799,P0393,3,533.66,2026-04-21 19:10:00,Chennai,Shipped
O001136,C02474,P0769,2,4342.42,2026-03-21 22:04:00,Coimbatore,Returned
O001137,C02127,P0417,1,4565.4,2026-05-01 04:38:00,Kochi,Processing
O001138,C02714,P0481,4,580.78,2026-04-02 21:35:00,Coimbatore,Delivered
O001139,C00381,P0195,3,873.38,2026-03-13 14:16:00,Mumbai,Shipped
O001140,C02043,P0434,4,4553.72,2026-02-08 03:32:00,Bengaluru,Shipped
O001141,C01778,P0703,1,6202.03,2026-04-21 05:02:00,Chennai,Processing
O001142,C02418,P0725,3,7432.08,2026-03-10 15:52:00,Bengaluru,Shipped
O001143,C00554,P0511,3,791.85,2026-04-01 11:00:00,Bengaluru,Returned
O001144,C02456,P0400,4,8795.04,2026-03-22 02:17:00,Kochi,Delivered
O001145,C01169,P0640,2,3850.52,2026-06-22 06:54:00,Bengaluru,Shipped
O001146,C00859,P0408,4,5035.02,2026-01-08 02:17:00,Pune,Processing
O001147,C02018,P0279,1,3009.41,2026-04-04 23:23:00,Delhi,Returned
O001148,C02697,P0508,1,2136.59,2026-05-28 08:49:00,Pune,Processing
O001149,C02551,P0337,3,1994.97,2026-06-28 21:03:00,Mumbai,Returned
O001150,C01079,P0081,1,3253.67,2026-06-07 15:30:00,Bengaluru,Returned
O001151,C00346,P0317,3,6564.28,2026-01-27 04:51:00,Mumbai,Returned
O001152,C00119,P0259,3,7345.66,2026-03-05 12:21:00,Mumbai,Shipped
O001153,C00906,P0613,2,1307.31,2026-02-04 15:47:00,Bengaluru,Returned
O001154,C02868,P0602,4,8981.46,2026-02-18 23:44:00,Pune,Delivered
O001155,C01864,P0334,2,3927.84,2026-01-31 17:24:00,Kochi,Returned
O001156,C01382,P0286,2,5096.16,2026-02-03 22:26:00,Hyderabad,Returned
O001157,C01647,P0095,1,7753.59,2026-04-30 08:47:00,Bengaluru,Shipped
O001158,C02903,P0655,3,7096.19,2026-03-30 21:56:00,Delhi,Shipped
O001159,C01831,P0171,1,1015.26,2026-05-13 00:22:00,Hyderabad,Processing
O001160,C01082,P0322,4,3075.32,2026-01-14 01:53:00,Kochi,Returned
O001161,C02289,P0774,4,1562.02,2026-03-02 00:09:00,Mumbai,Shipped
O001162,C01710,P0577,2,994.37,2026-01-07 11:47:00,Pune,Returned
O001163,C01009,P0664,2,4113.17,2026-04-11 08:50:00,Bengaluru,Delivered
O001164,C02371,P0791,4,7042.88,2026-04-15 05:00:00,Coimbatore,Shipped
O001165,C00349,P0454,2,2095.86,2026-05-23 18:45:00,Delhi,Shipped
O001166,C01681,P0775,2,1219.32,2026-02-01 00:40:00,Chennai,Returned
O001167,C02237,P0772,4,6650.14,2026-02-14 12:45:00,Hyderabad,Processing
O001168,C01803,P0048,4,1430.43,2026-03-06 18:23:00,Chennai,Delivered
O001169,C02080,P0426,2,9983.21,2026-01-03 09:31:00,Coimbatore,Shipped
O001170,C02126,P0168,1,3315.66,2026-02-04 15:45:00,Mumbai,Returned
O001171,C00464,P0224,4,2422.72,2026-04-29 10:06:00,Kochi,Shipped
O001172,C01972,P0695,3,4398.85,2026-02-18 16:19:00,Kochi,Returned
O001173,C01106,P0164,2,5943.35,2026-04-29 11:55:00,Bengaluru,Delivered
O001174,C00103,P0280,4,7858.55,2026-03-25 01:57:00,Hyderabad,Processing
O001175,C00033,P0560,3,9414.81,2026-02-24 03:40:00,Kochi,Returned
O001176,C01808,P0305,1,1076.57,2026-04-06 20:51:00,Delhi,Processing
O001177,C02275,P0564,4,3746.46,2026-03-28 06:31:00,Chennai,Processing
O001178,C01979,P0037,2,2580.83,2026-02-16 18:20:00,Chennai,Processing
O001179,C01541,P0354,2,9782.15,2026-02-06 04:43:00,Bengaluru,Delivered
O001180,C01966,P0653,1,3849.13,2026-01-10 18:43:00,Delhi,Shipped
O001181,C02235,P0147,1,7130.53,2026-05-25 09:08:00,Bengaluru,Delivered
O001182,C00832,P0220,3,8346.5,2026-05-26 23:50:00,Chennai,Returned
O001183,C01470,P0469,2,7483.98,2026-02-24 13:06:00,Pune,Returned
O001184,C02223,P0798,2,6080.32,2026-04-02 17:32:00,Coimbatore,Processing
O001185,C01122,P0350,1,5219.84,2026-06-22 18:34:00,Mumbai,Returned
O001186,C02596,P0500,1,2401.8,2026-02-23 17:11:00,Kochi,Shipped
O001187,C00952,P0769,1,4342.42,2026-06-30 03:22:00,Bengaluru,Returned
O001188,C02047,P0732,4,5381.3,2026-06-21 09:35:00,Delhi,Returned
O001189,C02730,P0323,2,7277.23,2026-03-04 12:09:00,Hyderabad,Returned
O001190,C01009,P0389,2,8090.99,2026-05-11 05:38:00,Bengaluru,Shipped
O001191,C00037,P0458,4,3532.14,2026-06-23 21:32:00,Kochi,Returned
O001192,C01868,P0512,4,9387.92,2026-03-02 01:07:00,Delhi,Processing
O001193,C02372,P0185,3,5277.61,2026-01-16 15:22:00,Mumbai,Returned
O001194,C02607,P0040,2,1611.09,2026-02-24 14:45:00,Hyderabad,Delivered
O001195,C00219,P0689,3,9487.92,2026-04-19 07:53:00,Kochi,Returned
O001196,C01002,P0684,2,9893.76,2026-01-05 02:59:00,Mumbai,Processing
O001197,C01539,P0307,1,2471.27,2026-02-03 02:28:00,Bengaluru,Processing
O001198,C02402,P0749,1,786.6,2026-02-14 21:50:00,Coimbatore,Shipped
O001199,C02675,P0550,4,2666.58,2026-06-23 15:14:00,Delhi,Shipped
O001200,C02719,P0107,3,992.48,2026-01-31 21:51:00,Coimbatore,Processing
O001201,C00611,P0588,4,6830.81,2026-06-22 10:53:00,Hyderabad,Delivered
O001202,C02178,P0121,3,934.55,2026-06-29 17:12:00,Mumbai,Delivered
O001203,C00026,P0182,2,5319.06,2026-06-16 07:15:00,Kochi,Delivered
O001204,C02585,P0332,2,8935.46,2026-01-26 22:46:00,Pune,Delivered
O001205,C01683,P0584,1,8485.47,2026-02-09 10:35:00,Coimbatore,Shipped
O001206,C00460,P0064,3,3290.97,2026-03-01 11:04:00,Delhi,Returned
O001207,C00050,P0230,1,8972.55,2026-04-15 10:54:00,Bengaluru,Returned
O001208,C01978,P0150,2,2899.96,2026-05-14 01:37:00,Kochi,Delivered
O001209,C02858,P0427,3,7722.75,2026-05-22 10:28:00,Chennai,Processing
O001210,C00796,P0429,2,6574.5,2026-06-24 08:33:00,Delhi,Processing
O001211,C00029,P0296,3,8312.94,2026-02-27 14:44:00,Pune,Delivered
O001212,C01341,P0410,4,4789.21,2026-05-10 03:25:00,Pune,Processing
O001213,C02564,P0268,1,4813.91,2026-06-03 17:46:00,Pune,Processing
O001214,C00646,P0701,1,1291.57,2026-04-26 16:07:00,Kochi,Shipped
O001215,C02319,P0649,4,9469.45,2026-02-03 05:05:00,Bengaluru,Shipped
O001216,C02960,P0233,3,8252.74,2026-04-16 16:24:00,Coimbatore,Delivered
O001217,C01233,P0553,3,3486.3,2026-04-17 02:32:00,Chennai,Returned
O001218,C00575,P0195,4,873.38,2026-03-18 08:18:00,Coimbatore,Delivered
O001219,C01819,P0675,4,8934.69,2026-06-21 21:30:00,Kochi,Returned
O001220,C02678,P0457,3,5802.71,2026-06-11 00:10:00,Mumbai,Delivered
O001221,C02600,P0102,3,7184.15,2026-04-29 22:49:00,Bengaluru,Returned
O001222,C02400,P0395,3,3463.19,2026-02-18 11:45:00,Hyderabad,Returned
O001223,C01818,P0025,1,4622.76,2026-02-07 09:20:00,Hyderabad,Delivered
O001224,C01030,P0564,4,3746.46,2026-04-08 12:14:00,Chennai,Shipped
O001225,C02768,P0030,3,4007.63,2026-04-08 05:56:00,Hyderabad,Shipped
O001226,C01220,P0703,4,6202.03,2026-02-01 18:10:00,Bengaluru,Delivered
O001227,C02611,P0193,1,7596.81,2026-06-10 09:55:00,Hyderabad,Shipped
O001228,C00423,P0468,1,6423.78,2026-03-15 10:49:00,Pune,Shipped
O001229,C00246,P0389,4,8090.99,2026-01-10 00:53:00,Coimbatore,Returned
O001230,C00226,P0323,4,7277.23,2026-06-27 19:43:00,Mumbai,Returned
O001231,C00594,P0345,2,1998.33,2026-01-19 15:33:00,Bengaluru,Delivered
O001232,C01678,P0423,4,805.35,2026-04-24 10:23:00,Chennai,Delivered
O001233,C02369,P0524,2,5664.21,2026-01-03 21:22:00,Hyderabad,Delivered
O001234,C00831,P0409,4,7152.62,2026-05-09 09:16:00,Mumbai,Shipped
O001235,C00989,P0435,2,1474.61,2026-04-22 02:47:00,Delhi,Delivered
O001236,C01298,P0244,3,8989.85,2026-06-02 14:51:00,Delhi,Processing
O001237,C00665,P0469,4,7483.98,2026-02-07 18:46:00,Delhi,Returned
O001238,C00461,P0566,3,6373.4,2026-06-22 03:54:00,Chennai,Processing
O001239,C01557,P0476,2,867.09,2026-06-22 08:05:00,Pune,Delivered
O001240,C01610,P0162,4,6800.39,2026-01-15 20:17:00,Chennai,Processing
O001241,C00286,P0417,4,4565.4,2026-04-29 23:09:00,Mumbai,Returned
O001242,C01668,P0090,3,646.74,2026-01-19 17:42:00,Delhi,Delivered
O001243,C01721,P0270,1,8731.95,2026-03-07 22:35:00,Kochi,Delivered
O001244,C02401,P0155,2,7088.03,2026-04-20 06:49:00,Coimbatore,Shipped
O001245,C02125,P0151,1,5217.03,2026-06-19 05:42:00,Delhi,Returned
O001246,C02092,P0616,1,3900.2,2026-01-19 07:15:00,Coimbatore,Processing
O001247,C00619,P0498,1,3416.54,2026-05-25 14:48:00,Coimbatore,Returned
O001248,C02205,P0251,4,7031.92,2026-04-10 16:28:00,Chennai,Processing
O001249,C02555,P0070,4,8064.57,2026-04-06 07:09:00,Delhi,Returned
O001250,C01874,P0398,1,3448.99,2026-03-04 21:18:00,Kochi,Shipped
O001251,C01236,P0493,1,534.0,2026-03-18 07:54:00,Delhi,Shipped
O001252,C01813,P0632,3,6060.23,2026-01-01 11:42:00,Coimbatore,Shipped
O001253,C02255,P0015,2,5334.5,2026-02-24 12:49:00,Chennai,Delivered
O001254,C01201,P0106,4,176.87,2026-05-06 03:49:00,Hyderabad,Processing
O001255,C00340,P0078,2,9351.9,2026-05-05 01:47:00,Bengaluru,Shipped
O001256,C00696,P0164,3,5943.35,2026-05-10 20:53:00,Bengaluru,Delivered
O001257,C01543,P0243,1,1465.14,2026-03-20 06:39:00,Mumbai,Returned
O001258,C01411,P0275,3,7489.31,2026-04-25 22:00:00,Mumbai,Returned
O001259,C02971,P0447,2,4600.17,2026-05-26 10:21:00,Delhi,Delivered
O001260,C00349,P0549,2,1936.82,2026-05-08 11:19:00,Delhi,Processing
O001261,C02134,P0726,2,1737.63,2026-05-06 15:02:00,Delhi,Processing
O001262,C01243,P0608,4,9699.3,2026-06-04 06:20:00,Coimbatore,Shipped
O001263,C02746,P0476,1,867.09,2026-01-22 20:10:00,Coimbatore,Shipped
O001264,C02676,P0262,4,9830.21,2026-04-29 12:07:00,Bengaluru,Processing
O001265,C02523,P0496,4,9815.02,2026-02-22 08:23:00,Bengaluru,Returned
O001266,C02823,P0123,1,9485.28,2026-06-03 06:51:00,Coimbatore,Processing
O001267,C01900,P0122,1,8775.26,2026-05-22 15:33:00,Chennai,Delivered
O001268,C01284,P0427,1,7722.75,2026-05-16 03:44:00,Delhi,Returned
O001269,C00835,P0051,4,3973.71,2026-04-12 02:19:00,Chennai,Shipped
O001270,C00668,P0336,3,2292.06,2026-02-09 18:48:00,Mumbai,Delivered
O001271,C02377,P0439,3,9228.23,2026-03-26 08:12:00,Bengaluru,Processing
O001272,C01407,P0323,3,7277.23,2026-02-11 21:41:00,Coimbatore,Returned
O001273,C01141,P0137,3,947.81,2026-06-13 14:56:00,Coimbatore,Processing
O001274,C00831,P0778,4,6963.87,2026-06-11 22:06:00,Mumbai,Shipped
O001275,C00139,P0677,1,3602.54,2026-03-14 17:40:00,Bengaluru,Shipped
O001276,C00688,P0627,2,556.05,2026-05-04 20:50:00,Pune,Shipped
O001277,C02775,P0376,4,1363.04,2026-05-17 14:00:00,Bengaluru,Processing
O001278,C01555,P0009,4,3085.29,2026-01-07 04:07:00,Bengaluru,Delivered
O001279,C01415,P0412,3,4018.41,2026-05-15 13:36:00,Mumbai,Processing
O001280,C00335,P0097,3,1527.35,2026-01-08 08:07:00,Coimbatore,Processing
O001281,C01516,P0373,1,9052.26,2026-05-20 23:07:00,Bengaluru,Delivered
O001282,C02808,P0690,1,4940.77,2026-04-17 13:38:00,Mumbai,Delivered
O001283,C01735,P0365,4,6145.31,2026-05-03 22:28:00,Pune,Shipped
O001284,C00430,P0655,2,7096.19,2026-04-22 00:36:00,Chennai,Delivered
O001285,C01120,P0551,2,8695.78,2026-05-19 01:10:00,Coimbatore,Delivered
O001286,C01742,P0751,2,7293.97,2026-06-05 20:34:00,Bengaluru,Shipped
O001287,C02170,P0506,2,6514.66,2026-03-04 14:24:00,Coimbatore,Delivered
O001288,C02472,P0014,4,5097.6,2026-06-19 17:59:00,Delhi,Returned
O001289,C00266,P0173,1,8537.22,2026-04-09 06:45:00,Coimbatore,Delivered
O001290,C02705,P0705,1,3427.16,2026-04-21 11:16:00,Mumbai,Delivered
O001291,C02227,P0430,1,2345.57,2026-01-08 09:12:00,Delhi,Returned
O001292,C00417,P0189,3,2622.12,2026-02-20 11:16:00,Chennai,Returned
O001293,C00131,P0682,1,4013.05,2026-06-06 07:05:00,Delhi,Processing
O001294,C01844,P0521,1,4330.23,2026-05-05 02:00:00,Chennai,Shipped
O001295,C00216,P0011,3,1928.34,2026-03-25 22:32:00,Bengaluru,Processing
O001296,C02674,P0015,1,5334.5,2026-05-20 15:23:00,Delhi,Delivered
O001297,C02673,P0059,3,8701.51,2026-02-17 20:07:00,Pune,Processing
O001298,C00922,P0148,2,1255.74,2026-04-01 11:48:00,Mumbai,Processing
O001299,C02648,P0207,2,293.32,2026-03-07 20:47:00,Delhi,Shipped
O001300,C00863,P0703,2,6202.03,2026-06-15 02:51:00,Chennai,Shipped
O001301,C01239,P0694,2,614.19,2026-01-02 04:48:00,Delhi,Processing
O001302,C02694,P0528,2,3900.97,2026-03-05 23:37:00,Delhi,Delivered
O001303,C01638,P0224,1,2422.72,2026-03-03 04:36:00,Chennai,Shipped
O001304,C01731,P0504,1,2455.83,2026-03-07 22:09:00,Kochi,Returned
O001305,C01080,P0671,3,8333.09,2026-05-08 22:20:00,Hyderabad,Shipped
O001306,C02479,P0013,1,3585.81,2026-01-31 01:02:00,Bengaluru,Returned
O001307,C02954,P0656,1,8003.84,2026-05-23 16:39:00,Hyderabad,Returned
O001308,C01969,P0390,3,1923.02,2026-03-28 07:02:00,Kochi,Shipped
O001309,C02613,P0298,2,5929.04,2026-03-04 11:58:00,Hyderabad,Returned
O001310,C01218,P0525,2,1451.9,2026-04-27 01:20:00,Delhi,Delivered
O001311,C00302,P0696,1,916.89,2026-02-20 06:45:00,Mumbai,Returned
O001312,C00839,P0086,4,5641.27,2026-02-24 16:24:00,Chennai,Processing
O001313,C01727,P0025,1,4622.76,2026-03-22 02:03:00,Hyderabad,Shipped
O001314,C02956,P0250,3,9100.39,2026-01-25 03:50:00,Hyderabad,Returned
O001315,C02979,P0242,4,1599.95,2026-05-23 09:49:00,Pune,Processing
O001316,C01848,P0697,2,7318.56,2026-04-16 05:44:00,Bengaluru,Processing
O001317,C00053,P0247,2,4396.32,2026-03-10 22:36:00,Bengaluru,Shipped
O001318,C00016,P0444,2,8281.1,2026-04-23 08:03:00,Kochi,Shipped
O001319,C01645,P0132,2,8576.74,2026-04-26 04:36:00,Coimbatore,Returned
O001320,C00533,P0027,2,8581.06,2026-06-04 10:19:00,Bengaluru,Delivered
O001321,C02407,P0017,4,9248.9,2026-03-26 02:46:00,Coimbatore,Delivered
O001322,C00764,P0004,2,1339.91,2026-06-04 21:31:00,Delhi,Processing
O001323,C02355,P0012,4,1540.01,2026-04-01 14:16:00,Mumbai,Returned
O001324,C02328,P0571,3,1762.72,2026-06-11 12:57:00,Mumbai,Processing
O001325,C01454,P0759,1,652.17,2026-04-24 02:11:00,Coimbatore,Shipped
O001326,C00911,P0039,2,6812.26,2026-06-01 04:57:00,Delhi,Processing
O001327,C00712,P0306,2,2652.55,2026-01-28 07:14:00,Chennai,Processing
O001328,C00836,P0755,2,7943.76,2026-02-02 03:11:00,Kochi,Shipped
O001329,C00153,P0236,1,7351.26,2026-06-15 01:43:00,Hyderabad,Processing
O001330,C00679,P0750,3,4603.74,2026-04-07 00:02:00,Kochi,Shipped
O001331,C00529,P0030,2,4007.63,2026-06-24 00:03:00,Bengaluru,Processing
O001332,C02009,P0516,2,6096.93,2026-01-07 05:47:00,Coimbatore,Delivered
O001333,C01856,P0789,3,1259.63,2026-02-09 01:42:00,Chennai,Delivered
O001334,C00706,P0712,3,3112.13,2026-04-02 13:24:00,Kochi,Shipped
O001335,C02095,P0086,4,5641.27,2026-01-02 14:51:00,Pune,Shipped
O001336,C02613,P0229,1,9936.26,2026-03-10 08:15:00,Hyderabad,Returned
O001337,C01236,P0289,2,9583.99,2026-05-07 08:22:00,Delhi,Delivered
O001338,C00934,P0359,3,2458.76,2026-06-07 14:19:00,Mumbai,Shipped
O001339,C01695,P0500,2,2401.8,2026-01-04 01:11:00,Pune,Returned
O001340,C00940,P0392,2,1508.78,2026-03-25 04:40:00,Mumbai,Returned
O001341,C01001,P0673,4,7405.45,2026-04-09 16:34:00,Hyderabad,Processing
O001342,C02246,P0563,1,6057.9,2026-03-01 19:44:00,Kochi,Delivered
O001343,C00600,P0281,1,8900.67,2026-03-01 17:01:00,Pune,Processing
O001344,C01610,P0795,3,4749.67,2026-01-17 10:33:00,Chennai,Shipped
O001345,C01218,P0072,1,4327.35,2026-01-27 08:00:00,Delhi,Returned
O001346,C02298,P0716,3,505.29,2026-02-11 20:53:00,Chennai,Processing
O001347,C02910,P0247,2,4396.32,2026-04-29 03:31:00,Mumbai,Processing
O001348,C00768,P0771,3,3548.02,2026-01-04 18:19:00,Hyderabad,Processing
O001349,C02758,P0422,2,7879.15,2026-05-09 00:16:00,Bengaluru,Shipped
O001350,C02233,P0675,3,8934.69,2026-02-08 02:21:00,Chennai,Shipped
O001351,C00210,P0778,1,6963.87,2026-03-15 21:54:00,Coimbatore,Delivered
O001352,C01094,P0414,3,1428.87,2026-01-24 12:33:00,Mumbai,Processing
O001353,C01661,P0582,3,1360.43,2026-05-19 16:16:00,Chennai,Delivered
O001354,C00555,P0193,1,7596.81,2026-05-13 15:48:00,Pune,Delivered
O001355,C02514,P0245,3,4480.53,2026-01-11 22:45:00,Mumbai,Processing
O001356,C00950,P0169,3,8645.46,2026-06-08 09:02:00,Coimbatore,Delivered
O001357,C00284,P0139,4,7112.69,2026-05-28 18:27:00,Coimbatore,Delivered
O001358,C02261,P0436,1,5047.02,2026-02-28 11:41:00,Hyderabad,Returned
O001359,C02805,P0209,4,3404.12,2026-02-07 04:52:00,Pune,Processing
O001360,C01177,P0702,4,9903.95,2026-02-17 14:38:00,Kochi,Processing
O001361,C01686,P0373,1,9052.26,2026-04-04 22:42:00,Mumbai,Returned
O001362,C01846,P0673,2,7405.45,2026-02-28 11:32:00,Chennai,Processing
O001363,C01966,P0087,2,2098.71,2026-04-29 09:34:00,Delhi,Processing
O001364,C02438,P0467,2,5109.04,2026-04-30 01:27:00,Hyderabad,Processing
O001365,C02453,P0593,3,1610.75,2026-03-13 12:53:00,Chennai,Delivered
O001366,C00917,P0461,3,3995.16,2026-02-27 13:42:00,Mumbai,Delivered
O001367,C02894,P0430,3,2345.57,2026-03-16 17:00:00,Coimbatore,Delivered
O001368,C02964,P0433,4,4344.05,2026-03-20 00:09:00,Bengaluru,Delivered
O001369,C00643,P0701,4,1291.57,2026-01-08 05:14:00,Hyderabad,Returned
O001370,C00224,P0654,1,7103.27,2026-04-25 02:13:00,Delhi,Delivered
O001371,C01757,P0027,3,8581.06,2026-05-11 01:48:00,Coimbatore,Shipped
O001372,C00797,P0796,2,4753.83,2026-04-02 22:58:00,Delhi,Returned
O001373,C02546,P0577,1,994.37,2026-01-16 18:30:00,Kochi,Delivered
O001374,C02151,P0292,3,2004.02,2026-05-19 21:41:00,Hyderabad,Processing
O001375,C02813,P0397,3,306.84,2026-03-09 02:30:00,Hyderabad,Delivered
O001376,C01136,P0185,2,5277.61,2026-02-06 20:25:00,Kochi,Returned
O001377,C01739,P0061,1,6610.9,2026-03-05 18:59:00,Chennai,Shipped
O001378,C00491,P0749,4,786.6,2026-02-10 21:18:00,Bengaluru,Processing
O001379,C02817,P0148,1,1255.74,2026-05-23 14:03:00,Mumbai,Returned
O001380,C02119,P0455,2,8262.37,2026-02-24 22:30:00,Delhi,Returned
O001381,C01324,P0495,4,2593.21,2026-04-27 14:03:00,Mumbai,Processing
O001382,C01191,P0599,4,1062.46,2026-02-27 15:21:00,Kochi,Returned
O001383,C02705,P0657,3,9529.9,2026-03-27 20:07:00,Mumbai,Returned
O001384,C00330,P0113,4,3582.38,2026-06-27 04:28:00,Chennai,Processing
O001385,C02125,P0734,1,8745.49,2026-05-16 15:08:00,Delhi,Delivered
O001386,C00816,P0444,2,8281.1,2026-05-03 21:29:00,Bengaluru,Returned
O001387,C01822,P0268,2,4813.91,2026-04-16 15:06:00,Hyderabad,Shipped
O001388,C01579,P0169,1,8645.46,2026-03-01 14:13:00,Delhi,Delivered
O001389,C02694,P0345,2,1998.33,2026-04-13 10:31:00,Delhi,Delivered
O001390,C02835,P0495,4,2593.21,2026-02-04 01:34:00,Chennai,Shipped
O001391,C02207,P0689,2,9487.92,2026-01-08 16:26:00,Kochi,Processing
O001392,C02406,P0645,3,9521.65,2026-06-07 13:56:00,Chennai,Shipped
O001393,C01142,P0759,1,652.17,2026-06-14 08:23:00,Bengaluru,Shipped
O001394,C01408,P0287,1,1573.93,2026-02-03 08:11:00,Hyderabad,Delivered
O001395,C02705,P0293,1,9576.2,2026-03-11 05:46:00,Mumbai,Delivered
O001396,C02133,P0360,2,5243.78,2026-03-29 08:42:00,Bengaluru,Processing
O001397,C02807,P0754,1,7723.16,2026-03-06 07:28:00,Mumbai,Processing
O001398,C02220,P0224,2,2422.72,2026-03-30 02:04:00,Kochi,Delivered
O001399,C02978,P0540,4,6948.18,2026-06-22 20:37:00,Chennai,Shipped
O001400,C01429,P0037,1,2580.83,2026-01-16 06:35:00,Kochi,Processing
O001401,C00307,P0710,3,4772.38,2026-06-01 10:21:00,Coimbatore,Shipped
O001402,C02226,P0736,2,3312.16,2026-03-14 19:47:00,Pune,Processing
O001403,C02119,P0156,2,502.84,2026-04-01 04:37:00,Delhi,Returned
O001404,C01718,P0063,1,9858.07,2026-04-25 16:27:00,Hyderabad,Delivered
O001405,C02460,P0282,4,119.65,2026-04-12 09:56:00,Bengaluru,Shipped
O001406,C01621,P0238,1,4446.17,2026-05-07 21:57:00,Delhi,Delivered
O001407,C00540,P0241,3,7179.48,2026-02-14 06:13:00,Pune,Shipped
O001408,C00285,P0290,4,8671.94,2026-06-17 15:36:00,Delhi,Shipped
O001409,C02825,P0782,1,5850.54,2026-06-22 03:35:00,Mumbai,Returned
O001410,C00148,P0061,3,6610.9,2026-02-11 09:49:00,Delhi,Processing
O001411,C01612,P0637,1,797.52,2026-06-09 00:49:00,Bengaluru,Delivered
O001412,C01933,P0164,1,5943.35,2026-05-04 05:48:00,Chennai,Delivered
O001413,C02754,P0577,3,994.37,2026-01-05 05:20:00,Bengaluru,Returned
O001414,C00142,P0794,3,222.53,2026-02-20 03:06:00,Mumbai,Processing
O001415,C00480,P0175,1,4958.37,2026-06-05 21:05:00,Pune,Returned
O001416,C01935,P0126,4,6217.24,2026-02-16 11:46:00,Delhi,Returned
O001417,C00371,P0712,3,3112.13,2026-04-15 08:13:00,Pune,Returned
O001418,C02224,P0569,4,3008.24,2026-03-11 22:50:00,Coimbatore,Returned
O001419,C02722,P0651,3,4819.93,2026-06-15 00:36:00,Chennai,Processing
O001420,C01328,P0778,4,6963.87,2026-05-28 13:12:00,Bengaluru,Delivered
O001421,C01699,P0785,2,9579.4,2026-05-13 11:57:00,Pune,Shipped
O001422,C02588,P0396,4,2039.28,2026-03-21 20:38:00,Chennai,Shipped
O001423,C02578,P0573,1,1786.29,2026-05-16 16:02:00,Hyderabad,Delivered
O001424,C00302,P0784,2,2111.47,2026-04-16 07:58:00,Mumbai,Processing
O001425,C01184,P0789,2,1259.63,2026-01-31 07:56:00,Mumbai,Shipped
O001426,C00378,P0121,2,934.55,2026-06-25 16:41:00,Bengaluru,Delivered
O001427,C02953,P0448,3,1800.07,2026-03-23 10:34:00,Delhi,Returned
O001428,C00839,P0542,1,6397.18,2026-03-13 19:45:00,Chennai,Returned
O001429,C02923,P0622,1,8024.08,2026-01-05 08:09:00,Coimbatore,Delivered
O001430,C00860,P0749,2,786.6,2026-05-02 20:03:00,Kochi,Delivered
O001431,C00291,P0415,3,5235.33,2026-01-01 05:29:00,Pune,Returned
O001432,C01799,P0409,1,7152.62,2026-04-20 08:47:00,Chennai,Processing
O001433,C02448,P0007,2,1166.39,2026-01-08 23:57:00,Mumbai,Processing
O001434,C01803,P0493,4,534.0,2026-06-16 02:57:00,Chennai,Processing
O001435,C01570,P0013,2,3585.81,2026-04-11 00:45:00,Bengaluru,Delivered
O001436,C01165,P0353,2,908.91,2026-05-23 14:08:00,Pune,Shipped
O001437,C02001,P0356,3,6296.35,2026-01-10 19:01:00,Kochi,Processing
O001438,C01816,P0110,3,8676.8,2026-03-09 10:08:00,Coimbatore,Processing
O001439,C00998,P0077,2,2207.23,2026-03-22 18:27:00,Pune,Shipped
O001440,C01006,P0737,3,4141.59,2026-03-29 04:56:00,Hyderabad,Returned
O001441,C01884,P0234,2,1752.76,2026-03-04 18:16:00,Mumbai,Delivered
O001442,C00411,P0393,4,533.66,2026-05-03 21:05:00,Coimbatore,Delivered
O001443,C00856,P0290,1,8671.94,2026-01-14 00:21:00,Pune,Returned
O001444,C00441,P0221,1,6255.24,2026-03-22 20:20:00,Coimbatore,Processing
O001445,C01891,P0029,4,4435.78,2026-02-01 08:42:00,Pune,Delivered
O001446,C01077,P0688,4,7463.85,2026-05-10 15:57:00,Chennai,Delivered
O001447,C01777,P0676,1,157.32,2026-05-04 08:14:00,Hyderabad,Shipped
O001448,C00599,P0570,1,1364.83,2026-01-15 20:29:00,Hyderabad,Shipped
O001449,C00189,P0055,1,7674.42,2026-01-30 09:31:00,Delhi,Shipped
O001450,C02811,P0120,4,6904.92,2026-05-23 11:54:00,Coimbatore,Delivered
O001451,C02096,P0588,3,6830.81,2026-04-29 21:14:00,Delhi,Shipped
O001452,C02134,P0629,2,6100.1,2026-06-21 13:08:00,Delhi,Processing
O001453,C02466,P0401,1,8837.96,2026-06-10 14:23:00,Delhi,Delivered
O001454,C02512,P0015,4,5334.5,2026-01-10 07:32:00,Hyderabad,Shipped
O001455,C02978,P0533,2,9271.54,2026-02-07 23:19:00,Chennai,Shipped
O001456,C02585,P0566,2,6373.4,2026-02-16 08:10:00,Pune,Processing
O001457,C01878,P0217,3,3503.09,2026-03-25 23:10:00,Chennai,Returned
O001458,C01905,P0140,1,1042.27,2026-03-27 20:53:00,Coimbatore,Shipped
O001459,C02613,P0773,3,8629.97,2026-01-08 22:12:00,Hyderabad,Delivered
O001460,C02580,P0557,4,6068.55,2026-02-08 01:34:00,Coimbatore,Returned
O001461,C01645,P0632,3,6060.23,2026-04-23 16:56:00,Coimbatore,Returned
O001462,C02981,P0499,4,3884.48,2026-05-20 17:13:00,Delhi,Returned
O001463,C00778,P0126,1,6217.24,2026-05-12 21:23:00,Chennai,Processing
O001464,C00864,P0515,4,7243.57,2026-02-03 00:03:00,Hyderabad,Delivered
O001465,C02881,P0402,4,5371.29,2026-02-24 04:26:00,Hyderabad,Processing
O001466,C02082,P0438,4,3327.19,2026-04-01 14:59:00,Coimbatore,Processing
O001467,C02401,P0514,2,4318.77,2026-04-13 15:53:00,Coimbatore,Delivered
O001468,C00269,P0442,4,3354.53,2026-04-02 00:16:00,Delhi,Delivered
O001469,C02147,P0223,1,1097.95,2026-03-18 22:07:00,Delhi,Delivered
O001470,C00840,P0264,1,7171.07,2026-01-23 12:04:00,Chennai,Shipped
O001471,C01447,P0072,1,4327.35,2026-01-03 12:18:00,Kochi,Shipped
O001472,C02746,P0380,2,666.44,2026-03-19 23:28:00,Coimbatore,Processing
O001473,C02273,P0669,3,9528.59,2026-02-17 11:16:00,Pune,Processing
O001474,C00282,P0408,3,5035.02,2026-01-17 15:04:00,Kochi,Processing
O001475,C01849,P0224,4,2422.72,2026-01-08 03:20:00,Hyderabad,Shipped
O001476,C01471,P0192,4,8778.88,2026-06-23 19:28:00,Pune,Delivered
O001477,C01575,P0718,3,3083.62,2026-06-28 22:46:00,Coimbatore,Shipped
O001478,C01500,P0661,2,936.39,2026-03-08 23:00:00,Pune,Returned
O001479,C02430,P0779,2,1467.39,2026-06-25 14:35:00,Hyderabad,Delivered
O001480,C02933,P0267,2,910.28,2026-03-25 19:32:00,Bengaluru,Delivered
O001481,C02789,P0265,1,3344.68,2026-01-18 20:58:00,Delhi,Shipped
O001482,C01282,P0588,1,6830.81,2026-06-30 17:22:00,Bengaluru,Processing
O001483,C02930,P0242,2,1599.95,2026-03-13 10:29:00,Mumbai,Processing
O001484,C02916,P0509,3,6118.83,2026-03-01 10:38:00,Coimbatore,Shipped
O001485,C02421,P0323,3,7277.23,2026-06-11 02:34:00,Pune,Shipped
O001486,C02282,P0160,4,5876.12,2026-05-30 11:23:00,Bengaluru,Shipped
O001487,C02914,P0599,2,1062.46,2026-06-11 17:06:00,Delhi,Shipped
O001488,C00202,P0106,4,176.87,2026-02-09 18:23:00,Pune,Returned
O001489,C01419,P0566,2,6373.4,2026-01-26 23:19:00,Chennai,Delivered
O001490,C02882,P0041,4,7624.7,2026-02-27 11:28:00,Bengaluru,Delivered
O001491,C00829,P0079,2,3705.32,2026-06-13 12:01:00,Bengaluru,Returned
O001492,C02647,P0024,3,3347.34,2026-03-15 02:53:00,Hyderabad,Processing
O001493,C00587,P0522,2,5572.24,2026-03-13 07:08:00,Chennai,Delivered
O001494,C01390,P0188,3,6641.47,2026-05-10 17:49:00,Bengaluru,Processing
O001495,C01818,P0334,2,3927.84,2026-06-02 07:30:00,Hyderabad,Returned
O001496,C00690,P0274,4,6974.26,2026-01-02 18:33:00,Delhi,Processing
O001497,C00183,P0364,2,9198.25,2026-06-19 13:25:00,Delhi,Shipped
O001498,C01535,P0780,1,5537.46,2026-03-10 23:05:00,Mumbai,Shipped
O001499,C01298,P0792,2,8389.63,2026-05-27 12:18:00,Delhi,Processing
O001500,C02467,P0418,1,8063.59,2026-04-30 05:31:00,Kochi,Delivered
O001501,C00253,P0483,2,257.78,2026-04-22 23:58:00,Mumbai,Returned
O001502,C02283,P0634,2,5542.5,2026-05-02 06:36:00,Coimbatore,Returned
O001503,C00197,P0226,1,1828.68,2026-03-30 22:15:00,Kochi,Shipped
O001504,C01980,P0484,2,8222.21,2026-04-30 09:39:00,Mumbai,Delivered
O001505,C02178,P0126,3,6217.24,2026-03-12 18:38:00,Mumbai,Returned
O001506,C02375,P0547,1,3808.05,2026-04-02 05:07:00,Kochi,Delivered
O001507,C01164,P0556,3,1057.73,2026-01-13 19:25:00,Bengaluru,Delivered
O001508,C00688,P0063,3,9858.07,2026-03-24 17:36:00,Pune,Returned
O001509,C00625,P0523,3,4689.15,2026-04-29 06:47:00,Delhi,Delivered
O001510,C00092,P0217,2,3503.09,2026-02-10 01:03:00,Bengaluru,Shipped
O001511,C01008,P0464,3,9923.66,2026-03-19 01:26:00,Mumbai,Processing
O001512,C00954,P0656,2,8003.84,2026-06-25 23:14:00,Hyderabad,Processing
O001513,C00001,P0797,1,2938.01,2026-04-17 09:29:00,Bengaluru,Returned
O001514,C01480,P0557,1,6068.55,2026-04-17 01:04:00,Bengaluru,Shipped
O001515,C02046,P0203,1,6531.42,2026-06-08 18:18:00,Pune,Returned
O001516,C02072,P0362,3,945.79,2026-01-19 00:43:00,Coimbatore,Shipped
O001517,C02849,P0728,1,134.65,2026-03-15 13:40:00,Coimbatore,Processing
O001518,C02203,P0267,1,910.28,2026-05-25 22:46:00,Bengaluru,Shipped
O001519,C00684,P0178,1,5673.27,2026-04-11 02:17:00,Mumbai,Processing
O001520,C02804,P0175,3,4958.37,2026-01-08 02:43:00,Kochi,Delivered
O001521,C01976,P0449,4,9895.99,2026-05-25 10:42:00,Coimbatore,Delivered
O001522,C01910,P0307,1,2471.27,2026-01-03 13:39:00,Mumbai,Shipped
O001523,C01321,P0144,1,9682.77,2026-01-20 15:24:00,Kochi,Returned
O001524,C02504,P0342,1,6631.4,2026-04-30 23:24:00,Kochi,Processing
O001525,C02642,P0560,1,9414.81,2026-06-03 06:04:00,Chennai,Shipped
O001526,C00906,P0577,4,994.37,2026-01-05 23:54:00,Bengaluru,Processing
O001527,C01150,P0657,4,9529.9,2026-01-05 15:50:00,Pune,Delivered
O001528,C01775,P0430,1,2345.57,2026-04-02 16:49:00,Chennai,Returned
O001529,C00525,P0329,4,141.36,2026-02-22 19:42:00,Kochi,Shipped
O001530,C02994,P0073,1,5094.93,2026-02-10 11:06:00,Mumbai,Shipped
O001531,C00351,P0143,4,3093.82,2026-01-03 03:45:00,Mumbai,Returned
O001532,C02800,P0160,3,5876.12,2026-06-25 08:41:00,Hyderabad,Processing
O001533,C00289,P0353,4,908.91,2026-06-05 14:02:00,Kochi,Delivered
O001534,C02001,P0221,1,6255.24,2026-03-04 08:55:00,Kochi,Delivered
O001535,C02741,P0555,3,2733.2,2026-06-05 16:12:00,Coimbatore,Processing
O001536,C00500,P0231,3,7092.41,2026-01-12 04:44:00,Bengaluru,Returned
O001537,C01194,P0652,2,6896.92,2026-05-25 08:19:00,Hyderabad,Delivered
O001538,C00415,P0577,4,994.37,2026-04-01 09:28:00,Bengaluru,Processing
O001539,C01152,P0606,1,3619.28,2026-04-16 04:35:00,Pune,Delivered
O001540,C02751,P0592,3,7069.99,2026-02-03 16:53:00,Mumbai,Processing
O001541,C02597,P0513,4,5966.04,2026-01-16 15:19:00,Delhi,Shipped
O001542,C00249,P0363,2,3200.47,2026-02-18 21:43:00,Kochi,Shipped
O001543,C00608,P0023,1,7075.84,2026-04-17 18:40:00,Mumbai,Shipped
O001544,C00055,P0146,3,8790.18,2026-02-24 17:24:00,Delhi,Processing
O001545,C00663,P0345,1,1998.33,2026-02-22 08:32:00,Kochi,Returned
O001546,C01298,P0527,4,4964.39,2026-03-23 05:06:00,Delhi,Shipped
O001547,C01546,P0149,4,8728.63,2026-01-22 01:06:00,Kochi,Shipped
O001548,C00637,P0564,1,3746.46,2026-01-31 17:54:00,Delhi,Returned
O001549,C00031,P0178,3,5673.27,2026-01-12 22:56:00,Hyderabad,Shipped
O001550,C01307,P0381,1,4277.41,2026-03-04 01:36:00,Hyderabad,Returned
O001551,C02495,P0177,3,4946.27,2026-02-16 22:42:00,Coimbatore,Returned
O001552,C02634,P0298,4,5929.04,2026-05-06 00:33:00,Chennai,Returned
O001553,C00896,P0021,3,7636.95,2026-03-28 12:53:00,Chennai,Shipped
O001554,C01459,P0074,3,2079.76,2026-03-26 04:39:00,Mumbai,Returned
O001555,C00628,P0263,1,3567.34,2026-04-13 19:26:00,Coimbatore,Delivered
O001556,C01462,P0599,4,1062.46,2026-04-01 19:21:00,Chennai,Processing
O001557,C02716,P0118,1,8483.91,2026-03-06 11:00:00,Kochi,Processing
O001558,C00202,P0589,4,1543.12,2026-03-24 10:16:00,Pune,Returned
O001559,C00601,P0539,2,8771.46,2026-03-18 01:54:00,Kochi,Returned
O001560,C01652,P0438,1,3327.19,2026-06-18 03:41:00,Hyderabad,Returned
O001561,C00055,P0059,4,8701.51,2026-03-10 20:55:00,Delhi,Delivered
O001562,C01703,P0014,1,5097.6,2026-05-21 01:20:00,Bengaluru,Shipped
O001563,C00777,P0034,1,7586.4,2026-04-06 12:37:00,Mumbai,Returned
O001564,C01892,P0476,3,867.09,2026-02-17 03:55:00,Hyderabad,Returned
O001565,C01506,P0201,2,236.37,2026-06-10 08:45:00,Hyderabad,Processing
O001566,C01456,P0309,1,2764.95,2026-04-26 14:49:00,Mumbai,Processing
O001567,C01870,P0314,1,7849.53,2026-03-23 12:40:00,Coimbatore,Shipped
O001568,C02193,P0638,4,5679.06,2026-05-06 12:22:00,Mumbai,Delivered
O001569,C00547,P0315,3,7841.03,2026-05-09 00:43:00,Pune,Returned
O001570,C01212,P0762,2,9129.45,2026-02-10 03:53:00,Coimbatore,Shipped
O001571,C00787,P0002,4,1803.85,2026-02-24 14:06:00,Pune,Delivered
O001572,C00435,P0012,3,1540.01,2026-03-24 06:22:00,Kochi,Shipped
O001573,C01001,P0182,2,5319.06,2026-06-09 03:43:00,Hyderabad,Processing
O001574,C02612,P0137,1,947.81,2026-03-09 03:25:00,Bengaluru,Returned
O001575,C00870,P0603,3,7378.66,2026-02-26 17:26:00,Kochi,Processing
O001576,C00062,P0197,4,1254.11,2026-01-19 23:32:00,Pune,Processing
O001577,C01766,P0421,1,8440.77,2026-06-05 00:52:00,Bengaluru,Shipped
O001578,C01354,P0733,1,9425.26,2026-06-16 09:11:00,Bengaluru,Delivered
O001579,C00854,P0670,2,1786.79,2026-03-01 03:18:00,Pune,Shipped
O001580,C00800,P0583,4,3175.91,2026-01-10 12:08:00,Chennai,Returned
O001581,C02996,P0152,1,7394.01,2026-06-23 15:22:00,Coimbatore,Shipped
O001582,C00292,P0091,3,8684.0,2026-06-22 14:05:00,Coimbatore,Returned
O001583,C02801,P0423,2,805.35,2026-03-02 17:09:00,Coimbatore,Returned
O001584,C02179,P0368,2,2406.81,2026-04-14 07:59:00,Hyderabad,Delivered
O001585,C02899,P0099,4,4953.55,2026-01-20 17:11:00,Delhi,Delivered
O001586,C00141,P0194,2,3478.21,2026-05-15 14:56:00,Mumbai,Processing
O001587,C01630,P0162,2,6800.39,2026-06-22 09:38:00,Delhi,Delivered
O001588,C01452,P0750,3,4603.74,2026-05-07 12:12:00,Mumbai,Processing
O001589,C01363,P0075,4,6747.45,2026-06-09 17:45:00,Mumbai,Shipped
O001590,C00768,P0161,1,4221.55,2026-06-29 18:41:00,Hyderabad,Delivered
O001591,C02077,P0167,1,3360.33,2026-06-05 02:19:00,Pune,Delivered
O001592,C01925,P0480,1,6933.43,2026-01-21 19:38:00,Pune,Shipped
O001593,C01897,P0500,1,2401.8,2026-04-27 20:09:00,Delhi,Processing
O001594,C02033,P0415,3,5235.33,2026-06-12 19:08:00,Hyderabad,Returned
O001595,C01790,P0407,1,1756.59,2026-02-09 02:44:00,Mumbai,Returned
O001596,C02927,P0502,3,692.24,2026-03-08 10:36:00,Coimbatore,Delivered
O001597,C01547,P0354,3,9782.15,2026-04-26 09:45:00,Hyderabad,Shipped
O001598,C01376,P0493,2,534.0,2026-03-17 18:11:00,Chennai,Delivered
O001599,C00596,P0221,1,6255.24,2026-05-10 00:28:00,Kochi,Delivered
O001600,C02523,P0186,3,5553.84,2026-04-01 17:08:00,Bengaluru,Processing
O001601,C01126,P0684,3,9893.76,2026-04-25 06:27:00,Kochi,Processing
O001602,C01600,P0171,3,1015.26,2026-01-09 15:15:00,Chennai,Delivered
O001603,C02949,P0715,3,962.59,2026-06-10 19:29:00,Delhi,Delivered
O001604,C00441,P0203,1,6531.42,2026-03-09 14:43:00,Coimbatore,Processing
O001605,C02042,P0147,3,7130.53,2026-01-15 08:57:00,Bengaluru,Processing
O001606,C01030,P0443,3,1796.09,2026-03-13 07:12:00,Chennai,Delivered
O001607,C00729,P0649,1,9469.45,2026-03-02 18:01:00,Pune,Shipped
O001608,C01308,P0433,1,4344.05,2026-02-09 20:01:00,Kochi,Processing
O001609,C00760,P0462,2,2809.39,2026-04-14 07:38:00,Delhi,Shipped
O001610,C00134,P0461,1,3995.16,2026-06-03 11:54:00,Delhi,Delivered
O001611,C00895,P0072,1,4327.35,2026-06-23 06:17:00,Mumbai,Shipped
O001612,C01803,P0160,4,5876.12,2026-01-26 11:59:00,Chennai,Processing
O001613,C00620,P0798,3,6080.32,2026-06-28 02:52:00,Delhi,Delivered
O001614,C01942,P0555,3,2733.2,2026-02-16 05:22:00,Chennai,Shipped
O001615,C02296,P0123,3,9485.28,2026-05-10 07:22:00,Kochi,Delivered
O001616,C00889,P0716,2,505.29,2026-06-09 16:28:00,Delhi,Processing
O001617,C00108,P0503,2,2098.92,2026-03-16 00:58:00,Kochi,Returned
O001618,C02988,P0121,1,934.55,2026-03-10 18:15:00,Hyderabad,Processing
O001619,C00938,P0316,4,512.74,2026-02-07 21:47:00,Bengaluru,Returned
O001620,C01093,P0669,1,9528.59,2026-05-24 15:51:00,Bengaluru,Shipped
O001621,C01962,P0119,3,4834.82,2026-02-04 20:13:00,Coimbatore,Returned
O001622,C01191,P0443,2,1796.09,2026-05-11 08:38:00,Kochi,Returned
O001623,C01300,P0564,1,3746.46,2026-06-01 05:13:00,Mumbai,Returned
O001624,C01997,P0068,3,6389.9,2026-06-25 18:25:00,Kochi,Returned
O001625,C00609,P0615,4,6966.89,2026-06-29 09:40:00,Pune,Shipped
O001626,C02507,P0674,1,9237.26,2026-06-14 01:48:00,Delhi,Shipped
O001627,C00490,P0635,4,4059.59,2026-02-01 01:24:00,Hyderabad,Shipped
O001628,C00336,P0525,1,1451.9,2026-01-28 03:27:00,Delhi,Returned
O001629,C01229,P0035,1,6699.1,2026-03-16 16:56:00,Mumbai,Returned
O001630,C01950,P0236,3,7351.26,2026-05-11 01:40:00,Bengaluru,Processing
O001631,C00484,P0139,4,7112.69,2026-01-01 04:22:00,Chennai,Delivered
O001632,C00992,P0512,4,9387.92,2026-01-15 21:27:00,Hyderabad,Delivered
O001633,C02781,P0427,2,7722.75,2026-02-01 14:26:00,Chennai,Shipped
O001634,C01293,P0593,1,1610.75,2026-01-14 15:24:00,Bengaluru,Returned
O001635,C02384,P0115,4,6337.55,2026-06-18 16:55:00,Bengaluru,Returned
O001636,C01050,P0502,1,692.24,2026-06-25 13:44:00,Coimbatore,Returned
O001637,C01660,P0053,3,707.1,2026-05-21 11:32:00,Pune,Processing
O001638,C01279,P0647,3,7033.51,2026-06-20 04:38:00,Hyderabad,Processing
O001639,C00239,P0350,3,5219.84,2026-06-07 17:18:00,Delhi,Returned
O001640,C01451,P0299,2,4425.47,2026-05-09 14:26:00,Pune,Processing
O001641,C00437,P0324,2,6142.41,2026-04-17 11:15:00,Bengaluru,Shipped
O001642,C01703,P0506,4,6514.66,2026-04-24 08:06:00,Bengaluru,Delivered
O001643,C01511,P0352,2,3229.8,2026-03-22 09:12:00,Mumbai,Delivered
O001644,C01910,P0712,2,3112.13,2026-02-16 03:01:00,Mumbai,Delivered
O001645,C01556,P0155,1,7088.03,2026-05-22 14:04:00,Bengaluru,Processing
O001646,C01601,P0025,2,4622.76,2026-03-18 11:07:00,Coimbatore,Processing
O001647,C02819,P0427,4,7722.75,2026-05-05 02:09:00,Pune,Delivered
O001648,C01505,P0296,4,8312.94,2026-05-10 18:55:00,Hyderabad,Shipped
O001649,C02863,P0445,2,1947.25,2026-03-19 06:01:00,Hyderabad,Processing
O001650,C00844,P0188,3,6641.47,2026-06-07 06:18:00,Bengaluru,Returned
O001651,C00068,P0012,3,1540.01,2026-02-04 11:55:00,Bengaluru,Delivered
O001652,C01616,P0215,2,4997.41,2026-05-02 06:00:00,Delhi,Processing
O001653,C01651,P0547,1,3808.05,2026-05-10 06:16:00,Delhi,Delivered
O001654,C02569,P0067,3,3696.01,2026-01-03 18:43:00,Pune,Processing
O001655,C02055,P0745,4,9030.46,2026-03-08 05:17:00,Mumbai,Returned
O001656,C01422,P0117,3,1196.2,2026-04-30 03:59:00,Kochi,Shipped
O001657,C02988,P0071,4,5958.46,2026-02-02 16:07:00,Hyderabad,Processing
O001658,C02584,P0466,2,4158.95,2026-03-03 06:16:00,Bengaluru,Delivered
O001659,C01721,P0026,1,5582.77,2026-01-29 22:01:00,Kochi,Shipped
O001660,C02268,P0446,3,2137.33,2026-02-09 20:56:00,Pune,Returned
O001661,C01162,P0797,1,2938.01,2026-02-13 06:37:00,Bengaluru,Shipped
O001662,C01470,P0651,2,4819.93,2026-03-03 10:53:00,Pune,Processing
O001663,C01531,P0698,4,7689.6,2026-03-02 19:03:00,Mumbai,Shipped
O001664,C02684,P0682,3,4013.05,2026-04-11 02:07:00,Coimbatore,Returned
O001665,C02389,P0296,1,8312.94,2026-04-11 20:50:00,Bengaluru,Delivered
O001666,C01339,P0325,3,9797.44,2026-04-22 03:28:00,Pune,Shipped
O001667,C01756,P0624,1,8528.36,2026-06-21 10:36:00,Delhi,Returned
O001668,C01325,P0662,1,8101.63,2026-06-12 00:13:00,Kochi,Processing
O001669,C01101,P0190,2,1226.96,2026-03-24 18:59:00,Coimbatore,Processing
O001670,C01534,P0403,2,9771.12,2026-02-21 08:20:00,Pune,Processing
O001671,C00379,P0489,4,2399.84,2026-04-21 18:40:00,Chennai,Processing
O001672,C02080,P0197,3,1254.11,2026-06-01 21:01:00,Coimbatore,Processing
O001673,C02144,P0023,3,7075.84,2026-04-26 15:51:00,Delhi,Shipped
O001674,C02518,P0481,4,580.78,2026-02-09 17:26:00,Coimbatore,Delivered
O001675,C00569,P0636,4,9406.97,2026-04-28 02:30:00,Delhi,Processing
O001676,C00100,P0001,3,8187.68,2026-04-07 08:45:00,Coimbatore,Delivered
O001677,C02037,P0541,1,5901.19,2026-05-02 08:03:00,Delhi,Returned
O001678,C02085,P0113,3,3582.38,2026-04-26 11:43:00,Kochi,Shipped
O001679,C01489,P0278,2,1264.65,2026-01-30 13:19:00,Kochi,Processing
O001680,C02657,P0169,1,8645.46,2026-06-27 03:11:00,Coimbatore,Delivered
O001681,C02119,P0753,1,7657.11,2026-05-15 05:45:00,Delhi,Processing
O001682,C02583,P0259,3,7345.66,2026-02-04 02:51:00,Kochi,Delivered
O001683,C00562,P0667,1,6112.0,2026-06-27 12:26:00,Hyderabad,Processing
O001684,C01008,P0433,2,4344.05,2026-03-05 19:11:00,Mumbai,Delivered
O001685,C01938,P0769,3,4342.42,2026-02-07 14:56:00,Delhi,Returned
O001686,C00185,P0608,1,9699.3,2026-04-30 15:56:00,Mumbai,Delivered
O001687,C02547,P0385,1,4244.08,2026-06-26 11:15:00,Bengaluru,Shipped
O001688,C01915,P0202,1,8603.22,2026-06-25 04:12:00,Coimbatore,Shipped
O001689,C00932,P0389,4,8090.99,2026-03-28 02:08:00,Delhi,Processing
O001690,C00888,P0656,4,8003.84,2026-03-06 14:40:00,Delhi,Shipped
O001691,C01561,P0583,1,3175.91,2026-03-30 10:39:00,Delhi,Processing
O001692,C00306,P0185,1,5277.61,2026-05-30 05:40:00,Pune,Returned
O001693,C00510,P0486,2,4214.23,2026-03-23 18:19:00,Delhi,Processing
O001694,C01209,P0012,4,1540.01,2026-04-17 01:59:00,Coimbatore,Shipped
O001695,C00111,P0755,4,7943.76,2026-03-05 11:15:00,Hyderabad,Processing
O001696,C00197,P0431,1,5205.67,2026-05-05 19:50:00,Kochi,Returned
O001697,C01042,P0723,1,1751.66,2026-06-12 16:05:00,Hyderabad,Returned
O001698,C01436,P0529,4,4146.0,2026-03-11 08:48:00,Coimbatore,Shipped
O001699,C01392,P0321,2,1697.02,2026-03-05 08:38:00,Pune,Returned
O001700,C01308,P0582,3,1360.43,2026-04-15 18:39:00,Kochi,Delivered
O001701,C00514,P0006,2,7768.45,2026-01-04 22:42:00,Pune,Returned
O001702,C01125,P0433,4,4344.05,2026-04-03 06:52:00,Delhi,Delivered
O001703,C02978,P0726,4,1737.63,2026-06-20 12:45:00,Chennai,Processing
O001704,C01716,P0580,2,2979.67,2026-06-25 22:54:00,Delhi,Returned
O001705,C00523,P0271,2,9964.47,2026-03-01 10:15:00,Chennai,Delivered
O001706,C02236,P0157,2,4630.82,2026-03-15 08:07:00,Mumbai,Returned
O001707,C00988,P0024,4,3347.34,2026-03-29 06:22:00,Chennai,Returned
O001708,C01708,P0628,3,1483.56,2026-05-03 12:09:00,Bengaluru,Shipped
O001709,C00266,P0612,4,3735.5,2026-06-14 20:46:00,Coimbatore,Delivered
O001710,C02547,P0194,3,3478.21,2026-04-08 18:48:00,Bengaluru,Shipped
O001711,C00523,P0241,4,7179.48,2026-04-11 13:32:00,Chennai,Delivered
O001712,C00892,P0386,3,8772.44,2026-05-15 03:33:00,Mumbai,Delivered
O001713,C00622,P0470,2,205.3,2026-03-28 04:00:00,Delhi,Shipped
O001714,C01970,P0333,3,9722.19,2026-05-13 04:02:00,Hyderabad,Processing
O001715,C00736,P0214,3,2750.7,2026-04-21 21:38:00,Bengaluru,Delivered
O001716,C01545,P0653,2,3849.13,2026-06-04 17:32:00,Kochi,Delivered
O001717,C02148,P0641,1,2773.24,2026-05-15 11:17:00,Kochi,Processing
O001718,C00705,P0279,1,3009.41,2026-04-11 00:04:00,Pune,Shipped
O001719,C02562,P0625,4,5109.87,2026-01-14 01:52:00,Chennai,Returned
O001720,C02346,P0561,3,9754.52,2026-05-28 07:19:00,Kochi,Processing
O001721,C00027,P0787,4,1525.99,2026-01-26 16:37:00,Coimbatore,Returned
O001722,C00840,P0186,2,5553.84,2026-01-09 15:33:00,Chennai,Processing
O001723,C00464,P0075,2,6747.45,2026-03-18 19:05:00,Kochi,Returned
O001724,C01847,P0348,4,8457.98,2026-06-30 19:00:00,Mumbai,Delivered
O001725,C00998,P0013,2,3585.81,2026-01-16 04:41:00,Pune,Shipped
O001726,C00013,P0266,1,4596.66,2026-05-05 07:35:00,Delhi,Shipped
O001727,C00340,P0573,3,1786.29,2026-06-06 23:28:00,Bengaluru,Processing
O001728,C02853,P0777,3,3589.83,2026-02-23 02:12:00,Bengaluru,Shipped
O001729,C02598,P0267,4,910.28,2026-05-06 08:32:00,Pune,Delivered
O001730,C00018,P0717,3,9261.46,2026-01-02 10:15:00,Delhi,Shipped
O001731,C02248,P0460,1,4631.5,2026-03-14 02:23:00,Pune,Delivered
O001732,C01534,P0598,4,6993.13,2026-02-27 14:18:00,Pune,Delivered
O001733,C02859,P0423,2,805.35,2026-03-09 01:21:00,Chennai,Processing
O001734,C00828,P0082,1,2741.65,2026-01-12 11:55:00,Coimbatore,Returned
O001735,C00955,P0191,3,8443.81,2026-02-22 06:23:00,Coimbatore,Returned
O001736,C00468,P0579,2,8102.63,2026-02-28 07:31:00,Coimbatore,Delivered
O001737,C01992,P0419,1,343.71,2026-04-18 04:40:00,Bengaluru,Returned
O001738,C02855,P0753,1,7657.11,2026-06-18 15:58:00,Delhi,Processing
O001739,C02277,P0316,1,512.74,2026-03-15 10:03:00,Hyderabad,Shipped
O001740,C02932,P0666,2,9941.8,2026-02-26 11:44:00,Bengaluru,Shipped
O001741,C00404,P0683,3,8931.71,2026-04-14 01:40:00,Coimbatore,Shipped
O001742,C02750,P0223,2,1097.95,2026-03-19 16:55:00,Coimbatore,Processing
O001743,C02159,P0406,4,2170.45,2026-05-26 04:31:00,Kochi,Returned
O001744,C02257,P0088,3,2657.13,2026-04-01 02:26:00,Mumbai,Shipped
O001745,C00223,P0479,2,6996.75,2026-06-29 11:59:00,Coimbatore,Returned
O001746,C01873,P0614,1,5908.82,2026-05-24 16:52:00,Mumbai,Processing
O001747,C01876,P0103,4,8429.58,2026-05-01 21:04:00,Pune,Shipped
O001748,C00884,P0631,4,1960.93,2026-06-02 07:30:00,Pune,Processing
O001749,C02437,P0756,3,8540.93,2026-05-06 06:19:00,Coimbatore,Delivered
O001750,C00211,P0135,2,9762.67,2026-03-23 05:34:00,Mumbai,Delivered
O001751,C01239,P0064,1,3290.97,2026-01-31 08:51:00,Delhi,Returned
O001752,C02591,P0542,1,6397.18,2026-03-04 18:13:00,Coimbatore,Shipped
O001753,C00301,P0250,2,9100.39,2026-05-15 14:41:00,Bengaluru,Shipped
O001754,C02704,P0702,3,9903.95,2026-05-28 04:37:00,Bengaluru,Shipped
O001755,C02848,P0332,2,8935.46,2026-03-13 20:43:00,Coimbatore,Shipped
O001756,C00458,P0500,1,2401.8,2026-03-13 03:23:00,Delhi,Returned
O001757,C00764,P0408,3,5035.02,2026-06-29 03:35:00,Delhi,Delivered
O001758,C02662,P0256,1,5260.23,2026-01-19 14:03:00,Bengaluru,Processing
O001759,C01095,P0043,1,5469.14,2026-02-28 20:56:00,Bengaluru,Returned
O001760,C02693,P0772,4,6650.14,2026-02-03 03:56:00,Hyderabad,Delivered
O001761,C02277,P0541,1,5901.19,2026-04-22 20:55:00,Hyderabad,Delivered
O001762,C01002,P0284,1,5700.06,2026-01-28 10:22:00,Mumbai,Shipped
O001763,C02493,P0072,1,4327.35,2026-02-13 00:00:00,Chennai,Returned
O001764,C01040,P0151,3,5217.03,2026-01-17 18:01:00,Pune,Processing
O001765,C00086,P0769,1,4342.42,2026-06-21 14:13:00,Mumbai,Returned
O001766,C01195,P0750,1,4603.74,2026-03-29 00:37:00,Bengaluru,Processing
O001767,C01353,P0507,4,8483.65,2026-05-15 02:57:00,Bengaluru,Delivered
O001768,C00937,P0663,3,4847.59,2026-02-26 02:37:00,Kochi,Processing
O001769,C00754,P0229,2,9936.26,2026-01-25 08:50:00,Kochi,Shipped
O001770,C00550,P0620,2,7558.73,2026-02-10 07:05:00,Delhi,Processing
O001771,C02498,P0722,4,4878.92,2026-03-04 09:27:00,Pune,Returned
O001772,C01758,P0172,2,9652.99,2026-03-11 15:10:00,Pune,Delivered
O001773,C00957,P0609,1,1275.15,2026-04-18 10:50:00,Chennai,Shipped
O001774,C02761,P0455,4,8262.37,2026-02-20 00:11:00,Bengaluru,Returned
O001775,C00554,P0719,3,532.73,2026-01-03 07:58:00,Bengaluru,Returned
O001776,C02151,P0294,1,5075.12,2026-01-04 23:29:00,Hyderabad,Shipped
O001777,C01455,P0681,3,7716.53,2026-01-03 14:43:00,Bengaluru,Processing
O001778,C02576,P0761,4,1114.4,2026-06-21 15:28:00,Kochi,Returned
O001779,C00265,P0375,4,1939.64,2026-02-07 16:31:00,Bengaluru,Returned
O001780,C01284,P0725,2,7432.08,2026-02-10 19:43:00,Delhi,Delivered
O001781,C00833,P0135,4,9762.67,2026-03-25 11:20:00,Delhi,Returned
O001782,C01059,P0300,1,3880.91,2026-03-08 20:01:00,Pune,Shipped
O001783,C00128,P0005,1,6938.1,2026-04-05 21:03:00,Bengaluru,Delivered
O001784,C02295,P0224,2,2422.72,2026-03-07 00:25:00,Pune,Shipped
O001785,C02394,P0049,2,5730.67,2026-02-05 22:58:00,Hyderabad,Shipped
O001786,C00825,P0317,4,6564.28,2026-03-11 10:15:00,Mumbai,Processing
O001787,C01740,P0393,2,533.66,2026-01-06 20:15:00,Hyderabad,Delivered
O001788,C01747,P0388,3,6275.81,2026-05-21 01:48:00,Mumbai,Processing
O001789,C02507,P0792,3,8389.63,2026-01-05 13:21:00,Delhi,Returned
O001790,C01276,P0309,4,2764.95,2026-04-05 02:16:00,Coimbatore,Processing
O001791,C00386,P0475,4,3011.03,2026-06-19 19:42:00,Coimbatore,Shipped
O001792,C00950,P0712,1,3112.13,2026-01-04 04:40:00,Coimbatore,Shipped
O001793,C02368,P0285,2,8360.15,2026-05-18 09:06:00,Kochi,Processing
O001794,C01344,P0340,1,2040.26,2026-05-02 10:35:00,Chennai,Shipped
O001795,C02778,P0633,2,2845.22,2026-05-20 00:41:00,Hyderabad,Shipped
O001796,C01999,P0729,3,8802.63,2026-03-10 01:01:00,Coimbatore,Delivered
O001797,C00266,P0011,1,1928.34,2026-03-26 14:47:00,Coimbatore,Returned
O001798,C02447,P0486,1,4214.23,2026-02-27 14:45:00,Bengaluru,Processing
O001799,C01543,P0624,3,8528.36,2026-03-19 04:35:00,Mumbai,Shipped
O001800,C01650,P0118,4,8483.91,2026-06-24 17:51:00,Chennai,Shipped
O001801,C02049,P0712,4,3112.13,2026-05-25 16:36:00,Kochi,Returned
O001802,C00959,P0595,3,3060.11,2026-05-09 10:54:00,Mumbai,Returned
O001803,C01479,P0193,4,7596.81,2026-02-02 04:23:00,Hyderabad,Shipped
O001804,C00348,P0743,3,2117.79,2026-02-02 22:56:00,Bengaluru,Returned
O001805,C01476,P0035,4,6699.1,2026-06-01 09:45:00,Chennai,Delivered
O001806,C01873,P0321,3,1697.02,2026-05-16 04:04:00,Mumbai,Delivered
O001807,C00317,P0037,3,2580.83,2026-03-20 10:31:00,Hyderabad,Returned
O001808,C00261,P0369,2,4587.77,2026-03-08 12:40:00,Chennai,Returned
O001809,C01953,P0241,3,7179.48,2026-05-11 01:17:00,Kochi,Delivered
O001810,C00017,P0151,2,5217.03,2026-02-13 17:41:00,Pune,Returned
O001811,C00212,P0659,4,7727.73,2026-05-14 19:43:00,Chennai,Returned
O001812,C00278,P0732,4,5381.3,2026-05-15 08:00:00,Chennai,Shipped
O001813,C00546,P0679,3,4970.26,2026-06-20 01:58:00,Hyderabad,Delivered
O001814,C02950,P0378,3,4747.29,2026-04-26 07:49:00,Pune,Shipped
O001815,C00596,P0183,2,4734.37,2026-03-04 23:59:00,Kochi,Shipped
O001816,C00152,P0412,1,4018.41,2026-04-27 12:15:00,Chennai,Processing
O001817,C01612,P0148,2,1255.74,2026-02-12 02:03:00,Bengaluru,Delivered
O001818,C01117,P0140,2,1042.27,2026-02-23 10:36:00,Bengaluru,Shipped
O001819,C02544,P0670,1,1786.79,2026-04-18 02:41:00,Chennai,Processing
O001820,C01360,P0789,4,1259.63,2026-06-28 16:30:00,Coimbatore,Shipped
O001821,C02094,P0449,3,9895.99,2026-05-03 06:43:00,Coimbatore,Delivered
O001822,C02897,P0138,2,9745.55,2026-06-19 20:12:00,Delhi,Processing
O001823,C01194,P0571,4,1762.72,2026-06-28 15:05:00,Hyderabad,Delivered
O001824,C01614,P0276,4,6054.84,2026-03-01 07:01:00,Delhi,Delivered
O001825,C00631,P0638,1,5679.06,2026-03-04 15:06:00,Coimbatore,Delivered
O001826,C02139,P0116,2,2079.75,2026-02-10 16:34:00,Pune,Processing
O001827,C00794,P0012,1,1540.01,2026-04-22 20:08:00,Delhi,Processing
O001828,C01958,P0655,3,7096.19,2026-03-03 08:53:00,Hyderabad,Delivered
O001829,C02174,P0552,1,947.5,2026-04-03 21:35:00,Chennai,Returned
O001830,C01757,P0668,3,1829.66,2026-01-22 12:45:00,Coimbatore,Delivered
O001831,C00397,P0146,4,8790.18,2026-03-08 11:37:00,Hyderabad,Shipped
O001832,C02356,P0089,3,6477.51,2026-01-30 12:27:00,Pune,Delivered
O001833,C01673,P0487,2,5663.34,2026-05-11 13:56:00,Kochi,Delivered
O001834,C02680,P0566,1,6373.4,2026-05-21 11:56:00,Pune,Processing
O001835,C02584,P0009,2,3085.29,2026-01-16 06:38:00,Bengaluru,Shipped
O001836,C00910,P0368,3,2406.81,2026-03-24 11:15:00,Coimbatore,Processing
O001837,C02448,P0201,4,236.37,2026-02-16 00:22:00,Mumbai,Processing
O001838,C00065,P0424,1,3403.2,2026-06-12 14:15:00,Mumbai,Processing
O001839,C00010,P0144,2,9682.77,2026-02-06 12:22:00,Coimbatore,Returned
O001840,C02532,P0253,4,933.38,2026-04-29 01:36:00,Pune,Returned
O001841,C00175,P0089,4,6477.51,2026-06-30 00:45:00,Kochi,Delivered
O001842,C00350,P0762,2,9129.45,2026-06-11 00:08:00,Kochi,Shipped
O001843,C00665,P0140,2,1042.27,2026-06-20 05:26:00,Delhi,Shipped
O001844,C02907,P0364,3,9198.25,2026-02-27 06:47:00,Pune,Returned
O001845,C01063,P0739,3,7330.72,2026-02-23 14:40:00,Mumbai,Processing
O001846,C00155,P0409,2,7152.62,2026-04-10 16:13:00,Delhi,Processing
O001847,C00706,P0103,1,8429.58,2026-04-12 07:31:00,Kochi,Shipped
O001848,C01288,P0257,4,8913.16,2026-02-17 05:43:00,Coimbatore,Shipped
O001849,C02607,P0636,4,9406.97,2026-02-06 09:30:00,Hyderabad,Processing
O001850,C02344,P0224,4,2422.72,2026-06-29 01:41:00,Chennai,Returned
O001851,C00223,P0715,4,962.59,2026-05-30 06:29:00,Coimbatore,Delivered
O001852,C01434,P0005,1,6938.1,2026-04-01 21:30:00,Chennai,Delivered
O001853,C01884,P0760,1,308.96,2026-06-10 02:02:00,Mumbai,Delivered
O001854,C01518,P0423,2,805.35,2026-06-26 11:39:00,Bengaluru,Processing
O001855,C02706,P0749,1,786.6,2026-04-04 21:57:00,Hyderabad,Shipped
O001856,C00635,P0641,1,2773.24,2026-06-07 05:49:00,Coimbatore,Shipped
O001857,C01525,P0670,2,1786.79,2026-03-11 05:08:00,Kochi,Processing
O001858,C02473,P0655,3,7096.19,2026-01-03 02:43:00,Hyderabad,Processing
O001859,C02936,P0175,1,4958.37,2026-01-14 14:13:00,Pune,Processing
O001860,C01676,P0540,1,6948.18,2026-06-10 10:42:00,Chennai,Returned
O001861,C01871,P0674,2,9237.26,2026-06-23 06:18:00,Kochi,Processing
O001862,C02904,P0413,4,5755.57,2026-06-26 09:04:00,Hyderabad,Shipped
O001863,C02414,P0536,4,2548.41,2026-02-21 18:01:00,Coimbatore,Returned
O001864,C00045,P0522,1,5572.24,2026-02-17 14:22:00,Pune,Returned
O001865,C02957,P0584,2,8485.47,2026-01-14 01:09:00,Delhi,Processing
O001866,C01828,P0319,4,8409.93,2026-03-13 05:45:00,Pune,Processing
O001867,C01115,P0633,3,2845.22,2026-02-06 19:11:00,Delhi,Shipped
O001868,C00371,P0554,2,4902.42,2026-02-09 11:30:00,Pune,Processing
O001869,C00649,P0085,4,7989.74,2026-04-12 20:16:00,Hyderabad,Delivered
O001870,C02656,P0496,2,9815.02,2026-04-23 05:21:00,Hyderabad,Returned
O001871,C00461,P0190,2,1226.96,2026-04-22 21:00:00,Chennai,Delivered
O001872,C01615,P0571,4,1762.72,2026-01-05 05:44:00,Delhi,Shipped
O001873,C01648,P0601,2,5812.86,2026-01-19 14:00:00,Pune,Processing
O001874,C00480,P0050,2,4810.52,2026-03-12 02:02:00,Pune,Processing
O001875,C00041,P0681,2,7716.53,2026-03-21 03:18:00,Coimbatore,Returned
O001876,C00017,P0428,4,9462.57,2026-01-30 06:50:00,Pune,Returned
O001877,C01968,P0489,2,2399.84,2026-05-14 12:55:00,Bengaluru,Processing
O001878,C01073,P0023,4,7075.84,2026-01-08 09:16:00,Coimbatore,Shipped
O001879,C02705,P0045,4,3896.94,2026-04-14 10:08:00,Mumbai,Returned
O001880,C02176,P0761,4,1114.4,2026-02-18 12:25:00,Delhi,Processing
O001881,C00057,P0256,1,5260.23,2026-02-08 04:25:00,Chennai,Returned
O001882,C01233,P0619,1,731.92,2026-03-25 08:19:00,Chennai,Processing
O001883,C00812,P0258,1,2488.26,2026-05-10 16:04:00,Pune,Delivered
O001884,C02654,P0662,3,8101.63,2026-01-11 21:11:00,Hyderabad,Shipped
O001885,C00268,P0151,4,5217.03,2026-02-05 12:47:00,Bengaluru,Shipped
O001886,C00741,P0178,3,5673.27,2026-01-03 17:46:00,Delhi,Processing
O001887,C00068,P0650,4,8079.24,2026-03-17 19:35:00,Bengaluru,Shipped
O001888,C00996,P0544,3,9870.55,2026-01-21 13:53:00,Coimbatore,Shipped
O001889,C00597,P0249,3,4250.12,2026-06-15 04:32:00,Bengaluru,Returned
O001890,C01263,P0283,1,8716.22,2026-02-05 19:26:00,Chennai,Delivered
O001891,C00864,P0202,2,8603.22,2026-02-08 16:20:00,Hyderabad,Returned
O001892,C00848,P0021,2,7636.95,2026-02-01 19:12:00,Mumbai,Delivered
O001893,C01339,P0421,1,8440.77,2026-04-10 08:48:00,Pune,Shipped
O001894,C02097,P0641,3,2773.24,2026-03-26 02:09:00,Chennai,Shipped
O001895,C02384,P0629,4,6100.1,2026-04-14 23:58:00,Bengaluru,Shipped
O001896,C02117,P0116,1,2079.75,2026-03-24 17:21:00,Mumbai,Shipped
O001897,C02515,P0009,4,3085.29,2026-04-11 19:57:00,Coimbatore,Delivered
O001898,C01214,P0675,4,8934.69,2026-02-21 10:47:00,Hyderabad,Delivered
O001899,C01941,P0510,2,1916.1,2026-01-28 18:41:00,Coimbatore,Processing
O001900,C00967,P0637,4,797.52,2026-04-28 12:20:00,Kochi,Shipped
O001901,C01440,P0224,3,2422.72,2026-06-13 01:31:00,Mumbai,Processing
O001902,C02679,P0671,2,8333.09,2026-02-19 05:47:00,Pune,Processing
O001903,C02570,P0696,2,916.89,2026-02-20 11:10:00,Delhi,Delivered
O001904,C02359,P0403,3,9771.12,2026-03-19 08:18:00,Pune,Shipped
O001905,C02120,P0749,1,786.6,2026-02-11 11:03:00,Delhi,Processing
O001906,C00367,P0511,2,791.85,2026-05-02 18:33:00,Hyderabad,Delivered
O001907,C01547,P0404,3,8557.91,2026-03-21 18:50:00,Hyderabad,Processing
O001908,C01666,P0658,4,6391.79,2026-05-21 23:32:00,Hyderabad,Returned
O001909,C02448,P0528,2,3900.97,2026-04-12 17:04:00,Mumbai,Processing
O001910,C01295,P0733,1,9425.26,2026-02-07 16:23:00,Pune,Delivered
O001911,C00391,P0758,1,3142.11,2026-05-16 06:57:00,Bengaluru,Returned
O001912,C01620,P0058,2,6515.02,2026-05-08 00:24:00,Chennai,Processing
O001913,C01261,P0345,3,1998.33,2026-04-15 11:29:00,Bengaluru,Delivered
O001914,C01118,P0343,1,746.07,2026-03-13 06:00:00,Kochi,Shipped
O001915,C02205,P0716,4,505.29,2026-01-20 10:26:00,Chennai,Processing
O001916,C02490,P0022,3,1191.13,2026-02-01 07:40:00,Hyderabad,Shipped
O001917,C01454,P0160,1,5876.12,2026-03-10 01:09:00,Coimbatore,Delivered
O001918,C00038,P0652,1,6896.92,2026-06-21 04:08:00,Bengaluru,Delivered
O001919,C00143,P0353,3,908.91,2026-03-20 05:49:00,Coimbatore,Delivered
O001920,C01250,P0430,3,2345.57,2026-05-10 23:29:00,Chennai,Delivered
O001921,C02162,P0665,1,7169.18,2026-01-09 21:36:00,Mumbai,Returned
O001922,C00928,P0718,3,3083.62,2026-04-02 03:26:00,Mumbai,Returned
O001923,C01634,P0147,2,7130.53,2026-03-16 09:18:00,Kochi,Processing
O001924,C01706,P0327,3,4651.01,2026-05-22 05:24:00,Delhi,Processing
O001925,C01711,P0506,2,6514.66,2026-06-26 10:47:00,Kochi,Processing
O001926,C02414,P0366,4,6806.89,2026-02-04 05:05:00,Coimbatore,Delivered
O001927,C00178,P0380,1,666.44,2026-06-25 02:55:00,Delhi,Returned
O001928,C00092,P0023,2,7075.84,2026-04-20 17:41:00,Bengaluru,Processing
O001929,C02396,P0691,4,7534.79,2026-05-02 15:38:00,Kochi,Returned
O001930,C00498,P0444,2,8281.1,2026-01-13 04:31:00,Chennai,Returned
O001931,C01015,P0412,4,4018.41,2026-04-25 11:39:00,Coimbatore,Processing
O001932,C02718,P0370,4,3461.2,2026-06-09 10:08:00,Kochi,Shipped
O001933,C02786,P0107,2,992.48,2026-04-09 13:02:00,Bengaluru,Returned
O001934,C00376,P0095,4,7753.59,2026-02-12 12:13:00,Bengaluru,Shipped
O001935,C00733,P0344,2,2669.28,2026-06-05 07:45:00,Pune,Returned
O001936,C02353,P0171,1,1015.26,2026-05-18 16:15:00,Mumbai,Shipped
O001937,C02628,P0675,4,8934.69,2026-03-29 20:41:00,Bengaluru,Shipped
O001938,C01860,P0641,2,2773.24,2026-05-03 12:05:00,Delhi,Delivered
O001939,C00319,P0222,3,1377.06,2026-05-14 12:56:00,Delhi,Shipped
O001940,C01933,P0024,1,3347.34,2026-02-22 17:53:00,Chennai,Processing
O001941,C02729,P0488,4,9348.84,2026-06-21 18:54:00,Delhi,Processing
O001942,C02608,P0307,1,2471.27,2026-04-24 19:58:00,Kochi,Processing
O001943,C01009,P0354,2,9782.15,2026-03-12 02:53:00,Bengaluru,Delivered
O001944,C00895,P0190,4,1226.96,2026-03-18 13:52:00,Mumbai,Shipped
O001945,C02225,P0663,3,4847.59,2026-01-13 12:48:00,Hyderabad,Returned
O001946,C02823,P0468,2,6423.78,2026-01-02 13:33:00,Coimbatore,Processing
O001947,C01260,P0472,1,774.55,2026-03-29 12:38:00,Coimbatore,Delivered
O001948,C01949,P0230,3,8972.55,2026-01-04 04:14:00,Kochi,Returned
O001949,C01323,P0001,3,8187.68,2026-05-06 01:28:00,Mumbai,Processing
O001950,C02083,P0492,4,6612.82,2026-06-21 02:09:00,Mumbai,Shipped
O001951,C01965,P0238,2,4446.17,2026-05-23 16:00:00,Hyderabad,Shipped
O001952,C02003,P0371,4,5918.35,2026-05-13 12:12:00,Coimbatore,Returned
O001953,C00621,P0260,4,1324.75,2026-03-30 07:14:00,Pune,Delivered
O001954,C01281,P0635,3,4059.59,2026-05-01 02:47:00,Kochi,Returned
O001955,C01797,P0707,3,3698.4,2026-01-25 14:25:00,Bengaluru,Returned
O001956,C01159,P0500,3,2401.8,2026-05-15 19:17:00,Kochi,Returned
O001957,C02825,P0122,3,8775.26,2026-01-27 22:26:00,Mumbai,Returned
O001958,C00072,P0015,1,5334.5,2026-03-07 09:41:00,Mumbai,Shipped
O001959,C02195,P0373,2,9052.26,2026-03-29 03:37:00,Bengaluru,Delivered
O001960,C01708,P0049,4,5730.67,2026-01-09 15:14:00,Bengaluru,Returned
O001961,C01010,P0026,3,5582.77,2026-04-04 07:34:00,Pune,Delivered
O001962,C02683,P0033,4,8396.28,2026-06-12 06:27:00,Bengaluru,Processing
O001963,C01474,P0090,2,646.74,2026-05-03 09:25:00,Hyderabad,Shipped
O001964,C00349,P0759,2,652.17,2026-05-18 04:08:00,Delhi,Shipped
O001965,C00243,P0206,3,7412.93,2026-03-03 17:56:00,Coimbatore,Delivered
O001966,C02248,P0123,1,9485.28,2026-05-19 16:46:00,Pune,Processing
O001967,C00774,P0790,4,6990.61,2026-03-18 03:38:00,Hyderabad,Shipped
O001968,C01712,P0743,1,2117.79,2026-01-07 05:30:00,Bengaluru,Returned
O001969,C01800,P0648,3,6112.92,2026-03-29 23:20:00,Mumbai,Returned
O001970,C02139,P0076,3,6314.65,2026-02-03 01:00:00,Pune,Returned
O001971,C01206,P0155,4,7088.03,2026-05-09 04:25:00,Hyderabad,Delivered
O001972,C02299,P0165,2,384.86,2026-03-31 06:39:00,Chennai,Returned
O001973,C01303,P0357,2,4375.29,2026-02-09 00:44:00,Kochi,Processing
O001974,C02205,P0194,3,3478.21,2026-05-15 02:07:00,Chennai,Shipped
O001975,C00713,P0009,3,3085.29,2026-01-27 11:44:00,Bengaluru,Returned
O001976,C00474,P0796,4,4753.83,2026-01-17 20:33:00,Chennai,Processing
O001977,C01220,P0732,4,5381.3,2026-04-28 05:10:00,Bengaluru,Shipped
O001978,C00062,P0612,3,3735.5,2026-03-19 03:37:00,Pune,Processing
O001979,C00153,P0704,4,4131.24,2026-01-18 02:38:00,Hyderabad,Shipped
O001980,C00819,P0515,3,7243.57,2026-01-18 08:52:00,Coimbatore,Returned
O001981,C01479,P0253,3,933.38,2026-04-29 13:38:00,Hyderabad,Processing
O001982,C01136,P0549,3,1936.82,2026-03-18 15:38:00,Kochi,Returned
O001983,C00008,P0183,4,4734.37,2026-05-26 07:53:00,Chennai,Processing
O001984,C02091,P0799,4,206.59,2026-05-05 07:14:00,Hyderabad,Returned
O001985,C02783,P0018,2,7010.52,2026-01-28 20:22:00,Delhi,Returned
O001986,C00495,P0402,4,5371.29,2026-03-08 06:50:00,Coimbatore,Shipped
O001987,C01243,P0432,1,3471.53,2026-05-04 05:27:00,Coimbatore,Shipped
O001988,C01485,P0369,1,4587.77,2026-03-16 11:55:00,Mumbai,Processing
O001989,C00509,P0023,2,7075.84,2026-05-30 19:58:00,Hyderabad,Delivered
O001990,C00381,P0627,1,556.05,2026-01-28 01:54:00,Mumbai,Shipped
O001991,C01005,P0388,1,6275.81,2026-01-04 22:46:00,Kochi,Delivered
O001992,C02387,P0617,1,1083.47,2026-04-25 07:57:00,Mumbai,Processing
O001993,C02281,P0575,2,9035.22,2026-03-20 00:00:00,Delhi,Shipped
O001994,C00150,P0616,4,3900.2,2026-06-23 00:01:00,Chennai,Returned
O001995,C01946,P0673,1,7405.45,2026-05-17 15:45:00,Hyderabad,Shipped
O001996,C01992,P0610,1,6910.04,2026-02-18 08:52:00,Bengaluru,Processing
O001997,C02770,P0057,3,657.85,2026-05-20 21:29:00,Hyderabad,Shipped
O001998,C00178,P0682,2,4013.05,2026-03-06 08:36:00,Delhi,Returned
O001999,C02415,P0687,3,2919.51,2026-06-10 07:04:00,Kochi,Returned
O002000,C00740,P0298,2,5929.04,2026-03-25 16:44:00,Bengaluru,Returned
O002001,C02983,P0608,2,9699.3,2026-01-03 10:33:00,Hyderabad,Shipped
O002002,C01125,P0107,3,992.48,2026-02-22 17:20:00,Delhi,Shipped
O002003,C00983,P0202,2,8603.22,2026-01-24 07:22:00,Bengaluru,Delivered
O002004,C02432,P0071,2,5958.46,2026-05-21 13:06:00,Hyderabad,Shipped
O002005,C01628,P0140,4,1042.27,2026-02-14 08:25:00,Delhi,Processing
O002006,C00412,P0431,1,5205.67,2026-06-02 09:49:00,Kochi,Shipped
O002007,C00403,P0421,3,8440.77,2026-05-06 11:10:00,Coimbatore,Returned
O002008,C02403,P0142,4,152.07,2026-05-23 18:32:00,Kochi,Shipped
O002009,C01464,P0254,3,7277.48,2026-02-23 02:24:00,Pune,Processing
O002010,C01262,P0300,4,3880.91,2026-06-03 01:26:00,Coimbatore,Processing
O002011,C02153,P0527,2,4964.39,2026-03-27 13:22:00,Chennai,Shipped
O002012,C02002,P0292,1,2004.02,2026-04-21 18:52:00,Bengaluru,Delivered
O002013,C01934,P0109,4,8805.73,2026-01-23 01:58:00,Bengaluru,Returned
O002014,C01608,P0609,3,1275.15,2026-03-08 01:21:00,Coimbatore,Returned
O002015,C00110,P0371,1,5918.35,2026-02-07 06:44:00,Kochi,Processing
O002016,C02966,P0413,3,5755.57,2026-01-22 10:11:00,Coimbatore,Delivered
O002017,C01858,P0483,1,257.78,2026-03-06 04:53:00,Hyderabad,Delivered
O002018,C00093,P0728,3,134.65,2026-03-20 08:21:00,Kochi,Processing
O002019,C00352,P0762,2,9129.45,2026-04-24 03:25:00,Delhi,Shipped
O002020,C01069,P0727,4,4067.4,2026-06-29 19:50:00,Bengaluru,Shipped
O002021,C02504,P0158,1,3560.08,2026-01-16 18:39:00,Kochi,Delivered
O002022,C01828,P0452,3,8196.17,2026-06-21 17:18:00,Pune,Processing
O002023,C02573,P0625,1,5109.87,2026-06-23 21:03:00,Hyderabad,Shipped
O002024,C02413,P0527,2,4964.39,2026-01-31 15:46:00,Delhi,Returned
O002025,C01758,P0602,1,8981.46,2026-02-28 18:08:00,Pune,Shipped
O002026,C02012,P0268,4,4813.91,2026-02-08 13:58:00,Pune,Processing
O002027,C00344,P0433,4,4344.05,2026-01-31 11:19:00,Coimbatore,Delivered
O002028,C02180,P0069,4,2943.82,2026-01-06 11:31:00,Coimbatore,Delivered
O002029,C01340,P0243,1,1465.14,2026-06-09 00:26:00,Coimbatore,Returned
O002030,C01664,P0548,1,1900.64,2026-01-25 23:49:00,Hyderabad,Processing
O002031,C02807,P0023,4,7075.84,2026-04-21 15:25:00,Mumbai,Delivered
O002032,C01234,P0237,4,3411.61,2026-01-06 01:09:00,Delhi,Shipped
O002033,C00783,P0405,4,2546.0,2026-03-18 22:56:00,Kochi,Returned
O002034,C01537,P0290,2,8671.94,2026-02-04 22:37:00,Coimbatore,Processing
O002035,C02629,P0045,4,3896.94,2026-03-08 15:36:00,Delhi,Returned
O002036,C00384,P0172,2,9652.99,2026-05-20 07:23:00,Delhi,Processing
O002037,C00941,P0585,1,7994.43,2026-01-20 13:24:00,Coimbatore,Processing
O002038,C01815,P0579,1,8102.63,2026-04-24 02:15:00,Mumbai,Shipped
O002039,C01980,P0371,3,5918.35,2026-01-31 03:31:00,Mumbai,Returned
O002040,C01035,P0080,3,7488.69,2026-06-27 00:51:00,Mumbai,Shipped
O002041,C00729,P0293,4,9576.2,2026-03-23 21:34:00,Pune,Returned
O002042,C00825,P0453,1,5915.17,2026-01-28 01:36:00,Mumbai,Delivered
O002043,C01574,P0477,4,4461.51,2026-01-01 06:13:00,Bengaluru,Returned
O002044,C00376,P0627,2,556.05,2026-04-17 02:34:00,Bengaluru,Processing
O002045,C00151,P0284,3,5700.06,2026-04-13 20:32:00,Bengaluru,Delivered
O002046,C00940,P0006,2,7768.45,2026-03-18 19:05:00,Mumbai,Delivered
O002047,C00242,P0060,2,294.15,2026-02-18 10:39:00,Delhi,Processing
O002048,C02352,P0216,2,304.99,2026-01-29 21:40:00,Bengaluru,Returned
O002049,C02955,P0318,2,9340.72,2026-02-06 03:10:00,Hyderabad,Returned
O002050,C02387,P0371,1,5918.35,2026-01-22 12:19:00,Mumbai,Returned
O002051,C02313,P0795,1,4749.67,2026-02-20 13:12:00,Hyderabad,Returned
O002052,C02140,P0682,3,4013.05,2026-03-05 15:06:00,Coimbatore,Shipped
O002053,C00244,P0554,4,4902.42,2026-03-03 21:05:00,Kochi,Returned
O002054,C02234,P0686,2,8846.41,2026-03-08 17:49:00,Mumbai,Delivered
O002055,C02608,P0505,2,1428.24,2026-06-06 16:49:00,Kochi,Delivered
O002056,C00278,P0223,1,1097.95,2026-06-24 11:10:00,Chennai,Shipped
O002057,C00205,P0336,3,2292.06,2026-02-24 09:30:00,Hyderabad,Shipped
O002058,C00481,P0096,2,8076.83,2026-01-25 23:38:00,Bengaluru,Shipped
O002059,C02151,P0551,2,8695.78,2026-05-31 03:13:00,Hyderabad,Processing
O002060,C01273,P0359,4,2458.76,2026-01-12 22:01:00,Chennai,Processing
O002061,C01018,P0290,2,8671.94,2026-02-15 03:11:00,Mumbai,Shipped
O002062,C02414,P0329,3,141.36,2026-06-17 10:00:00,Coimbatore,Shipped
O002063,C02852,P0145,3,2675.89,2026-03-16 07:20:00,Coimbatore,Shipped
O002064,C00245,P0179,4,8127.84,2026-05-12 22:13:00,Kochi,Delivered
O002065,C01354,P0026,1,5582.77,2026-05-21 19:55:00,Bengaluru,Processing
O002066,C00216,P0749,1,786.6,2026-04-14 21:26:00,Bengaluru,Returned
O002067,C01000,P0165,2,384.86,2026-04-13 19:57:00,Delhi,Shipped
O002068,C00410,P0382,1,7873.11,2026-04-29 07:24:00,Chennai,Processing
O002069,C01300,P0065,2,6938.55,2026-03-15 21:27:00,Mumbai,Shipped
O002070,C01738,P0371,4,5918.35,2026-06-01 09:44:00,Kochi,Delivered
O002071,C01179,P0354,1,9782.15,2026-06-07 10:17:00,Hyderabad,Returned
O002072,C01821,P0098,3,4449.81,2026-04-05 10:53:00,Delhi,Returned
O002073,C02002,P0201,1,236.37,2026-01-31 17:45:00,Bengaluru,Returned
O002074,C02943,P0100,3,5501.88,2026-01-23 07:44:00,Mumbai,Delivered
O002075,C01623,P0006,2,7768.45,2026-03-17 01:12:00,Kochi,Returned
O002076,C00717,P0099,2,4953.55,2026-04-07 05:04:00,Pune,Shipped
O002077,C01587,P0783,1,7059.62,2026-05-20 03:47:00,Coimbatore,Processing
O002078,C02432,P0450,4,4833.69,2026-04-24 13:52:00,Hyderabad,Processing
O002079,C00826,P0135,4,9762.67,2026-05-16 17:07:00,Coimbatore,Processing
O002080,C01856,P0038,1,393.26,2026-06-14 21:37:00,Chennai,Processing
O002081,C01533,P0472,3,774.55,2026-02-10 06:43:00,Bengaluru,Delivered
O002082,C00997,P0800,2,9198.59,2026-06-27 23:43:00,Pune,Processing
O002083,C00082,P0648,1,6112.92,2026-02-15 07:46:00,Pune,Shipped
O002084,C00024,P0583,1,3175.91,2026-01-27 03:58:00,Delhi,Shipped
O002085,C02517,P0273,2,1379.91,2026-03-13 03:37:00,Mumbai,Processing
O002086,C02076,P0703,2,6202.03,2026-02-05 02:51:00,Bengaluru,Shipped
O002087,C01519,P0086,1,5641.27,2026-01-27 01:29:00,Mumbai,Delivered
O002088,C02475,P0718,3,3083.62,2026-01-13 13:14:00,Hyderabad,Returned
O002089,C02463,P0382,2,7873.11,2026-03-29 13:30:00,Kochi,Delivered
O002090,C01108,P0728,1,134.65,2026-01-07 18:43:00,Bengaluru,Delivered
O002091,C02767,P0309,3,2764.95,2026-02-03 21:55:00,Hyderabad,Returned
O002092,C01649,P0012,2,1540.01,2026-01-23 16:30:00,Pune,Processing
O002093,C02016,P0269,1,6799.54,2026-05-04 08:35:00,Coimbatore,Processing
O002094,C00569,P0178,3,5673.27,2026-06-05 21:07:00,Delhi,Processing
O002095,C02483,P0677,4,3602.54,2026-04-13 07:49:00,Chennai,Delivered
O002096,C00122,P0388,1,6275.81,2026-04-25 13:29:00,Kochi,Processing
O002097,C02839,P0085,4,7989.74,2026-03-25 23:10:00,Coimbatore,Returned
O002098,C00299,P0028,3,225.58,2026-02-02 21:10:00,Coimbatore,Processing
O002099,C01711,P0054,2,8384.65,2026-03-28 10:08:00,Kochi,Delivered
O002100,C02910,P0650,4,8079.24,2026-04-24 17:56:00,Mumbai,Processing
O002101,C00108,P0228,3,1293.81,2026-03-19 10:42:00,Kochi,Returned
O002102,C01413,P0477,1,4461.51,2026-05-23 21:26:00,Delhi,Returned
O002103,C00557,P0250,3,9100.39,2026-02-23 06:47:00,Kochi,Processing
O002104,C02198,P0009,3,3085.29,2026-01-23 03:55:00,Hyderabad,Shipped
O002105,C01065,P0476,1,867.09,2026-04-09 04:52:00,Bengaluru,Returned
O002106,C02558,P0764,3,9223.74,2026-02-14 00:50:00,Delhi,Processing
O002107,C02728,P0438,4,3327.19,2026-01-02 11:23:00,Bengaluru,Shipped
O002108,C02637,P0150,1,2899.96,2026-05-28 15:46:00,Pune,Processing
O002109,C01535,P0412,4,4018.41,2026-02-22 21:32:00,Mumbai,Shipped
O002110,C01675,P0381,1,4277.41,2026-02-10 17:57:00,Hyderabad,Returned
O002111,C01612,P0654,1,7103.27,2026-06-28 21:13:00,Bengaluru,Returned
O002112,C01693,P0732,1,5381.3,2026-02-26 17:17:00,Mumbai,Delivered
O002113,C00534,P0023,1,7075.84,2026-05-20 17:02:00,Mumbai,Processing
O002114,C00718,P0034,2,7586.4,2026-04-18 11:21:00,Coimbatore,Delivered
O002115,C02736,P0044,2,9529.55,2026-01-17 20:49:00,Hyderabad,Delivered
O002116,C01295,P0545,4,790.43,2026-05-23 18:58:00,Pune,Shipped
O002117,C02146,P0325,3,9797.44,2026-02-06 06:17:00,Bengaluru,Delivered
O002118,C02624,P0525,4,1451.9,2026-04-02 04:18:00,Kochi,Delivered
O002119,C02042,P0465,3,856.68,2026-05-14 13:17:00,Bengaluru,Delivered
O002120,C01449,P0185,4,5277.61,2026-03-01 16:12:00,Mumbai,Delivered
O002121,C02829,P0092,4,4028.26,2026-05-31 01:48:00,Mumbai,Returned
O002122,C01810,P0153,2,625.9,2026-02-14 22:23:00,Kochi,Processing
O002123,C02017,P0382,4,7873.11,2026-05-31 16:14:00,Chennai,Processing
O002124,C01043,P0570,1,1364.83,2026-05-14 12:18:00,Chennai,Shipped
O002125,C00739,P0769,4,4342.42,2026-01-23 20:31:00,Pune,Shipped
O002126,C00604,P0450,4,4833.69,2026-01-02 12:52:00,Kochi,Processing
O002127,C01777,P0490,2,1817.85,2026-06-30 21:07:00,Hyderabad,Returned
O002128,C00602,P0482,2,3807.98,2026-03-20 03:34:00,Mumbai,Returned
O002129,C02986,P0514,4,4318.77,2026-05-10 01:28:00,Delhi,Processing
O002130,C02158,P0173,4,8537.22,2026-05-11 23:16:00,Mumbai,Shipped
O002131,C02336,P0336,4,2292.06,2026-04-23 23:35:00,Pune,Shipped
O002132,C01215,P0711,1,1928.92,2026-06-05 12:12:00,Chennai,Processing
O002133,C02561,P0127,3,980.71,2026-05-02 02:22:00,Coimbatore,Returned
O002134,C00698,P0447,4,4600.17,2026-05-26 12:59:00,Bengaluru,Returned
O002135,C02189,P0180,2,6342.79,2026-04-03 16:34:00,Mumbai,Returned
O002136,C01426,P0784,3,2111.47,2026-03-28 02:15:00,Coimbatore,Processing
O002137,C01479,P0442,2,3354.53,2026-01-17 09:10:00,Hyderabad,Shipped
O002138,C02436,P0059,3,8701.51,2026-02-28 05:24:00,Delhi,Delivered
O002139,C02362,P0555,2,2733.2,2026-01-28 22:04:00,Delhi,Processing
O002140,C01019,P0703,1,6202.03,2026-03-25 22:41:00,Coimbatore,Returned
O002141,C01510,P0785,3,9579.4,2026-05-20 07:07:00,Delhi,Shipped
O002142,C02062,P0685,1,3601.0,2026-04-19 17:02:00,Chennai,Delivered
O002143,C00425,P0619,4,731.92,2026-03-14 05:55:00,Mumbai,Processing
O002144,C02103,P0085,4,7989.74,2026-06-09 15:54:00,Pune,Processing
O002145,C01685,P0683,4,8931.71,2026-06-21 16:11:00,Coimbatore,Delivered
O002146,C01852,P0796,3,4753.83,2026-02-02 10:14:00,Bengaluru,Delivered
O002147,C01872,P0629,3,6100.1,2026-05-13 12:50:00,Coimbatore,Delivered
O002148,C02682,P0253,2,933.38,2026-03-12 16:03:00,Chennai,Processing
O002149,C02723,P0682,3,4013.05,2026-01-11 01:39:00,Coimbatore,Processing
O002150,C00263,P0314,3,7849.53,2026-06-11 01:54:00,Hyderabad,Delivered
O002151,C01758,P0757,1,4855.21,2026-02-19 00:16:00,Pune,Returned
O002152,C02688,P0798,3,6080.32,2026-03-03 12:50:00,Bengaluru,Shipped
O002153,C02156,P0284,4,5700.06,2026-01-22 11:00:00,Delhi,Returned
O002154,C02234,P0328,4,9147.78,2026-06-04 06:35:00,Mumbai,Processing
O002155,C02576,P0032,3,5989.11,2026-05-22 13:25:00,Kochi,Shipped
O002156,C02910,P0556,3,1057.73,2026-01-19 06:49:00,Mumbai,Returned
O002157,C01813,P0017,4,9248.9,2026-01-08 07:48:00,Coimbatore,Shipped
O002158,C00359,P0053,3,707.1,2026-01-17 03:49:00,Coimbatore,Shipped
O002159,C02587,P0397,1,306.84,2026-04-21 23:39:00,Mumbai,Delivered
O002160,C01592,P0797,2,2938.01,2026-01-21 16:10:00,Pune,Returned
O002161,C01120,P0430,4,2345.57,2026-05-08 00:41:00,Coimbatore,Processing
O002162,C01223,P0510,2,1916.1,2026-01-01 11:44:00,Mumbai,Delivered
O002163,C00251,P0663,1,4847.59,2026-01-03 01:14:00,Chennai,Delivered
O002164,C02679,P0542,2,6397.18,2026-04-18 00:08:00,Pune,Returned
O002165,C00255,P0190,1,1226.96,2026-02-01 20:59:00,Kochi,Delivered
O002166,C02196,P0393,4,533.66,2026-01-02 20:42:00,Coimbatore,Delivered
O002167,C00222,P0597,3,3970.52,2026-02-11 08:23:00,Mumbai,Shipped
O002168,C02613,P0419,4,343.71,2026-02-27 09:34:00,Hyderabad,Processing
O002169,C01265,P0411,3,2150.28,2026-01-10 21:39:00,Delhi,Processing
O002170,C00137,P0793,4,3714.92,2026-06-01 23:13:00,Bengaluru,Processing
O002171,C02639,P0151,3,5217.03,2026-06-03 04:49:00,Chennai,Shipped
O002172,C00683,P0016,1,9025.44,2026-02-28 21:19:00,Kochi,Processing
O002173,C00107,P0134,4,4143.39,2026-04-16 08:56:00,Kochi,Shipped
O002174,C02326,P0352,2,3229.8,2026-02-08 12:28:00,Hyderabad,Returned
O002175,C02640,P0126,2,6217.24,2026-06-26 16:02:00,Delhi,Delivered
O002176,C01404,P0128,4,238.74,2026-05-03 10:26:00,Hyderabad,Processing
O002177,C02618,P0088,4,2657.13,2026-04-19 05:11:00,Coimbatore,Delivered
O002178,C02868,P0294,3,5075.12,2026-05-25 17:33:00,Pune,Processing
O002179,C02684,P0696,3,916.89,2026-05-03 22:02:00,Coimbatore,Delivered
O002180,C02624,P0437,2,4248.56,2026-04-18 03:20:00,Kochi,Returned
O002181,C01319,P0693,4,1638.87,2026-05-22 05:49:00,Bengaluru,Returned
O002182,C00263,P0548,3,1900.64,2026-06-21 03:59:00,Hyderabad,Processing
O002183,C02698,P0337,1,1994.97,2026-01-23 21:40:00,Hyderabad,Processing
O002184,C01865,P0344,1,2669.28,2026-01-04 09:37:00,Chennai,Delivered
O002185,C01988,P0097,2,1527.35,2026-06-14 07:45:00,Chennai,Returned
O002186,C02400,P0343,1,746.07,2026-01-27 21:44:00,Hyderabad,Shipped
O002187,C02564,P0540,4,6948.18,2026-06-29 02:39:00,Pune,Shipped
O002188,C02137,P0123,2,9485.28,2026-06-06 11:34:00,Hyderabad,Processing
O002189,C00147,P0459,1,4208.02,2026-04-18 00:58:00,Pune,Delivered
O002190,C00354,P0438,3,3327.19,2026-05-27 10:08:00,Hyderabad,Shipped
O002191,C02840,P0356,2,6296.35,2026-03-25 04:41:00,Coimbatore,Processing
O002192,C01843,P0243,1,1465.14,2026-06-06 10:15:00,Delhi,Shipped
O002193,C02900,P0030,4,4007.63,2026-04-02 21:17:00,Hyderabad,Processing
O002194,C02702,P0668,3,1829.66,2026-03-12 00:07:00,Delhi,Delivered
O002195,C02399,P0749,3,786.6,2026-05-24 20:41:00,Mumbai,Shipped
O002196,C02716,P0671,2,8333.09,2026-01-30 22:00:00,Kochi,Processing
O002197,C02373,P0314,4,7849.53,2026-02-18 00:23:00,Mumbai,Shipped
O002198,C02854,P0623,4,5792.3,2026-05-03 04:40:00,Pune,Processing
O002199,C02220,P0117,2,1196.2,2026-02-19 19:08:00,Kochi,Processing
O002200,C01237,P0250,1,9100.39,2026-01-09 06:05:00,Bengaluru,Returned
O002201,C02447,P0231,4,7092.41,2026-03-15 20:12:00,Bengaluru,Shipped
O002202,C01207,P0377,3,3179.76,2026-06-01 21:07:00,Coimbatore,Returned
O002203,C01833,P0013,3,3585.81,2026-03-23 09:54:00,Pune,Processing
O002204,C02185,P0196,2,4393.61,2026-02-09 08:13:00,Bengaluru,Processing
O002205,C02316,P0031,1,739.63,2026-04-25 01:08:00,Mumbai,Processing
O002206,C01251,P0497,2,1834.78,2026-05-15 04:55:00,Coimbatore,Returned
O002207,C02167,P0510,2,1916.1,2026-05-24 05:25:00,Bengaluru,Returned
O002208,C02378,P0362,4,945.79,2026-04-07 17:54:00,Hyderabad,Delivered
O002209,C02356,P0477,1,4461.51,2026-01-12 12:09:00,Pune,Delivered
O002210,C00947,P0710,1,4772.38,2026-03-20 14:54:00,Bengaluru,Shipped
O002211,C02560,P0596,2,3439.36,2026-02-22 21:24:00,Pune,Returned
O002212,C02761,P0761,2,1114.4,2026-03-09 12:13:00,Bengaluru,Returned
O002213,C00919,P0174,4,2919.87,2026-03-05 22:18:00,Coimbatore,Returned
O002214,C02151,P0154,3,1912.1,2026-05-09 09:48:00,Hyderabad,Delivered
O002215,C02621,P0109,3,8805.73,2026-04-06 16:37:00,Hyderabad,Processing
O002216,C02947,P0541,4,5901.19,2026-02-27 18:08:00,Hyderabad,Returned
O002217,C02155,P0559,1,3769.77,2026-04-04 01:39:00,Chennai,Returned
O002218,C01283,P0309,1,2764.95,2026-02-01 11:22:00,Pune,Shipped
O002219,C01895,P0301,1,5462.61,2026-05-15 15:00:00,Pune,Delivered
O002220,C02678,P0020,1,2220.31,2026-01-07 06:46:00,Mumbai,Delivered
O002221,C01006,P0054,3,8384.65,2026-06-18 04:33:00,Hyderabad,Returned
O002222,C00402,P0333,4,9722.19,2026-06-12 05:53:00,Delhi,Returned
O002223,C00528,P0228,3,1293.81,2026-06-09 10:26:00,Pune,Returned
O002224,C02857,P0798,2,6080.32,2026-04-19 01:16:00,Bengaluru,Delivered
O002225,C02490,P0152,3,7394.01,2026-06-14 23:52:00,Hyderabad,Processing
O002226,C01470,P0661,2,936.39,2026-05-10 02:24:00,Pune,Processing
O002227,C01654,P0771,1,3548.02,2026-04-30 05:43:00,Hyderabad,Returned
O002228,C00342,P0032,1,5989.11,2026-02-23 17:32:00,Bengaluru,Returned
O002229,C00513,P0800,1,9198.59,2026-05-05 23:01:00,Pune,Shipped
O002230,C02218,P0702,2,9903.95,2026-04-14 00:04:00,Pune,Returned
O002231,C01557,P0622,4,8024.08,2026-05-18 17:14:00,Pune,Processing
O002232,C01030,P0800,4,9198.59,2026-05-30 09:49:00,Chennai,Shipped
O002233,C01851,P0090,2,646.74,2026-02-20 04:34:00,Mumbai,Shipped
O002234,C01671,P0030,2,4007.63,2026-03-13 18:53:00,Coimbatore,Delivered
O002235,C00657,P0475,4,3011.03,2026-03-14 07:24:00,Delhi,Processing
O002236,C02780,P0523,3,4689.15,2026-04-09 19:28:00,Mumbai,Shipped
O002237,C00523,P0800,4,9198.59,2026-03-09 23:58:00,Chennai,Shipped
O002238,C01187,P0785,2,9579.4,2026-01-14 11:17:00,Pune,Delivered
O002239,C01173,P0167,1,3360.33,2026-05-30 00:10:00,Chennai,Processing
O002240,C02291,P0043,2,5469.14,2026-06-29 09:43:00,Hyderabad,Processing
O002241,C00803,P0059,4,8701.51,2026-03-01 12:43:00,Kochi,Delivered
O002242,C00736,P0623,4,5792.3,2026-05-26 05:53:00,Bengaluru,Processing
O002243,C02815,P0715,2,962.59,2026-04-20 02:19:00,Kochi,Returned
O002244,C00343,P0381,3,4277.41,2026-03-07 02:57:00,Chennai,Shipped
O002245,C00729,P0728,4,134.65,2026-01-09 01:52:00,Pune,Shipped
O002246,C00892,P0070,4,8064.57,2026-06-16 03:00:00,Mumbai,Shipped
O002247,C02370,P0618,2,4111.77,2026-02-23 05:17:00,Delhi,Shipped
O002248,C02790,P0601,4,5812.86,2026-03-13 23:07:00,Mumbai,Processing
O002249,C00389,P0337,2,1994.97,2026-02-07 15:56:00,Chennai,Returned
O002250,C02814,P0667,1,6112.0,2026-04-26 18:14:00,Coimbatore,Returned
O002251,C00031,P0440,4,9802.7,2026-06-28 13:46:00,Hyderabad,Processing
O002252,C02657,P0296,2,8312.94,2026-01-01 15:29:00,Coimbatore,Delivered
O002253,C02004,P0506,1,6514.66,2026-03-01 22:02:00,Bengaluru,Processing
O002254,C02346,P0691,2,7534.79,2026-03-02 08:25:00,Kochi,Delivered
O002255,C02242,P0180,3,6342.79,2026-01-30 03:01:00,Hyderabad,Returned
O002256,C02776,P0753,1,7657.11,2026-03-30 09:10:00,Kochi,Shipped
O002257,C00309,P0205,1,4275.6,2026-06-17 05:37:00,Mumbai,Returned
O002258,C01448,P0144,4,9682.77,2026-03-11 17:30:00,Hyderabad,Processing
O002259,C01646,P0405,4,2546.0,2026-03-20 13:11:00,Pune,Processing
O002260,C00099,P0351,3,2850.54,2026-04-26 10:41:00,Mumbai,Delivered
O002261,C01093,P0583,2,3175.91,2026-03-07 04:21:00,Bengaluru,Processing
O002262,C02054,P0284,2,5700.06,2026-06-12 10:53:00,Mumbai,Delivered
O002263,C01493,P0549,1,1936.82,2026-01-21 12:18:00,Kochi,Processing
O002264,C01087,P0585,4,7994.43,2026-06-26 12:45:00,Kochi,Delivered
O002265,C01214,P0704,4,4131.24,2026-04-05 07:21:00,Hyderabad,Processing
O002266,C01397,P0176,3,3653.54,2026-06-17 05:12:00,Bengaluru,Shipped
O002267,C02053,P0779,1,1467.39,2026-06-17 07:47:00,Delhi,Shipped
O002268,C00012,P0432,2,3471.53,2026-05-26 16:22:00,Kochi,Processing
O002269,C02298,P0794,1,222.53,2026-03-24 15:34:00,Chennai,Returned
O002270,C02607,P0709,4,104.31,2026-06-21 06:44:00,Hyderabad,Shipped
O002271,C01412,P0777,2,3589.83,2026-01-10 03:24:00,Pune,Returned
O002272,C00369,P0405,1,2546.0,2026-01-14 23:21:00,Coimbatore,Returned
O002273,C00821,P0444,1,8281.1,2026-02-11 17:41:00,Chennai,Returned
O002274,C02947,P0435,3,1474.61,2026-03-04 12:26:00,Hyderabad,Delivered
O002275,C02372,P0564,3,3746.46,2026-04-29 21:07:00,Mumbai,Delivered
O002276,C01815,P0674,2,9237.26,2026-01-21 09:03:00,Mumbai,Returned
O002277,C02195,P0571,2,1762.72,2026-06-12 08:02:00,Bengaluru,Processing
O002278,C00495,P0354,3,9782.15,2026-01-27 00:59:00,Coimbatore,Shipped
O002279,C01656,P0259,4,7345.66,2026-04-23 08:03:00,Kochi,Delivered
O002280,C02216,P0519,1,1759.88,2026-03-08 18:31:00,Hyderabad,Delivered
O002281,C00377,P0542,2,6397.18,2026-05-05 04:22:00,Delhi,Returned
O002282,C01138,P0713,4,3378.0,2026-01-04 01:24:00,Bengaluru,Delivered
O002283,C00500,P0773,1,8629.97,2026-04-04 14:51:00,Bengaluru,Returned
O002284,C02588,P0242,1,1599.95,2026-01-17 00:53:00,Chennai,Processing
O002285,C01517,P0558,3,7592.43,2026-04-27 23:58:00,Coimbatore,Shipped
O002286,C02809,P0618,2,4111.77,2026-05-13 03:27:00,Mumbai,Shipped
O002287,C00080,P0257,1,8913.16,2026-03-15 16:45:00,Chennai,Returned
O002288,C02387,P0396,4,2039.28,2026-03-12 18:42:00,Mumbai,Processing
O002289,C00357,P0442,3,3354.53,2026-06-07 03:37:00,Delhi,Delivered
O002290,C01228,P0117,3,1196.2,2026-02-13 19:35:00,Coimbatore,Returned
O002291,C00420,P0672,4,4881.93,2026-06-19 06:55:00,Delhi,Delivered
O002292,C00769,P0281,1,8900.67,2026-01-18 06:28:00,Coimbatore,Returned
O002293,C00030,P0332,2,8935.46,2026-01-19 21:43:00,Delhi,Delivered
O002294,C01683,P0752,1,3839.96,2026-05-04 07:42:00,Coimbatore,Processing
O002295,C01414,P0720,4,8925.71,2026-02-01 16:19:00,Chennai,Returned
O002296,C00642,P0453,1,5915.17,2026-04-20 13:02:00,Delhi,Processing
O002297,C00324,P0061,4,6610.9,2026-02-15 10:56:00,Coimbatore,Processing
O002298,C01047,P0201,3,236.37,2026-03-10 15:31:00,Hyderabad,Returned
O002299,C02188,P0143,1,3093.82,2026-05-09 20:22:00,Coimbatore,Shipped
O002300,C00635,P0507,3,8483.65,2026-05-28 11:52:00,Coimbatore,Returned
O002301,C01605,P0110,2,8676.8,2026-05-08 22:51:00,Kochi,Processing
O002302,C00434,P0018,3,7010.52,2026-05-22 04:15:00,Hyderabad,Delivered
O002303,C02037,P0174,1,2919.87,2026-06-24 08:09:00,Delhi,Returned
O002304,C02931,P0284,4,5700.06,2026-04-01 23:56:00,Mumbai,Returned
O002305,C00277,P0408,1,5035.02,2026-04-03 04:46:00,Bengaluru,Returned
O002306,C00777,P0178,4,5673.27,2026-03-30 10:35:00,Mumbai,Shipped
O002307,C01253,P0333,4,9722.19,2026-05-04 18:57:00,Mumbai,Delivered
O002308,C01308,P0122,2,8775.26,2026-04-21 22:25:00,Kochi,Delivered
O002309,C01216,P0502,4,692.24,2026-05-25 21:11:00,Delhi,Shipped
O002310,C02107,P0345,2,1998.33,2026-05-27 16:32:00,Mumbai,Processing
O002311,C02454,P0459,1,4208.02,2026-06-25 13:46:00,Pune,Returned
O002312,C02340,P0331,1,7893.32,2026-03-14 10:17:00,Kochi,Processing
O002313,C00070,P0362,2,945.79,2026-02-15 06:41:00,Hyderabad,Delivered
O002314,C01078,P0153,1,625.9,2026-03-07 05:25:00,Hyderabad,Returned
O002315,C00526,P0271,3,9964.47,2026-05-10 19:15:00,Coimbatore,Delivered
O002316,C02464,P0369,4,4587.77,2026-03-24 10:13:00,Delhi,Processing
O002317,C02221,P0696,2,916.89,2026-05-04 07:24:00,Hyderabad,Returned
O002318,C00756,P0719,1,532.73,2026-03-08 03:54:00,Pune,Returned
O002319,C02404,P0520,2,7626.21,2026-06-05 23:43:00,Chennai,Processing
O002320,C01091,P0172,1,9652.99,2026-05-15 10:55:00,Kochi,Delivered
O002321,C02151,P0297,1,8087.52,2026-01-03 13:13:00,Hyderabad,Delivered
O002322,C02017,P0405,1,2546.0,2026-05-15 16:52:00,Chennai,Returned
O002323,C01098,P0130,1,7163.28,2026-05-11 04:21:00,Pune,Shipped
O002324,C02592,P0221,1,6255.24,2026-01-08 22:59:00,Mumbai,Shipped
O002325,C00896,P0481,2,580.78,2026-05-14 10:59:00,Chennai,Shipped
O002326,C02462,P0572,2,6659.16,2026-03-23 16:51:00,Kochi,Delivered
O002327,C02922,P0146,4,8790.18,2026-06-23 16:56:00,Pune,Shipped
O002328,C02219,P0069,2,2943.82,2026-04-01 16:42:00,Mumbai,Delivered
O002329,C01854,P0369,4,4587.77,2026-03-01 04:11:00,Hyderabad,Returned
O002330,C00986,P0337,4,1994.97,2026-02-28 20:46:00,Kochi,Returned
O002331,C01567,P0552,1,947.5,2026-02-26 13:24:00,Chennai,Delivered
O002332,C01152,P0540,2,6948.18,2026-06-07 13:57:00,Pune,Shipped
O002333,C02396,P0164,2,5943.35,2026-02-23 14:03:00,Kochi,Delivered
O002334,C01377,P0601,4,5812.86,2026-01-28 16:14:00,Kochi,Shipped
O002335,C00210,P0011,2,1928.34,2026-01-08 21:28:00,Coimbatore,Processing
O002336,C01265,P0389,3,8090.99,2026-01-21 10:58:00,Delhi,Returned
O002337,C02375,P0562,4,4622.5,2026-03-20 17:47:00,Kochi,Shipped
O002338,C02238,P0673,4,7405.45,2026-03-23 21:58:00,Pune,Shipped
O002339,C02799,P0701,2,1291.57,2026-01-25 18:38:00,Chennai,Shipped
O002340,C02534,P0688,1,7463.85,2026-02-03 02:57:00,Hyderabad,Processing
O002341,C02016,P0724,2,548.91,2026-06-13 05:16:00,Coimbatore,Delivered
O002342,C00857,P0548,4,1900.64,2026-01-26 12:53:00,Delhi,Shipped
O002343,C02062,P0146,4,8790.18,2026-05-31 09:51:00,Chennai,Returned
O002344,C00357,P0239,1,8363.65,2026-01-04 20:15:00,Delhi,Shipped
O002345,C01207,P0061,1,6610.9,2026-04-15 03:15:00,Coimbatore,Delivered
O002346,C01024,P0194,4,3478.21,2026-02-14 19:00:00,Delhi,Processing
O002347,C02629,P0490,1,1817.85,2026-01-27 12:43:00,Delhi,Returned
O002348,C00443,P0484,4,8222.21,2026-03-31 05:26:00,Delhi,Returned
O002349,C00983,P0669,1,9528.59,2026-02-12 22:53:00,Bengaluru,Returned
O002350,C02517,P0431,1,5205.67,2026-02-22 04:43:00,Mumbai,Returned
O002351,C00857,P0738,4,9853.09,2026-04-22 13:07:00,Delhi,Shipped
O002352,C00085,P0590,1,3157.03,2026-02-22 15:35:00,Hyderabad,Processing
O002353,C00651,P0069,2,2943.82,2026-05-31 23:19:00,Chennai,Delivered
O002354,C01811,P0673,3,7405.45,2026-06-20 12:54:00,Chennai,Returned
O002355,C01389,P0219,1,1397.47,2026-06-24 18:12:00,Bengaluru,Shipped
O002356,C02842,P0134,1,4143.39,2026-03-12 16:51:00,Chennai,Shipped
O002357,C00390,P0023,2,7075.84,2026-03-09 19:39:00,Bengaluru,Delivered
O002358,C01146,P0458,2,3532.14,2026-03-13 03:22:00,Kochi,Shipped
O002359,C00887,P0657,3,9529.9,2026-04-18 15:57:00,Pune,Shipped
O002360,C01942,P0032,1,5989.11,2026-06-15 20:04:00,Chennai,Delivered
O002361,C01109,P0112,4,8260.57,2026-02-27 09:26:00,Kochi,Shipped
O002362,C00709,P0479,2,6996.75,2026-01-13 17:36:00,Kochi,Processing
O002363,C02812,P0551,1,8695.78,2026-06-07 00:52:00,Chennai,Delivered
O002364,C00307,P0370,4,3461.2,2026-03-14 22:36:00,Coimbatore,Returned
O002365,C00522,P0136,1,9081.55,2026-04-15 18:18:00,Delhi,Returned
O002366,C01002,P0493,4,534.0,2026-03-12 08:08:00,Mumbai,Processing
O002367,C01526,P0066,2,5076.41,2026-03-05 12:12:00,Pune,Shipped
O002368,C00253,P0661,2,936.39,2026-05-27 21:36:00,Mumbai,Delivered
O002369,C01615,P0072,4,4327.35,2026-04-05 03:36:00,Delhi,Processing
O002370,C01897,P0072,3,4327.35,2026-05-06 15:03:00,Delhi,Shipped
O002371,C02748,P0249,3,4250.12,2026-02-23 23:21:00,Chennai,Returned
O002372,C02563,P0403,4,9771.12,2026-03-14 14:57:00,Coimbatore,Processing
O002373,C01767,P0648,3,6112.92,2026-06-16 00:15:00,Hyderabad,Shipped
O002374,C01468,P0247,1,4396.32,2026-03-10 13:04:00,Hyderabad,Delivered
O002375,C00419,P0720,3,8925.71,2026-06-27 04:35:00,Bengaluru,Returned
O002376,C01431,P0416,1,4705.01,2026-06-09 13:24:00,Delhi,Delivered
O002377,C00152,P0253,4,933.38,2026-04-03 23:41:00,Chennai,Processing
O002378,C02492,P0419,2,343.71,2026-06-28 21:14:00,Coimbatore,Returned
O002379,C00542,P0239,2,8363.65,2026-05-31 21:19:00,Coimbatore,Delivered
O002380,C01064,P0623,3,5792.3,2026-06-27 16:33:00,Bengaluru,Returned
O002381,C02657,P0242,3,1599.95,2026-02-25 08:27:00,Coimbatore,Returned
O002382,C00713,P0072,2,4327.35,2026-04-16 07:31:00,Bengaluru,Delivered
O002383,C00482,P0447,2,4600.17,2026-04-24 22:45:00,Delhi,Returned
O002384,C00253,P0661,4,936.39,2026-01-31 20:56:00,Mumbai,Returned
O002385,C02981,P0548,1,1900.64,2026-06-14 02:44:00,Delhi,Returned
O002386,C00271,P0692,4,1400.03,2026-04-09 22:20:00,Kochi,Shipped
O002387,C02662,P0274,1,6974.26,2026-01-15 11:15:00,Bengaluru,Processing
O002388,C01997,P0392,2,1508.78,2026-03-09 04:22:00,Kochi,Returned
O002389,C00540,P0281,1,8900.67,2026-06-13 22:11:00,Pune,Returned
O002390,C02100,P0769,3,4342.42,2026-02-15 21:37:00,Delhi,Returned
O002391,C01878,P0122,1,8775.26,2026-02-19 14:59:00,Chennai,Processing
O002392,C01252,P0410,4,4789.21,2026-04-23 03:50:00,Bengaluru,Processing
O002393,C01692,P0227,3,3442.57,2026-05-17 19:36:00,Bengaluru,Shipped
O002394,C00342,P0385,4,4244.08,2026-03-22 20:24:00,Bengaluru,Delivered
O002395,C02102,P0513,4,5966.04,2026-06-26 00:26:00,Pune,Delivered
O002396,C01511,P0160,1,5876.12,2026-05-16 18:58:00,Mumbai,Shipped
O002397,C00455,P0572,4,6659.16,2026-01-12 05:42:00,Coimbatore,Processing
O002398,C00966,P0256,3,5260.23,2026-03-16 02:21:00,Kochi,Delivered
O002399,C00704,P0002,2,1803.85,2026-01-09 02:30:00,Kochi,Shipped
O002400,C00552,P0577,1,994.37,2026-04-16 00:50:00,Mumbai,Shipped
O002401,C02161,P0153,2,625.9,2026-04-28 00:03:00,Kochi,Returned
O002402,C01715,P0179,2,8127.84,2026-03-03 05:04:00,Pune,Shipped
O002403,C02724,P0228,1,1293.81,2026-01-04 05:13:00,Pune,Shipped
O002404,C02224,P0175,3,4958.37,2026-02-11 04:05:00,Coimbatore,Shipped
O002405,C00035,P0275,1,7489.31,2026-04-10 04:42:00,Chennai,Shipped
O002406,C00385,P0278,4,1264.65,2026-03-19 18:01:00,Delhi,Returned
O002407,C00089,P0045,4,3896.94,2026-03-10 20:12:00,Kochi,Shipped
O002408,C01857,P0257,4,8913.16,2026-06-05 00:51:00,Bengaluru,Shipped
O002409,C00064,P0607,2,1260.73,2026-04-29 13:41:00,Pune,Delivered
O002410,C01292,P0275,1,7489.31,2026-06-22 19:02:00,Bengaluru,Shipped
O002411,C02606,P0017,2,9248.9,2026-04-21 21:12:00,Hyderabad,Shipped
O002412,C02258,P0469,2,7483.98,2026-06-24 21:06:00,Bengaluru,Returned
O002413,C01358,P0166,2,6319.73,2026-05-28 17:56:00,Delhi,Shipped
O002414,C02007,P0715,3,962.59,2026-03-22 07:42:00,Kochi,Returned
O002415,C00215,P0273,1,1379.91,2026-02-17 13:07:00,Chennai,Processing
O002416,C02512,P0772,1,6650.14,2026-05-18 11:44:00,Hyderabad,Returned
O002417,C00813,P0300,2,3880.91,2026-06-15 00:19:00,Pune,Returned
O002418,C02551,P0340,2,2040.26,2026-01-31 04:58:00,Mumbai,Processing
O002419,C00979,P0531,2,9574.26,2026-04-26 20:46:00,Mumbai,Delivered
O002420,C02583,P0400,3,8795.04,2026-03-19 11:30:00,Kochi,Returned
O002421,C01080,P0244,3,8989.85,2026-03-11 04:01:00,Hyderabad,Shipped
O002422,C00956,P0139,4,7112.69,2026-04-08 02:27:00,Coimbatore,Returned
O002423,C01507,P0188,2,6641.47,2026-02-27 01:05:00,Bengaluru,Delivered
O002424,C02741,P0612,4,3735.5,2026-02-25 23:22:00,Coimbatore,Shipped
O002425,C02606,P0722,3,4878.92,2026-06-07 10:12:00,Hyderabad,Processing
O002426,C00062,P0149,3,8728.63,2026-04-02 05:02:00,Pune,Processing
O002427,C02688,P0150,1,2899.96,2026-04-01 05:40:00,Bengaluru,Returned
O002428,C02015,P0700,2,1966.82,2026-05-13 22:07:00,Chennai,Delivered
O002429,C01850,P0661,4,936.39,2026-01-30 08:29:00,Bengaluru,Delivered
O002430,C02839,P0648,4,6112.92,2026-06-29 13:05:00,Coimbatore,Shipped
O002431,C02720,P0676,3,157.32,2026-03-16 01:25:00,Kochi,Delivered
O002432,C00564,P0176,1,3653.54,2026-06-30 05:24:00,Hyderabad,Returned
O002433,C01868,P0789,4,1259.63,2026-05-30 12:16:00,Delhi,Delivered
O002434,C01955,P0161,1,4221.55,2026-03-22 16:41:00,Hyderabad,Delivered
O002435,C00655,P0729,4,8802.63,2026-02-18 21:36:00,Mumbai,Delivered
O002436,C02786,P0790,2,6990.61,2026-05-13 06:15:00,Bengaluru,Delivered
O002437,C00035,P0056,1,4337.67,2026-02-25 20:03:00,Chennai,Delivered
O002438,C00449,P0092,1,4028.26,2026-05-24 01:40:00,Coimbatore,Delivered
O002439,C00711,P0581,2,7430.75,2026-01-29 00:07:00,Pune,Shipped
O002440,C02171,P0557,4,6068.55,2026-05-11 03:35:00,Coimbatore,Processing
O002441,C01190,P0118,1,8483.91,2026-04-30 17:11:00,Coimbatore,Shipped
O002442,C01504,P0436,3,5047.02,2026-01-15 02:40:00,Chennai,Returned
O002443,C01153,P0181,2,9734.39,2026-06-02 12:07:00,Chennai,Processing
O002444,C00910,P0378,4,4747.29,2026-01-13 19:28:00,Coimbatore,Returned
O002445,C00366,P0596,3,3439.36,2026-06-19 10:19:00,Coimbatore,Shipped
O002446,C02908,P0180,1,6342.79,2026-04-03 18:44:00,Coimbatore,Shipped
O002447,C02903,P0142,2,152.07,2026-05-01 02:08:00,Delhi,Processing
O002448,C01975,P0543,3,7511.43,2026-03-21 08:41:00,Bengaluru,Returned
O002449,C00744,P0220,3,8346.5,2026-02-08 09:56:00,Pune,Returned
O002450,C00238,P0415,3,5235.33,2026-05-05 06:11:00,Chennai,Processing
O002451,C01094,P0523,2,4689.15,2026-02-17 00:48:00,Mumbai,Delivered
O002452,C00437,P0015,3,5334.5,2026-02-27 03:20:00,Bengaluru,Delivered
O002453,C01778,P0070,1,8064.57,2026-06-04 15:04:00,Chennai,Delivered
O002454,C01765,P0756,4,8540.93,2026-06-16 01:32:00,Delhi,Processing
O002455,C01001,P0737,1,4141.59,2026-02-11 09:19:00,Hyderabad,Delivered
O002456,C00883,P0631,3,1960.93,2026-01-09 17:11:00,Pune,Delivered
O002457,C01093,P0380,2,666.44,2026-02-22 07:31:00,Bengaluru,Processing
O002458,C01162,P0512,1,9387.92,2026-04-02 04:07:00,Bengaluru,Delivered
O002459,C00962,P0769,3,4342.42,2026-02-15 23:23:00,Chennai,Delivered
O002460,C00344,P0371,3,5918.35,2026-04-24 08:13:00,Coimbatore,Delivered
O002461,C00916,P0334,4,3927.84,2026-05-29 22:17:00,Coimbatore,Delivered
O002462,C01416,P0736,3,3312.16,2026-05-07 05:06:00,Hyderabad,Returned
O002463,C02254,P0397,3,306.84,2026-06-15 03:23:00,Chennai,Delivered
O002464,C00522,P0434,2,4553.72,2026-04-10 03:55:00,Delhi,Shipped
O002465,C00584,P0404,3,8557.91,2026-03-01 21:36:00,Mumbai,Processing
O002466,C00486,P0680,1,4165.12,2026-04-29 22:53:00,Bengaluru,Shipped
O002467,C02351,P0720,3,8925.71,2026-05-25 07:49:00,Pune,Shipped
O002468,C01477,P0607,3,1260.73,2026-03-10 00:57:00,Pune,Processing
O002469,C01311,P0746,3,4646.96,2026-06-11 13:10:00,Bengaluru,Shipped
O002470,C00574,P0703,1,6202.03,2026-05-22 06:13:00,Kochi,Returned
O002471,C00041,P0022,4,1191.13,2026-02-05 14:39:00,Coimbatore,Returned
O002472,C00176,P0098,3,4449.81,2026-03-18 16:06:00,Chennai,Returned
O002473,C02620,P0039,4,6812.26,2026-05-07 20:31:00,Pune,Returned
O002474,C00645,P0701,4,1291.57,2026-05-08 09:56:00,Pune,Shipped
O002475,C00812,P0238,3,4446.17,2026-02-09 10:55:00,Pune,Delivered
O002476,C02337,P0315,4,7841.03,2026-06-27 05:31:00,Mumbai,Processing
O002477,C01453,P0171,3,1015.26,2026-05-23 01:00:00,Delhi,Shipped
O002478,C00464,P0721,3,4538.97,2026-02-26 20:37:00,Kochi,Processing
O002479,C00266,P0221,2,6255.24,2026-01-19 07:14:00,Coimbatore,Processing
O002480,C00274,P0133,3,7293.41,2026-05-10 11:23:00,Delhi,Returned
O002481,C00312,P0347,4,6444.57,2026-03-10 08:00:00,Mumbai,Delivered
O002482,C00760,P0622,4,8024.08,2026-02-02 02:40:00,Delhi,Returned
O002483,C02817,P0793,2,3714.92,2026-01-27 10:11:00,Mumbai,Processing
O002484,C00742,P0463,4,7009.64,2026-06-16 12:32:00,Coimbatore,Processing
O002485,C01326,P0191,4,8443.81,2026-04-11 00:06:00,Coimbatore,Delivered
O002486,C02811,P0584,3,8485.47,2026-04-13 23:41:00,Coimbatore,Delivered
O002487,C01736,P0124,1,9076.76,2026-05-18 03:54:00,Kochi,Delivered
O002488,C01220,P0497,3,1834.78,2026-02-10 12:06:00,Bengaluru,Processing
O002489,C02236,P0655,4,7096.19,2026-01-31 22:00:00,Mumbai,Processing
O002490,C02173,P0043,3,5469.14,2026-03-25 03:47:00,Hyderabad,Delivered
O002491,C02593,P0051,1,3973.71,2026-02-19 00:30:00,Delhi,Returned
O002492,C00475,P0704,3,4131.24,2026-03-17 16:19:00,Bengaluru,Delivered
O002493,C01308,P0063,4,9858.07,2026-05-18 15:52:00,Kochi,Delivered
O002494,C02568,P0254,4,7277.48,2026-01-27 07:01:00,Kochi,Delivered
O002495,C02400,P0091,3,8684.0,2026-06-13 04:33:00,Hyderabad,Returned
O002496,C00183,P0079,1,3705.32,2026-02-20 14:17:00,Delhi,Returned
O002497,C00038,P0442,4,3354.53,2026-02-23 05:11:00,Bengaluru,Returned
O002498,C02146,P0635,1,4059.59,2026-03-31 19:56:00,Bengaluru,Processing
O002499,C02750,P0730,3,3102.76,2026-04-20 02:05:00,Coimbatore,Returned
O002500,C02601,P0586,3,1154.2,2026-03-24 22:10:00,Chennai,Delivered
O002501,C00728,P0339,3,2878.49,2026-02-16 16:10:00,Pune,Processing
O002502,C00242,P0682,1,4013.05,2026-01-27 12:50:00,Delhi,Delivered
O002503,C00808,P0345,4,1998.33,2026-03-07 09:31:00,Bengaluru,Shipped
O002504,C00271,P0783,4,7059.62,2026-02-12 07:32:00,Kochi,Delivered
O002505,C01017,P0027,1,8581.06,2026-01-08 10:30:00,Chennai,Processing
O002506,C02660,P0795,2,4749.67,2026-01-12 17:58:00,Mumbai,Shipped
O002507,C01281,P0208,1,2092.25,2026-06-08 12:55:00,Kochi,Shipped
O002508,C00359,P0069,3,2943.82,2026-06-01 13:51:00,Coimbatore,Shipped
O002509,C02085,P0706,4,6473.34,2026-05-07 13:55:00,Kochi,Processing
O002510,C01124,P0272,1,1528.03,2026-06-18 05:07:00,Bengaluru,Delivered
O002511,C00274,P0610,4,6910.04,2026-01-14 13:02:00,Delhi,Shipped
O002512,C02563,P0148,1,1255.74,2026-05-08 18:31:00,Coimbatore,Processing
O002513,C01691,P0130,1,7163.28,2026-02-20 05:09:00,Delhi,Delivered
O002514,C02952,P0008,2,4742.92,2026-06-19 19:28:00,Chennai,Delivered
O002515,C02556,P0164,1,5943.35,2026-03-27 10:33:00,Coimbatore,Shipped
O002516,C02493,P0361,3,7663.58,2026-06-29 05:12:00,Chennai,Shipped
O002517,C02397,P0794,1,222.53,2026-01-29 04:51:00,Delhi,Delivered
O002518,C01374,P0034,4,7586.4,2026-01-04 02:55:00,Chennai,Shipped
O002519,C01070,P0701,3,1291.57,2026-02-08 23:59:00,Kochi,Shipped
O002520,C00030,P0407,2,1756.59,2026-03-23 14:10:00,Delhi,Returned
O002521,C00735,P0241,2,7179.48,2026-06-02 04:11:00,Pune,Returned
O002522,C00673,P0106,2,176.87,2026-02-17 01:47:00,Delhi,Processing
O002523,C01255,P0339,1,2878.49,2026-06-08 06:39:00,Delhi,Processing
O002524,C01544,P0235,4,1653.62,2026-05-27 03:36:00,Hyderabad,Processing
O002525,C00227,P0564,2,3746.46,2026-01-08 13:23:00,Pune,Returned
O002526,C01625,P0382,2,7873.11,2026-01-06 00:55:00,Mumbai,Delivered
O002527,C02082,P0254,4,7277.48,2026-03-23 21:53:00,Coimbatore,Processing
O002528,C01841,P0426,4,9983.21,2026-01-21 07:59:00,Pune,Processing
O002529,C02280,P0187,2,5154.45,2026-03-01 06:35:00,Pune,Processing
O002530,C00964,P0277,1,3757.9,2026-06-27 08:34:00,Delhi,Returned
O002531,C01262,P0093,2,5751.64,2026-05-05 04:32:00,Coimbatore,Delivered
O002532,C00331,P0356,2,6296.35,2026-06-04 12:10:00,Hyderabad,Processing
O002533,C01191,P0101,1,8805.39,2026-04-19 04:00:00,Kochi,Delivered
O002534,C00614,P0082,3,2741.65,2026-02-07 10:52:00,Hyderabad,Returned
O002535,C00369,P0658,4,6391.79,2026-02-14 08:14:00,Coimbatore,Shipped
O002536,C01650,P0651,4,4819.93,2026-02-06 12:32:00,Chennai,Delivered
O002537,C01917,P0198,4,6947.88,2026-02-06 16:10:00,Mumbai,Returned
O002538,C02463,P0685,1,3601.0,2026-04-01 12:20:00,Kochi,Processing
O002539,C00046,P0616,3,3900.2,2026-06-18 17:39:00,Hyderabad,Shipped
O002540,C00062,P0111,2,9271.32,2026-03-10 10:34:00,Pune,Returned
O002541,C01093,P0610,2,6910.04,2026-01-15 15:22:00,Bengaluru,Processing
O002542,C02057,P0610,2,6910.04,2026-01-13 20:40:00,Mumbai,Returned
O002543,C02646,P0793,4,3714.92,2026-05-09 02:32:00,Delhi,Shipped
O002544,C02100,P0480,1,6933.43,2026-01-18 21:54:00,Delhi,Shipped
O002545,C01661,P0151,3,5217.03,2026-01-23 20:45:00,Chennai,Delivered
O002546,C00696,P0430,3,2345.57,2026-03-19 04:51:00,Bengaluru,Delivered
O002547,C00711,P0380,1,666.44,2026-02-21 01:16:00,Pune,Returned
O002548,C01382,P0754,4,7723.16,2026-01-27 04:56:00,Hyderabad,Returned
O002549,C02944,P0363,2,3200.47,2026-02-25 22:40:00,Kochi,Processing
O002550,C00082,P0519,1,1759.88,2026-01-19 06:42:00,Pune,Returned
O002551,C01264,P0058,3,6515.02,2026-05-07 08:49:00,Mumbai,Shipped
O002552,C01133,P0123,2,9485.28,2026-03-28 08:57:00,Kochi,Shipped
O002553,C00407,P0465,1,856.68,2026-03-17 10:54:00,Pune,Returned
O002554,C02391,P0404,2,8557.91,2026-02-13 19:17:00,Pune,Returned
O002555,C01460,P0161,3,4221.55,2026-05-02 21:45:00,Pune,Delivered
O002556,C02808,P0493,2,534.0,2026-01-30 16:02:00,Mumbai,Returned
O002557,C02609,P0609,3,1275.15,2026-06-09 01:55:00,Kochi,Processing
O002558,C00188,P0232,3,9748.13,2026-03-10 07:35:00,Bengaluru,Delivered
O002559,C02500,P0659,4,7727.73,2026-03-18 01:55:00,Pune,Returned
O002560,C02643,P0254,3,7277.48,2026-06-08 01:42:00,Chennai,Returned
O002561,C00172,P0002,4,1803.85,2026-03-15 02:06:00,Kochi,Returned
O002562,C00982,P0251,4,7031.92,2026-02-25 11:08:00,Mumbai,Delivered
O002563,C00101,P0796,1,4753.83,2026-05-29 06:49:00,Chennai,Shipped
O002564,C02134,P0092,4,4028.26,2026-06-27 17:31:00,Delhi,Shipped
O002565,C02385,P0684,3,9893.76,2026-05-28 02:14:00,Hyderabad,Processing
O002566,C01572,P0708,2,3265.42,2026-04-11 12:50:00,Coimbatore,Returned
O002567,C02390,P0237,1,3411.61,2026-06-23 18:40:00,Hyderabad,Delivered
O002568,C02387,P0044,1,9529.55,2026-05-09 23:52:00,Mumbai,Delivered
O002569,C00960,P0489,2,2399.84,2026-01-25 17:43:00,Chennai,Processing
O002570,C01115,P0127,1,980.71,2026-06-07 16:42:00,Delhi,Shipped
O002571,C02153,P0285,4,8360.15,2026-01-09 15:25:00,Chennai,Delivered
O002572,C01994,P0466,3,4158.95,2026-03-16 12:29:00,Delhi,Delivered
O002573,C02611,P0497,3,1834.78,2026-04-12 17:10:00,Hyderabad,Returned
O002574,C00109,P0562,3,4622.5,2026-05-06 16:56:00,Coimbatore,Delivered
O002575,C02925,P0800,1,9198.59,2026-01-23 21:30:00,Delhi,Shipped
O002576,C02846,P0574,3,9933.28,2026-05-28 15:10:00,Chennai,Returned
O002577,C02370,P0074,1,2079.76,2026-03-05 21:15:00,Delhi,Shipped
O002578,C00482,P0066,4,5076.41,2026-01-15 11:06:00,Delhi,Processing
O002579,C01542,P0399,4,2476.48,2026-01-28 08:49:00,Hyderabad,Returned
O002580,C01869,P0593,2,1610.75,2026-05-11 19:49:00,Bengaluru,Shipped
O002581,C02441,P0401,3,8837.96,2026-05-15 03:09:00,Chennai,Shipped
O002582,C01014,P0683,3,8931.71,2026-02-02 20:07:00,Mumbai,Processing
O002583,C01142,P0756,1,8540.93,2026-06-11 22:34:00,Bengaluru,Delivered
O002584,C01190,P0358,3,8420.03,2026-03-01 00:56:00,Coimbatore,Processing
O002585,C00446,P0138,3,9745.55,2026-03-03 02:54:00,Kochi,Returned
O002586,C01679,P0766,3,9568.02,2026-01-30 19:03:00,Delhi,Processing
O002587,C00812,P0026,4,5582.77,2026-06-19 08:54:00,Pune,Delivered
O002588,C02370,P0143,1,3093.82,2026-04-21 17:16:00,Delhi,Returned
O002589,C02616,P0572,2,6659.16,2026-02-24 06:22:00,Kochi,Returned
O002590,C00502,P0162,1,6800.39,2026-01-06 07:41:00,Chennai,Processing
O002591,C02517,P0521,3,4330.23,2026-05-02 04:25:00,Mumbai,Delivered
O002592,C01520,P0340,1,2040.26,2026-03-24 22:41:00,Delhi,Shipped
O002593,C02411,P0108,2,8607.23,2026-04-15 23:50:00,Mumbai,Shipped
O002594,C02881,P0219,1,1397.47,2026-05-18 02:44:00,Hyderabad,Returned
O002595,C02910,P0145,4,2675.89,2026-01-05 16:25:00,Mumbai,Returned
O002596,C00514,P0091,3,8684.0,2026-02-02 01:42:00,Pune,Processing
O002597,C00312,P0265,3,3344.68,2026-04-11 18:30:00,Mumbai,Shipped
O002598,C02657,P0745,1,9030.46,2026-05-01 05:16:00,Coimbatore,Returned
O002599,C02437,P0696,3,916.89,2026-05-27 23:36:00,Coimbatore,Processing
O002600,C00228,P0645,1,9521.65,2026-05-13 21:05:00,Bengaluru,Shipped
O002601,C01738,P0395,2,3463.19,2026-05-28 07:47:00,Kochi,Returned
O002602,C01032,P0461,1,3995.16,2026-05-10 22:20:00,Delhi,Returned
O002603,C01679,P0377,1,3179.76,2026-01-08 05:37:00,Delhi,Shipped
O002604,C01401,P0597,4,3970.52,2026-01-07 07:37:00,Mumbai,Processing
O002605,C00786,P0605,3,6825.51,2026-04-06 07:14:00,Coimbatore,Processing
O002606,C01946,P0121,4,934.55,2026-01-16 16:23:00,Hyderabad,Returned
O002607,C01948,P0403,2,9771.12,2026-04-18 18:51:00,Bengaluru,Delivered
O002608,C01468,P0615,2,6966.89,2026-01-12 20:00:00,Hyderabad,Processing
O002609,C02862,P0386,2,8772.44,2026-03-14 16:47:00,Pune,Returned
O002610,C01055,P0479,1,6996.75,2026-03-30 10:13:00,Kochi,Returned
O002611,C02563,P0201,2,236.37,2026-03-19 23:12:00,Coimbatore,Processing
O002612,C00504,P0736,1,3312.16,2026-01-23 06:02:00,Hyderabad,Delivered
O002613,C02375,P0183,1,4734.37,2026-03-19 06:51:00,Kochi,Processing
O002614,C00222,P0150,4,2899.96,2026-03-08 17:06:00,Mumbai,Delivered
O002615,C01375,P0070,3,8064.57,2026-06-04 15:37:00,Delhi,Shipped
O002616,C01422,P0059,4,8701.51,2026-03-22 04:39:00,Kochi,Shipped
O002617,C00323,P0467,2,5109.04,2026-04-18 21:29:00,Delhi,Delivered
O002618,C01524,P0476,1,867.09,2026-06-17 01:50:00,Delhi,Returned
O002619,C00018,P0469,2,7483.98,2026-02-22 17:46:00,Delhi,Delivered
O002620,C02306,P0440,4,9802.7,2026-03-02 06:46:00,Delhi,Shipped
O002621,C01979,P0520,1,7626.21,2026-06-25 15:05:00,Chennai,Shipped
O002622,C01385,P0202,2,8603.22,2026-05-23 18:21:00,Pune,Delivered
O002623,C00393,P0365,2,6145.31,2026-04-21 20:20:00,Coimbatore,Shipped
O002624,C02044,P0518,1,891.16,2026-06-30 00:50:00,Mumbai,Delivered
O002625,C00861,P0184,4,1570.2,2026-04-26 00:32:00,Chennai,Processing
O002626,C00275,P0227,2,3442.57,2026-03-16 12:06:00,Chennai,Processing
O002627,C01670,P0065,2,6938.55,2026-05-16 17:30:00,Hyderabad,Shipped
O002628,C02065,P0183,4,4734.37,2026-06-23 03:55:00,Delhi,Delivered
O002629,C01899,P0380,3,666.44,2026-03-09 23:34:00,Kochi,Delivered
O002630,C00310,P0119,1,4834.82,2026-06-07 19:04:00,Mumbai,Delivered
O002631,C01788,P0420,1,6488.01,2026-05-20 19:26:00,Kochi,Delivered
O002632,C00482,P0733,2,9425.26,2026-05-11 03:48:00,Delhi,Processing
O002633,C00404,P0496,3,9815.02,2026-03-02 18:50:00,Coimbatore,Processing
O002634,C00440,P0034,1,7586.4,2026-03-28 21:33:00,Coimbatore,Processing
O002635,C02810,P0030,2,4007.63,2026-02-20 11:36:00,Mumbai,Returned
O002636,C00225,P0598,1,6993.13,2026-04-28 01:20:00,Bengaluru,Processing
O002637,C00834,P0322,1,3075.32,2026-06-08 14:37:00,Coimbatore,Shipped
O002638,C02014,P0748,4,3169.59,2026-01-22 18:51:00,Kochi,Returned
O002639,C02118,P0600,4,8512.12,2026-05-18 06:47:00,Pune,Delivered
O002640,C01821,P0114,4,4586.29,2026-04-19 06:01:00,Delhi,Returned
O002641,C02505,P0055,3,7674.42,2026-06-09 04:58:00,Bengaluru,Returned
O002642,C01259,P0695,3,4398.85,2026-03-04 16:02:00,Chennai,Processing
O002643,C02646,P0773,4,8629.97,2026-06-08 14:13:00,Delhi,Shipped
O002644,C02818,P0406,1,2170.45,2026-04-14 20:36:00,Delhi,Shipped
O002645,C00078,P0575,3,9035.22,2026-01-31 15:20:00,Mumbai,Processing
O002646,C02197,P0570,2,1364.83,2026-01-11 08:05:00,Delhi,Shipped
O002647,C00210,P0350,1,5219.84,2026-02-25 15:09:00,Coimbatore,Returned
O002648,C00161,P0403,1,9771.12,2026-02-16 17:43:00,Hyderabad,Processing
O002649,C00248,P0336,2,2292.06,2026-05-23 09:33:00,Chennai,Returned
O002650,C00330,P0797,1,2938.01,2026-04-18 17:37:00,Chennai,Returned
O002651,C00305,P0199,4,6222.14,2026-03-05 14:43:00,Pune,Returned
O002652,C01021,P0153,1,625.9,2026-01-15 22:58:00,Mumbai,Delivered
O002653,C00125,P0730,3,3102.76,2026-04-01 19:42:00,Delhi,Returned
O002654,C02714,P0364,1,9198.25,2026-03-05 01:02:00,Coimbatore,Delivered
O002655,C00042,P0170,4,7462.62,2026-02-27 00:46:00,Delhi,Delivered
O002656,C00821,P0385,3,4244.08,2026-05-09 03:54:00,Chennai,Delivered
O002657,C01389,P0022,1,1191.13,2026-02-04 15:47:00,Bengaluru,Shipped
O002658,C02651,P0339,4,2878.49,2026-04-27 05:53:00,Coimbatore,Returned
O002659,C02477,P0086,3,5641.27,2026-05-17 10:33:00,Chennai,Shipped
O002660,C00461,P0397,2,306.84,2026-05-08 06:29:00,Chennai,Processing
O002661,C01467,P0575,2,9035.22,2026-03-16 06:38:00,Delhi,Processing
O002662,C00627,P0539,2,8771.46,2026-05-15 00:14:00,Coimbatore,Processing
O002663,C01560,P0459,2,4208.02,2026-06-19 07:12:00,Chennai,Returned
O002664,C00972,P0175,1,4958.37,2026-04-15 03:35:00,Hyderabad,Shipped
O002665,C01389,P0761,1,1114.4,2026-02-06 10:35:00,Bengaluru,Processing
O002666,C00724,P0326,3,6655.54,2026-04-11 17:32:00,Pune,Returned
O002667,C02571,P0709,1,104.31,2026-05-15 18:17:00,Kochi,Delivered
O002668,C02851,P0402,2,5371.29,2026-03-31 16:22:00,Hyderabad,Shipped
O002669,C02063,P0594,2,9238.26,2026-01-12 11:47:00,Coimbatore,Processing
O002670,C00981,P0096,4,8076.83,2026-02-14 18:39:00,Chennai,Shipped
O002671,C00396,P0630,2,6658.91,2026-04-23 02:51:00,Mumbai,Returned
O002672,C00950,P0291,1,5653.34,2026-06-10 13:43:00,Coimbatore,Processing
O002673,C02247,P0659,1,7727.73,2026-01-16 14:00:00,Delhi,Processing
O002674,C02804,P0077,1,2207.23,2026-04-20 01:09:00,Kochi,Shipped
O002675,C00223,P0645,1,9521.65,2026-02-13 04:56:00,Coimbatore,Delivered
O002676,C00561,P0775,3,1219.32,2026-05-19 10:30:00,Pune,Returned
O002677,C00626,P0786,2,3671.5,2026-05-15 15:43:00,Bengaluru,Processing
O002678,C01169,P0528,2,3900.97,2026-06-15 13:57:00,Bengaluru,Delivered
O002679,C00527,P0720,2,8925.71,2026-03-28 01:34:00,Bengaluru,Delivered
O002680,C01531,P0223,4,1097.95,2026-06-30 22:30:00,Mumbai,Delivered
O002681,C01925,P0221,3,6255.24,2026-02-16 03:37:00,Pune,Processing
O002682,C01298,P0081,4,3253.67,2026-01-06 19:22:00,Delhi,Processing
O002683,C00502,P0136,1,9081.55,2026-03-10 13:46:00,Chennai,Delivered
O002684,C02545,P0352,2,3229.8,2026-04-14 04:04:00,Chennai,Delivered
O002685,C02758,P0025,3,4622.76,2026-03-16 16:35:00,Bengaluru,Returned
O002686,C02870,P0686,1,8846.41,2026-06-29 09:45:00,Delhi,Processing
O002687,C01209,P0205,1,4275.6,2026-03-30 02:07:00,Coimbatore,Delivered
O002688,C01702,P0237,1,3411.61,2026-06-04 10:26:00,Coimbatore,Processing
O002689,C01289,P0466,3,4158.95,2026-06-29 23:44:00,Mumbai,Processing
O002690,C00902,P0173,3,8537.22,2026-04-05 17:29:00,Kochi,Returned
O002691,C02387,P0129,3,8288.85,2026-04-04 00:06:00,Mumbai,Processing
O002692,C00603,P0374,3,3617.37,2026-01-18 03:23:00,Kochi,Delivered
O002693,C01994,P0532,1,6385.3,2026-03-25 10:25:00,Delhi,Delivered
O002694,C02311,P0627,2,556.05,2026-02-14 21:04:00,Bengaluru,Shipped
O002695,C01677,P0297,4,8087.52,2026-02-12 20:22:00,Bengaluru,Returned
O002696,C01502,P0164,3,5943.35,2026-05-22 07:38:00,Bengaluru,Processing
O002697,C01519,P0282,3,119.65,2026-04-27 06:22:00,Mumbai,Returned
O002698,C01232,P0213,3,4276.85,2026-03-27 22:32:00,Mumbai,Delivered
O002699,C00634,P0050,2,4810.52,2026-06-25 01:02:00,Mumbai,Returned
O002700,C02438,P0163,4,6843.99,2026-06-25 15:35:00,Hyderabad,Shipped
O002701,C01625,P0555,4,2733.2,2026-01-21 19:33:00,Mumbai,Shipped
O002702,C01342,P0525,1,1451.9,2026-03-10 01:24:00,Delhi,Returned
O002703,C00218,P0131,3,7488.79,2026-02-26 09:38:00,Pune,Delivered
O002704,C00621,P0011,2,1928.34,2026-01-05 03:36:00,Pune,Shipped
O002705,C00452,P0053,1,707.1,2026-03-04 04:44:00,Delhi,Returned
O002706,C01012,P0248,4,9033.86,2026-05-12 10:11:00,Delhi,Returned
O002707,C01707,P0437,4,4248.56,2026-05-04 06:51:00,Coimbatore,Processing
O002708,C02098,P0753,1,7657.11,2026-04-02 23:22:00,Bengaluru,Shipped
O002709,C00354,P0586,2,1154.2,2026-02-13 02:47:00,Hyderabad,Delivered
O002710,C00789,P0261,4,5766.11,2026-01-09 10:48:00,Kochi,Returned
O002711,C00227,P0585,3,7994.43,2026-03-02 14:05:00,Pune,Processing
O002712,C01043,P0716,3,505.29,2026-06-19 12:59:00,Chennai,Processing
O002713,C00564,P0310,1,747.04,2026-01-20 00:28:00,Hyderabad,Returned
O002714,C00059,P0454,1,2095.86,2026-04-03 07:07:00,Delhi,Delivered
O002715,C00701,P0235,4,1653.62,2026-06-10 03:03:00,Bengaluru,Processing
O002716,C02590,P0097,4,1527.35,2026-01-27 01:07:00,Delhi,Processing
O002717,C02771,P0021,3,7636.95,2026-03-12 14:36:00,Kochi,Processing
O002718,C01642,P0779,2,1467.39,2026-05-17 19:41:00,Chennai,Shipped
O002719,C02120,P0145,3,2675.89,2026-01-10 02:14:00,Delhi,Processing
O002720,C01052,P0746,4,4646.96,2026-05-27 01:33:00,Kochi,Processing
O002721,C02023,P0650,2,8079.24,2026-03-25 17:17:00,Bengaluru,Delivered
O002722,C01103,P0341,1,5733.11,2026-04-21 08:18:00,Hyderabad,Delivered
O002723,C02467,P0524,2,5664.21,2026-04-24 12:11:00,Kochi,Delivered
O002724,C00007,P0783,4,7059.62,2026-06-18 23:01:00,Mumbai,Shipped
O002725,C01372,P0106,2,176.87,2026-06-06 22:20:00,Mumbai,Delivered
O002726,C00061,P0699,3,2063.28,2026-01-07 14:13:00,Hyderabad,Returned
O002727,C02899,P0731,3,5565.29,2026-05-09 21:24:00,Delhi,Delivered
O002728,C01826,P0794,1,222.53,2026-02-21 23:05:00,Pune,Shipped
O002729,C00987,P0034,2,7586.4,2026-05-04 12:12:00,Mumbai,Delivered
O002730,C00881,P0795,1,4749.67,2026-06-26 03:24:00,Delhi,Shipped
O002731,C01882,P0092,1,4028.26,2026-06-06 19:59:00,Kochi,Processing
O002732,C02412,P0291,3,5653.34,2026-04-29 02:23:00,Coimbatore,Delivered
O002733,C01044,P0212,1,2394.87,2026-01-16 06:17:00,Chennai,Delivered
O002734,C00481,P0447,4,4600.17,2026-05-26 03:21:00,Bengaluru,Processing
O002735,C01703,P0218,1,5916.82,2026-01-15 14:08:00,Bengaluru,Returned
O002736,C01920,P0029,4,4435.78,2026-05-31 12:53:00,Pune,Returned
O002737,C00759,P0007,3,1166.39,2026-05-16 21:13:00,Kochi,Delivered
O002738,C01945,P0133,1,7293.41,2026-05-01 16:25:00,Delhi,Shipped
O002739,C01630,P0162,3,6800.39,2026-06-14 16:52:00,Delhi,Delivered
O002740,C01411,P0062,2,2738.53,2026-05-09 20:15:00,Mumbai,Processing
O002741,C01677,P0065,4,6938.55,2026-03-01 02:30:00,Bengaluru,Processing
O002742,C00520,P0381,3,4277.41,2026-04-17 15:38:00,Bengaluru,Returned
O002743,C01985,P0721,4,4538.97,2026-06-06 22:32:00,Bengaluru,Delivered
O002744,C01232,P0330,1,5601.33,2026-01-21 14:27:00,Mumbai,Returned
O002745,C00384,P0611,1,7798.54,2026-04-02 07:04:00,Delhi,Processing
O002746,C02615,P0022,3,1191.13,2026-02-07 10:22:00,Bengaluru,Shipped
O002747,C02465,P0435,4,1474.61,2026-06-19 19:59:00,Hyderabad,Returned
O002748,C01828,P0584,4,8485.47,2026-05-13 14:34:00,Pune,Delivered
O002749,C01915,P0053,2,707.1,2026-05-09 04:03:00,Coimbatore,Returned
O002750,C01072,P0013,1,3585.81,2026-03-04 16:55:00,Mumbai,Returned
O002751,C02747,P0278,1,1264.65,2026-03-16 19:18:00,Mumbai,Returned
O002752,C00864,P0044,2,9529.55,2026-03-20 03:14:00,Hyderabad,Delivered
O002753,C00288,P0245,1,4480.53,2026-01-19 12:36:00,Mumbai,Processing
O002754,C02612,P0497,4,1834.78,2026-01-14 02:22:00,Bengaluru,Shipped
O002755,C02816,P0013,4,3585.81,2026-05-10 10:26:00,Hyderabad,Delivered
O002756,C00741,P0517,3,9679.49,2026-03-30 12:52:00,Delhi,Delivered
O002757,C02890,P0701,3,1291.57,2026-03-01 05:11:00,Bengaluru,Delivered
O002758,C00807,P0123,1,9485.28,2026-02-08 04:22:00,Delhi,Shipped
O002759,C02618,P0584,2,8485.47,2026-06-16 11:51:00,Coimbatore,Processing
O002760,C01011,P0053,3,707.1,2026-04-26 02:47:00,Mumbai,Shipped
O002761,C02294,P0204,3,951.33,2026-03-06 16:35:00,Bengaluru,Shipped
O002762,C01913,P0642,1,752.0,2026-02-03 03:47:00,Kochi,Returned
O002763,C02916,P0666,3,9941.8,2026-06-13 23:59:00,Coimbatore,Returned
O002764,C01515,P0238,1,4446.17,2026-03-24 22:25:00,Chennai,Processing
O002765,C01557,P0581,1,7430.75,2026-06-22 13:09:00,Pune,Returned
O002766,C01834,P0064,4,3290.97,2026-04-15 09:05:00,Mumbai,Returned
O002767,C00603,P0093,3,5751.64,2026-02-23 09:52:00,Kochi,Returned
O002768,C02302,P0658,2,6391.79,2026-03-09 17:59:00,Mumbai,Processing
O002769,C02429,P0304,4,1895.43,2026-03-29 03:39:00,Bengaluru,Processing
O002770,C02442,P0502,1,692.24,2026-01-07 10:42:00,Coimbatore,Shipped
O002771,C01730,P0152,4,7394.01,2026-06-12 08:07:00,Coimbatore,Returned
O002772,C01779,P0054,2,8384.65,2026-01-16 02:24:00,Kochi,Returned
O002773,C02130,P0622,2,8024.08,2026-01-24 01:23:00,Chennai,Processing
O002774,C00728,P0639,4,4253.9,2026-05-22 08:18:00,Pune,Shipped
O002775,C02186,P0184,3,1570.2,2026-06-09 23:54:00,Chennai,Returned
O002776,C00941,P0575,3,9035.22,2026-03-23 03:58:00,Coimbatore,Delivered
O002777,C02856,P0438,1,3327.19,2026-06-28 01:53:00,Delhi,Returned
O002778,C00376,P0355,3,2048.08,2026-06-17 03:12:00,Bengaluru,Shipped
O002779,C00614,P0528,2,3900.97,2026-02-12 14:10:00,Hyderabad,Shipped
O002780,C00807,P0630,4,6658.91,2026-03-28 17:26:00,Delhi,Shipped
O002781,C02948,P0282,4,119.65,2026-01-13 11:18:00,Hyderabad,Shipped
O002782,C02959,P0035,3,6699.1,2026-05-20 18:35:00,Delhi,Shipped
O002783,C00596,P0325,4,9797.44,2026-06-23 15:55:00,Kochi,Delivered
O002784,C00790,P0755,3,7943.76,2026-01-24 12:06:00,Bengaluru,Returned
O002785,C01168,P0591,1,6346.66,2026-06-06 10:11:00,Pune,Returned
O002786,C02165,P0080,2,7488.69,2026-06-02 20:51:00,Delhi,Delivered
O002787,C01913,P0651,1,4819.93,2026-05-08 13:23:00,Kochi,Returned
O002788,C01485,P0102,3,7184.15,2026-04-02 17:42:00,Mumbai,Delivered
O002789,C02582,P0674,4,9237.26,2026-01-27 17:45:00,Hyderabad,Returned
O002790,C00112,P0054,1,8384.65,2026-02-25 14:06:00,Delhi,Processing
O002791,C00604,P0071,2,5958.46,2026-01-03 02:09:00,Kochi,Returned
O002792,C01479,P0208,4,2092.25,2026-04-11 20:35:00,Hyderabad,Delivered
O002793,C01659,P0246,3,938.3,2026-06-15 15:12:00,Pune,Shipped
O002794,C01360,P0701,3,1291.57,2026-04-08 18:33:00,Coimbatore,Processing
O002795,C00414,P0182,2,5319.06,2026-02-03 17:28:00,Hyderabad,Processing
O002796,C01317,P0214,3,2750.7,2026-01-27 08:54:00,Hyderabad,Shipped
O002797,C00388,P0038,3,393.26,2026-02-15 13:30:00,Hyderabad,Returned
O002798,C01637,P0239,2,8363.65,2026-02-08 11:07:00,Bengaluru,Delivered
O002799,C00976,P0363,1,3200.47,2026-01-12 08:58:00,Mumbai,Shipped
O002800,C02221,P0024,1,3347.34,2026-03-16 10:56:00,Hyderabad,Shipped
O002801,C00138,P0092,1,4028.26,2026-02-13 11:03:00,Delhi,Delivered
O002802,C01838,P0303,3,9525.43,2026-03-17 23:54:00,Bengaluru,Returned
O002803,C02447,P0447,1,4600.17,2026-04-30 03:43:00,Bengaluru,Shipped
O002804,C02313,P0354,3,9782.15,2026-01-18 21:55:00,Hyderabad,Processing
O002805,C02378,P0423,1,805.35,2026-05-02 05:07:00,Hyderabad,Processing
O002806,C00351,P0485,2,7988.55,2026-04-26 03:48:00,Mumbai,Shipped
O002807,C00701,P0501,3,2439.32,2026-01-22 20:38:00,Bengaluru,Returned
O002808,C00824,P0552,2,947.5,2026-03-01 07:12:00,Pune,Delivered
O002809,C01491,P0434,3,4553.72,2026-06-18 21:11:00,Kochi,Returned
O002810,C01627,P0790,1,6990.61,2026-03-03 12:08:00,Hyderabad,Processing
O002811,C02894,P0135,2,9762.67,2026-01-02 23:49:00,Coimbatore,Shipped
O002812,C01818,P0133,4,7293.41,2026-01-26 22:29:00,Hyderabad,Returned
O002813,C02730,P0468,1,6423.78,2026-01-09 02:58:00,Hyderabad,Shipped
O002814,C00188,P0547,3,3808.05,2026-03-29 23:35:00,Bengaluru,Delivered
O002815,C00745,P0464,3,9923.66,2026-05-20 18:41:00,Chennai,Shipped
O002816,C02886,P0227,1,3442.57,2026-01-24 19:13:00,Hyderabad,Returned
O002817,C01008,P0564,3,3746.46,2026-03-19 01:09:00,Mumbai,Processing
O002818,C02776,P0142,3,152.07,2026-06-14 13:32:00,Kochi,Processing
O002819,C01583,P0022,1,1191.13,2026-06-11 11:39:00,Mumbai,Returned
O002820,C00854,P0315,2,7841.03,2026-06-05 00:22:00,Pune,Delivered
O002821,C02251,P0524,3,5664.21,2026-01-03 19:38:00,Bengaluru,Delivered
O002822,C02046,P0343,2,746.07,2026-05-08 11:07:00,Pune,Delivered
O002823,C01765,P0784,2,2111.47,2026-06-20 14:05:00,Delhi,Shipped
O002824,C02472,P0157,2,4630.82,2026-02-11 11:13:00,Delhi,Delivered
O002825,C01001,P0354,4,9782.15,2026-03-23 06:30:00,Hyderabad,Delivered
O002826,C00802,P0133,3,7293.41,2026-05-24 09:04:00,Delhi,Processing
O002827,C00250,P0158,3,3560.08,2026-01-24 17:52:00,Coimbatore,Processing
O002828,C01132,P0303,4,9525.43,2026-02-10 01:30:00,Pune,Processing
O002829,C01261,P0192,3,8778.88,2026-05-08 21:41:00,Bengaluru,Returned
O002830,C01835,P0192,2,8778.88,2026-01-23 08:16:00,Pune,Shipped
O002831,C00361,P0728,1,134.65,2026-06-14 17:23:00,Pune,Delivered
O002832,C02640,P0523,2,4689.15,2026-06-20 20:10:00,Delhi,Shipped
O002833,C00148,P0556,4,1057.73,2026-03-12 07:19:00,Delhi,Processing
O002834,C02643,P0785,4,9579.4,2026-02-14 20:45:00,Chennai,Delivered
O002835,C00557,P0239,1,8363.65,2026-06-18 14:40:00,Kochi,Processing
O002836,C01300,P0126,3,6217.24,2026-04-20 21:51:00,Mumbai,Returned
O002837,C00778,P0243,4,1465.14,2026-04-07 02:29:00,Chennai,Delivered
O002838,C00565,P0466,4,4158.95,2026-04-30 22:29:00,Bengaluru,Returned
O002839,C01712,P0746,3,4646.96,2026-06-14 20:41:00,Bengaluru,Returned
O002840,C00622,P0241,3,7179.48,2026-04-18 00:55:00,Delhi,Processing
O002841,C01952,P0680,1,4165.12,2026-03-31 00:35:00,Mumbai,Shipped
O002842,C00371,P0710,1,4772.38,2026-06-03 04:40:00,Pune,Processing
O002843,C02949,P0011,3,1928.34,2026-05-11 22:35:00,Delhi,Shipped
O002844,C02919,P0406,2,2170.45,2026-03-26 02:13:00,Pune,Returned
O002845,C00198,P0789,2,1259.63,2026-03-13 22:11:00,Coimbatore,Processing
O002846,C02968,P0672,3,4881.93,2026-06-16 05:02:00,Delhi,Returned
O002847,C01048,P0465,4,856.68,2026-05-26 23:12:00,Mumbai,Shipped
O002848,C01245,P0293,2,9576.2,2026-02-15 04:29:00,Kochi,Shipped
O002849,C00787,P0565,4,6635.26,2026-02-13 02:32:00,Pune,Shipped
O002850,C00759,P0009,4,3085.29,2026-02-23 06:21:00,Kochi,Shipped
O002851,C01234,P0032,3,5989.11,2026-05-21 09:50:00,Delhi,Delivered
O002852,C00102,P0658,1,6391.79,2026-03-11 12:07:00,Bengaluru,Shipped
O002853,C01184,P0308,3,4979.5,2026-04-11 06:18:00,Mumbai,Shipped
O002854,C02971,P0512,2,9387.92,2026-05-09 02:26:00,Delhi,Returned
O002855,C01983,P0158,2,3560.08,2026-03-12 08:16:00,Hyderabad,Shipped
O002856,C01916,P0269,4,6799.54,2026-02-12 23:18:00,Pune,Delivered
O002857,C02181,P0272,3,1528.03,2026-03-15 08:10:00,Pune,Returned
O002858,C00597,P0393,2,533.66,2026-03-28 23:09:00,Bengaluru,Processing
O002859,C02475,P0585,3,7994.43,2026-05-23 09:50:00,Hyderabad,Shipped
O002860,C02033,P0766,3,9568.02,2026-05-28 13:12:00,Hyderabad,Processing
O002861,C02439,P0378,4,4747.29,2026-04-22 21:33:00,Hyderabad,Processing
O002862,C00975,P0109,1,8805.73,2026-01-01 17:17:00,Kochi,Returned
O002863,C00218,P0096,4,8076.83,2026-02-07 07:30:00,Pune,Processing
O002864,C02492,P0787,1,1525.99,2026-04-11 19:14:00,Coimbatore,Shipped
O002865,C00443,P0784,2,2111.47,2026-06-21 09:00:00,Delhi,Processing
O002866,C01584,P0781,3,5370.5,2026-05-29 10:59:00,Coimbatore,Returned
O002867,C01571,P0718,3,3083.62,2026-04-13 23:49:00,Hyderabad,Returned
O002868,C00754,P0012,1,1540.01,2026-05-07 14:33:00,Kochi,Shipped
O002869,C01281,P0287,1,1573.93,2026-03-02 02:02:00,Kochi,Returned
O002870,C00577,P0115,4,6337.55,2026-02-27 09:59:00,Bengaluru,Processing
O002871,C02454,P0493,3,534.0,2026-06-09 10:11:00,Pune,Delivered
O002872,C02281,P0787,3,1525.99,2026-06-26 10:10:00,Delhi,Shipped
O002873,C01313,P0447,3,4600.17,2026-05-29 21:44:00,Chennai,Processing
O002874,C01803,P0229,1,9936.26,2026-04-05 16:05:00,Chennai,Processing
O002875,C02535,P0279,3,3009.41,2026-01-22 11:16:00,Delhi,Returned
O002876,C01112,P0315,1,7841.03,2026-03-29 22:44:00,Mumbai,Delivered
O002877,C00577,P0178,2,5673.27,2026-06-02 11:14:00,Bengaluru,Delivered
O002878,C02231,P0759,3,652.17,2026-06-19 19:11:00,Coimbatore,Returned
O002879,C02110,P0386,1,8772.44,2026-01-20 12:58:00,Coimbatore,Processing
O002880,C00023,P0361,1,7663.58,2026-03-21 20:19:00,Chennai,Delivered
O002881,C01808,P0537,4,1254.63,2026-06-04 19:15:00,Delhi,Delivered
O002882,C01906,P0381,3,4277.41,2026-05-22 01:01:00,Pune,Delivered
O002883,C02992,P0310,4,747.04,2026-05-28 01:29:00,Hyderabad,Delivered
O002884,C00636,P0731,4,5565.29,2026-05-08 17:33:00,Pune,Shipped
O002885,C01045,P0165,1,384.86,2026-06-04 08:06:00,Kochi,Processing
O002886,C02048,P0135,3,9762.67,2026-06-04 15:20:00,Delhi,Processing
O002887,C01315,P0469,2,7483.98,2026-02-12 17:12:00,Kochi,Delivered
O002888,C01383,P0380,1,666.44,2026-03-22 13:51:00,Delhi,Shipped
O002889,C01222,P0653,2,3849.13,2026-05-06 04:46:00,Chennai,Processing
O002890,C02826,P0744,2,2393.06,2026-01-09 09:18:00,Hyderabad,Shipped
O002891,C00390,P0035,4,6699.1,2026-01-15 09:50:00,Bengaluru,Shipped
O002892,C00944,P0425,4,7476.59,2026-04-05 21:18:00,Mumbai,Returned
O002893,C00750,P0708,3,3265.42,2026-04-10 21:25:00,Hyderabad,Processing
O002894,C01400,P0521,4,4330.23,2026-04-16 01:01:00,Hyderabad,Processing
O002895,C02697,P0018,3,7010.52,2026-05-01 12:24:00,Pune,Returned
O002896,C02914,P0370,2,3461.2,2026-06-08 05:34:00,Delhi,Delivered
O002897,C02165,P0546,1,6578.76,2026-06-09 08:40:00,Delhi,Delivered
O002898,C01149,P0353,3,908.91,2026-04-16 12:13:00,Kochi,Shipped
O002899,C00333,P0595,2,3060.11,2026-04-03 17:49:00,Bengaluru,Delivered
O002900,C02238,P0375,2,1939.64,2026-01-13 15:09:00,Pune,Returned
O002901,C00561,P0558,1,7592.43,2026-03-23 08:34:00,Pune,Shipped
O002902,C00097,P0409,2,7152.62,2026-03-13 09:24:00,Kochi,Shipped
O002903,C00495,P0724,1,548.91,2026-05-04 07:47:00,Coimbatore,Processing
O002904,C01578,P0630,2,6658.91,2026-04-26 08:56:00,Hyderabad,Shipped
O002905,C02831,P0731,4,5565.29,2026-05-24 10:31:00,Chennai,Processing
O002906,C01814,P0035,1,6699.1,2026-01-18 08:10:00,Pune,Processing
O002907,C00716,P0143,2,3093.82,2026-03-25 10:49:00,Chennai,Delivered
O002908,C01256,P0284,1,5700.06,2026-04-06 17:03:00,Delhi,Delivered
O002909,C02706,P0054,4,8384.65,2026-02-03 01:06:00,Hyderabad,Delivered
O002910,C00013,P0157,1,4630.82,2026-06-16 03:30:00,Delhi,Delivered
O002911,C00362,P0263,2,3567.34,2026-04-03 17:24:00,Chennai,Returned
O002912,C00181,P0705,3,3427.16,2026-06-02 22:21:00,Kochi,Returned
O002913,C00559,P0001,2,8187.68,2026-03-22 01:30:00,Hyderabad,Shipped
O002914,C00128,P0703,1,6202.03,2026-01-27 21:01:00,Bengaluru,Processing
O002915,C00670,P0345,4,1998.33,2026-01-22 16:43:00,Delhi,Shipped
O002916,C02846,P0529,2,4146.0,2026-05-06 01:22:00,Chennai,Shipped
O002917,C01544,P0734,1,8745.49,2026-02-03 12:45:00,Hyderabad,Shipped
O002918,C01803,P0786,4,3671.5,2026-04-14 00:09:00,Chennai,Processing
O002919,C00747,P0047,4,8857.53,2026-01-29 18:11:00,Chennai,Shipped
O002920,C00057,P0798,1,6080.32,2026-01-03 01:41:00,Chennai,Processing
O002921,C01433,P0598,2,6993.13,2026-03-29 08:54:00,Mumbai,Delivered
O002922,C00866,P0009,3,3085.29,2026-06-21 03:49:00,Chennai,Shipped
O002923,C01296,P0284,4,5700.06,2026-04-09 09:41:00,Mumbai,Processing
O002924,C02072,P0454,4,2095.86,2026-06-08 05:17:00,Coimbatore,Returned
O002925,C02733,P0717,1,9261.46,2026-01-22 13:49:00,Bengaluru,Delivered
O002926,C02844,P0421,3,8440.77,2026-04-10 13:02:00,Pune,Returned
O002927,C02571,P0687,2,2919.51,2026-02-17 14:51:00,Kochi,Returned
O002928,C02731,P0229,1,9936.26,2026-05-12 18:31:00,Kochi,Shipped
O002929,C01803,P0611,4,7798.54,2026-04-08 18:32:00,Chennai,Shipped
O002930,C01518,P0300,3,3880.91,2026-05-10 10:52:00,Bengaluru,Delivered
O002931,C01763,P0404,2,8557.91,2026-04-20 07:36:00,Mumbai,Processing
O002932,C01326,P0451,3,1385.33,2026-06-27 17:24:00,Coimbatore,Processing
O002933,C00709,P0338,3,2418.15,2026-01-08 11:48:00,Kochi,Processing
O002934,C01692,P0116,2,2079.75,2026-02-21 04:06:00,Bengaluru,Processing
O002935,C00469,P0183,3,4734.37,2026-04-30 06:04:00,Pune,Shipped
O002936,C00133,P0531,2,9574.26,2026-02-10 15:22:00,Mumbai,Delivered
O002937,C01361,P0334,3,3927.84,2026-03-13 00:17:00,Pune,Shipped
O002938,C01212,P0497,1,1834.78,2026-02-14 08:32:00,Coimbatore,Shipped
O002939,C00025,P0160,3,5876.12,2026-05-16 20:13:00,Mumbai,Shipped
O002940,C02945,P0031,4,739.63,2026-06-06 00:31:00,Delhi,Processing
O002941,C00614,P0665,4,7169.18,2026-06-23 14:53:00,Hyderabad,Delivered
O002942,C01003,P0695,4,4398.85,2026-06-16 15:56:00,Delhi,Returned
O002943,C01257,P0199,3,6222.14,2026-02-03 18:21:00,Hyderabad,Processing
O002944,C00600,P0701,3,1291.57,2026-05-12 00:14:00,Pune,Shipped
O002945,C02805,P0714,1,2457.7,2026-02-08 00:52:00,Pune,Delivered
O002946,C00690,P0233,4,8252.74,2026-06-04 13:34:00,Delhi,Processing
O002947,C02334,P0378,4,4747.29,2026-03-24 21:33:00,Delhi,Shipped
O002948,C00360,P0080,4,7488.69,2026-05-06 18:48:00,Chennai,Delivered
O002949,C00686,P0012,1,1540.01,2026-01-15 10:55:00,Mumbai,Shipped
O002950,C00088,P0620,2,7558.73,2026-01-14 12:53:00,Bengaluru,Processing
O002951,C00504,P0734,4,8745.49,2026-05-08 22:45:00,Hyderabad,Delivered
O002952,C00339,P0169,3,8645.46,2026-05-25 06:20:00,Mumbai,Delivered
O002953,C02103,P0479,2,6996.75,2026-03-12 00:02:00,Pune,Delivered
O002954,C01892,P0021,4,7636.95,2026-06-21 04:32:00,Hyderabad,Processing
O002955,C00055,P0693,2,1638.87,2026-02-01 01:32:00,Delhi,Processing
O002956,C00890,P0598,1,6993.13,2026-06-12 14:40:00,Pune,Delivered
O002957,C01116,P0524,2,5664.21,2026-05-11 21:40:00,Coimbatore,Shipped
O002958,C00372,P0636,2,9406.97,2026-04-06 06:31:00,Hyderabad,Processing
O002959,C02803,P0093,1,5751.64,2026-05-12 16:30:00,Coimbatore,Shipped
O002960,C01113,P0479,2,6996.75,2026-06-05 06:36:00,Kochi,Shipped
O002961,C01906,P0085,3,7989.74,2026-04-21 02:23:00,Pune,Shipped
O002962,C00812,P0443,1,1796.09,2026-01-30 12:23:00,Pune,Returned
O002963,C02491,P0664,3,4113.17,2026-06-10 12:18:00,Pune,Processing
O002964,C02799,P0609,1,1275.15,2026-04-28 18:46:00,Chennai,Delivered
O002965,C02271,P0560,3,9414.81,2026-03-29 16:51:00,Mumbai,Returned
O002966,C01073,P0242,1,1599.95,2026-06-30 14:46:00,Coimbatore,Shipped
O002967,C00913,P0383,1,6977.34,2026-04-20 09:04:00,Bengaluru,Delivered
O002968,C00708,P0664,2,4113.17,2026-04-26 07:55:00,Bengaluru,Shipped
O002969,C02949,P0056,3,4337.67,2026-04-05 23:39:00,Delhi,Returned
O002970,C00398,P0286,2,5096.16,2026-06-07 18:58:00,Mumbai,Returned
O002971,C02707,P0022,2,1191.13,2026-05-02 16:23:00,Bengaluru,Delivered
O002972,C01062,P0344,2,2669.28,2026-03-23 07:28:00,Coimbatore,Delivered
O002973,C02606,P0488,1,9348.84,2026-02-03 16:50:00,Hyderabad,Returned
O002974,C00708,P0497,1,1834.78,2026-06-11 23:16:00,Bengaluru,Returned
O002975,C02108,P0683,4,8931.71,2026-02-09 18:25:00,Delhi,Returned
O002976,C00633,P0521,4,4330.23,2026-03-29 00:18:00,Hyderabad,Delivered
O002977,C00838,P0642,1,752.0,2026-02-13 07:07:00,Kochi,Processing
O002978,C02102,P0291,2,5653.34,2026-04-22 14:22:00,Pune,Shipped
O002979,C00931,P0327,4,4651.01,2026-05-06 03:50:00,Delhi,Shipped
O002980,C00883,P0151,3,5217.03,2026-02-20 00:11:00,Pune,Shipped
O002981,C01400,P0073,3,5094.93,2026-05-26 11:53:00,Hyderabad,Shipped
O002982,C00874,P0160,2,5876.12,2026-01-28 11:33:00,Coimbatore,Delivered
O002983,C01463,P0036,1,1558.0,2026-05-20 11:26:00,Hyderabad,Delivered
O002984,C01983,P0671,4,8333.09,2026-02-02 05:35:00,Hyderabad,Delivered
O002985,C02285,P0051,1,3973.71,2026-05-23 23:41:00,Delhi,Returned
O002986,C02118,P0009,3,3085.29,2026-01-13 01:25:00,Pune,Delivered
O002987,C02161,P0226,1,1828.68,2026-01-26 07:33:00,Kochi,Shipped
O002988,C00949,P0033,4,8396.28,2026-01-06 19:12:00,Hyderabad,Returned
O002989,C00784,P0030,2,4007.63,2026-05-07 09:25:00,Bengaluru,Returned
O002990,C00691,P0074,4,2079.76,2026-05-29 00:03:00,Hyderabad,Returned
O002991,C02969,P0136,1,9081.55,2026-05-01 20:36:00,Bengaluru,Shipped
O002992,C01175,P0712,3,3112.13,2026-04-20 20:40:00,Mumbai,Returned
O002993,C00010,P0622,1,8024.08,2026-01-13 05:20:00,Coimbatore,Shipped
O002994,C02366,P0082,2,2741.65,2026-04-24 19:50:00,Hyderabad,Delivered
O002995,C01099,P0278,4,1264.65,2026-01-01 00:11:00,Bengaluru,Returned
O002996,C00333,P0589,3,1543.12,2026-05-31 05:49:00,Bengaluru,Shipped
O002997,C02537,P0339,2,2878.49,2026-01-16 06:02:00,Mumbai,Returned
O002998,C02734,P0216,1,304.99,2026-03-21 19:42:00,Coimbatore,Returned
O002999,C00140,P0543,3,7511.43,2026-03-24 01:35:00,Delhi,Delivered
O003000,C01139,P0305,2,1076.57,2026-01-01 03:21:00,Hyderabad,Delivered
O003001,C02566,P0069,4,2943.82,2026-05-05 00:56:00,Delhi,Processing
O003002,C00563,P0108,1,8607.23,2026-01-15 16:11:00,Kochi,Processing
O003003,C01318,P0252,2,7003.96,2026-04-01 23:10:00,Bengaluru,Processing
O003004,C00687,P0699,2,2063.28,2026-04-20 12:38:00,Pune,Shipped
O003005,C01962,P0786,3,3671.5,2026-04-06 18:10:00,Coimbatore,Processing
O003006,C00393,P0622,2,8024.08,2026-06-12 18:45:00,Coimbatore,Shipped
O003007,C01271,P0394,2,2911.6,2026-03-20 19:22:00,Mumbai,Delivered
O003008,C02114,P0276,3,6054.84,2026-06-08 13:36:00,Kochi,Delivered
O003009,C02521,P0520,3,7626.21,2026-04-14 11:00:00,Mumbai,Processing
O003010,C01803,P0261,2,5766.11,2026-06-08 18:49:00,Chennai,Shipped
O003011,C00063,P0665,1,7169.18,2026-04-20 04:03:00,Chennai,Shipped
O003012,C02487,P0481,2,580.78,2026-03-18 06:09:00,Chennai,Returned
O003013,C02111,P0133,1,7293.41,2026-01-17 10:56:00,Kochi,Delivered
O003014,C00493,P0460,4,4631.5,2026-05-17 19:21:00,Chennai,Shipped
O003015,C00594,P0212,1,2394.87,2026-05-05 03:48:00,Bengaluru,Delivered
O003016,C01552,P0286,4,5096.16,2026-03-23 07:08:00,Chennai,Delivered
O003017,C01289,P0094,4,5013.87,2026-01-15 11:16:00,Mumbai,Processing
O003018,C00150,P0459,1,4208.02,2026-03-12 08:21:00,Chennai,Delivered
O003019,C01814,P0150,4,2899.96,2026-04-26 22:19:00,Pune,Delivered
O003020,C02096,P0688,2,7463.85,2026-03-12 09:22:00,Delhi,Delivered
O003021,C00580,P0288,2,3932.63,2026-02-02 08:38:00,Delhi,Shipped
O003022,C00169,P0027,3,8581.06,2026-03-10 02:47:00,Pune,Delivered
O003023,C01205,P0521,2,4330.23,2026-06-03 15:58:00,Delhi,Returned
O003024,C01605,P0486,3,4214.23,2026-02-05 14:01:00,Kochi,Shipped
O003025,C00937,P0740,2,9717.89,2026-02-01 06:54:00,Kochi,Shipped
O003026,C01703,P0366,2,6806.89,2026-01-22 05:54:00,Bengaluru,Returned
O003027,C00340,P0282,3,119.65,2026-01-04 11:20:00,Bengaluru,Processing
O003028,C01778,P0104,2,5571.01,2026-06-04 15:59:00,Chennai,Returned
O003029,C02511,P0156,1,502.84,2026-04-14 04:13:00,Mumbai,Returned
O003030,C00903,P0603,3,7378.66,2026-05-28 14:15:00,Coimbatore,Delivered
O003031,C01265,P0472,4,774.55,2026-03-06 18:41:00,Delhi,Returned
O003032,C02925,P0641,2,2773.24,2026-01-15 16:07:00,Delhi,Processing
O003033,C02900,P0746,2,4646.96,2026-01-16 17:01:00,Hyderabad,Processing
O003034,C00077,P0484,3,8222.21,2026-06-10 13:07:00,Pune,Processing
O003035,C02774,P0546,2,6578.76,2026-06-21 15:46:00,Chennai,Delivered
O003036,C00862,P0326,1,6655.54,2026-02-19 16:36:00,Delhi,Returned
O003037,C02784,P0195,1,873.38,2026-05-05 09:29:00,Kochi,Delivered
O003038,C01673,P0735,4,5391.49,2026-03-06 07:42:00,Kochi,Delivered
O003039,C00497,P0150,2,2899.96,2026-04-28 05:11:00,Pune,Processing
O003040,C01714,P0578,4,6474.47,2026-02-27 10:07:00,Hyderabad,Returned
O003041,C00782,P0325,1,9797.44,2026-05-03 19:10:00,Kochi,Processing
O003042,C00335,P0714,4,2457.7,2026-06-17 08:32:00,Coimbatore,Returned
O003043,C01387,P0749,4,786.6,2026-01-06 20:42:00,Mumbai,Delivered
O003044,C01919,P0339,3,2878.49,2026-03-12 03:34:00,Bengaluru,Processing
O003045,C02518,P0466,4,4158.95,2026-01-31 22:36:00,Coimbatore,Processing
O003046,C00622,P0774,2,1562.02,2026-03-01 09:23:00,Delhi,Shipped
O003047,C02242,P0717,2,9261.46,2026-01-16 21:10:00,Hyderabad,Returned
O003048,C02060,P0540,4,6948.18,2026-02-02 05:15:00,Bengaluru,Shipped
O003049,C01335,P0691,2,7534.79,2026-03-12 06:07:00,Pune,Shipped
O003050,C00913,P0123,2,9485.28,2026-05-23 14:18:00,Bengaluru,Returned
O003051,C02400,P0711,4,1928.92,2026-02-25 05:36:00,Hyderabad,Processing
O003052,C02299,P0582,4,1360.43,2026-01-14 20:50:00,Chennai,Shipped
O003053,C02449,P0796,3,4753.83,2026-05-07 12:10:00,Mumbai,Processing
O003054,C02076,P0635,2,4059.59,2026-03-19 08:52:00,Bengaluru,Shipped
O003055,C02112,P0156,1,502.84,2026-01-26 20:20:00,Coimbatore,Processing
O003056,C00058,P0691,3,7534.79,2026-04-04 02:30:00,Hyderabad,Returned
O003057,C02425,P0465,1,856.68,2026-06-29 03:42:00,Delhi,Returned
O003058,C01422,P0077,3,2207.23,2026-05-09 19:58:00,Kochi,Processing
O003059,C02997,P0580,3,2979.67,2026-01-14 12:43:00,Bengaluru,Shipped
O003060,C01578,P0701,2,1291.57,2026-03-03 14:43:00,Hyderabad,Delivered
O003061,C01708,P0453,2,5915.17,2026-04-21 07:46:00,Bengaluru,Returned
O003062,C02878,P0291,1,5653.34,2026-04-08 17:08:00,Bengaluru,Processing
O003063,C01790,P0584,3,8485.47,2026-04-16 12:27:00,Mumbai,Shipped
O003064,C01346,P0069,4,2943.82,2026-02-07 09:50:00,Chennai,Processing
O003065,C02939,P0391,4,828.94,2026-03-25 09:35:00,Pune,Returned
O003066,C00880,P0289,4,9583.99,2026-06-25 20:27:00,Delhi,Shipped
O003067,C01808,P0005,1,6938.1,2026-01-01 09:35:00,Delhi,Returned
O003068,C01709,P0420,1,6488.01,2026-06-27 12:20:00,Chennai,Shipped
O003069,C02867,P0137,4,947.81,2026-01-27 04:39:00,Mumbai,Processing
O003070,C00457,P0497,2,1834.78,2026-01-06 11:16:00,Mumbai,Shipped
O003071,C01618,P0004,3,1339.91,2026-01-07 19:13:00,Chennai,Delivered
O003072,C02649,P0635,1,4059.59,2026-04-26 00:28:00,Chennai,Returned
O003073,C02305,P0443,2,1796.09,2026-03-23 10:07:00,Mumbai,Delivered
O003074,C02683,P0722,1,4878.92,2026-02-11 02:58:00,Bengaluru,Delivered
O003075,C00117,P0272,1,1528.03,2026-03-22 10:41:00,Bengaluru,Delivered
O003076,C02006,P0411,2,2150.28,2026-05-14 07:22:00,Chennai,Shipped
O003077,C02822,P0616,4,3900.2,2026-01-01 09:58:00,Bengaluru,Shipped
O003078,C01670,P0328,2,9147.78,2026-02-17 16:13:00,Hyderabad,Returned
O003079,C00877,P0049,4,5730.67,2026-01-18 19:57:00,Pune,Shipped
O003080,C02066,P0154,4,1912.1,2026-03-29 04:40:00,Hyderabad,Processing
O003081,C01750,P0480,4,6933.43,2026-03-31 22:30:00,Coimbatore,Shipped
O003082,C01090,P0416,2,4705.01,2026-04-23 20:20:00,Mumbai,Returned
O003083,C02426,P0727,4,4067.4,2026-03-28 04:41:00,Hyderabad,Processing
O003084,C00535,P0312,1,2537.53,2026-04-28 03:05:00,Coimbatore,Delivered
O003085,C02154,P0426,3,9983.21,2026-06-04 23:49:00,Coimbatore,Processing
O003086,C02281,P0583,2,3175.91,2026-04-07 07:26:00,Delhi,Processing
O003087,C02396,P0710,3,4772.38,2026-06-17 10:41:00,Kochi,Delivered
O003088,C02854,P0334,2,3927.84,2026-04-29 12:27:00,Pune,Processing
O003089,C02491,P0577,1,994.37,2026-03-12 20:39:00,Pune,Processing
O003090,C00489,P0722,1,4878.92,2026-03-07 03:50:00,Pune,Delivered
O003091,C00028,P0081,4,3253.67,2026-06-14 05:43:00,Hyderabad,Returned
O003092,C02798,P0585,1,7994.43,2026-03-31 21:04:00,Chennai,Processing
O003093,C00398,P0461,2,3995.16,2026-05-07 06:34:00,Mumbai,Shipped
O003094,C02835,P0386,4,8772.44,2026-04-19 20:05:00,Chennai,Processing
O003095,C02809,P0786,1,3671.5,2026-06-16 18:05:00,Mumbai,Shipped
O003096,C01935,P0785,1,9579.4,2026-02-18 19:46:00,Delhi,Processing
O003097,C00907,P0508,1,2136.59,2026-02-17 21:21:00,Chennai,Processing
O003098,C02549,P0287,4,1573.93,2026-01-12 16:54:00,Coimbatore,Processing
O003099,C01207,P0098,4,4449.81,2026-04-18 16:54:00,Coimbatore,Processing
O003100,C00235,P0062,2,2738.53,2026-05-17 13:50:00,Mumbai,Returned
O003101,C02995,P0257,1,8913.16,2026-04-17 01:01:00,Bengaluru,Returned
O003102,C00370,P0245,3,4480.53,2026-01-12 09:12:00,Kochi,Returned
O003103,C02297,P0545,2,790.43,2026-03-28 12:22:00,Bengaluru,Returned
O003104,C01723,P0704,1,4131.24,2026-02-17 18:27:00,Bengaluru,Shipped
O003105,C01219,P0777,1,3589.83,2026-05-14 05:04:00,Coimbatore,Returned
O003106,C00544,P0750,4,4603.74,2026-06-13 09:53:00,Bengaluru,Delivered
O003107,C01274,P0388,4,6275.81,2026-01-12 18:10:00,Coimbatore,Returned
O003108,C01045,P0035,3,6699.1,2026-05-27 02:47:00,Kochi,Returned
O003109,C00096,P0681,4,7716.53,2026-06-29 06:30:00,Coimbatore,Delivered
O003110,C01964,P0155,3,7088.03,2026-06-14 18:11:00,Mumbai,Returned
O003111,C01052,P0602,2,8981.46,2026-02-06 00:21:00,Kochi,Processing
O003112,C00125,P0048,1,1430.43,2026-06-02 22:42:00,Delhi,Processing
O003113,C00892,P0687,4,2919.51,2026-03-28 20:23:00,Mumbai,Returned
O003114,C00008,P0763,4,3914.29,2026-03-28 09:31:00,Chennai,Processing
O003115,C02927,P0270,2,8731.95,2026-02-14 07:13:00,Coimbatore,Shipped
O003116,C00035,P0448,4,1800.07,2026-06-29 20:13:00,Chennai,Processing
O003117,C01220,P0198,4,6947.88,2026-02-04 19:57:00,Bengaluru,Returned
O003118,C02817,P0594,2,9238.26,2026-02-10 03:32:00,Mumbai,Processing
O003119,C02352,P0133,3,7293.41,2026-05-27 13:31:00,Bengaluru,Delivered
O003120,C01850,P0762,1,9129.45,2026-05-11 17:52:00,Bengaluru,Processing
O003121,C02226,P0275,1,7489.31,2026-05-24 17:26:00,Pune,Shipped
O003122,C01093,P0443,1,1796.09,2026-06-23 20:07:00,Bengaluru,Processing
O003123,C02880,P0087,2,2098.71,2026-04-05 10:29:00,Bengaluru,Returned
O003124,C01221,P0143,4,3093.82,2026-02-22 07:18:00,Delhi,Delivered
O003125,C00808,P0778,3,6963.87,2026-03-28 18:22:00,Bengaluru,Processing
O003126,C02405,P0005,3,6938.1,2026-02-19 01:25:00,Pune,Processing
O003127,C02621,P0253,4,933.38,2026-04-16 14:20:00,Hyderabad,Processing
O003128,C02755,P0505,1,1428.24,2026-03-27 10:34:00,Hyderabad,Returned
O003129,C02375,P0100,4,5501.88,2026-01-31 07:40:00,Kochi,Delivered
O003130,C02443,P0448,3,1800.07,2026-05-04 23:39:00,Chennai,Delivered
O003131,C00507,P0483,2,257.78,2026-01-05 17:09:00,Pune,Delivered
O003132,C02700,P0159,4,8365.04,2026-05-16 10:55:00,Kochi,Shipped
O003133,C02843,P0506,2,6514.66,2026-03-10 10:36:00,Mumbai,Delivered
O003134,C02311,P0427,3,7722.75,2026-02-19 12:39:00,Bengaluru,Delivered
O003135,C00329,P0511,4,791.85,2026-02-01 04:07:00,Coimbatore,Shipped
O003136,C00318,P0147,2,7130.53,2026-01-31 15:08:00,Chennai,Shipped
O003137,C01538,P0238,1,4446.17,2026-02-22 04:17:00,Coimbatore,Delivered
O003138,C00188,P0022,1,1191.13,2026-06-03 11:24:00,Bengaluru,Processing
O003139,C02138,P0005,4,6938.1,2026-03-06 21:11:00,Chennai,Processing
O003140,C00893,P0032,2,5989.11,2026-03-07 14:05:00,Delhi,Returned
O003141,C01507,P0030,4,4007.63,2026-04-25 06:52:00,Bengaluru,Returned
O003142,C01093,P0687,1,2919.51,2026-03-14 02:03:00,Bengaluru,Shipped
O003143,C01589,P0188,3,6641.47,2026-04-19 05:59:00,Mumbai,Delivered
O003144,C01113,P0640,3,3850.52,2026-06-30 21:52:00,Kochi,Returned
O003145,C02988,P0082,1,2741.65,2026-02-08 17:57:00,Hyderabad,Shipped
O003146,C02307,P0223,3,1097.95,2026-02-19 16:13:00,Hyderabad,Returned
O003147,C00426,P0129,1,8288.85,2026-05-11 06:58:00,Mumbai,Delivered
O003148,C02841,P0569,3,3008.24,2026-01-22 23:59:00,Mumbai,Returned
O003149,C02678,P0321,2,1697.02,2026-01-09 21:12:00,Mumbai,Returned
O003150,C02807,P0170,1,7462.62,2026-03-08 17:04:00,Mumbai,Returned
O003151,C00402,P0552,2,947.5,2026-01-14 09:35:00,Delhi,Delivered
O003152,C02442,P0129,2,8288.85,2026-03-26 01:22:00,Coimbatore,Returned
O003153,C02277,P0601,2,5812.86,2026-02-15 02:10:00,Hyderabad,Processing
O003154,C02641,P0720,3,8925.71,2026-04-04 22:33:00,Coimbatore,Returned
O003155,C02288,P0646,4,5928.39,2026-02-25 02:48:00,Bengaluru,Processing
O003156,C02273,P0420,4,6488.01,2026-01-02 09:25:00,Pune,Delivered
O003157,C01489,P0100,1,5501.88,2026-04-18 14:17:00,Kochi,Processing
O003158,C00816,P0322,2,3075.32,2026-01-22 18:16:00,Bengaluru,Delivered
O003159,C00443,P0708,2,3265.42,2026-03-15 13:24:00,Delhi,Processing
O003160,C02142,P0673,1,7405.45,2026-04-26 18:23:00,Hyderabad,Delivered
O003161,C00220,P0512,4,9387.92,2026-05-07 08:00:00,Hyderabad,Delivered
O003162,C02301,P0592,2,7069.99,2026-06-08 05:40:00,Hyderabad,Shipped
O003163,C02157,P0185,2,5277.61,2026-01-31 21:40:00,Chennai,Delivered
O003164,C00482,P0142,3,152.07,2026-02-08 06:41:00,Delhi,Processing
O003165,C02155,P0703,3,6202.03,2026-02-01 15:37:00,Chennai,Delivered
O003166,C00967,P0580,2,2979.67,2026-02-11 11:18:00,Kochi,Returned
O003167,C01799,P0093,4,5751.64,2026-06-03 03:10:00,Chennai,Processing
O003168,C01638,P0044,3,9529.55,2026-01-28 20:16:00,Chennai,Returned
O003169,C02039,P0713,2,3378.0,2026-02-03 00:49:00,Mumbai,Shipped
O003170,C00052,P0405,4,2546.0,2026-01-30 09:55:00,Delhi,Returned
O003171,C00834,P0039,4,6812.26,2026-05-16 09:01:00,Coimbatore,Processing
O003172,C01942,P0383,4,6977.34,2026-06-20 15:54:00,Chennai,Returned
O003173,C00880,P0694,1,614.19,2026-03-14 04:06:00,Delhi,Shipped
O003174,C00412,P0691,2,7534.79,2026-06-08 20:38:00,Kochi,Shipped
O003175,C00728,P0191,2,8443.81,2026-05-30 10:13:00,Pune,Returned
O003176,C02728,P0798,1,6080.32,2026-01-11 01:41:00,Bengaluru,Processing
O003177,C01753,P0031,4,739.63,2026-01-30 12:19:00,Bengaluru,Returned
O003178,C01657,P0675,2,8934.69,2026-04-09 18:10:00,Kochi,Processing
O003179,C02120,P0441,1,5390.46,2026-01-17 01:12:00,Delhi,Returned
O003180,C00841,P0795,3,4749.67,2026-05-17 23:02:00,Pune,Shipped
O003181,C00195,P0635,3,4059.59,2026-04-03 00:21:00,Chennai,Processing
O003182,C00865,P0505,2,1428.24,2026-04-15 21:37:00,Hyderabad,Returned
O003183,C00241,P0204,3,951.33,2026-04-17 05:11:00,Coimbatore,Processing
O003184,C02431,P0768,4,8965.31,2026-02-07 04:25:00,Kochi,Shipped
O003185,C00100,P0489,1,2399.84,2026-03-10 10:36:00,Coimbatore,Shipped
O003186,C02664,P0680,3,4165.12,2026-03-28 18:28:00,Kochi,Shipped
O003187,C02804,P0096,4,8076.83,2026-01-02 09:51:00,Kochi,Returned
O003188,C02706,P0779,1,1467.39,2026-06-09 03:42:00,Hyderabad,Shipped
O003189,C00035,P0210,4,8500.3,2026-04-29 05:50:00,Chennai,Returned
O003190,C00564,P0753,2,7657.11,2026-05-10 15:35:00,Hyderabad,Processing
O003191,C01212,P0056,3,4337.67,2026-03-01 23:24:00,Coimbatore,Shipped
O003192,C02169,P0711,2,1928.92,2026-03-19 18:30:00,Bengaluru,Processing
O003193,C02929,P0693,1,1638.87,2026-02-05 11:09:00,Chennai,Returned
O003194,C02555,P0415,3,5235.33,2026-05-12 19:58:00,Delhi,Shipped
O003195,C01953,P0618,2,4111.77,2026-03-30 03:29:00,Kochi,Delivered
O003196,C02450,P0549,4,1936.82,2026-04-22 10:08:00,Hyderabad,Delivered
O003197,C00696,P0476,3,867.09,2026-06-25 12:36:00,Bengaluru,Delivered
O003198,C02313,P0547,3,3808.05,2026-06-17 11:10:00,Hyderabad,Shipped
O003199,C01149,P0613,3,1307.31,2026-02-21 09:26:00,Kochi,Processing
O003200,C00850,P0173,3,8537.22,2026-02-13 03:45:00,Chennai,Processing
O003201,C00510,P0421,1,8440.77,2026-01-21 01:58:00,Delhi,Processing
O003202,C02437,P0356,4,6296.35,2026-05-26 09:35:00,Coimbatore,Shipped
O003203,C01010,P0176,3,3653.54,2026-01-27 08:23:00,Pune,Shipped
O003204,C00662,P0314,4,7849.53,2026-06-26 05:36:00,Coimbatore,Shipped
O003205,C01301,P0385,1,4244.08,2026-06-07 11:55:00,Delhi,Returned
O003206,C02936,P0331,3,7893.32,2026-04-02 23:36:00,Pune,Returned
O003207,C00926,P0008,3,4742.92,2026-04-14 13:02:00,Hyderabad,Delivered
O003208,C02019,P0637,2,797.52,2026-05-28 21:15:00,Chennai,Returned
O003209,C00264,P0268,4,4813.91,2026-04-12 22:25:00,Hyderabad,Processing
O003210,C00017,P0479,4,6996.75,2026-04-25 20:17:00,Pune,Processing
O003211,C00395,P0596,2,3439.36,2026-01-01 01:42:00,Coimbatore,Shipped
O003212,C01507,P0134,4,4143.39,2026-04-07 06:38:00,Bengaluru,Returned
O003213,C00724,P0032,1,5989.11,2026-04-16 19:17:00,Pune,Returned
O003214,C02306,P0029,1,4435.78,2026-02-08 14:51:00,Delhi,Returned
O003215,C01896,P0717,1,9261.46,2026-05-02 07:24:00,Coimbatore,Shipped
O003216,C00841,P0221,4,6255.24,2026-06-04 16:45:00,Pune,Delivered
O003217,C00099,P0219,2,1397.47,2026-06-12 16:27:00,Mumbai,Delivered
O003218,C01449,P0682,1,4013.05,2026-02-25 07:26:00,Mumbai,Shipped
O003219,C02400,P0443,1,1796.09,2026-01-24 18:32:00,Hyderabad,Returned
O003220,C00781,P0643,4,7801.9,2026-03-04 16:59:00,Bengaluru,Returned
O003221,C01974,P0184,3,1570.2,2026-02-11 01:37:00,Coimbatore,Returned
O003222,C00154,P0050,2,4810.52,2026-01-27 21:15:00,Hyderabad,Delivered
O003223,C02796,P0156,3,502.84,2026-01-20 13:47:00,Kochi,Processing
O003224,C02648,P0278,4,1264.65,2026-06-08 13:56:00,Delhi,Shipped
O003225,C02234,P0263,2,3567.34,2026-02-03 06:43:00,Mumbai,Delivered
O003226,C02575,P0459,3,4208.02,2026-05-19 10:17:00,Pune,Returned
O003227,C01079,P0739,1,7330.72,2026-04-06 04:53:00,Bengaluru,Delivered
O003228,C00855,P0798,1,6080.32,2026-03-18 15:51:00,Kochi,Processing
O003229,C02777,P0317,1,6564.28,2026-04-08 02:54:00,Hyderabad,Returned
O003230,C02005,P0312,2,2537.53,2026-05-12 08:09:00,Kochi,Returned
O003231,C02559,P0435,3,1474.61,2026-05-05 03:50:00,Kochi,Shipped
O003232,C01151,P0292,3,2004.02,2026-04-08 10:02:00,Bengaluru,Returned
O003233,C01453,P0159,3,8365.04,2026-03-05 14:28:00,Delhi,Processing
O003234,C02943,P0701,3,1291.57,2026-03-22 13:20:00,Mumbai,Delivered
O003235,C02405,P0349,2,6832.72,2026-02-18 06:52:00,Pune,Shipped
O003236,C00441,P0328,4,9147.78,2026-05-30 04:10:00,Coimbatore,Shipped
O003237,C02579,P0721,1,4538.97,2026-04-17 18:30:00,Coimbatore,Shipped
O003238,C02942,P0106,2,176.87,2026-06-02 04:47:00,Coimbatore,Processing
O003239,C00978,P0036,3,1558.0,2026-01-22 06:34:00,Hyderabad,Processing
O003240,C00151,P0630,4,6658.91,2026-01-12 13:20:00,Bengaluru,Returned
O003241,C01460,P0089,1,6477.51,2026-03-23 05:23:00,Pune,Processing
O003242,C02910,P0721,4,4538.97,2026-02-16 03:51:00,Mumbai,Returned
O003243,C00061,P0040,4,1611.09,2026-05-10 02:18:00,Hyderabad,Shipped
O003244,C00716,P0756,1,8540.93,2026-01-25 03:44:00,Chennai,Delivered
O003245,C02192,P0797,2,2938.01,2026-06-14 15:43:00,Kochi,Processing
O003246,C01505,P0063,2,9858.07,2026-05-06 07:59:00,Hyderabad,Processing
O003247,C01504,P0780,4,5537.46,2026-04-01 21:13:00,Chennai,Shipped
O003248,C00238,P0689,3,9487.92,2026-05-15 06:10:00,Chennai,Processing
O003249,C01301,P0780,3,5537.46,2026-01-04 06:25:00,Delhi,Delivered
O003250,C00970,P0442,1,3354.53,2026-05-04 08:05:00,Pune,Shipped
O003251,C02433,P0355,3,2048.08,2026-04-27 21:21:00,Hyderabad,Processing
O003252,C00542,P0075,2,6747.45,2026-03-31 06:54:00,Coimbatore,Returned
O003253,C02631,P0430,3,2345.57,2026-05-14 04:52:00,Mumbai,Shipped
O003254,C01068,P0689,1,9487.92,2026-01-16 23:45:00,Chennai,Processing
O003255,C00068,P0135,4,9762.67,2026-01-24 22:03:00,Bengaluru,Delivered
O003256,C02566,P0090,3,646.74,2026-04-18 07:33:00,Delhi,Shipped
O003257,C00405,P0595,1,3060.11,2026-06-11 16:08:00,Pune,Processing
O003258,C02565,P0718,4,3083.62,2026-04-08 21:58:00,Coimbatore,Processing
O003259,C02543,P0295,2,9626.53,2026-06-19 05:53:00,Chennai,Shipped
O003260,C00803,P0591,2,6346.66,2026-01-09 22:42:00,Kochi,Returned
O003261,C00666,P0317,2,6564.28,2026-02-08 18:45:00,Mumbai,Shipped
O003262,C02858,P0092,1,4028.26,2026-03-21 19:35:00,Chennai,Delivered
O003263,C02313,P0430,3,2345.57,2026-03-11 01:15:00,Hyderabad,Returned
O003264,C01889,P0207,2,293.32,2026-01-20 22:37:00,Delhi,Shipped
O003265,C01763,P0443,1,1796.09,2026-04-06 20:40:00,Mumbai,Shipped
O003266,C02304,P0753,2,7657.11,2026-02-16 09:15:00,Coimbatore,Returned
O003267,C02138,P0252,2,7003.96,2026-04-04 12:52:00,Chennai,Returned
O003268,C01711,P0098,1,4449.81,2026-04-27 10:51:00,Kochi,Processing
O003269,C01195,P0687,1,2919.51,2026-03-04 07:23:00,Bengaluru,Delivered
O003270,C00444,P0527,3,4964.39,2026-06-23 02:18:00,Bengaluru,Delivered
O003271,C00934,P0665,1,7169.18,2026-01-10 02:44:00,Mumbai,Delivered
O003272,C01364,P0761,1,1114.4,2026-01-28 08:39:00,Pune,Processing
O003273,C01226,P0226,2,1828.68,2026-03-06 19:38:00,Coimbatore,Processing
O003274,C01382,P0070,4,8064.57,2026-02-01 06:35:00,Hyderabad,Processing
O003275,C01575,P0316,4,512.74,2026-02-20 19:12:00,Coimbatore,Delivered
O003276,C00800,P0452,4,8196.17,2026-03-28 14:51:00,Chennai,Processing
O003277,C01716,P0693,1,1638.87,2026-05-25 02:28:00,Delhi,Delivered
O003278,C02486,P0177,3,4946.27,2026-06-15 21:32:00,Delhi,Delivered
O003279,C00173,P0304,1,1895.43,2026-02-06 16:20:00,Delhi,Shipped
O003280,C02808,P0314,1,7849.53,2026-06-07 16:51:00,Mumbai,Processing
O003281,C00622,P0031,4,739.63,2026-02-20 08:19:00,Delhi,Delivered
O003282,C01073,P0456,3,9111.0,2026-03-19 21:02:00,Coimbatore,Processing
O003283,C00740,P0424,4,3403.2,2026-04-02 15:02:00,Bengaluru,Returned
O003284,C02729,P0462,4,2809.39,2026-05-22 06:42:00,Delhi,Shipped
O003285,C02615,P0074,4,2079.76,2026-04-26 06:57:00,Bengaluru,Shipped
O003286,C01819,P0724,2,548.91,2026-04-08 10:47:00,Kochi,Returned
O003287,C02157,P0701,2,1291.57,2026-04-26 05:47:00,Chennai,Delivered
O003288,C01184,P0063,3,9858.07,2026-01-17 13:26:00,Mumbai,Processing
O003289,C02505,P0366,1,6806.89,2026-03-25 02:21:00,Bengaluru,Returned
O003290,C02219,P0696,2,916.89,2026-04-23 07:54:00,Mumbai,Shipped
O003291,C01389,P0708,1,3265.42,2026-02-17 03:52:00,Bengaluru,Processing
O003292,C00409,P0168,4,3315.66,2026-02-04 02:59:00,Mumbai,Shipped
O003293,C02852,P0226,4,1828.68,2026-02-05 05:11:00,Coimbatore,Processing
O003294,C02093,P0136,2,9081.55,2026-02-20 10:00:00,Hyderabad,Processing
O003295,C00584,P0757,1,4855.21,2026-04-23 04:07:00,Mumbai,Shipped
O003296,C02992,P0149,2,8728.63,2026-01-08 05:21:00,Hyderabad,Processing
O003297,C02741,P0220,1,8346.5,2026-01-01 16:01:00,Coimbatore,Shipped
O003298,C00604,P0231,3,7092.41,2026-05-20 21:50:00,Kochi,Processing
O003299,C01056,P0276,3,6054.84,2026-01-16 11:34:00,Bengaluru,Delivered
O003300,C02713,P0203,4,6531.42,2026-03-14 21:35:00,Coimbatore,Returned
O003301,C01466,P0058,3,6515.02,2026-03-07 18:02:00,Bengaluru,Delivered
O003302,C01465,P0047,4,8857.53,2026-02-16 11:13:00,Pune,Shipped
O003303,C02658,P0589,3,1543.12,2026-03-20 21:01:00,Kochi,Shipped
O003304,C02342,P0054,2,8384.65,2026-02-20 06:43:00,Chennai,Shipped
O003305,C01432,P0090,2,646.74,2026-06-20 05:43:00,Hyderabad,Shipped
O003306,C00885,P0795,2,4749.67,2026-02-08 01:39:00,Delhi,Delivered
O003307,C01702,P0518,1,891.16,2026-04-07 05:51:00,Coimbatore,Returned
O003308,C01175,P0655,3,7096.19,2026-04-09 01:51:00,Mumbai,Delivered
O003309,C02136,P0469,4,7483.98,2026-02-02 22:13:00,Coimbatore,Delivered
O003310,C00916,P0066,3,5076.41,2026-05-05 21:39:00,Coimbatore,Delivered
O003311,C00223,P0315,2,7841.03,2026-02-12 16:39:00,Coimbatore,Processing
O003312,C00807,P0635,1,4059.59,2026-06-25 01:48:00,Delhi,Shipped
O003313,C02722,P0526,2,9168.71,2026-06-07 12:35:00,Chennai,Processing
O003314,C01564,P0232,2,9748.13,2026-01-21 11:51:00,Pune,Returned
O003315,C00966,P0658,4,6391.79,2026-01-12 07:35:00,Kochi,Processing
O003316,C01809,P0462,2,2809.39,2026-06-17 14:12:00,Kochi,Delivered
O003317,C00837,P0788,2,2185.3,2026-02-18 12:51:00,Delhi,Delivered
O003318,C00795,P0434,3,4553.72,2026-05-28 19:15:00,Delhi,Delivered
O003319,C01796,P0393,1,533.66,2026-02-04 07:31:00,Kochi,Delivered
O003320,C01355,P0469,1,7483.98,2026-05-15 03:22:00,Hyderabad,Delivered
O003321,C01001,P0329,3,141.36,2026-02-04 03:32:00,Hyderabad,Returned
O003322,C00525,P0182,4,5319.06,2026-04-02 04:30:00,Kochi,Shipped
O003323,C00450,P0107,4,992.48,2026-03-21 09:15:00,Mumbai,Returned
O003324,C00793,P0086,2,5641.27,2026-03-13 02:53:00,Mumbai,Delivered
O003325,C02457,P0164,1,5943.35,2026-06-29 12:50:00,Hyderabad,Returned
O003326,C01550,P0053,2,707.1,2026-03-25 07:18:00,Kochi,Returned
O003327,C00293,P0747,2,9438.22,2026-06-19 17:43:00,Pune,Delivered
O003328,C01108,P0532,4,6385.3,2026-05-15 12:57:00,Bengaluru,Returned
O003329,C01904,P0482,1,3807.98,2026-01-20 01:01:00,Pune,Delivered
O003330,C02399,P0697,2,7318.56,2026-02-20 22:17:00,Mumbai,Shipped
O003331,C01856,P0011,4,1928.34,2026-02-16 12:25:00,Chennai,Returned
O003332,C00355,P0219,4,1397.47,2026-06-04 12:39:00,Delhi,Returned
O003333,C02269,P0155,3,7088.03,2026-05-25 22:32:00,Pune,Delivered
O003334,C02512,P0416,1,4705.01,2026-04-02 18:33:00,Hyderabad,Shipped
O003335,C02542,P0028,1,225.58,2026-01-05 00:22:00,Pune,Shipped
O003336,C01770,P0439,4,9228.23,2026-03-25 18:18:00,Mumbai,Delivered
O003337,C02222,P0650,2,8079.24,2026-05-03 07:50:00,Chennai,Shipped
O003338,C01866,P0502,4,692.24,2026-06-25 21:50:00,Chennai,Shipped
O003339,C02882,P0073,3,5094.93,2026-05-14 21:02:00,Bengaluru,Shipped
O003340,C01329,P0416,4,4705.01,2026-03-14 21:54:00,Hyderabad,Processing
O003341,C01657,P0525,3,1451.9,2026-05-19 16:04:00,Kochi,Shipped
O003342,C00759,P0671,3,8333.09,2026-05-02 10:04:00,Kochi,Processing
O003343,C00912,P0236,4,7351.26,2026-06-28 05:17:00,Chennai,Shipped
O003344,C00422,P0258,3,2488.26,2026-02-07 20:15:00,Pune,Shipped
O003345,C02514,P0591,1,6346.66,2026-01-21 19:32:00,Mumbai,Returned
O003346,C02055,P0748,4,3169.59,2026-02-17 03:51:00,Mumbai,Delivered
O003347,C02005,P0244,3,8989.85,2026-06-04 14:37:00,Kochi,Processing
O003348,C02211,P0513,4,5966.04,2026-02-14 01:09:00,Mumbai,Returned
O003349,C02486,P0509,4,6118.83,2026-06-18 05:43:00,Delhi,Shipped
O003350,C01153,P0576,2,6691.73,2026-05-12 02:46:00,Chennai,Shipped
O003351,C02806,P0407,3,1756.59,2026-06-22 09:51:00,Bengaluru,Delivered
O003352,C00305,P0063,1,9858.07,2026-02-27 17:53:00,Pune,Delivered
O003353,C00736,P0103,1,8429.58,2026-05-25 04:36:00,Bengaluru,Processing
O003354,C01188,P0648,4,6112.92,2026-02-23 06:48:00,Mumbai,Delivered
O003355,C02344,P0174,4,2919.87,2026-02-28 19:31:00,Chennai,Processing
O003356,C02359,P0601,2,5812.86,2026-05-06 10:24:00,Pune,Delivered
O003357,C00932,P0206,2,7412.93,2026-01-19 07:57:00,Delhi,Shipped
O003358,C00853,P0540,1,6948.18,2026-04-16 23:50:00,Hyderabad,Processing
O003359,C00233,P0041,3,7624.7,2026-01-24 11:09:00,Pune,Returned
O003360,C02340,P0210,2,8500.3,2026-04-04 04:14:00,Kochi,Shipped
O003361,C00956,P0002,3,1803.85,2026-05-26 04:44:00,Coimbatore,Delivered
O003362,C00276,P0718,2,3083.62,2026-02-18 22:18:00,Kochi,Delivered
O003363,C01270,P0210,2,8500.3,2026-02-13 18:31:00,Kochi,Processing
O003364,C00388,P0719,2,532.73,2026-03-16 07:39:00,Hyderabad,Shipped
O003365,C01574,P0379,3,3750.42,2026-01-04 19:36:00,Bengaluru,Processing
O003366,C02250,P0720,3,8925.71,2026-04-15 23:53:00,Mumbai,Processing
O003367,C01475,P0786,3,3671.5,2026-04-18 20:14:00,Chennai,Delivered
O003368,C00799,P0220,4,8346.5,2026-03-31 09:32:00,Hyderabad,Processing
O003369,C00511,P0252,3,7003.96,2026-05-03 10:28:00,Bengaluru,Shipped
O003370,C01919,P0308,4,4979.5,2026-04-05 14:18:00,Bengaluru,Processing
O003371,C01008,P0652,2,6896.92,2026-05-02 06:56:00,Mumbai,Shipped
O003372,C02392,P0158,4,3560.08,2026-01-15 09:28:00,Kochi,Shipped
O003373,C00248,P0177,4,4946.27,2026-01-31 03:05:00,Chennai,Shipped
O003374,C01864,P0124,1,9076.76,2026-03-11 07:16:00,Kochi,Returned
O003375,C01725,P0588,3,6830.81,2026-01-07 19:03:00,Bengaluru,Processing
O003376,C00775,P0205,4,4275.6,2026-02-03 08:32:00,Mumbai,Delivered
O003377,C01849,P0666,3,9941.8,2026-05-31 01:29:00,Hyderabad,Returned
O003378,C00667,P0564,4,3746.46,2026-04-16 20:44:00,Delhi,Delivered
O003379,C02815,P0493,1,534.0,2026-06-18 14:16:00,Kochi,Processing
O003380,C00223,P0149,4,8728.63,2026-03-06 07:42:00,Coimbatore,Returned
O003381,C02793,P0324,1,6142.41,2026-06-21 15:42:00,Hyderabad,Returned
O003382,C02087,P0503,3,2098.92,2026-02-03 12:28:00,Hyderabad,Delivered
O003383,C02867,P0046,1,4649.6,2026-04-21 11:35:00,Mumbai,Returned
O003384,C01822,P0573,1,1786.29,2026-01-18 19:29:00,Hyderabad,Returned
O003385,C01065,P0489,4,2399.84,2026-04-27 11:38:00,Bengaluru,Shipped
O003386,C01569,P0081,2,3253.67,2026-06-19 15:57:00,Delhi,Returned
O003387,C01766,P0044,4,9529.55,2026-05-26 21:01:00,Bengaluru,Processing
O003388,C00345,P0360,3,5243.78,2026-03-15 02:02:00,Delhi,Shipped
O003389,C02257,P0155,2,7088.03,2026-04-22 05:06:00,Mumbai,Processing
O003390,C01363,P0465,2,856.68,2026-04-15 14:00:00,Mumbai,Returned
O003391,C02777,P0574,1,9933.28,2026-02-11 19:00:00,Hyderabad,Processing
O003392,C00413,P0420,3,6488.01,2026-04-04 10:49:00,Coimbatore,Processing
O003393,C00302,P0381,1,4277.41,2026-05-05 11:42:00,Mumbai,Processing
O003394,C02384,P0799,3,206.59,2026-05-12 07:23:00,Bengaluru,Shipped
O003395,C01429,P0096,4,8076.83,2026-01-05 20:13:00,Kochi,Processing
O003396,C01725,P0654,3,7103.27,2026-04-08 04:42:00,Bengaluru,Processing
O003397,C01800,P0413,2,5755.57,2026-02-24 00:06:00,Mumbai,Processing
O003398,C01130,P0330,3,5601.33,2026-02-26 14:02:00,Delhi,Processing
O003399,C02389,P0288,2,3932.63,2026-05-03 10:26:00,Bengaluru,Returned
O003400,C00051,P0593,4,1610.75,2026-04-20 18:27:00,Kochi,Shipped
O003401,C02750,P0526,3,9168.71,2026-05-29 03:21:00,Coimbatore,Returned
O003402,C01989,P0595,1,3060.11,2026-04-04 14:56:00,Chennai,Returned
O003403,C02870,P0763,2,3914.29,2026-05-24 20:08:00,Delhi,Processing
O003404,C00121,P0571,4,1762.72,2026-03-05 07:22:00,Chennai,Processing
O003405,C02812,P0745,1,9030.46,2026-05-15 14:21:00,Chennai,Shipped
O003406,C01658,P0732,3,5381.3,2026-04-30 16:43:00,Chennai,Delivered
O003407,C00841,P0589,4,1543.12,2026-04-27 13:02:00,Pune,Returned
O003408,C01873,P0107,4,992.48,2026-02-14 02:04:00,Mumbai,Delivered
O003409,C00930,P0171,1,1015.26,2026-06-08 08:03:00,Mumbai,Delivered
O003410,C00204,P0165,1,384.86,2026-01-24 09:30:00,Mumbai,Processing
O003411,C00319,P0033,4,8396.28,2026-02-04 09:38:00,Delhi,Processing
O003412,C00001,P0316,1,512.74,2026-06-08 01:04:00,Bengaluru,Shipped
O003413,C00524,P0480,2,6933.43,2026-03-19 15:38:00,Coimbatore,Shipped
O003414,C00616,P0310,3,747.04,2026-02-27 01:49:00,Pune,Processing
O003415,C02403,P0410,4,4789.21,2026-06-25 22:28:00,Kochi,Delivered
O003416,C02645,P0327,1,4651.01,2026-05-24 04:51:00,Hyderabad,Shipped
O003417,C00119,P0060,4,294.15,2026-04-30 19:23:00,Mumbai,Shipped
O003418,C02059,P0699,3,2063.28,2026-04-11 06:50:00,Pune,Processing
O003419,C01399,P0345,4,1998.33,2026-03-06 05:52:00,Mumbai,Shipped
O003420,C00006,P0401,1,8837.96,2026-04-25 12:39:00,Chennai,Returned
O003421,C00016,P0720,1,8925.71,2026-06-18 03:08:00,Kochi,Delivered
O003422,C00173,P0518,3,891.16,2026-04-28 20:28:00,Delhi,Processing
O003423,C02630,P0595,1,3060.11,2026-04-01 02:58:00,Bengaluru,Processing
O003424,C01157,P0533,2,9271.54,2026-04-06 17:17:00,Mumbai,Delivered
O003425,C00235,P0190,2,1226.96,2026-04-30 05:35:00,Mumbai,Processing
O003426,C02077,P0769,1,4342.42,2026-06-14 02:28:00,Pune,Processing
O003427,C01761,P0109,3,8805.73,2026-01-10 13:45:00,Pune,Processing
O003428,C00777,P0454,1,2095.86,2026-02-28 05:55:00,Mumbai,Processing
O003429,C01348,P0091,3,8684.0,2026-02-05 19:15:00,Hyderabad,Returned
O003430,C02564,P0272,2,1528.03,2026-05-14 13:21:00,Pune,Returned
O003431,C01918,P0487,1,5663.34,2026-06-14 20:35:00,Hyderabad,Delivered
O003432,C00795,P0178,2,5673.27,2026-06-30 12:55:00,Delhi,Shipped
O003433,C02865,P0566,4,6373.4,2026-05-16 02:06:00,Pune,Returned
O003434,C02040,P0026,3,5582.77,2026-05-06 05:22:00,Coimbatore,Delivered
O003435,C00545,P0352,1,3229.8,2026-05-07 15:49:00,Bengaluru,Processing
O003436,C00139,P0657,4,9529.9,2026-02-28 21:09:00,Bengaluru,Shipped
O003437,C01873,P0510,4,1916.1,2026-06-01 21:47:00,Mumbai,Processing
O003438,C00771,P0740,1,9717.89,2026-01-28 05:39:00,Pune,Processing
O003439,C00189,P0648,4,6112.92,2026-06-21 00:11:00,Delhi,Processing
O003440,C01635,P0252,4,7003.96,2026-05-16 20:22:00,Pune,Processing
O003441,C00080,P0506,3,6514.66,2026-01-30 03:35:00,Chennai,Processing
O003442,C01338,P0233,4,8252.74,2026-03-06 04:17:00,Coimbatore,Shipped
O003443,C01614,P0075,3,6747.45,2026-02-15 23:28:00,Delhi,Delivered
O003444,C01786,P0632,2,6060.23,2026-03-20 13:35:00,Delhi,Delivered
O003445,C00040,P0775,4,1219.32,2026-03-23 23:24:00,Coimbatore,Returned
O003446,C01825,P0025,4,4622.76,2026-03-02 18:31:00,Chennai,Delivered
O003447,C01161,P0171,1,1015.26,2026-03-24 16:22:00,Chennai,Shipped
O003448,C02258,P0395,2,3463.19,2026-06-26 22:50:00,Bengaluru,Processing
O003449,C00971,P0521,4,4330.23,2026-03-27 02:58:00,Hyderabad,Returned
O003450,C01616,P0054,1,8384.65,2026-06-14 21:21:00,Delhi,Processing
O003451,C02695,P0048,2,1430.43,2026-03-25 02:47:00,Bengaluru,Processing
O003452,C00909,P0462,1,2809.39,2026-01-01 21:06:00,Chennai,Returned
O003453,C01687,P0300,3,3880.91,2026-02-03 09:30:00,Delhi,Shipped
O003454,C02217,P0307,2,2471.27,2026-06-18 02:54:00,Mumbai,Delivered
O003455,C01519,P0317,1,6564.28,2026-04-13 10:34:00,Mumbai,Processing
O003456,C00873,P0239,3,8363.65,2026-06-30 20:17:00,Mumbai,Processing
O003457,C02410,P0418,2,8063.59,2026-03-12 00:26:00,Kochi,Delivered
O003458,C02118,P0231,3,7092.41,2026-06-03 19:05:00,Pune,Returned
O003459,C01722,P0270,3,8731.95,2026-05-14 00:26:00,Kochi,Processing
O003460,C00562,P0681,2,7716.53,2026-05-20 05:39:00,Hyderabad,Processing
O003461,C01970,P0527,3,4964.39,2026-06-12 06:28:00,Hyderabad,Shipped
O003462,C01689,P0230,2,8972.55,2026-06-16 21:17:00,Hyderabad,Shipped
O003463,C02442,P0321,3,1697.02,2026-06-15 11:13:00,Coimbatore,Delivered
O003464,C01131,P0099,1,4953.55,2026-04-07 17:49:00,Mumbai,Processing
O003465,C00216,P0771,1,3548.02,2026-06-23 00:09:00,Bengaluru,Returned
O003466,C02448,P0486,3,4214.23,2026-04-30 23:48:00,Mumbai,Delivered
O003467,C02500,P0587,1,3226.67,2026-02-08 01:11:00,Pune,Delivered
O003468,C00442,P0069,4,2943.82,2026-06-25 04:59:00,Chennai,Shipped
O003469,C00193,P0708,3,3265.42,2026-04-06 13:21:00,Kochi,Processing
O003470,C02433,P0119,1,4834.82,2026-06-16 23:58:00,Hyderabad,Shipped
O003471,C02685,P0596,4,3439.36,2026-01-03 20:57:00,Mumbai,Returned
O003472,C00156,P0763,3,3914.29,2026-06-06 04:49:00,Chennai,Shipped
O003473,C00060,P0097,3,1527.35,2026-04-16 02:16:00,Hyderabad,Shipped
O003474,C02444,P0103,4,8429.58,2026-06-27 11:54:00,Mumbai,Shipped
O003475,C01027,P0372,4,5991.23,2026-06-21 02:04:00,Coimbatore,Returned
O003476,C02215,P0547,2,3808.05,2026-04-04 21:13:00,Hyderabad,Processing
O003477,C01862,P0279,2,3009.41,2026-06-20 12:42:00,Kochi,Delivered
O003478,C02859,P0135,1,9762.67,2026-02-03 00:41:00,Chennai,Returned
O003479,C01482,P0643,3,7801.9,2026-01-02 19:52:00,Hyderabad,Delivered
O003480,C00158,P0491,1,3951.95,2026-06-07 10:18:00,Bengaluru,Shipped
O003481,C01505,P0004,3,1339.91,2026-04-24 02:52:00,Hyderabad,Returned
O003482,C01137,P0219,3,1397.47,2026-01-31 10:52:00,Kochi,Delivered
O003483,C01591,P0236,1,7351.26,2026-06-27 05:16:00,Hyderabad,Processing
O003484,C00829,P0034,4,7586.4,2026-01-07 04:12:00,Bengaluru,Shipped
O003485,C02655,P0482,2,3807.98,2026-04-28 00:11:00,Pune,Delivered
O003486,C01745,P0503,1,2098.92,2026-02-12 23:20:00,Chennai,Processing
O003487,C00538,P0010,4,9207.97,2026-03-02 23:38:00,Kochi,Processing
O003488,C01731,P0788,4,2185.3,2026-06-01 12:46:00,Kochi,Processing
O003489,C02352,P0163,1,6843.99,2026-01-09 01:56:00,Bengaluru,Returned
O003490,C02448,P0140,1,1042.27,2026-04-19 20:29:00,Mumbai,Returned
O003491,C00171,P0493,2,534.0,2026-02-06 07:51:00,Chennai,Returned
O003492,C00544,P0567,3,2411.23,2026-01-02 18:41:00,Bengaluru,Shipped
O003493,C01213,P0696,1,916.89,2026-01-13 02:53:00,Coimbatore,Returned
O003494,C01269,P0048,4,1430.43,2026-04-13 09:47:00,Hyderabad,Delivered
O003495,C01021,P0013,1,3585.81,2026-04-07 01:39:00,Mumbai,Returned
O003496,C00789,P0027,2,8581.06,2026-04-15 03:07:00,Kochi,Shipped
O003497,C01069,P0260,2,1324.75,2026-02-27 15:20:00,Bengaluru,Processing
O003498,C01418,P0584,4,8485.47,2026-05-10 17:34:00,Chennai,Returned
O003499,C00677,P0519,4,1759.88,2026-02-27 08:40:00,Hyderabad,Returned
O003500,C01817,P0045,2,3896.94,2026-03-14 14:46:00,Bengaluru,Shipped
O003501,C02548,P0340,4,2040.26,2026-05-30 17:39:00,Kochi,Returned
O003502,C01721,P0540,2,6948.18,2026-01-16 11:29:00,Kochi,Processing
O003503,C01550,P0032,4,5989.11,2026-02-05 17:25:00,Kochi,Shipped
O003504,C01592,P0237,1,3411.61,2026-05-14 08:03:00,Pune,Processing
O003505,C00779,P0176,2,3653.54,2026-06-01 02:47:00,Pune,Returned
O003506,C02669,P0142,4,152.07,2026-05-03 01:03:00,Kochi,Shipped
O003507,C02029,P0570,3,1364.83,2026-05-21 19:58:00,Pune,Shipped
O003508,C02901,P0552,2,947.5,2026-03-04 03:33:00,Delhi,Shipped
O003509,C02765,P0082,4,2741.65,2026-05-26 20:51:00,Bengaluru,Delivered
O003510,C00985,P0141,1,9316.54,2026-04-22 21:30:00,Mumbai,Processing
O003511,C01424,P0733,2,9425.26,2026-02-20 12:02:00,Mumbai,Delivered
O003512,C01227,P0460,4,4631.5,2026-06-28 10:04:00,Pune,Returned
O003513,C01267,P0555,4,2733.2,2026-05-06 03:34:00,Pune,Processing
O003514,C00425,P0467,3,5109.04,2026-02-28 22:29:00,Mumbai,Processing
O003515,C02702,P0094,4,5013.87,2026-01-30 22:09:00,Delhi,Returned
O003516,C01092,P0173,1,8537.22,2026-03-22 08:20:00,Hyderabad,Processing
O003517,C01845,P0469,2,7483.98,2026-06-13 06:36:00,Coimbatore,Delivered
O003518,C00930,P0232,2,9748.13,2026-04-07 03:22:00,Mumbai,Processing
O003519,C01187,P0222,3,1377.06,2026-04-20 10:16:00,Pune,Returned
O003520,C00314,P0507,1,8483.65,2026-03-29 06:24:00,Delhi,Processing
O003521,C01967,P0734,2,8745.49,2026-06-29 00:29:00,Pune,Shipped
O003522,C01052,P0214,1,2750.7,2026-04-08 00:23:00,Kochi,Processing
O003523,C01584,P0790,2,6990.61,2026-05-30 01:43:00,Coimbatore,Returned
O003524,C02475,P0035,3,6699.1,2026-01-10 02:36:00,Hyderabad,Processing
O003525,C01954,P0143,3,3093.82,2026-04-04 21:54:00,Mumbai,Shipped
O003526,C00961,P0415,3,5235.33,2026-03-08 01:50:00,Pune,Processing
O003527,C00119,P0510,1,1916.1,2026-03-05 14:01:00,Mumbai,Shipped
O003528,C01059,P0175,2,4958.37,2026-05-19 21:26:00,Pune,Processing
O003529,C01352,P0719,4,532.73,2026-01-23 12:41:00,Pune,Returned
O003530,C01685,P0776,1,994.43,2026-03-16 20:01:00,Coimbatore,Shipped
O003531,C00236,P0350,3,5219.84,2026-04-15 02:43:00,Kochi,Returned
O003532,C01960,P0109,1,8805.73,2026-02-25 06:14:00,Chennai,Returned
O003533,C01136,P0116,4,2079.75,2026-01-28 02:54:00,Kochi,Processing
O003534,C00986,P0399,1,2476.48,2026-04-18 19:12:00,Kochi,Delivered
O003535,C02762,P0418,4,8063.59,2026-06-14 02:52:00,Pune,Shipped
O003536,C00741,P0099,1,4953.55,2026-02-02 19:49:00,Delhi,Returned
O003537,C01712,P0261,4,5766.11,2026-05-13 08:05:00,Bengaluru,Processing
O003538,C01556,P0105,1,5394.62,2026-02-04 06:29:00,Bengaluru,Processing
O003539,C02921,P0438,1,3327.19,2026-01-20 19:37:00,Hyderabad,Shipped
O003540,C00838,P0403,2,9771.12,2026-06-02 06:33:00,Kochi,Delivered
O003541,C00159,P0596,4,3439.36,2026-06-17 11:51:00,Kochi,Shipped
O003542,C02300,P0156,2,502.84,2026-01-02 00:13:00,Chennai,Processing
O003543,C00912,P0396,3,2039.28,2026-05-16 02:47:00,Chennai,Returned
O003544,C01471,P0597,3,3970.52,2026-05-29 22:08:00,Pune,Returned
O003545,C01790,P0090,1,646.74,2026-03-10 19:27:00,Mumbai,Delivered
O003546,C02250,P0710,2,4772.38,2026-01-17 05:50:00,Mumbai,Delivered
O003547,C02571,P0207,1,293.32,2026-05-22 05:57:00,Kochi,Returned
O003548,C02983,P0223,4,1097.95,2026-02-21 22:23:00,Hyderabad,Returned
O003549,C01694,P0347,4,6444.57,2026-06-12 12:45:00,Delhi,Returned
O003550,C01569,P0602,3,8981.46,2026-03-07 06:08:00,Delhi,Delivered
O003551,C01340,P0607,2,1260.73,2026-02-11 15:21:00,Coimbatore,Processing
O003552,C02638,P0008,3,4742.92,2026-03-15 14:23:00,Delhi,Processing
O003553,C01561,P0763,4,3914.29,2026-01-09 03:48:00,Delhi,Returned
O003554,C00592,P0793,3,3714.92,2026-05-20 10:23:00,Chennai,Delivered
O003555,C01465,P0416,3,4705.01,2026-06-01 02:08:00,Pune,Processing
O003556,C00464,P0298,4,5929.04,2026-05-15 12:56:00,Kochi,Delivered
O003557,C00743,P0355,3,2048.08,2026-04-23 07:31:00,Hyderabad,Processing
O003558,C02315,P0620,3,7558.73,2026-01-04 07:21:00,Kochi,Delivered
O003559,C00848,P0532,2,6385.3,2026-03-08 09:11:00,Mumbai,Delivered
O003560,C02454,P0009,1,3085.29,2026-03-23 08:44:00,Pune,Shipped
O003561,C00335,P0168,3,3315.66,2026-02-20 23:38:00,Coimbatore,Shipped
O003562,C02759,P0216,1,304.99,2026-05-01 09:23:00,Kochi,Returned
O003563,C02896,P0295,3,9626.53,2026-02-18 09:06:00,Delhi,Delivered
O003564,C00227,P0127,4,980.71,2026-06-16 09:53:00,Pune,Delivered
O003565,C02635,P0151,3,5217.03,2026-05-07 06:29:00,Coimbatore,Processing
O003566,C01874,P0596,2,3439.36,2026-05-19 02:01:00,Kochi,Processing
O003567,C01677,P0404,4,8557.91,2026-03-17 14:12:00,Bengaluru,Processing
O003568,C01023,P0620,2,7558.73,2026-04-02 03:42:00,Coimbatore,Returned
O003569,C02429,P0319,4,8409.93,2026-03-07 06:16:00,Bengaluru,Returned
O003570,C00115,P0665,1,7169.18,2026-06-29 17:29:00,Chennai,Returned
O003571,C00643,P0758,2,3142.11,2026-06-05 17:04:00,Hyderabad,Processing
O003572,C01868,P0530,1,9327.08,2026-04-13 14:50:00,Delhi,Returned
O003573,C01308,P0366,2,6806.89,2026-03-09 17:37:00,Kochi,Processing
O003574,C00132,P0229,2,9936.26,2026-03-14 14:35:00,Pune,Returned
O003575,C01841,P0706,2,6473.34,2026-01-07 08:38:00,Pune,Delivered
O003576,C00032,P0676,1,157.32,2026-06-09 12:39:00,Hyderabad,Shipped
O003577,C01426,P0385,4,4244.08,2026-05-01 06:48:00,Coimbatore,Returned
O003578,C02475,P0192,2,8778.88,2026-04-16 17:13:00,Hyderabad,Returned
O003579,C00294,P0395,2,3463.19,2026-05-12 18:29:00,Pune,Processing
O003580,C00449,P0279,3,3009.41,2026-02-02 12:33:00,Coimbatore,Shipped
O003581,C00948,P0666,4,9941.8,2026-01-05 05:47:00,Mumbai,Returned
O003582,C00095,P0617,4,1083.47,2026-05-03 10:47:00,Mumbai,Returned
O003583,C02000,P0545,2,790.43,2026-04-06 20:15:00,Delhi,Processing
O003584,C01684,P0299,2,4425.47,2026-03-11 05:56:00,Bengaluru,Processing
O003585,C01438,P0236,4,7351.26,2026-03-21 14:32:00,Delhi,Shipped
O003586,C01745,P0050,4,4810.52,2026-03-29 05:15:00,Chennai,Returned
O003587,C01352,P0232,4,9748.13,2026-03-24 12:09:00,Pune,Shipped
O003588,C02315,P0543,1,7511.43,2026-01-14 02:43:00,Kochi,Returned
O003589,C01642,P0725,4,7432.08,2026-04-11 14:37:00,Chennai,Returned
O003590,C00511,P0727,3,4067.4,2026-04-15 22:55:00,Bengaluru,Shipped
O003591,C02597,P0020,4,2220.31,2026-04-04 19:34:00,Delhi,Shipped
O003592,C01843,P0350,4,5219.84,2026-04-30 22:07:00,Delhi,Returned
O003593,C02297,P0390,1,1923.02,2026-01-09 00:39:00,Bengaluru,Shipped
O003594,C00852,P0460,1,4631.5,2026-03-03 15:52:00,Coimbatore,Shipped
O003595,C01719,P0784,3,2111.47,2026-01-19 04:35:00,Kochi,Processing
O003596,C02298,P0321,3,1697.02,2026-05-01 21:06:00,Chennai,Shipped
O003597,C00535,P0383,2,6977.34,2026-03-09 21:28:00,Coimbatore,Delivered
O003598,C02828,P0186,1,5553.84,2026-01-31 20:32:00,Kochi,Delivered
O003599,C01173,P0411,2,2150.28,2026-04-20 21:19:00,Chennai,Returned
O003600,C02368,P0469,3,7483.98,2026-03-07 15:31:00,Kochi,Returned
O003601,C02433,P0294,2,5075.12,2026-06-20 01:29:00,Hyderabad,Processing
O003602,C00877,P0040,1,1611.09,2026-05-24 05:57:00,Pune,Returned
O003603,C01546,P0242,2,1599.95,2026-01-28 20:44:00,Kochi,Delivered
O003604,C01759,P0707,4,3698.4,2026-04-29 02:49:00,Mumbai,Delivered
O003605,C01625,P0537,4,1254.63,2026-05-28 09:27:00,Mumbai,Returned
O003606,C01014,P0617,1,1083.47,2026-02-02 18:59:00,Mumbai,Shipped
O003607,C00575,P0604,4,6814.35,2026-05-20 03:30:00,Coimbatore,Returned
O003608,C02382,P0537,3,1254.63,2026-06-22 05:59:00,Coimbatore,Returned
O003609,C02106,P0774,4,1562.02,2026-05-28 00:00:00,Bengaluru,Shipped
O003610,C02597,P0032,1,5989.11,2026-03-21 11:46:00,Delhi,Delivered
O003611,C02402,P0176,4,3653.54,2026-06-07 23:02:00,Coimbatore,Delivered
O003612,C01697,P0755,4,7943.76,2026-01-24 13:15:00,Chennai,Delivered
O003613,C01970,P0253,1,933.38,2026-01-27 17:11:00,Hyderabad,Delivered
O003614,C00095,P0100,4,5501.88,2026-02-21 11:59:00,Mumbai,Processing
O003615,C02021,P0174,3,2919.87,2026-04-05 04:05:00,Pune,Shipped
O003616,C02998,P0454,1,2095.86,2026-01-01 12:38:00,Chennai,Shipped
O003617,C02051,P0687,2,2919.51,2026-03-20 20:58:00,Coimbatore,Returned
O003618,C01903,P0689,3,9487.92,2026-01-28 11:50:00,Pune,Returned
O003619,C02428,P0488,4,9348.84,2026-06-24 23:22:00,Coimbatore,Delivered
O003620,C01779,P0519,3,1759.88,2026-04-30 13:54:00,Kochi,Shipped
O003621,C02852,P0348,4,8457.98,2026-04-26 05:38:00,Coimbatore,Shipped
O003622,C01254,P0202,4,8603.22,2026-06-16 02:29:00,Mumbai,Returned
O003623,C02333,P0524,1,5664.21,2026-05-06 16:16:00,Pune,Delivered
O003624,C02781,P0058,2,6515.02,2026-01-16 07:02:00,Chennai,Returned
O003625,C01779,P0548,3,1900.64,2026-01-29 04:14:00,Kochi,Processing
O003626,C01107,P0464,4,9923.66,2026-01-20 15:37:00,Bengaluru,Shipped
O003627,C02173,P0540,4,6948.18,2026-05-12 08:34:00,Hyderabad,Returned
O003628,C01692,P0552,2,947.5,2026-05-23 05:30:00,Bengaluru,Processing
O003629,C02444,P0400,4,8795.04,2026-01-24 21:29:00,Mumbai,Returned
O003630,C01440,P0547,3,3808.05,2026-01-18 07:38:00,Mumbai,Delivered
O003631,C01986,P0168,4,3315.66,2026-02-24 02:42:00,Kochi,Processing
O003632,C02195,P0131,1,7488.79,2026-04-02 20:44:00,Bengaluru,Delivered
O003633,C00785,P0286,4,5096.16,2026-06-13 03:13:00,Pune,Shipped
O003634,C00431,P0608,3,9699.3,2026-06-27 04:01:00,Pune,Returned
O003635,C02475,P0217,3,3503.09,2026-03-29 02:55:00,Hyderabad,Shipped
O003636,C01387,P0559,1,3769.77,2026-02-19 00:09:00,Mumbai,Delivered
O003637,C02038,P0766,1,9568.02,2026-01-31 23:57:00,Kochi,Processing
O003638,C02725,P0622,4,8024.08,2026-02-06 08:59:00,Delhi,Shipped
O003639,C00962,P0297,1,8087.52,2026-06-10 13:58:00,Chennai,Returned
O003640,C00268,P0304,4,1895.43,2026-05-06 03:56:00,Bengaluru,Shipped
O003641,C02431,P0242,1,1599.95,2026-02-24 20:35:00,Kochi,Returned
O003642,C01600,P0627,4,556.05,2026-05-12 21:03:00,Chennai,Returned
O003643,C01125,P0182,2,5319.06,2026-05-07 04:16:00,Delhi,Processing
O003644,C02617,P0711,2,1928.92,2026-04-22 15:55:00,Kochi,Processing
O003645,C00831,P0130,3,7163.28,2026-04-17 08:15:00,Mumbai,Returned
O003646,C00065,P0103,4,8429.58,2026-02-18 06:55:00,Mumbai,Processing
O003647,C01709,P0757,1,4855.21,2026-02-19 21:41:00,Chennai,Delivered
O003648,C01368,P0546,2,6578.76,2026-03-16 16:58:00,Mumbai,Delivered
O003649,C01533,P0590,2,3157.03,2026-03-31 07:10:00,Bengaluru,Delivered
O003650,C01865,P0764,4,9223.74,2026-02-03 04:04:00,Chennai,Returned
O003651,C01548,P0109,2,8805.73,2026-03-16 10:41:00,Pune,Returned
O003652,C01088,P0526,2,9168.71,2026-05-26 19:21:00,Chennai,Returned
O003653,C00483,P0297,2,8087.52,2026-04-04 07:56:00,Bengaluru,Delivered
O003654,C00534,P0730,2,3102.76,2026-06-24 08:52:00,Mumbai,Returned
O003655,C02453,P0649,2,9469.45,2026-05-25 16:44:00,Chennai,Shipped
O003656,C00204,P0454,1,2095.86,2026-02-03 09:33:00,Mumbai,Returned
O003657,C00245,P0123,1,9485.28,2026-01-13 07:39:00,Kochi,Shipped
O003658,C00882,P0664,2,4113.17,2026-01-22 02:45:00,Mumbai,Shipped
O003659,C01840,P0604,4,6814.35,2026-06-15 08:39:00,Mumbai,Processing
O003660,C00709,P0348,4,8457.98,2026-06-12 14:36:00,Kochi,Returned
O003661,C02807,P0392,2,1508.78,2026-06-17 10:22:00,Mumbai,Shipped
O003662,C00722,P0521,2,4330.23,2026-05-06 14:52:00,Mumbai,Returned
O003663,C01839,P0225,2,3650.99,2026-01-23 07:36:00,Coimbatore,Delivered
O003664,C01725,P0440,4,9802.7,2026-01-27 04:50:00,Bengaluru,Shipped
O003665,C02000,P0710,4,4772.38,2026-05-22 19:15:00,Delhi,Processing
O003666,C00823,P0230,2,8972.55,2026-04-20 08:56:00,Mumbai,Processing
O003667,C01276,P0678,2,4079.47,2026-04-24 08:21:00,Coimbatore,Processing
O003668,C02251,P0265,1,3344.68,2026-04-17 13:34:00,Bengaluru,Delivered
O003669,C02308,P0285,4,8360.15,2026-06-28 03:18:00,Pune,Delivered
O003670,C00667,P0528,4,3900.97,2026-05-10 21:49:00,Delhi,Shipped
O003671,C00522,P0635,3,4059.59,2026-06-16 11:52:00,Delhi,Delivered
O003672,C01098,P0602,4,8981.46,2026-02-08 03:40:00,Pune,Processing
O003673,C01409,P0735,4,5391.49,2026-03-02 04:48:00,Chennai,Processing
O003674,C01532,P0152,3,7394.01,2026-06-15 17:25:00,Chennai,Shipped
O003675,C00583,P0066,3,5076.41,2026-01-16 04:53:00,Mumbai,Shipped
O003676,C00470,P0514,3,4318.77,2026-01-06 22:41:00,Coimbatore,Processing
O003677,C00194,P0634,4,5542.5,2026-03-02 02:56:00,Delhi,Shipped
O003678,C00442,P0207,2,293.32,2026-06-21 11:26:00,Chennai,Returned
O003679,C02880,P0796,1,4753.83,2026-05-31 13:07:00,Bengaluru,Shipped
O003680,C01042,P0671,2,8333.09,2026-04-17 11:37:00,Hyderabad,Processing
O003681,C02569,P0382,3,7873.11,2026-05-01 00:04:00,Pune,Delivered
O003682,C02714,P0736,4,3312.16,2026-02-12 16:06:00,Coimbatore,Processing
O003683,C02352,P0217,4,3503.09,2026-03-09 11:31:00,Bengaluru,Returned
O003684,C01766,P0218,3,5916.82,2026-01-31 08:34:00,Bengaluru,Shipped
O003685,C01653,P0548,3,1900.64,2026-06-19 00:09:00,Coimbatore,Delivered
O003686,C00331,P0573,1,1786.29,2026-01-21 22:26:00,Hyderabad,Shipped
O003687,C00112,P0598,1,6993.13,2026-02-17 23:02:00,Delhi,Delivered
O003688,C01823,P0029,4,4435.78,2026-06-17 08:19:00,Chennai,Returned
O003689,C02488,P0402,1,5371.29,2026-02-04 00:08:00,Pune,Processing
O003690,C00056,P0098,2,4449.81,2026-02-17 18:02:00,Hyderabad,Shipped
O003691,C00725,P0107,3,992.48,2026-02-04 19:07:00,Kochi,Processing
O003692,C00741,P0368,1,2406.81,2026-02-03 20:01:00,Delhi,Delivered
O003693,C01374,P0222,2,1377.06,2026-05-22 22:13:00,Chennai,Shipped
O003694,C02126,P0252,2,7003.96,2026-05-19 11:30:00,Mumbai,Processing
O003695,C02882,P0692,4,1400.03,2026-05-24 14:20:00,Bengaluru,Returned
O003696,C01587,P0632,2,6060.23,2026-01-14 05:26:00,Coimbatore,Shipped
O003697,C02365,P0363,4,3200.47,2026-01-01 01:56:00,Pune,Delivered
O003698,C00079,P0006,3,7768.45,2026-06-20 13:26:00,Chennai,Shipped
O003699,C00590,P0368,3,2406.81,2026-01-25 21:59:00,Mumbai,Processing
O003700,C01872,P0057,4,657.85,2026-04-02 05:25:00,Coimbatore,Shipped
O003701,C00826,P0759,3,652.17,2026-05-04 01:34:00,Coimbatore,Delivered
O003702,C00419,P0594,4,9238.26,2026-03-23 01:36:00,Bengaluru,Shipped
O003703,C02133,P0614,1,5908.82,2026-04-14 23:44:00,Bengaluru,Processing
O003704,C01436,P0101,2,8805.39,2026-04-25 01:06:00,Coimbatore,Delivered
O003705,C00624,P0672,4,4881.93,2026-03-12 00:02:00,Chennai,Delivered
O003706,C02436,P0149,4,8728.63,2026-06-13 15:57:00,Delhi,Returned
O003707,C00551,P0273,3,1379.91,2026-06-03 10:48:00,Pune,Processing
O003708,C01692,P0504,4,2455.83,2026-01-22 19:57:00,Bengaluru,Shipped
O003709,C01227,P0141,4,9316.54,2026-05-19 05:09:00,Pune,Shipped
O003710,C02996,P0122,2,8775.26,2026-06-25 04:45:00,Coimbatore,Processing
O003711,C02139,P0559,1,3769.77,2026-05-08 13:48:00,Pune,Delivered
O003712,C00523,P0698,2,7689.6,2026-05-03 00:01:00,Chennai,Returned
O003713,C01535,P0681,2,7716.53,2026-06-15 13:07:00,Mumbai,Returned
O003714,C00602,P0108,1,8607.23,2026-01-30 04:40:00,Mumbai,Shipped
O003715,C02453,P0474,2,8400.11,2026-05-09 03:04:00,Chennai,Processing
O003716,C02141,P0706,1,6473.34,2026-02-09 05:36:00,Delhi,Shipped
O003717,C01377,P0739,4,7330.72,2026-03-09 15:31:00,Kochi,Processing
O003718,C01098,P0777,1,3589.83,2026-06-17 04:20:00,Pune,Processing
O003719,C01147,P0017,2,9248.9,2026-05-17 08:50:00,Bengaluru,Shipped
O003720,C02162,P0731,2,5565.29,2026-03-03 11:54:00,Mumbai,Delivered
O003721,C01444,P0083,2,6898.86,2026-05-02 00:17:00,Bengaluru,Shipped
O003722,C02580,P0262,3,9830.21,2026-02-12 17:49:00,Coimbatore,Processing
O003723,C00717,P0578,2,6474.47,2026-03-16 09:39:00,Pune,Returned
O003724,C02900,P0235,2,1653.62,2026-02-13 03:06:00,Hyderabad,Delivered
O003725,C02528,P0077,3,2207.23,2026-05-04 01:07:00,Chennai,Delivered
O003726,C02027,P0073,2,5094.93,2026-06-18 08:07:00,Bengaluru,Returned
O003727,C02614,P0229,1,9936.26,2026-06-01 22:15:00,Kochi,Delivered
O003728,C02737,P0698,1,7689.6,2026-06-27 23:42:00,Mumbai,Delivered
O003729,C02592,P0470,4,205.3,2026-02-09 08:00:00,Mumbai,Returned
O003730,C01533,P0518,3,891.16,2026-04-20 15:44:00,Bengaluru,Delivered
O003731,C00891,P0176,1,3653.54,2026-01-20 14:52:00,Delhi,Returned
O003732,C00924,P0315,1,7841.03,2026-02-09 03:32:00,Pune,Shipped
O003733,C01786,P0030,4,4007.63,2026-03-02 05:48:00,Delhi,Returned
O003734,C00958,P0463,3,7009.64,2026-05-14 21:15:00,Delhi,Processing
O003735,C01002,P0526,2,9168.71,2026-05-14 23:44:00,Mumbai,Returned
O003736,C02829,P0305,4,1076.57,2026-03-11 04:15:00,Mumbai,Shipped
O003737,C01727,P0399,2,2476.48,2026-01-08 11:31:00,Hyderabad,Returned
O003738,C02638,P0518,2,891.16,2026-02-12 17:54:00,Delhi,Shipped
O003739,C00902,P0240,1,5098.73,2026-05-03 16:07:00,Kochi,Returned
O003740,C01770,P0237,3,3411.61,2026-06-01 21:54:00,Mumbai,Shipped
O003741,C01297,P0216,3,304.99,2026-04-12 18:47:00,Bengaluru,Delivered
O003742,C02633,P0485,3,7988.55,2026-06-17 11:40:00,Chennai,Returned
O003743,C01309,P0638,4,5679.06,2026-06-16 18:40:00,Hyderabad,Delivered
O003744,C01548,P0391,4,828.94,2026-04-07 01:49:00,Pune,Returned
O003745,C02272,P0668,3,1829.66,2026-01-07 16:30:00,Kochi,Processing
O003746,C01718,P0399,2,2476.48,2026-05-18 13:22:00,Hyderabad,Shipped
O003747,C00800,P0232,3,9748.13,2026-01-20 01:32:00,Chennai,Delivered
O003748,C02340,P0479,3,6996.75,2026-05-18 00:10:00,Kochi,Processing
O003749,C01515,P0621,4,8632.83,2026-06-20 14:16:00,Chennai,Delivered
O003750,C01295,P0224,4,2422.72,2026-06-29 06:10:00,Pune,Shipped
O003751,C02256,P0696,1,916.89,2026-02-09 11:34:00,Delhi,Processing
O003752,C01970,P0381,1,4277.41,2026-05-04 20:11:00,Hyderabad,Processing
O003753,C00792,P0414,2,1428.87,2026-06-20 20:50:00,Hyderabad,Processing
O003754,C01144,P0120,4,6904.92,2026-04-27 10:33:00,Delhi,Returned
O003755,C02672,P0057,2,657.85,2026-02-22 15:55:00,Chennai,Processing
O003756,C02767,P0412,1,4018.41,2026-06-08 01:23:00,Hyderabad,Processing
O003757,C01139,P0189,3,2622.12,2026-06-13 22:08:00,Hyderabad,Returned
O003758,C01246,P0130,1,7163.28,2026-04-20 22:12:00,Bengaluru,Returned
O003759,C02361,P0279,4,3009.41,2026-03-12 18:06:00,Delhi,Processing
O003760,C00944,P0563,4,6057.9,2026-01-12 09:03:00,Mumbai,Shipped
O003761,C00460,P0776,2,994.43,2026-01-17 03:38:00,Delhi,Delivered
O003762,C02124,P0306,3,2652.55,2026-01-09 14:27:00,Hyderabad,Delivered
O003763,C01795,P0576,4,6691.73,2026-03-05 08:38:00,Kochi,Processing
O003764,C01671,P0024,1,3347.34,2026-05-15 19:08:00,Coimbatore,Shipped
O003765,C01926,P0318,2,9340.72,2026-06-17 04:49:00,Mumbai,Shipped
O003766,C02032,P0629,2,6100.1,2026-01-06 21:22:00,Chennai,Delivered
O003767,C02341,P0457,2,5802.71,2026-06-24 06:11:00,Delhi,Shipped
O003768,C02770,P0745,1,9030.46,2026-05-12 12:00:00,Hyderabad,Processing
O003769,C00664,P0230,4,8972.55,2026-05-08 23:13:00,Mumbai,Returned
O003770,C00135,P0486,3,4214.23,2026-04-06 22:34:00,Coimbatore,Delivered
O003771,C01905,P0216,1,304.99,2026-05-18 02:34:00,Coimbatore,Returned
O003772,C01261,P0147,4,7130.53,2026-04-20 13:55:00,Bengaluru,Processing
O003773,C02417,P0725,1,7432.08,2026-03-28 06:50:00,Coimbatore,Processing
O003774,C02439,P0778,4,6963.87,2026-04-02 14:58:00,Hyderabad,Processing
O003775,C01341,P0298,1,5929.04,2026-01-15 03:40:00,Pune,Processing
O003776,C02286,P0584,3,8485.47,2026-03-29 12:19:00,Mumbai,Processing
O003777,C01370,P0258,4,2488.26,2026-02-04 07:18:00,Chennai,Shipped
O003778,C01866,P0072,1,4327.35,2026-03-12 23:36:00,Chennai,Delivered
O003779,C02128,P0107,4,992.48,2026-03-07 06:28:00,Bengaluru,Processing
O003780,C01923,P0739,1,7330.72,2026-04-15 02:35:00,Hyderabad,Returned
O003781,C00593,P0016,4,9025.44,2026-02-15 17:03:00,Chennai,Shipped
O003782,C00548,P0057,3,657.85,2026-04-02 11:36:00,Kochi,Processing
O003783,C02363,P0445,4,1947.25,2026-02-14 14:42:00,Chennai,Delivered
O003784,C00584,P0271,3,9964.47,2026-03-20 17:45:00,Mumbai,Shipped
O003785,C01046,P0633,1,2845.22,2026-04-26 12:24:00,Mumbai,Returned
O003786,C00885,P0165,1,384.86,2026-05-23 20:56:00,Delhi,Returned
O003787,C02796,P0069,2,2943.82,2026-06-14 14:03:00,Kochi,Processing
O003788,C01570,P0282,3,119.65,2026-04-03 03:09:00,Bengaluru,Returned
O003789,C00887,P0764,4,9223.74,2026-02-04 08:30:00,Pune,Processing
O003790,C02764,P0138,2,9745.55,2026-05-10 05:01:00,Pune,Shipped
O003791,C02506,P0559,2,3769.77,2026-03-27 13:57:00,Pune,Processing
O003792,C01035,P0567,4,2411.23,2026-04-08 06:45:00,Mumbai,Returned
O003793,C01668,P0724,2,548.91,2026-05-16 16:07:00,Delhi,Processing
O003794,C00629,P0662,3,8101.63,2026-06-06 09:33:00,Pune,Shipped
O003795,C01006,P0492,3,6612.82,2026-05-26 21:44:00,Hyderabad,Delivered
O003796,C00261,P0545,3,790.43,2026-05-10 00:02:00,Chennai,Processing
O003797,C02809,P0604,3,6814.35,2026-05-06 14:32:00,Mumbai,Returned
O003798,C00663,P0643,4,7801.9,2026-02-27 18:33:00,Kochi,Returned
O003799,C01074,P0134,4,4143.39,2026-02-18 10:54:00,Chennai,Shipped
O003800,C00459,P0186,4,5553.84,2026-05-28 07:45:00,Bengaluru,Shipped
O003801,C01473,P0506,2,6514.66,2026-04-14 02:48:00,Delhi,Processing
O003802,C00704,P0209,4,3404.12,2026-06-03 20:51:00,Kochi,Processing
O003803,C01922,P0224,4,2422.72,2026-05-12 18:25:00,Hyderabad,Shipped
O003804,C00223,P0299,1,4425.47,2026-06-04 09:04:00,Coimbatore,Delivered
O003805,C00668,P0174,3,2919.87,2026-03-15 15:28:00,Mumbai,Delivered
O003806,C01052,P0249,2,4250.12,2026-01-23 20:02:00,Kochi,Shipped
O003807,C02842,P0410,3,4789.21,2026-06-07 20:32:00,Chennai,Shipped
O003808,C02347,P0567,2,2411.23,2026-01-23 15:31:00,Pune,Processing
O003809,C01170,P0800,3,9198.59,2026-04-02 20:51:00,Coimbatore,Returned
O003810,C00884,P0495,2,2593.21,2026-01-25 03:39:00,Pune,Shipped
O003811,C02347,P0113,4,3582.38,2026-01-18 17:46:00,Pune,Returned
O003812,C00127,P0192,1,8778.88,2026-01-19 00:27:00,Coimbatore,Shipped
O003813,C00758,P0614,4,5908.82,2026-01-29 18:22:00,Hyderabad,Shipped
O003814,C02818,P0137,1,947.81,2026-05-29 10:23:00,Delhi,Processing
O003815,C02013,P0391,3,828.94,2026-01-06 16:37:00,Chennai,Processing
O003816,C01101,P0030,4,4007.63,2026-01-19 04:34:00,Coimbatore,Shipped
O003817,C02018,P0259,1,7345.66,2026-03-13 02:46:00,Delhi,Delivered
O003818,C02028,P0411,2,2150.28,2026-06-06 21:30:00,Delhi,Returned
O003819,C01255,P0731,3,5565.29,2026-01-12 13:30:00,Delhi,Returned
O003820,C00330,P0443,3,1796.09,2026-04-14 23:40:00,Chennai,Delivered
O003821,C01862,P0101,4,8805.39,2026-04-08 19:29:00,Kochi,Returned
O003822,C00864,P0598,1,6993.13,2026-01-29 01:00:00,Hyderabad,Shipped
O003823,C02570,P0708,4,3265.42,2026-02-18 19:22:00,Delhi,Processing
O003824,C01876,P0158,2,3560.08,2026-04-15 16:24:00,Pune,Processing
O003825,C00780,P0099,1,4953.55,2026-03-11 12:13:00,Hyderabad,Delivered
O003826,C01864,P0268,3,4813.91,2026-03-12 04:40:00,Kochi,Processing
O003827,C02149,P0195,2,873.38,2026-04-24 08:08:00,Hyderabad,Delivered
O003828,C02932,P0746,1,4646.96,2026-05-06 04:11:00,Bengaluru,Shipped
O003829,C02844,P0428,3,9462.57,2026-06-23 19:48:00,Pune,Delivered
O003830,C00232,P0644,4,196.65,2026-01-27 17:56:00,Kochi,Shipped
O003831,C01419,P0341,3,5733.11,2026-06-04 14:53:00,Chennai,Processing
O003832,C01919,P0287,1,1573.93,2026-01-01 16:07:00,Bengaluru,Shipped
O003833,C01470,P0248,3,9033.86,2026-03-24 04:03:00,Pune,Delivered
O003834,C00678,P0465,3,856.68,2026-03-07 22:20:00,Coimbatore,Processing
O003835,C00032,P0466,2,4158.95,2026-05-07 23:09:00,Hyderabad,Shipped
O003836,C02707,P0705,2,3427.16,2026-01-29 10:30:00,Bengaluru,Returned
O003837,C00532,P0390,2,1923.02,2026-05-13 21:12:00,Coimbatore,Shipped
O003838,C01151,P0705,2,3427.16,2026-05-23 00:31:00,Bengaluru,Shipped
O003839,C02645,P0102,1,7184.15,2026-05-12 09:50:00,Hyderabad,Returned
O003840,C01818,P0123,3,9485.28,2026-05-27 06:04:00,Hyderabad,Returned
O003841,C02332,P0322,2,3075.32,2026-05-12 21:33:00,Delhi,Returned
O003842,C02096,P0656,3,8003.84,2026-05-24 18:33:00,Delhi,Shipped
O003843,C00487,P0560,4,9414.81,2026-04-09 15:30:00,Mumbai,Shipped
O003844,C00460,P0450,3,4833.69,2026-01-07 22:42:00,Delhi,Delivered
O003845,C01736,P0319,2,8409.93,2026-03-30 18:24:00,Kochi,Delivered
O003846,C00061,P0561,3,9754.52,2026-06-13 16:18:00,Hyderabad,Delivered
O003847,C00844,P0446,2,2137.33,2026-06-15 20:10:00,Bengaluru,Shipped
O003848,C02602,P0657,2,9529.9,2026-06-06 17:54:00,Kochi,Delivered
O003849,C02161,P0076,4,6314.65,2026-02-13 09:08:00,Kochi,Shipped
O003850,C00089,P0545,1,790.43,2026-01-24 17:15:00,Kochi,Delivered
O003851,C02805,P0729,2,8802.63,2026-05-16 22:37:00,Pune,Returned
O003852,C00187,P0344,2,2669.28,2026-01-10 13:14:00,Pune,Returned
O003853,C02668,P0415,3,5235.33,2026-06-17 11:39:00,Delhi,Returned
O003854,C00401,P0348,3,8457.98,2026-06-30 04:31:00,Delhi,Shipped
O003855,C02612,P0539,1,8771.46,2026-03-20 21:02:00,Bengaluru,Delivered
O003856,C01650,P0015,4,5334.5,2026-04-16 08:15:00,Chennai,Shipped
O003857,C01504,P0134,1,4143.39,2026-04-22 00:09:00,Chennai,Shipped
O003858,C00849,P0154,4,1912.1,2026-05-07 19:52:00,Chennai,Processing
O003859,C00238,P0362,3,945.79,2026-03-07 23:39:00,Chennai,Processing
O003860,C02889,P0171,2,1015.26,2026-02-03 08:38:00,Delhi,Returned
O003861,C02531,P0474,3,8400.11,2026-02-10 04:49:00,Delhi,Delivered
O003862,C02807,P0371,3,5918.35,2026-05-25 05:45:00,Mumbai,Returned
O003863,C01429,P0481,1,580.78,2026-03-01 00:12:00,Kochi,Shipped
O003864,C01987,P0691,2,7534.79,2026-02-08 19:17:00,Mumbai,Returned
O003865,C02318,P0171,1,1015.26,2026-03-18 02:07:00,Kochi,Shipped
O003866,C00613,P0684,4,9893.76,2026-05-10 01:04:00,Hyderabad,Delivered
O003867,C01632,P0296,2,8312.94,2026-03-24 11:15:00,Mumbai,Delivered
O003868,C02664,P0406,4,2170.45,2026-04-19 21:20:00,Kochi,Processing
O003869,C00191,P0291,4,5653.34,2026-05-31 03:56:00,Delhi,Shipped
O003870,C02691,P0789,4,1259.63,2026-01-07 11:25:00,Hyderabad,Returned
O003871,C00452,P0643,1,7801.9,2026-03-01 05:39:00,Delhi,Returned
O003872,C02769,P0667,2,6112.0,2026-03-01 10:52:00,Mumbai,Returned
O003873,C00673,P0422,3,7879.15,2026-04-28 19:03:00,Delhi,Shipped
O003874,C00279,P0190,4,1226.96,2026-05-16 09:47:00,Coimbatore,Processing
O003875,C01608,P0358,3,8420.03,2026-03-25 05:19:00,Coimbatore,Delivered
O003876,C00401,P0791,2,7042.88,2026-02-20 05:50:00,Delhi,Delivered
O003877,C02006,P0375,2,1939.64,2026-04-30 03:36:00,Chennai,Processing
O003878,C00712,P0042,1,2098.12,2026-05-06 03:48:00,Chennai,Shipped
O003879,C01930,P0493,4,534.0,2026-01-30 21:13:00,Mumbai,Delivered
O003880,C00403,P0060,4,294.15,2026-03-06 22:12:00,Coimbatore,Returned
O003881,C02166,P0044,2,9529.55,2026-06-18 18:21:00,Kochi,Shipped
O003882,C02765,P0115,2,6337.55,2026-04-24 04:45:00,Bengaluru,Returned
O003883,C02706,P0362,4,945.79,2026-03-27 12:24:00,Hyderabad,Shipped
O003884,C01024,P0625,2,5109.87,2026-05-06 14:42:00,Delhi,Returned
O003885,C00845,P0244,1,8989.85,2026-02-11 05:59:00,Bengaluru,Shipped
O003886,C02258,P0001,3,8187.68,2026-05-19 11:35:00,Bengaluru,Delivered
O003887,C00366,P0700,1,1966.82,2026-04-14 00:59:00,Coimbatore,Returned
O003888,C00529,P0662,1,8101.63,2026-04-22 09:54:00,Bengaluru,Processing
O003889,C00722,P0786,1,3671.5,2026-02-06 15:11:00,Mumbai,Delivered
O003890,C02827,P0523,2,4689.15,2026-02-17 11:04:00,Mumbai,Shipped
O003891,C01248,P0320,3,5892.08,2026-02-22 03:29:00,Pune,Returned
O003892,C01749,P0184,2,1570.2,2026-01-21 11:57:00,Coimbatore,Processing
O003893,C02000,P0419,1,343.71,2026-05-29 04:32:00,Delhi,Delivered
O003894,C00744,P0078,3,9351.9,2026-05-09 10:28:00,Pune,Processing
O003895,C01813,P0117,1,1196.2,2026-06-16 12:01:00,Coimbatore,Processing
O003896,C00772,P0310,4,747.04,2026-01-17 18:15:00,Bengaluru,Delivered
O003897,C02876,P0501,2,2439.32,2026-01-18 10:42:00,Bengaluru,Shipped
O003898,C01039,P0245,2,4480.53,2026-06-25 22:02:00,Coimbatore,Returned
O003899,C00572,P0737,4,4141.59,2026-05-31 20:29:00,Chennai,Processing
O003900,C02365,P0102,1,7184.15,2026-02-19 06:22:00,Pune,Delivered
O003901,C02144,P0342,3,6631.4,2026-02-24 16:46:00,Delhi,Processing
O003902,C01491,P0544,1,9870.55,2026-03-09 17:52:00,Kochi,Shipped
O003903,C02576,P0775,4,1219.32,2026-04-12 21:49:00,Kochi,Processing
O003904,C00801,P0151,2,5217.03,2026-04-15 19:44:00,Bengaluru,Shipped
O003905,C00017,P0577,1,994.37,2026-03-18 15:52:00,Pune,Shipped
O003906,C00044,P0025,1,4622.76,2026-06-08 02:40:00,Kochi,Shipped
O003907,C01867,P0374,2,3617.37,2026-05-08 21:41:00,Pune,Shipped
O003908,C00187,P0123,3,9485.28,2026-04-14 15:40:00,Pune,Shipped
O003909,C02104,P0217,1,3503.09,2026-04-18 13:07:00,Delhi,Processing
O003910,C01466,P0129,4,8288.85,2026-05-01 00:37:00,Bengaluru,Processing
O003911,C01526,P0766,2,9568.02,2026-03-17 06:37:00,Pune,Processing
O003912,C01485,P0250,4,9100.39,2026-03-28 02:03:00,Mumbai,Shipped
O003913,C01737,P0776,4,994.43,2026-01-21 10:51:00,Coimbatore,Shipped
O003914,C01128,P0766,3,9568.02,2026-03-27 16:24:00,Coimbatore,Processing
O003915,C01208,P0008,3,4742.92,2026-05-28 21:06:00,Pune,Shipped
O003916,C00341,P0493,1,534.0,2026-01-12 22:31:00,Mumbai,Shipped
O003917,C02319,P0494,1,7697.7,2026-05-16 15:27:00,Bengaluru,Delivered
O003918,C00272,P0270,4,8731.95,2026-04-04 14:36:00,Mumbai,Returned
O003919,C02245,P0206,3,7412.93,2026-04-21 10:15:00,Bengaluru,Delivered
O003920,C00100,P0746,1,4646.96,2026-06-20 04:46:00,Coimbatore,Processing
O003921,C00992,P0747,1,9438.22,2026-03-29 07:26:00,Hyderabad,Shipped
O003922,C01458,P0113,4,3582.38,2026-02-20 14:11:00,Chennai,Delivered
O003923,C00002,P0300,2,3880.91,2026-03-15 11:52:00,Delhi,Delivered
O003924,C00348,P0494,3,7697.7,2026-05-26 09:22:00,Bengaluru,Processing
O003925,C02057,P0135,2,9762.67,2026-01-20 11:14:00,Mumbai,Shipped
O003926,C02058,P0246,4,938.3,2026-01-03 03:34:00,Mumbai,Delivered
O003927,C00712,P0384,2,8533.89,2026-02-17 15:00:00,Chennai,Processing
O003928,C01131,P0206,3,7412.93,2026-05-13 22:50:00,Mumbai,Returned
O003929,C01702,P0365,4,6145.31,2026-03-21 22:36:00,Coimbatore,Processing
O003930,C00890,P0654,4,7103.27,2026-02-23 05:21:00,Pune,Shipped
O003931,C02890,P0330,1,5601.33,2026-02-27 04:55:00,Bengaluru,Processing
O003932,C01854,P0407,4,1756.59,2026-05-12 04:14:00,Hyderabad,Returned
O003933,C02689,P0645,2,9521.65,2026-06-30 04:17:00,Mumbai,Shipped
O003934,C01508,P0408,4,5035.02,2026-01-21 02:42:00,Mumbai,Processing
O003935,C02112,P0081,4,3253.67,2026-02-23 10:05:00,Coimbatore,Returned
O003936,C01909,P0467,3,5109.04,2026-02-08 12:58:00,Delhi,Processing
O003937,C01891,P0595,3,3060.11,2026-02-28 12:56:00,Pune,Shipped
O003938,C00283,P0036,4,1558.0,2026-01-26 22:58:00,Delhi,Delivered
O003939,C01051,P0077,2,2207.23,2026-03-05 01:57:00,Chennai,Delivered
O003940,C00938,P0571,4,1762.72,2026-02-07 12:58:00,Bengaluru,Delivered
O003941,C02686,P0764,2,9223.74,2026-03-19 13:38:00,Delhi,Shipped
O003942,C01856,P0127,1,980.71,2026-02-16 08:27:00,Chennai,Returned
O003943,C00993,P0503,4,2098.92,2026-02-26 14:51:00,Kochi,Returned
O003944,C00501,P0623,4,5792.3,2026-05-22 15:21:00,Bengaluru,Delivered
O003945,C00417,P0018,4,7010.52,2026-03-10 11:21:00,Chennai,Shipped
O003946,C02929,P0551,2,8695.78,2026-02-03 05:10:00,Chennai,Delivered
O003947,C01941,P0637,3,797.52,2026-01-01 05:15:00,Coimbatore,Shipped
O003948,C00315,P0250,4,9100.39,2026-03-10 08:27:00,Mumbai,Delivered
O003949,C01441,P0226,1,1828.68,2026-01-20 18:47:00,Delhi,Delivered
O003950,C00301,P0526,1,9168.71,2026-02-10 04:14:00,Bengaluru,Delivered
O003951,C00248,P0358,2,8420.03,2026-03-24 08:28:00,Chennai,Delivered
O003952,C02800,P0170,1,7462.62,2026-03-20 09:45:00,Hyderabad,Returned
O003953,C02335,P0641,4,2773.24,2026-06-04 12:06:00,Coimbatore,Processing
O003954,C01009,P0633,4,2845.22,2026-06-28 22:29:00,Bengaluru,Returned
O003955,C01066,P0345,3,1998.33,2026-03-24 05:42:00,Kochi,Delivered
O003956,C02801,P0543,1,7511.43,2026-05-21 10:43:00,Coimbatore,Processing
O003957,C01088,P0303,4,9525.43,2026-03-02 10:10:00,Chennai,Returned
O003958,C02100,P0065,2,6938.55,2026-02-16 20:15:00,Delhi,Processing
O003959,C01611,P0036,1,1558.0,2026-05-17 23:59:00,Delhi,Delivered
O003960,C02519,P0049,3,5730.67,2026-03-25 06:00:00,Pune,Returned
O003961,C00360,P0425,1,7476.59,2026-02-14 08:57:00,Chennai,Shipped
O003962,C01093,P0495,2,2593.21,2026-03-12 02:40:00,Bengaluru,Processing
O003963,C01097,P0130,2,7163.28,2026-03-25 00:39:00,Hyderabad,Processing
O003964,C00455,P0525,3,1451.9,2026-05-20 11:57:00,Coimbatore,Shipped
O003965,C02801,P0614,4,5908.82,2026-05-11 06:45:00,Coimbatore,Delivered
O003966,C01498,P0563,2,6057.9,2026-03-13 21:04:00,Pune,Shipped
O003967,C01907,P0286,2,5096.16,2026-05-05 04:28:00,Coimbatore,Processing
O003968,C01841,P0799,4,206.59,2026-02-20 00:36:00,Pune,Returned
O003969,C02257,P0239,3,8363.65,2026-04-03 21:43:00,Mumbai,Returned
O003970,C02752,P0070,1,8064.57,2026-05-19 01:56:00,Chennai,Returned
O003971,C02590,P0241,3,7179.48,2026-02-11 11:41:00,Delhi,Returned
O003972,C01921,P0620,4,7558.73,2026-02-11 12:51:00,Mumbai,Shipped
O003973,C02631,P0352,4,3229.8,2026-04-17 05:18:00,Mumbai,Shipped
O003974,C02047,P0582,2,1360.43,2026-03-13 17:30:00,Delhi,Delivered
O003975,C00564,P0564,3,3746.46,2026-03-24 12:22:00,Hyderabad,Shipped
O003976,C01819,P0733,2,9425.26,2026-03-13 05:15:00,Kochi,Delivered
O003977,C02496,P0057,2,657.85,2026-06-25 20:25:00,Coimbatore,Returned
O003978,C02640,P0648,3,6112.92,2026-02-09 18:22:00,Delhi,Delivered
O003979,C00154,P0512,4,9387.92,2026-06-19 15:38:00,Hyderabad,Delivered
O003980,C02146,P0534,1,440.62,2026-03-29 18:05:00,Bengaluru,Processing
O003981,C02902,P0557,2,6068.55,2026-02-07 15:41:00,Hyderabad,Shipped
O003982,C01632,P0371,2,5918.35,2026-03-27 12:13:00,Mumbai,Delivered
O003983,C01358,P0432,3,3471.53,2026-02-19 08:57:00,Delhi,Returned
O003984,C00237,P0474,4,8400.11,2026-02-28 17:17:00,Kochi,Shipped
O003985,C02350,P0648,1,6112.92,2026-06-21 03:07:00,Kochi,Shipped
O003986,C00378,P0524,1,5664.21,2026-01-05 03:45:00,Bengaluru,Delivered
O003987,C00958,P0089,1,6477.51,2026-04-03 21:55:00,Delhi,Shipped
O003988,C01703,P0016,2,9025.44,2026-03-29 16:54:00,Bengaluru,Shipped
O003989,C01116,P0676,2,157.32,2026-03-17 09:10:00,Coimbatore,Delivered
O003990,C02884,P0260,1,1324.75,2026-02-15 03:02:00,Mumbai,Returned
O003991,C00722,P0456,1,9111.0,2026-04-28 09:38:00,Mumbai,Processing
O003992,C00535,P0495,2,2593.21,2026-05-02 14:50:00,Coimbatore,Processing
O003993,C02346,P0254,1,7277.48,2026-01-29 16:07:00,Kochi,Shipped
O003994,C02298,P0171,2,1015.26,2026-04-25 11:07:00,Chennai,Delivered
O003995,C02189,P0593,2,1610.75,2026-06-13 22:23:00,Mumbai,Returned
O003996,C01044,P0009,3,3085.29,2026-06-03 11:50:00,Chennai,Shipped
O003997,C02311,P0540,4,6948.18,2026-05-22 16:16:00,Bengaluru,Shipped
O003998,C00431,P0385,4,4244.08,2026-05-29 16:31:00,Pune,Delivered
O003999,C01637,P0738,4,9853.09,2026-06-29 16:56:00,Bengaluru,Processing
O004000,C02983,P0272,1,1528.03,2026-01-22 17:36:00,Hyderabad,Processing
O004001,C02044,P0766,4,9568.02,2026-02-12 20:13:00,Mumbai,Returned
O004002,C01062,P0672,3,4881.93,2026-06-09 15:17:00,Coimbatore,Delivered
O004003,C02952,P0416,1,4705.01,2026-05-04 02:43:00,Chennai,Delivered
O004004,C02867,P0184,4,1570.2,2026-04-21 22:02:00,Mumbai,Shipped
O004005,C00062,P0779,1,1467.39,2026-01-29 21:28:00,Pune,Processing
O004006,C00925,P0500,1,2401.8,2026-03-17 12:14:00,Kochi,Shipped
O004007,C00338,P0193,1,7596.81,2026-02-21 08:44:00,Bengaluru,Shipped
O004008,C01995,P0746,3,4646.96,2026-05-04 09:53:00,Pune,Returned
O004009,C01537,P0502,4,692.24,2026-03-23 10:14:00,Coimbatore,Shipped
O004010,C02474,P0063,4,9858.07,2026-04-07 13:22:00,Coimbatore,Processing
O004011,C00248,P0353,4,908.91,2026-01-10 16:53:00,Chennai,Shipped
O004012,C02104,P0117,1,1196.2,2026-03-20 09:09:00,Delhi,Shipped
O004013,C00107,P0074,2,2079.76,2026-06-22 00:00:00,Kochi,Delivered
O004014,C00370,P0646,4,5928.39,2026-05-02 09:49:00,Kochi,Processing
O004015,C01560,P0215,1,4997.41,2026-06-08 07:41:00,Chennai,Processing
O004016,C02140,P0204,3,951.33,2026-05-12 04:20:00,Coimbatore,Processing
O004017,C01765,P0014,3,5097.6,2026-05-23 19:10:00,Delhi,Shipped
O004018,C02131,P0709,1,104.31,2026-06-24 06:54:00,Bengaluru,Processing
O004019,C00573,P0794,3,222.53,2026-04-13 06:16:00,Delhi,Processing
O004020,C00168,P0451,2,1385.33,2026-01-18 23:04:00,Mumbai,Returned
O004021,C00238,P0460,2,4631.5,2026-03-26 06:54:00,Chennai,Shipped
O004022,C01749,P0696,4,916.89,2026-04-26 20:13:00,Coimbatore,Delivered
O004023,C02449,P0018,2,7010.52,2026-06-19 04:31:00,Mumbai,Delivered
O004024,C02466,P0575,4,9035.22,2026-05-27 12:26:00,Delhi,Shipped
O004025,C01490,P0645,1,9521.65,2026-05-01 09:36:00,Kochi,Delivered
O004026,C01515,P0273,3,1379.91,2026-05-27 05:46:00,Chennai,Processing
O004027,C01222,P0196,4,4393.61,2026-01-03 11:23:00,Chennai,Delivered
O004028,C02421,P0097,3,1527.35,2026-02-05 07:34:00,Pune,Returned
O004029,C00974,P0111,4,9271.32,2026-04-23 10:47:00,Delhi,Shipped
O004030,C00750,P0306,3,2652.55,2026-04-01 20:56:00,Hyderabad,Delivered
O004031,C01463,P0152,2,7394.01,2026-04-08 18:13:00,Hyderabad,Processing
O004032,C01734,P0561,3,9754.52,2026-02-20 06:34:00,Chennai,Delivered
O004033,C01097,P0122,3,8775.26,2026-06-04 07:27:00,Hyderabad,Shipped
O004034,C02809,P0723,1,1751.66,2026-06-11 16:54:00,Mumbai,Returned
O004035,C02161,P0064,2,3290.97,2026-06-03 12:26:00,Kochi,Processing
O004036,C01769,P0007,2,1166.39,2026-03-24 03:19:00,Bengaluru,Returned
O004037,C02550,P0030,3,4007.63,2026-01-24 21:43:00,Delhi,Processing
O004038,C02829,P0374,3,3617.37,2026-05-23 06:27:00,Mumbai,Delivered
O004039,C00808,P0758,4,3142.11,2026-01-16 14:26:00,Bengaluru,Processing
O004040,C01533,P0720,1,8925.71,2026-02-06 18:17:00,Bengaluru,Delivered
O004041,C00284,P0135,3,9762.67,2026-01-15 16:36:00,Coimbatore,Returned
O004042,C02027,P0416,2,4705.01,2026-06-29 19:26:00,Bengaluru,Delivered
O004043,C02343,P0300,1,3880.91,2026-04-25 18:40:00,Mumbai,Shipped
O004044,C00899,P0313,2,5724.63,2026-04-13 04:15:00,Pune,Returned
O004045,C01742,P0002,2,1803.85,2026-01-16 05:57:00,Bengaluru,Processing
O004046,C00976,P0566,4,6373.4,2026-04-08 18:45:00,Mumbai,Shipped
O004047,C01166,P0689,1,9487.92,2026-04-09 07:09:00,Pune,Shipped
O004048,C02975,P0293,4,9576.2,2026-04-19 02:15:00,Hyderabad,Delivered
O004049,C01175,P0502,3,692.24,2026-02-28 17:55:00,Mumbai,Returned
O004050,C01889,P0414,4,1428.87,2026-06-11 14:00:00,Delhi,Processing
O004051,C00849,P0291,2,5653.34,2026-01-23 23:59:00,Chennai,Shipped
O004052,C01130,P0321,4,1697.02,2026-06-22 12:47:00,Delhi,Returned
O004053,C02260,P0019,1,1889.4,2026-01-06 15:28:00,Mumbai,Shipped
O004054,C01926,P0697,4,7318.56,2026-02-13 06:10:00,Mumbai,Processing
O004055,C01259,P0126,1,6217.24,2026-06-08 18:23:00,Chennai,Delivered
O004056,C00224,P0750,2,4603.74,2026-03-22 00:34:00,Delhi,Returned
O004057,C01313,P0549,2,1936.82,2026-04-23 07:19:00,Chennai,Shipped
O004058,C00020,P0334,2,3927.84,2026-01-04 14:44:00,Kochi,Returned
O004059,C02787,P0741,2,7252.76,2026-02-21 22:52:00,Pune,Shipped
O004060,C02167,P0465,1,856.68,2026-03-07 14:11:00,Bengaluru,Returned
O004061,C02002,P0793,4,3714.92,2026-05-01 02:43:00,Bengaluru,Processing
O004062,C02157,P0582,2,1360.43,2026-05-22 13:33:00,Chennai,Processing
O004063,C02239,P0565,4,6635.26,2026-05-14 23:31:00,Pune,Returned
O004064,C00803,P0724,1,548.91,2026-02-09 19:20:00,Kochi,Processing
O004065,C01507,P0385,4,4244.08,2026-04-17 22:32:00,Bengaluru,Delivered
O004066,C00556,P0661,3,936.39,2026-06-01 03:14:00,Delhi,Shipped
O004067,C01674,P0316,1,512.74,2026-02-11 12:30:00,Mumbai,Returned
O004068,C02191,P0786,1,3671.5,2026-04-22 14:31:00,Bengaluru,Processing
O004069,C00331,P0010,4,9207.97,2026-03-10 18:41:00,Hyderabad,Delivered
O004070,C02867,P0608,1,9699.3,2026-01-30 07:28:00,Mumbai,Delivered
O004071,C00756,P0700,4,1966.82,2026-06-26 17:22:00,Pune,Shipped
O004072,C00660,P0202,1,8603.22,2026-04-20 22:08:00,Hyderabad,Returned
O004073,C00356,P0721,3,4538.97,2026-04-20 23:33:00,Bengaluru,Returned
O004074,C00253,P0642,2,752.0,2026-01-24 04:31:00,Mumbai,Returned
O004075,C02445,P0786,1,3671.5,2026-06-25 08:29:00,Coimbatore,Shipped
O004076,C01147,P0126,4,6217.24,2026-03-29 05:39:00,Bengaluru,Processing
O004077,C02843,P0186,3,5553.84,2026-02-27 18:20:00,Mumbai,Returned
O004078,C00760,P0200,2,8064.94,2026-02-12 02:25:00,Delhi,Returned
O004079,C02743,P0060,3,294.15,2026-01-13 15:05:00,Chennai,Processing
O004080,C02993,P0472,1,774.55,2026-03-10 16:28:00,Mumbai,Processing
O004081,C00651,P0067,4,3696.01,2026-03-10 04:21:00,Chennai,Returned
O004082,C01852,P0581,1,7430.75,2026-04-05 08:03:00,Bengaluru,Shipped
O004083,C02106,P0431,4,5205.67,2026-04-17 15:51:00,Bengaluru,Delivered
O004084,C01698,P0113,4,3582.38,2026-06-26 03:36:00,Mumbai,Delivered
O004085,C01095,P0723,4,1751.66,2026-04-08 04:42:00,Bengaluru,Shipped
O004086,C00355,P0173,3,8537.22,2026-04-27 22:58:00,Delhi,Delivered
O004087,C02358,P0106,3,176.87,2026-02-03 13:57:00,Chennai,Returned
O004088,C00769,P0357,2,4375.29,2026-01-07 13:23:00,Coimbatore,Returned
O004089,C00897,P0464,3,9923.66,2026-03-14 08:45:00,Mumbai,Returned
O004090,C01361,P0763,3,3914.29,2026-04-19 17:37:00,Pune,Shipped
O004091,C01064,P0336,2,2292.06,2026-04-30 22:53:00,Bengaluru,Returned
O004092,C02304,P0128,3,238.74,2026-06-16 10:41:00,Coimbatore,Delivered
O004093,C02184,P0442,4,3354.53,2026-05-05 01:22:00,Chennai,Delivered
O004094,C02280,P0066,3,5076.41,2026-05-20 09:34:00,Pune,Processing
O004095,C01203,P0441,1,5390.46,2026-02-27 12:36:00,Coimbatore,Returned
O004096,C01739,P0449,1,9895.99,2026-01-19 11:48:00,Chennai,Returned
O004097,C00228,P0292,3,2004.02,2026-05-18 16:48:00,Bengaluru,Shipped
O004098,C00733,P0319,2,8409.93,2026-06-27 06:09:00,Pune,Processing
O004099,C02193,P0194,4,3478.21,2026-01-30 22:51:00,Mumbai,Delivered
O004100,C01010,P0456,1,9111.0,2026-03-06 07:45:00,Pune,Delivered
O004101,C00144,P0635,2,4059.59,2026-01-13 13:40:00,Chennai,Delivered
O004102,C00887,P0567,4,2411.23,2026-06-04 04:04:00,Pune,Shipped
O004103,C02126,P0257,4,8913.16,2026-01-26 22:51:00,Mumbai,Shipped
O004104,C02020,P0782,2,5850.54,2026-05-24 18:32:00,Hyderabad,Returned
O004105,C00630,P0708,3,3265.42,2026-06-10 01:33:00,Hyderabad,Delivered
O004106,C01223,P0142,2,152.07,2026-02-09 08:46:00,Mumbai,Delivered
O004107,C00150,P0352,3,3229.8,2026-05-28 02:56:00,Chennai,Delivered
O004108,C02181,P0256,1,5260.23,2026-05-19 02:26:00,Pune,Delivered
O004109,C01937,P0238,4,4446.17,2026-06-24 21:55:00,Pune,Shipped
O004110,C02569,P0288,1,3932.63,2026-04-25 08:41:00,Pune,Shipped
O004111,C02721,P0133,4,7293.41,2026-03-23 08:37:00,Bengaluru,Processing
O004112,C00220,P0116,1,2079.75,2026-01-01 04:18:00,Hyderabad,Delivered
O004113,C02665,P0770,1,6825.39,2026-02-26 22:48:00,Delhi,Shipped
O004114,C00167,P0276,4,6054.84,2026-05-10 02:09:00,Coimbatore,Processing
O004115,C01760,P0184,4,1570.2,2026-03-05 05:52:00,Pune,Returned
O004116,C02322,P0322,2,3075.32,2026-03-09 17:30:00,Mumbai,Returned
O004117,C01494,P0329,2,141.36,2026-03-25 22:39:00,Coimbatore,Processing
O004118,C02031,P0633,4,2845.22,2026-06-11 23:39:00,Coimbatore,Returned
O004119,C00652,P0249,2,4250.12,2026-05-14 14:55:00,Delhi,Returned
O004120,C00705,P0308,4,4979.5,2026-06-19 08:54:00,Pune,Shipped
O004121,C01150,P0159,3,8365.04,2026-01-23 15:08:00,Pune,Processing
O004122,C02448,P0213,4,4276.85,2026-05-04 15:55:00,Mumbai,Processing
O004123,C01691,P0225,2,3650.99,2026-01-31 00:15:00,Delhi,Shipped
O004124,C00934,P0497,3,1834.78,2026-05-22 02:09:00,Mumbai,Delivered
O004125,C02840,P0452,1,8196.17,2026-02-08 10:00:00,Coimbatore,Returned
O004126,C01676,P0379,4,3750.42,2026-06-10 00:11:00,Chennai,Returned
O004127,C01982,P0680,1,4165.12,2026-02-17 02:19:00,Bengaluru,Processing
O004128,C01063,P0494,3,7697.7,2026-03-22 01:10:00,Mumbai,Delivered
O004129,C01117,P0665,2,7169.18,2026-02-22 09:23:00,Bengaluru,Returned
O004130,C02485,P0783,2,7059.62,2026-02-01 18:12:00,Bengaluru,Processing
O004131,C02728,P0342,4,6631.4,2026-03-25 09:38:00,Bengaluru,Shipped
O004132,C01836,P0090,1,646.74,2026-04-20 16:54:00,Delhi,Shipped
O004133,C01988,P0396,4,2039.28,2026-01-05 23:14:00,Chennai,Returned
O004134,C01757,P0586,4,1154.2,2026-05-28 21:02:00,Coimbatore,Shipped
O004135,C02117,P0799,4,206.59,2026-03-03 01:44:00,Mumbai,Shipped
O004136,C00908,P0330,1,5601.33,2026-01-05 11:58:00,Kochi,Processing
O004137,C00260,P0227,4,3442.57,2026-06-16 15:11:00,Bengaluru,Delivered
O004138,C00206,P0276,3,6054.84,2026-05-25 04:52:00,Chennai,Shipped
O004139,C01035,P0169,1,8645.46,2026-06-18 14:52:00,Mumbai,Returned
O004140,C01722,P0731,1,5565.29,2026-04-14 08:37:00,Kochi,Delivered
O004141,C01081,P0386,4,8772.44,2026-02-11 15:54:00,Kochi,Returned
O004142,C00825,P0417,1,4565.4,2026-01-02 06:57:00,Mumbai,Shipped
O004143,C00791,P0107,4,992.48,2026-04-05 18:07:00,Delhi,Returned
O004144,C00196,P0517,4,9679.49,2026-04-26 13:13:00,Delhi,Returned
O004145,C02723,P0451,3,1385.33,2026-05-19 08:13:00,Coimbatore,Delivered
O004146,C02759,P0210,1,8500.3,2026-02-06 20:04:00,Kochi,Returned
O004147,C01482,P0523,3,4689.15,2026-02-09 19:43:00,Hyderabad,Returned
O004148,C02151,P0271,2,9964.47,2026-05-31 18:45:00,Hyderabad,Returned
O004149,C02896,P0128,1,238.74,2026-02-22 20:06:00,Delhi,Processing
O004150,C01114,P0331,2,7893.32,2026-03-15 01:56:00,Hyderabad,Processing
O004151,C02697,P0275,1,7489.31,2026-04-13 22:31:00,Pune,Shipped
O004152,C01473,P0333,1,9722.19,2026-05-12 02:26:00,Delhi,Returned
O004153,C02069,P0717,4,9261.46,2026-06-02 16:34:00,Kochi,Returned
O004154,C00612,P0692,4,1400.03,2026-02-27 14:44:00,Mumbai,Delivered
O004155,C00432,P0373,1,9052.26,2026-01-01 23:01:00,Delhi,Shipped
O004156,C00868,P0363,3,3200.47,2026-05-24 08:02:00,Coimbatore,Processing
O004157,C01325,P0137,1,947.81,2026-01-14 00:53:00,Kochi,Returned
O004158,C00350,P0199,1,6222.14,2026-01-09 19:33:00,Kochi,Returned
O004159,C00809,P0249,1,4250.12,2026-04-14 13:18:00,Hyderabad,Processing
O004160,C00922,P0635,4,4059.59,2026-02-25 10:50:00,Mumbai,Delivered
O004161,C00134,P0094,2,5013.87,2026-05-13 01:25:00,Delhi,Delivered
O004162,C00390,P0409,3,7152.62,2026-05-09 23:15:00,Bengaluru,Returned
O004163,C00030,P0205,1,4275.6,2026-06-04 06:09:00,Delhi,Processing
O004164,C01138,P0676,1,157.32,2026-05-23 21:05:00,Bengaluru,Shipped
O004165,C01144,P0245,2,4480.53,2026-02-08 05:54:00,Delhi,Processing
O004166,C00344,P0473,3,1487.53,2026-06-17 11:07:00,Coimbatore,Delivered
O004167,C00383,P0327,3,4651.01,2026-06-12 05:25:00,Chennai,Processing
O004168,C02287,P0291,3,5653.34,2026-06-07 17:50:00,Delhi,Returned
O004169,C00383,P0745,1,9030.46,2026-06-09 13:58:00,Chennai,Delivered
O004170,C00481,P0130,2,7163.28,2026-05-14 14:26:00,Bengaluru,Returned
O004171,C02598,P0072,1,4327.35,2026-06-28 18:32:00,Pune,Shipped
O004172,C01255,P0579,4,8102.63,2026-03-24 04:57:00,Delhi,Returned
O004173,C00410,P0693,2,1638.87,2026-05-29 23:02:00,Chennai,Delivered
O004174,C00648,P0288,3,3932.63,2026-01-05 17:50:00,Kochi,Shipped
O004175,C01167,P0510,4,1916.1,2026-01-27 20:51:00,Mumbai,Delivered
O004176,C01275,P0435,3,1474.61,2026-03-01 07:02:00,Hyderabad,Returned
O004177,C00100,P0207,1,293.32,2026-01-09 20:09:00,Coimbatore,Delivered
O004178,C00713,P0410,1,4789.21,2026-02-27 20:46:00,Bengaluru,Delivered
O004179,C00410,P0266,1,4596.66,2026-06-15 09:35:00,Chennai,Delivered
O004180,C00951,P0400,2,8795.04,2026-01-29 09:34:00,Mumbai,Returned
O004181,C02036,P0404,2,8557.91,2026-01-06 01:41:00,Bengaluru,Delivered
O004182,C01192,P0416,4,4705.01,2026-01-20 21:03:00,Bengaluru,Delivered
O004183,C02301,P0321,3,1697.02,2026-02-24 01:19:00,Hyderabad,Returned
O004184,C01029,P0477,4,4461.51,2026-03-04 02:38:00,Pune,Processing
O004185,C00637,P0352,2,3229.8,2026-04-20 04:22:00,Delhi,Delivered
O004186,C00037,P0623,2,5792.3,2026-04-15 02:32:00,Kochi,Returned
O004187,C01101,P0343,2,746.07,2026-05-11 10:06:00,Coimbatore,Processing
O004188,C02650,P0124,2,9076.76,2026-04-22 07:41:00,Hyderabad,Shipped
O004189,C02651,P0661,4,936.39,2026-02-16 07:52:00,Coimbatore,Returned
O004190,C01708,P0642,2,752.0,2026-03-10 11:09:00,Bengaluru,Returned
O004191,C01776,P0168,2,3315.66,2026-04-05 21:24:00,Coimbatore,Shipped
O004192,C00514,P0341,2,5733.11,2026-04-28 23:59:00,Pune,Returned
O004193,C02157,P0269,1,6799.54,2026-05-05 14:31:00,Chennai,Returned
O004194,C00191,P0423,4,805.35,2026-03-23 10:27:00,Delhi,Processing
O004195,C02997,P0727,2,4067.4,2026-06-13 21:21:00,Bengaluru,Processing
O004196,C01164,P0274,3,6974.26,2026-01-18 15:27:00,Bengaluru,Returned
O004197,C00682,P0305,3,1076.57,2026-05-31 08:12:00,Kochi,Shipped
O004198,C00983,P0492,3,6612.82,2026-05-17 18:36:00,Bengaluru,Returned
O004199,C00305,P0430,1,2345.57,2026-01-15 22:26:00,Pune,Processing
O004200,C01025,P0638,2,5679.06,2026-05-02 01:25:00,Pune,Returned
O004201,C00159,P0612,4,3735.5,2026-06-17 03:48:00,Kochi,Shipped
O004202,C02517,P0092,4,4028.26,2026-02-09 17:24:00,Mumbai,Processing
O004203,C00224,P0525,2,1451.9,2026-01-01 17:44:00,Delhi,Shipped
O004204,C02837,P0049,4,5730.67,2026-03-16 13:12:00,Coimbatore,Delivered
O004205,C00532,P0777,2,3589.83,2026-04-15 17:39:00,Coimbatore,Processing
O004206,C02188,P0497,4,1834.78,2026-01-10 03:03:00,Coimbatore,Processing
O004207,C02143,P0773,1,8629.97,2026-03-07 08:20:00,Coimbatore,Shipped
O004208,C02499,P0769,1,4342.42,2026-06-17 17:26:00,Mumbai,Returned
O004209,C01711,P0593,4,1610.75,2026-03-27 00:10:00,Kochi,Processing
O004210,C01727,P0307,3,2471.27,2026-06-11 23:28:00,Hyderabad,Shipped
O004211,C00211,P0727,4,4067.4,2026-05-08 06:12:00,Mumbai,Delivered
O004212,C02713,P0479,1,6996.75,2026-02-17 18:36:00,Coimbatore,Shipped
O004213,C01882,P0714,2,2457.7,2026-05-26 18:10:00,Kochi,Delivered
O004214,C02508,P0593,3,1610.75,2026-02-27 16:21:00,Bengaluru,Returned
O004215,C01830,P0317,4,6564.28,2026-06-09 07:04:00,Hyderabad,Delivered
O004216,C02900,P0296,3,8312.94,2026-01-19 01:15:00,Hyderabad,Processing
O004217,C02923,P0549,2,1936.82,2026-05-05 18:47:00,Coimbatore,Processing
O004218,C02101,P0615,4,6966.89,2026-01-11 02:04:00,Bengaluru,Processing
O004219,C00572,P0307,3,2471.27,2026-01-19 18:06:00,Chennai,Returned
O004220,C02125,P0665,1,7169.18,2026-06-24 11:56:00,Delhi,Processing
O004221,C02014,P0018,4,7010.52,2026-05-11 18:25:00,Kochi,Processing
O004222,C02377,P0233,3,8252.74,2026-06-17 22:32:00,Bengaluru,Delivered
O004223,C02484,P0754,1,7723.16,2026-05-17 02:43:00,Delhi,Processing
O004224,C02997,P0628,2,1483.56,2026-03-26 01:31:00,Bengaluru,Shipped
O004225,C01448,P0435,2,1474.61,2026-05-16 16:20:00,Hyderabad,Delivered
O004226,C02511,P0329,4,141.36,2026-02-26 00:09:00,Mumbai,Returned
O004227,C01811,P0768,4,8965.31,2026-05-24 03:45:00,Chennai,Delivered
O004228,C02255,P0545,1,790.43,2026-03-04 01:22:00,Chennai,Processing
O004229,C01395,P0450,3,4833.69,2026-01-26 00:40:00,Delhi,Delivered
O004230,C00402,P0207,4,293.32,2026-05-30 20:40:00,Delhi,Returned
O004231,C00316,P0160,2,5876.12,2026-05-27 06:00:00,Mumbai,Shipped
O004232,C00492,P0545,4,790.43,2026-04-03 02:53:00,Kochi,Processing
O004233,C02586,P0136,3,9081.55,2026-02-24 05:01:00,Chennai,Processing
O004234,C02611,P0164,2,5943.35,2026-05-14 23:34:00,Hyderabad,Processing
O004235,C01744,P0010,3,9207.97,2026-03-26 07:01:00,Pune,Shipped
O004236,C01253,P0559,3,3769.77,2026-02-11 10:12:00,Mumbai,Returned
O004237,C02488,P0742,3,8185.79,2026-01-28 20:35:00,Pune,Returned
O004238,C01366,P0208,4,2092.25,2026-01-28 18:18:00,Hyderabad,Shipped
O004239,C01520,P0532,2,6385.3,2026-03-02 04:44:00,Delhi,Shipped
O004240,C00420,P0784,3,2111.47,2026-02-01 05:23:00,Delhi,Delivered
O004241,C01351,P0712,3,3112.13,2026-06-12 18:07:00,Mumbai,Returned
O004242,C02691,P0555,4,2733.2,2026-01-11 17:54:00,Hyderabad,Returned
O004243,C01579,P0319,4,8409.93,2026-03-09 02:01:00,Delhi,Delivered
O004244,C01557,P0694,1,614.19,2026-03-10 07:23:00,Pune,Processing
O004245,C01556,P0788,2,2185.3,2026-01-17 00:51:00,Bengaluru,Shipped
O004246,C00748,P0242,1,1599.95,2026-01-29 04:09:00,Kochi,Processing
O004247,C02126,P0016,2,9025.44,2026-03-17 23:14:00,Mumbai,Returned
O004248,C00368,P0662,1,8101.63,2026-03-18 02:40:00,Coimbatore,Returned
O004249,C01471,P0223,3,1097.95,2026-03-30 16:31:00,Pune,Processing
O004250,C01156,P0090,3,646.74,2026-04-27 09:46:00,Bengaluru,Returned
O004251,C01409,P0248,3,9033.86,2026-05-24 15:35:00,Chennai,Processing
O004252,C01581,P0511,4,791.85,2026-01-20 13:11:00,Hyderabad,Shipped
O004253,C01093,P0311,4,9144.98,2026-04-28 19:12:00,Bengaluru,Returned
O004254,C00818,P0241,1,7179.48,2026-01-22 19:35:00,Bengaluru,Returned
O004255,C01838,P0354,3,9782.15,2026-03-05 02:07:00,Bengaluru,Processing
O004256,C00820,P0334,4,3927.84,2026-01-14 17:00:00,Hyderabad,Processing
O004257,C02038,P0688,1,7463.85,2026-02-24 02:35:00,Kochi,Processing
O004258,C02371,P0223,4,1097.95,2026-05-26 05:09:00,Coimbatore,Returned
O004259,C02325,P0087,2,2098.71,2026-05-15 05:46:00,Pune,Returned
O004260,C02472,P0650,2,8079.24,2026-01-10 15:05:00,Delhi,Processing
O004261,C01071,P0047,4,8857.53,2026-03-27 15:55:00,Bengaluru,Delivered
O004262,C02316,P0800,4,9198.59,2026-03-20 23:20:00,Mumbai,Delivered
O004263,C00510,P0269,4,6799.54,2026-03-20 11:04:00,Delhi,Delivered
O004264,C02759,P0100,1,5501.88,2026-06-25 11:22:00,Kochi,Processing
O004265,C02510,P0779,2,1467.39,2026-01-19 18:45:00,Coimbatore,Processing
O004266,C02842,P0495,1,2593.21,2026-06-02 15:08:00,Chennai,Processing
O004267,C01645,P0089,3,6477.51,2026-03-06 15:15:00,Coimbatore,Processing
O004268,C02345,P0561,3,9754.52,2026-03-07 06:42:00,Chennai,Returned
O004269,C01552,P0775,2,1219.32,2026-01-22 00:44:00,Chennai,Returned
O004270,C02266,P0268,3,4813.91,2026-03-21 05:42:00,Pune,Delivered
O004271,C02967,P0513,3,5966.04,2026-05-24 23:19:00,Chennai,Delivered
O004272,C02345,P0240,3,5098.73,2026-01-28 20:40:00,Chennai,Delivered
O004273,C02010,P0288,4,3932.63,2026-02-01 17:26:00,Bengaluru,Returned
O004274,C01945,P0716,2,505.29,2026-01-02 17:48:00,Delhi,Processing
O004275,C02571,P0763,4,3914.29,2026-02-14 12:55:00,Kochi,Shipped
O004276,C02524,P0231,2,7092.41,2026-03-10 02:57:00,Delhi,Processing
O004277,C00989,P0091,3,8684.0,2026-06-21 01:24:00,Delhi,Delivered
O004278,C01123,P0474,4,8400.11,2026-01-27 06:58:00,Mumbai,Returned
O004279,C00317,P0266,2,4596.66,2026-03-24 09:10:00,Hyderabad,Delivered
O004280,C02416,P0533,3,9271.54,2026-01-05 17:50:00,Chennai,Delivered
O004281,C02926,P0696,4,916.89,2026-03-11 18:51:00,Kochi,Returned
O004282,C01940,P0709,2,104.31,2026-06-02 16:14:00,Pune,Returned
O004283,C00418,P0322,4,3075.32,2026-05-28 07:06:00,Kochi,Processing
O004284,C02856,P0795,2,4749.67,2026-04-03 04:54:00,Delhi,Returned
O004285,C02810,P0301,4,5462.61,2026-01-03 09:34:00,Mumbai,Returned
O004286,C01850,P0337,1,1994.97,2026-06-12 15:36:00,Bengaluru,Shipped
O004287,C01807,P0653,4,3849.13,2026-06-12 23:07:00,Kochi,Delivered
O004288,C01858,P0369,4,4587.77,2026-02-15 19:27:00,Hyderabad,Shipped
O004289,C01602,P0003,1,2300.34,2026-05-18 19:29:00,Hyderabad,Delivered
O004290,C00727,P0629,1,6100.1,2026-06-02 06:28:00,Mumbai,Shipped
O004291,C01729,P0593,2,1610.75,2026-04-06 10:40:00,Hyderabad,Shipped
O004292,C01365,P0175,4,4958.37,2026-05-21 17:49:00,Mumbai,Returned
O004293,C00564,P0016,2,9025.44,2026-01-18 04:48:00,Hyderabad,Processing
O004294,C01690,P0262,3,9830.21,2026-01-27 14:29:00,Bengaluru,Delivered
O004295,C01558,P0674,4,9237.26,2026-06-08 22:23:00,Delhi,Processing
O004296,C02329,P0347,3,6444.57,2026-05-10 07:06:00,Hyderabad,Delivered
O004297,C01125,P0489,1,2399.84,2026-02-25 19:55:00,Delhi,Delivered
O004298,C01209,P0707,3,3698.4,2026-03-08 23:44:00,Coimbatore,Shipped
O004299,C02089,P0150,4,2899.96,2026-03-09 07:11:00,Mumbai,Processing
O004300,C01642,P0496,2,9815.02,2026-06-01 14:30:00,Chennai,Delivered
O004301,C02730,P0074,4,2079.76,2026-01-31 08:06:00,Hyderabad,Returned
O004302,C02269,P0045,2,3896.94,2026-05-13 20:10:00,Pune,Shipped
O004303,C01782,P0071,4,5958.46,2026-02-09 04:24:00,Kochi,Processing
O004304,C01561,P0075,3,6747.45,2026-04-14 16:12:00,Delhi,Shipped
O004305,C02715,P0521,4,4330.23,2026-05-22 00:24:00,Chennai,Processing
O004306,C00273,P0447,1,4600.17,2026-04-08 05:37:00,Mumbai,Delivered
O004307,C02807,P0472,3,774.55,2026-04-18 06:20:00,Mumbai,Returned
O004308,C00604,P0615,2,6966.89,2026-02-27 19:04:00,Kochi,Shipped
O004309,C01010,P0749,1,786.6,2026-02-07 10:26:00,Pune,Returned
O004310,C01980,P0747,4,9438.22,2026-05-08 16:58:00,Mumbai,Shipped
O004311,C02358,P0449,1,9895.99,2026-01-01 22:42:00,Chennai,Processing
O004312,C02645,P0727,2,4067.4,2026-05-12 09:30:00,Hyderabad,Processing
O004313,C01510,P0121,4,934.55,2026-06-02 18:49:00,Delhi,Delivered
O004314,C00539,P0216,2,304.99,2026-06-21 02:11:00,Pune,Shipped
O004315,C02332,P0292,3,2004.02,2026-03-12 06:39:00,Delhi,Shipped
O004316,C02325,P0598,1,6993.13,2026-02-18 05:12:00,Pune,Processing
O004317,C01724,P0219,1,1397.47,2026-03-21 09:30:00,Chennai,Shipped
O004318,C02742,P0536,1,2548.41,2026-03-30 02:25:00,Chennai,Processing
O004319,C02428,P0517,3,9679.49,2026-06-21 06:12:00,Coimbatore,Returned
O004320,C02116,P0494,2,7697.7,2026-03-16 02:06:00,Hyderabad,Processing
O004321,C01677,P0717,4,9261.46,2026-04-01 01:55:00,Bengaluru,Processing
O004322,C02687,P0445,2,1947.25,2026-05-12 05:56:00,Chennai,Shipped
O004323,C00691,P0236,4,7351.26,2026-04-17 18:18:00,Hyderabad,Delivered
O004324,C01552,P0562,4,4622.5,2026-02-21 23:37:00,Chennai,Delivered
O004325,C00650,P0366,4,6806.89,2026-01-26 15:08:00,Kochi,Returned
O004326,C01860,P0423,3,805.35,2026-04-21 13:18:00,Delhi,Shipped
O004327,C00158,P0710,2,4772.38,2026-03-28 14:00:00,Bengaluru,Returned
O004328,C02313,P0064,3,3290.97,2026-03-11 13:03:00,Hyderabad,Returned
O004329,C02383,P0557,3,6068.55,2026-03-31 01:40:00,Hyderabad,Delivered
O004330,C01950,P0262,4,9830.21,2026-02-08 13:57:00,Bengaluru,Shipped
O004331,C01838,P0374,4,3617.37,2026-04-15 04:07:00,Bengaluru,Returned
O004332,C02279,P0661,2,936.39,2026-05-26 13:50:00,Mumbai,Delivered
O004333,C00577,P0578,1,6474.47,2026-01-01 17:16:00,Bengaluru,Returned
O004334,C01999,P0110,4,8676.8,2026-06-18 18:33:00,Coimbatore,Shipped
O004335,C01431,P0119,4,4834.82,2026-03-24 17:27:00,Delhi,Returned
O004336,C00084,P0564,2,3746.46,2026-02-13 14:29:00,Coimbatore,Shipped
O004337,C01938,P0287,1,1573.93,2026-03-12 22:28:00,Delhi,Delivered
O004338,C00333,P0740,2,9717.89,2026-04-12 08:16:00,Bengaluru,Delivered
O004339,C02018,P0692,4,1400.03,2026-04-21 06:09:00,Delhi,Returned
O004340,C00394,P0006,2,7768.45,2026-04-03 16:14:00,Delhi,Processing
O004341,C01880,P0128,1,238.74,2026-05-18 16:26:00,Delhi,Delivered
O004342,C01064,P0071,3,5958.46,2026-01-03 13:58:00,Bengaluru,Processing
O004343,C00022,P0572,3,6659.16,2026-04-12 19:17:00,Mumbai,Processing
O004344,C01347,P0485,3,7988.55,2026-03-23 06:06:00,Pune,Returned
O004345,C01791,P0713,4,3378.0,2026-04-12 08:41:00,Delhi,Delivered
O004346,C01472,P0336,4,2292.06,2026-01-04 20:17:00,Hyderabad,Delivered
O004347,C00212,P0633,4,2845.22,2026-06-05 19:08:00,Chennai,Processing
O004348,C02606,P0356,1,6296.35,2026-04-29 09:04:00,Hyderabad,Shipped
O004349,C02263,P0536,1,2548.41,2026-05-15 23:40:00,Coimbatore,Delivered
O004350,C02898,P0259,1,7345.66,2026-01-04 20:13:00,Coimbatore,Processing
O004351,C00841,P0410,3,4789.21,2026-03-09 11:19:00,Pune,Shipped
O004352,C02675,P0154,2,1912.1,2026-01-23 16:50:00,Delhi,Processing
O004353,C01396,P0092,1,4028.26,2026-06-16 13:44:00,Delhi,Returned
O004354,C02001,P0097,3,1527.35,2026-05-26 14:40:00,Kochi,Shipped
O004355,C02705,P0088,2,2657.13,2026-04-15 09:22:00,Mumbai,Shipped
O004356,C02691,P0712,4,3112.13,2026-02-17 03:37:00,Hyderabad,Returned
O004357,C01077,P0389,1,8090.99,2026-02-19 20:38:00,Chennai,Shipped
O004358,C01916,P0150,2,2899.96,2026-04-23 23:46:00,Pune,Processing
O004359,C01163,P0068,2,6389.9,2026-01-25 08:41:00,Kochi,Processing
O004360,C01803,P0294,1,5075.12,2026-04-19 18:01:00,Chennai,Returned
O004361,C01458,P0699,3,2063.28,2026-02-07 01:20:00,Chennai,Returned
O004362,C00152,P0183,4,4734.37,2026-04-08 14:47:00,Chennai,Processing
O004363,C00298,P0138,4,9745.55,2026-01-08 00:23:00,Coimbatore,Delivered
O004364,C02229,P0097,3,1527.35,2026-04-29 11:47:00,Coimbatore,Returned
O004365,C01625,P0575,2,9035.22,2026-01-17 17:16:00,Mumbai,Delivered
O004366,C00447,P0542,4,6397.18,2026-03-03 13:24:00,Coimbatore,Delivered
O004367,C00028,P0176,4,3653.54,2026-02-02 18:44:00,Hyderabad,Returned
O004368,C02745,P0568,4,3547.51,2026-01-13 08:45:00,Bengaluru,Processing
O004369,C02956,P0004,4,1339.91,2026-03-31 15:23:00,Hyderabad,Delivered
O004370,C00479,P0444,3,8281.1,2026-01-25 12:55:00,Coimbatore,Returned
O004371,C00194,P0180,3,6342.79,2026-02-24 21:48:00,Delhi,Returned
O004372,C02112,P0527,1,4964.39,2026-06-18 10:48:00,Coimbatore,Delivered
O004373,C00266,P0303,1,9525.43,2026-05-18 23:43:00,Coimbatore,Shipped
O004374,C01316,P0398,2,3448.99,2026-04-03 15:12:00,Kochi,Processing
O004375,C02952,P0674,4,9237.26,2026-06-02 01:13:00,Chennai,Returned
O004376,C02758,P0564,2,3746.46,2026-02-20 19:27:00,Bengaluru,Processing
O004377,C02943,P0308,1,4979.5,2026-06-12 08:44:00,Mumbai,Returned
O004378,C01117,P0217,1,3503.09,2026-03-22 15:33:00,Bengaluru,Delivered
O004379,C02524,P0477,3,4461.51,2026-04-27 11:40:00,Delhi,Shipped
O004380,C01068,P0604,4,6814.35,2026-02-21 09:47:00,Chennai,Shipped
O004381,C01512,P0066,2,5076.41,2026-01-03 18:43:00,Chennai,Shipped
O004382,C02087,P0373,1,9052.26,2026-06-14 04:29:00,Hyderabad,Shipped
O004383,C00360,P0340,4,2040.26,2026-02-12 18:15:00,Chennai,Delivered
O004384,C01865,P0404,2,8557.91,2026-06-21 15:11:00,Chennai,Returned
O004385,C01128,P0409,1,7152.62,2026-01-02 01:41:00,Coimbatore,Delivered
O004386,C02076,P0138,2,9745.55,2026-03-09 09:16:00,Bengaluru,Shipped
O004387,C02707,P0064,4,3290.97,2026-06-10 07:58:00,Bengaluru,Delivered
O004388,C02086,P0024,2,3347.34,2026-06-27 16:33:00,Coimbatore,Delivered
O004389,C02184,P0756,1,8540.93,2026-03-28 07:05:00,Chennai,Returned
O004390,C02554,P0506,3,6514.66,2026-01-17 20:49:00,Bengaluru,Returned
O004391,C00625,P0368,3,2406.81,2026-03-21 11:18:00,Delhi,Processing
O004392,C01567,P0063,3,9858.07,2026-06-28 20:53:00,Chennai,Returned
O004393,C01786,P0480,4,6933.43,2026-05-31 19:28:00,Delhi,Delivered
O004394,C00605,P0218,2,5916.82,2026-06-29 17:56:00,Pune,Processing
O004395,C00472,P0573,3,1786.29,2026-01-04 00:38:00,Kochi,Delivered
O004396,C01503,P0102,4,7184.15,2026-06-02 07:04:00,Pune,Processing
O004397,C00341,P0275,2,7489.31,2026-02-14 01:25:00,Mumbai,Shipped
O004398,C01325,P0437,3,4248.56,2026-03-22 05:44:00,Kochi,Shipped
O004399,C01725,P0385,2,4244.08,2026-04-15 08:51:00,Bengaluru,Shipped
O004400,C02866,P0460,4,4631.5,2026-01-19 10:48:00,Bengaluru,Returned
O004401,C02194,P0712,2,3112.13,2026-05-08 23:46:00,Mumbai,Delivered
O004402,C02167,P0200,4,8064.94,2026-02-05 13:20:00,Bengaluru,Shipped
O004403,C00508,P0763,4,3914.29,2026-05-10 17:45:00,Chennai,Shipped
O004404,C00847,P0620,1,7558.73,2026-03-10 10:31:00,Pune,Returned
O004405,C02847,P0737,3,4141.59,2026-04-30 13:19:00,Delhi,Shipped
O004406,C01352,P0145,4,2675.89,2026-02-16 12:55:00,Pune,Delivered
O004407,C01165,P0290,1,8671.94,2026-06-09 04:37:00,Pune,Processing
O004408,C00613,P0691,2,7534.79,2026-05-16 01:23:00,Hyderabad,Shipped
O004409,C00143,P0600,1,8512.12,2026-02-09 11:40:00,Coimbatore,Shipped
O004410,C00590,P0377,2,3179.76,2026-03-20 18:52:00,Mumbai,Processing
O004411,C02745,P0454,1,2095.86,2026-02-07 08:53:00,Bengaluru,Processing
O004412,C01980,P0596,4,3439.36,2026-05-19 16:58:00,Mumbai,Shipped
O004413,C02102,P0444,3,8281.1,2026-04-16 10:47:00,Pune,Processing
O004414,C00059,P0756,3,8540.93,2026-06-26 04:33:00,Delhi,Processing
O004415,C00040,P0243,3,1465.14,2026-03-17 08:19:00,Coimbatore,Processing
O004416,C01128,P0154,4,1912.1,2026-03-09 12:16:00,Coimbatore,Shipped
O004417,C00162,P0162,2,6800.39,2026-06-06 09:50:00,Chennai,Delivered
O004418,C01020,P0362,2,945.79,2026-01-27 22:13:00,Mumbai,Processing
O004419,C00995,P0302,4,2628.99,2026-05-18 06:19:00,Hyderabad,Returned
O004420,C00702,P0655,3,7096.19,2026-06-16 19:16:00,Chennai,Processing
O004421,C02181,P0351,2,2850.54,2026-05-18 21:23:00,Pune,Processing
O004422,C00364,P0191,3,8443.81,2026-06-04 11:56:00,Delhi,Returned
O004423,C02755,P0713,3,3378.0,2026-05-03 13:25:00,Hyderabad,Returned
O004424,C00100,P0409,2,7152.62,2026-03-14 09:36:00,Coimbatore,Delivered
O004425,C00440,P0079,3,3705.32,2026-02-19 06:06:00,Coimbatore,Delivered
O004426,C01111,P0326,1,6655.54,2026-02-27 16:17:00,Kochi,Shipped
O004427,C02016,P0108,4,8607.23,2026-05-24 10:37:00,Coimbatore,Processing
O004428,C01438,P0079,1,3705.32,2026-04-04 13:42:00,Delhi,Shipped
O004429,C01602,P0571,1,1762.72,2026-05-02 08:34:00,Hyderabad,Processing
O004430,C02322,P0192,4,8778.88,2026-04-28 12:31:00,Mumbai,Processing
O004431,C00578,P0293,2,9576.2,2026-06-26 18:29:00,Kochi,Shipped
O004432,C00699,P0581,3,7430.75,2026-05-05 06:18:00,Mumbai,Delivered
O004433,C02181,P0706,1,6473.34,2026-04-30 05:24:00,Pune,Returned
O004434,C02736,P0376,3,1363.04,2026-02-04 12:47:00,Hyderabad,Shipped
O004435,C01272,P0606,2,3619.28,2026-03-29 19:28:00,Bengaluru,Returned
O004436,C00940,P0188,4,6641.47,2026-03-17 03:30:00,Mumbai,Delivered
O004437,C00429,P0691,2,7534.79,2026-01-28 08:26:00,Hyderabad,Processing
O004438,C00447,P0120,4,6904.92,2026-05-02 06:52:00,Coimbatore,Returned
O004439,C02730,P0268,4,4813.91,2026-04-21 06:01:00,Hyderabad,Shipped
O004440,C00718,P0046,1,4649.6,2026-03-27 09:10:00,Coimbatore,Processing
O004441,C00993,P0133,2,7293.41,2026-06-14 09:06:00,Kochi,Returned
O004442,C02210,P0340,3,2040.26,2026-02-22 15:53:00,Pune,Processing
O004443,C00514,P0004,4,1339.91,2026-06-17 18:34:00,Pune,Delivered
O004444,C02607,P0389,2,8090.99,2026-01-06 20:29:00,Hyderabad,Shipped
O004445,C01805,P0169,3,8645.46,2026-01-26 12:21:00,Pune,Processing
O004446,C02653,P0747,3,9438.22,2026-02-08 07:27:00,Mumbai,Delivered
O004447,C01447,P0265,1,3344.68,2026-06-28 08:35:00,Kochi,Shipped
O004448,C01659,P0307,4,2471.27,2026-02-23 16:22:00,Pune,Delivered
O004449,C02375,P0039,4,6812.26,2026-03-11 03:04:00,Kochi,Shipped
O004450,C02403,P0263,3,3567.34,2026-04-10 18:23:00,Kochi,Delivered
O004451,C00261,P0611,1,7798.54,2026-01-28 04:47:00,Chennai,Delivered
O004452,C01843,P0606,3,3619.28,2026-02-07 14:37:00,Delhi,Processing
O004453,C00290,P0118,1,8483.91,2026-04-26 23:27:00,Chennai,Shipped
O004454,C01040,P0213,4,4276.85,2026-04-11 00:33:00,Pune,Shipped
O004455,C00025,P0534,1,440.62,2026-02-01 08:00:00,Mumbai,Delivered
O004456,C00434,P0507,4,8483.65,2026-01-24 18:06:00,Hyderabad,Delivered
O004457,C01704,P0237,2,3411.61,2026-01-20 07:40:00,Bengaluru,Processing
O004458,C02485,P0460,2,4631.5,2026-01-28 19:31:00,Bengaluru,Delivered
O004459,C02890,P0227,2,3442.57,2026-05-13 23:10:00,Bengaluru,Returned
O004460,C02590,P0799,1,206.59,2026-05-04 02:44:00,Delhi,Processing
O004461,C00137,P0399,4,2476.48,2026-05-01 03:55:00,Bengaluru,Processing
O004462,C02611,P0546,1,6578.76,2026-04-04 07:56:00,Hyderabad,Shipped
O004463,C02870,P0033,1,8396.28,2026-01-08 23:53:00,Delhi,Returned
O004464,C00940,P0696,3,916.89,2026-04-02 17:33:00,Mumbai,Shipped
O004465,C00316,P0777,1,3589.83,2026-04-22 05:07:00,Mumbai,Delivered
O004466,C02101,P0165,1,384.86,2026-04-16 20:10:00,Bengaluru,Processing
O004467,C01032,P0038,4,393.26,2026-03-03 14:06:00,Delhi,Processing
O004468,C00095,P0740,2,9717.89,2026-06-08 00:13:00,Mumbai,Shipped
O004469,C00473,P0101,4,8805.39,2026-01-03 20:36:00,Bengaluru,Delivered
O004470,C02669,P0595,1,3060.11,2026-04-14 13:18:00,Kochi,Returned
O004471,C01400,P0444,1,8281.1,2026-05-23 12:29:00,Hyderabad,Returned
O004472,C01033,P0146,3,8790.18,2026-03-28 11:29:00,Delhi,Shipped
O004473,C00359,P0530,1,9327.08,2026-06-07 01:14:00,Coimbatore,Processing
O004474,C02329,P0158,3,3560.08,2026-04-12 10:46:00,Hyderabad,Processing
O004475,C01001,P0097,4,1527.35,2026-06-07 16:32:00,Hyderabad,Shipped
O004476,C01328,P0502,3,692.24,2026-04-01 17:54:00,Bengaluru,Delivered
O004477,C00942,P0290,1,8671.94,2026-02-07 06:34:00,Coimbatore,Processing
O004478,C02493,P0358,2,8420.03,2026-05-05 09:18:00,Chennai,Returned
O004479,C01732,P0682,2,4013.05,2026-06-20 03:33:00,Chennai,Returned
O004480,C01949,P0713,3,3378.0,2026-04-01 11:14:00,Kochi,Returned
O004481,C00024,P0428,3,9462.57,2026-05-10 16:09:00,Delhi,Delivered
O004482,C01590,P0464,2,9923.66,2026-06-05 00:17:00,Coimbatore,Shipped
O004483,C01600,P0619,3,731.92,2026-01-09 17:35:00,Chennai,Shipped
O004484,C02088,P0097,3,1527.35,2026-05-27 12:36:00,Bengaluru,Delivered
O004485,C01106,P0414,3,1428.87,2026-06-02 19:57:00,Bengaluru,Returned
O004486,C00381,P0238,4,4446.17,2026-06-13 03:54:00,Mumbai,Returned
O004487,C02168,P0611,2,7798.54,2026-02-18 11:51:00,Hyderabad,Delivered
O004488,C01790,P0603,1,7378.66,2026-05-26 12:39:00,Mumbai,Returned
O004489,C01364,P0063,1,9858.07,2026-03-27 12:05:00,Pune,Delivered
O004490,C02713,P0307,4,2471.27,2026-05-29 22:07:00,Coimbatore,Delivered
O004491,C00754,P0160,3,5876.12,2026-01-30 11:25:00,Kochi,Returned
O004492,C00891,P0349,1,6832.72,2026-05-30 03:56:00,Delhi,Processing
O004493,C02831,P0553,3,3486.3,2026-05-26 02:06:00,Chennai,Shipped
O004494,C02417,P0541,1,5901.19,2026-01-16 08:46:00,Coimbatore,Delivered
O004495,C00448,P0744,1,2393.06,2026-06-03 15:52:00,Mumbai,Shipped
O004496,C00810,P0602,4,8981.46,2026-02-10 10:54:00,Kochi,Processing
O004497,C02931,P0033,3,8396.28,2026-01-05 19:48:00,Mumbai,Shipped
O004498,C01802,P0255,2,2214.97,2026-02-14 13:04:00,Delhi,Delivered
O004499,C02965,P0570,1,1364.83,2026-05-11 06:01:00,Kochi,Returned
O004500,C00828,P0186,3,5553.84,2026-04-14 23:14:00,Coimbatore,Processing
O004501,C01719,P0414,3,1428.87,2026-03-17 23:03:00,Kochi,Returned
O004502,C00566,P0768,1,8965.31,2026-02-03 23:40:00,Kochi,Returned
O004503,C01556,P0223,3,1097.95,2026-05-13 01:20:00,Bengaluru,Delivered
O004504,C02630,P0013,3,3585.81,2026-05-21 22:34:00,Bengaluru,Delivered
O004505,C02286,P0417,3,4565.4,2026-05-22 22:53:00,Mumbai,Processing
O004506,C01703,P0065,3,6938.55,2026-06-16 03:57:00,Bengaluru,Delivered
O004507,C02712,P0444,2,8281.1,2026-06-09 21:11:00,Bengaluru,Shipped
O004508,C02309,P0105,4,5394.62,2026-03-04 07:43:00,Coimbatore,Delivered
O004509,C02915,P0675,4,8934.69,2026-05-11 21:04:00,Chennai,Shipped
O004510,C01978,P0639,4,4253.9,2026-04-24 23:38:00,Kochi,Delivered
O004511,C00766,P0308,3,4979.5,2026-06-17 04:09:00,Delhi,Processing
O004512,C02393,P0179,1,8127.84,2026-03-02 00:55:00,Coimbatore,Returned
O004513,C01495,P0622,4,8024.08,2026-06-06 10:07:00,Hyderabad,Processing
O004514,C02021,P0615,3,6966.89,2026-06-14 03:52:00,Pune,Processing
O004515,C00434,P0332,4,8935.46,2026-02-25 13:29:00,Hyderabad,Processing
O004516,C01530,P0110,3,8676.8,2026-03-14 08:08:00,Coimbatore,Processing
O004517,C02392,P0345,2,1998.33,2026-01-04 05:15:00,Kochi,Delivered
O004518,C01201,P0252,2,7003.96,2026-01-15 05:54:00,Hyderabad,Processing
O004519,C00894,P0432,2,3471.53,2026-05-09 08:07:00,Hyderabad,Shipped
O004520,C00239,P0526,2,9168.71,2026-05-22 21:29:00,Delhi,Returned
O004521,C00870,P0699,3,2063.28,2026-03-01 22:23:00,Kochi,Processing
O004522,C00433,P0126,4,6217.24,2026-03-02 15:01:00,Pune,Delivered
O004523,C02229,P0473,3,1487.53,2026-04-03 17:47:00,Coimbatore,Returned
O004524,C02255,P0352,4,3229.8,2026-06-16 06:02:00,Chennai,Processing
O004525,C01111,P0486,2,4214.23,2026-02-23 03:15:00,Kochi,Delivered
O004526,C01146,P0425,4,7476.59,2026-05-18 20:13:00,Kochi,Returned
O004527,C00233,P0070,3,8064.57,2026-02-18 14:32:00,Pune,Delivered
O004528,C02003,P0757,3,4855.21,2026-02-18 08:06:00,Coimbatore,Delivered
O004529,C00023,P0633,4,2845.22,2026-03-30 01:39:00,Chennai,Processing
O004530,C00974,P0794,2,222.53,2026-01-25 12:29:00,Delhi,Returned
O004531,C01090,P0007,4,1166.39,2026-02-02 18:13:00,Mumbai,Delivered
O004532,C02472,P0338,2,2418.15,2026-02-24 12:53:00,Delhi,Shipped
O004533,C00470,P0047,1,8857.53,2026-04-16 00:15:00,Coimbatore,Returned
O004534,C00342,P0287,4,1573.93,2026-04-10 17:24:00,Bengaluru,Delivered
O004535,C02952,P0680,2,4165.12,2026-03-29 16:40:00,Chennai,Returned
O004536,C00294,P0245,1,4480.53,2026-05-26 15:01:00,Pune,Shipped
O004537,C00491,P0737,2,4141.59,2026-01-23 23:46:00,Bengaluru,Returned
O004538,C02081,P0039,4,6812.26,2026-03-18 12:16:00,Pune,Shipped
O004539,C00341,P0354,4,9782.15,2026-05-22 14:32:00,Mumbai,Shipped
O004540,C01387,P0532,3,6385.3,2026-04-27 15:45:00,Mumbai,Shipped
O004541,C02782,P0784,4,2111.47,2026-04-26 19:49:00,Coimbatore,Processing
O004542,C00890,P0046,3,4649.6,2026-03-30 17:30:00,Pune,Delivered
O004543,C01384,P0659,2,7727.73,2026-02-19 05:32:00,Pune,Processing
O004544,C02031,P0342,3,6631.4,2026-06-05 16:22:00,Coimbatore,Processing
O004545,C02238,P0779,4,1467.39,2026-04-11 20:30:00,Pune,Returned
O004546,C01254,P0045,2,3896.94,2026-02-15 01:21:00,Mumbai,Shipped
O004547,C01150,P0311,3,9144.98,2026-06-19 17:50:00,Pune,Delivered
O004548,C02934,P0176,2,3653.54,2026-05-06 01:09:00,Mumbai,Shipped
O004549,C00125,P0276,2,6054.84,2026-03-08 22:07:00,Delhi,Delivered
O004550,C01979,P0521,4,4330.23,2026-05-10 11:05:00,Chennai,Shipped
O004551,C02862,P0537,4,1254.63,2026-05-23 14:49:00,Pune,Returned
O004552,C02805,P0790,1,6990.61,2026-03-07 19:36:00,Pune,Delivered
O004553,C02399,P0442,4,3354.53,2026-05-23 23:49:00,Mumbai,Delivered
O004554,C01492,P0091,3,8684.0,2026-01-26 00:06:00,Kochi,Delivered
O004555,C00418,P0651,3,4819.93,2026-06-22 05:05:00,Kochi,Processing
O004556,C00757,P0645,4,9521.65,2026-03-13 00:39:00,Coimbatore,Processing
O004557,C01988,P0075,3,6747.45,2026-05-13 19:13:00,Chennai,Shipped
O004558,C02500,P0072,1,4327.35,2026-06-11 16:11:00,Pune,Processing
O004559,C01468,P0593,2,1610.75,2026-01-28 09:36:00,Hyderabad,Returned
O004560,C00211,P0155,4,7088.03,2026-03-29 21:33:00,Mumbai,Delivered
O004561,C01952,P0456,4,9111.0,2026-04-18 10:36:00,Mumbai,Delivered
O004562,C01820,P0054,2,8384.65,2026-01-08 07:08:00,Kochi,Shipped
O004563,C00626,P0722,3,4878.92,2026-05-18 12:38:00,Bengaluru,Returned
O004564,C02922,P0158,2,3560.08,2026-05-12 10:55:00,Pune,Returned
O004565,C00578,P0106,1,176.87,2026-03-28 16:00:00,Kochi,Processing
O004566,C00209,P0381,3,4277.41,2026-05-16 13:27:00,Mumbai,Delivered
O004567,C02525,P0298,4,5929.04,2026-06-30 11:37:00,Bengaluru,Delivered
O004568,C01191,P0623,2,5792.3,2026-06-28 03:41:00,Kochi,Returned
O004569,C02372,P0709,2,104.31,2026-01-19 15:33:00,Mumbai,Returned
O004570,C01853,P0395,4,3463.19,2026-05-06 02:50:00,Kochi,Returned
O004571,C02468,P0337,2,1994.97,2026-01-09 23:05:00,Mumbai,Delivered
O004572,C00493,P0392,4,1508.78,2026-05-08 18:18:00,Chennai,Processing
O004573,C01046,P0314,3,7849.53,2026-01-23 22:37:00,Mumbai,Returned
O004574,C00150,P0793,2,3714.92,2026-01-16 06:54:00,Chennai,Returned
O004575,C02941,P0745,4,9030.46,2026-02-27 08:21:00,Pune,Delivered
O004576,C01362,P0110,3,8676.8,2026-02-22 01:29:00,Delhi,Delivered
O004577,C00258,P0237,2,3411.61,2026-03-13 18:52:00,Chennai,Returned
O004578,C00740,P0293,2,9576.2,2026-05-07 09:17:00,Bengaluru,Shipped
O004579,C00595,P0336,3,2292.06,2026-06-30 03:59:00,Kochi,Processing
O004580,C02414,P0234,3,1752.76,2026-01-05 03:58:00,Coimbatore,Delivered
O004581,C02766,P0313,1,5724.63,2026-04-26 10:25:00,Hyderabad,Processing
O004582,C02050,P0543,1,7511.43,2026-01-29 20:52:00,Bengaluru,Shipped
O004583,C01732,P0472,2,774.55,2026-04-26 21:29:00,Chennai,Returned
O004584,C02265,P0177,2,4946.27,2026-03-23 00:59:00,Hyderabad,Processing
O004585,C01112,P0141,1,9316.54,2026-03-20 12:07:00,Mumbai,Shipped
O004586,C02335,P0598,1,6993.13,2026-03-07 06:24:00,Coimbatore,Delivered
O004587,C00248,P0798,3,6080.32,2026-06-17 01:03:00,Chennai,Returned
O004588,C02139,P0193,4,7596.81,2026-06-17 20:09:00,Pune,Processing
O004589,C01314,P0452,3,8196.17,2026-01-23 17:28:00,Kochi,Returned
O004590,C01550,P0348,1,8457.98,2026-03-06 00:44:00,Kochi,Shipped
O004591,C01337,P0791,3,7042.88,2026-06-16 08:58:00,Delhi,Delivered
O004592,C00113,P0415,1,5235.33,2026-03-28 07:15:00,Chennai,Shipped
O004593,C02284,P0366,4,6806.89,2026-03-17 18:18:00,Hyderabad,Returned
O004594,C02024,P0639,1,4253.9,2026-02-11 02:29:00,Kochi,Delivered
O004595,C02554,P0428,2,9462.57,2026-04-05 15:52:00,Bengaluru,Returned
O004596,C02409,P0251,4,7031.92,2026-05-23 07:11:00,Kochi,Processing
O004597,C00761,P0087,4,2098.71,2026-01-14 17:45:00,Bengaluru,Shipped
O004598,C01450,P0300,4,3880.91,2026-02-24 00:14:00,Pune,Returned
O004599,C00428,P0106,1,176.87,2026-02-10 11:11:00,Bengaluru,Shipped
O004600,C02452,P0689,4,9487.92,2026-03-29 15:21:00,Chennai,Shipped
O004601,C01834,P0575,2,9035.22,2026-06-22 06:40:00,Mumbai,Processing
O004602,C01840,P0075,2,6747.45,2026-01-03 12:03:00,Mumbai,Delivered
O004603,C02961,P0261,4,5766.11,2026-04-04 15:06:00,Chennai,Processing
O004604,C01608,P0396,4,2039.28,2026-02-06 15:02:00,Coimbatore,Delivered
O004605,C00261,P0210,2,8500.3,2026-06-29 09:36:00,Chennai,Delivered
O004606,C00940,P0111,2,9271.32,2026-04-12 11:45:00,Mumbai,Shipped
O004607,C00966,P0457,2,5802.71,2026-05-25 15:20:00,Kochi,Processing
O004608,C01017,P0053,4,707.1,2026-04-03 06:09:00,Chennai,Shipped
O004609,C01432,P0250,3,9100.39,2026-06-17 08:56:00,Hyderabad,Shipped
O004610,C02103,P0043,4,5469.14,2026-04-29 11:11:00,Pune,Delivered
O004611,C02486,P0121,2,934.55,2026-02-20 21:47:00,Delhi,Processing
O004612,C00883,P0312,4,2537.53,2026-04-05 23:33:00,Pune,Delivered
O004613,C01332,P0774,2,1562.02,2026-02-10 16:57:00,Hyderabad,Returned
O004614,C02591,P0209,3,3404.12,2026-04-22 23:18:00,Coimbatore,Processing
O004615,C01117,P0080,2,7488.69,2026-02-24 16:28:00,Bengaluru,Delivered
O004616,C02061,P0283,3,8716.22,2026-04-05 03:26:00,Bengaluru,Shipped
O004617,C00909,P0106,3,176.87,2026-02-26 13:57:00,Chennai,Returned
O004618,C00310,P0076,2,6314.65,2026-04-03 23:35:00,Mumbai,Processing
O004619,C02021,P0367,4,8513.3,2026-06-18 22:56:00,Pune,Processing
O004620,C00678,P0026,4,5582.77,2026-03-31 22:48:00,Coimbatore,Delivered
O004621,C00253,P0797,1,2938.01,2026-01-30 02:30:00,Mumbai,Delivered
O004622,C01371,P0586,1,1154.2,2026-04-03 05:50:00,Delhi,Processing
O004623,C02405,P0573,2,1786.29,2026-01-12 18:15:00,Pune,Shipped
O004624,C00048,P0104,4,5571.01,2026-05-28 02:23:00,Bengaluru,Delivered
O004625,C01960,P0519,4,1759.88,2026-05-31 18:52:00,Chennai,Delivered
O004626,C02048,P0574,3,9933.28,2026-03-28 13:54:00,Delhi,Shipped
O004627,C01921,P0282,2,119.65,2026-04-24 05:42:00,Mumbai,Shipped
O004628,C00151,P0063,2,9858.07,2026-01-10 14:18:00,Bengaluru,Shipped
O004629,C02285,P0236,4,7351.26,2026-06-10 03:33:00,Delhi,Returned
O004630,C00633,P0053,2,707.1,2026-02-07 15:22:00,Hyderabad,Processing
O004631,C00632,P0683,1,8931.71,2026-05-02 18:53:00,Pune,Shipped
O004632,C01918,P0713,4,3378.0,2026-01-19 01:57:00,Hyderabad,Processing
O004633,C00107,P0712,1,3112.13,2026-06-30 22:40:00,Kochi,Shipped
O004634,C01451,P0174,3,2919.87,2026-01-24 05:11:00,Pune,Delivered
O004635,C02944,P0210,2,8500.3,2026-01-13 17:19:00,Kochi,Shipped
O004636,C02547,P0231,2,7092.41,2026-02-24 09:45:00,Bengaluru,Returned
O004637,C00708,P0148,4,1255.74,2026-03-06 04:50:00,Bengaluru,Processing
O004638,C00139,P0011,1,1928.34,2026-05-04 09:31:00,Bengaluru,Shipped
O004639,C02528,P0371,1,5918.35,2026-03-14 23:35:00,Chennai,Processing
O004640,C00979,P0492,2,6612.82,2026-02-26 07:15:00,Mumbai,Returned
O004641,C00165,P0488,4,9348.84,2026-04-20 05:32:00,Hyderabad,Delivered
O004642,C02435,P0699,3,2063.28,2026-04-15 00:38:00,Chennai,Processing
O004643,C01267,P0141,3,9316.54,2026-01-03 19:09:00,Pune,Processing
O004644,C01816,P0510,1,1916.1,2026-01-05 01:15:00,Coimbatore,Shipped
O004645,C01395,P0456,4,9111.0,2026-05-23 20:39:00,Delhi,Returned
O004646,C01973,P0554,4,4902.42,2026-05-20 04:05:00,Bengaluru,Delivered
O004647,C01152,P0445,1,1947.25,2026-02-02 10:25:00,Pune,Shipped
O004648,C02088,P0761,4,1114.4,2026-04-08 11:20:00,Bengaluru,Shipped
O004649,C01617,P0660,4,7325.53,2026-04-13 07:20:00,Hyderabad,Delivered
O004650,C00674,P0458,4,3532.14,2026-02-03 15:53:00,Coimbatore,Processing
O004651,C02601,P0466,2,4158.95,2026-01-28 19:00:00,Chennai,Shipped
O004652,C02533,P0692,1,1400.03,2026-02-20 02:32:00,Bengaluru,Shipped
O004653,C02288,P0256,4,5260.23,2026-01-16 15:19:00,Bengaluru,Shipped
O004654,C01161,P0500,4,2401.8,2026-02-05 05:25:00,Chennai,Shipped
O004655,C01341,P0139,3,7112.69,2026-03-19 12:48:00,Pune,Shipped
O004656,C01650,P0634,2,5542.5,2026-06-21 21:02:00,Chennai,Shipped
O004657,C01685,P0389,1,8090.99,2026-06-03 16:27:00,Coimbatore,Returned
O004658,C01611,P0583,2,3175.91,2026-02-20 00:06:00,Delhi,Shipped
O004659,C00378,P0295,3,9626.53,2026-06-28 21:11:00,Bengaluru,Processing
O004660,C02414,P0277,4,3757.9,2026-04-28 23:32:00,Coimbatore,Processing
O004661,C02709,P0548,3,1900.64,2026-04-26 03:38:00,Bengaluru,Returned
O004662,C01524,P0510,4,1916.1,2026-05-27 22:40:00,Delhi,Processing
O004663,C02091,P0783,3,7059.62,2026-06-13 14:32:00,Hyderabad,Processing
O004664,C02298,P0666,2,9941.8,2026-01-05 20:16:00,Chennai,Delivered
O004665,C00334,P0564,3,3746.46,2026-03-23 01:46:00,Mumbai,Returned
O004666,C01203,P0763,1,3914.29,2026-02-21 07:20:00,Coimbatore,Processing
O004667,C01572,P0667,2,6112.0,2026-04-20 09:37:00,Coimbatore,Delivered
O004668,C01445,P0546,3,6578.76,2026-03-23 03:05:00,Mumbai,Processing
O004669,C02460,P0772,3,6650.14,2026-04-27 04:43:00,Bengaluru,Shipped
O004670,C00411,P0575,4,9035.22,2026-01-09 11:04:00,Coimbatore,Returned
O004671,C01329,P0047,2,8857.53,2026-04-09 15:16:00,Hyderabad,Delivered
O004672,C02423,P0427,4,7722.75,2026-04-28 18:50:00,Coimbatore,Delivered
O004673,C02036,P0611,4,7798.54,2026-04-27 23:15:00,Bengaluru,Shipped
O004674,C01248,P0125,1,7041.49,2026-02-09 09:02:00,Pune,Returned
O004675,C01528,P0606,4,3619.28,2026-01-11 11:04:00,Coimbatore,Delivered
O004676,C00634,P0708,1,3265.42,2026-04-12 11:28:00,Mumbai,Delivered
O004677,C01854,P0323,2,7277.23,2026-01-07 06:08:00,Hyderabad,Processing
O004678,C02767,P0663,1,4847.59,2026-06-09 00:55:00,Hyderabad,Processing
O004679,C01547,P0220,2,8346.5,2026-04-21 06:55:00,Hyderabad,Returned
O004680,C02285,P0255,3,2214.97,2026-04-21 20:31:00,Delhi,Delivered
O004681,C02641,P0372,2,5991.23,2026-04-07 05:15:00,Coimbatore,Processing
O004682,C02796,P0424,4,3403.2,2026-04-05 09:36:00,Kochi,Delivered
O004683,C00223,P0602,1,8981.46,2026-06-15 03:41:00,Coimbatore,Returned
O004684,C01939,P0051,2,3973.71,2026-06-22 03:34:00,Mumbai,Delivered
O004685,C01722,P0489,3,2399.84,2026-03-03 22:37:00,Kochi,Returned
O004686,C01623,P0034,4,7586.4,2026-04-02 04:45:00,Kochi,Processing
O004687,C02833,P0476,3,867.09,2026-01-06 16:24:00,Pune,Delivered
O004688,C02528,P0179,4,8127.84,2026-06-18 05:42:00,Chennai,Processing
O004689,C02237,P0557,4,6068.55,2026-01-28 08:16:00,Hyderabad,Shipped
O004690,C00713,P0667,4,6112.0,2026-04-01 08:32:00,Bengaluru,Shipped
O004691,C02115,P0668,1,1829.66,2026-01-06 12:39:00,Bengaluru,Returned
O004692,C01241,P0480,1,6933.43,2026-05-13 04:52:00,Hyderabad,Processing
O004693,C00848,P0681,1,7716.53,2026-03-25 01:16:00,Mumbai,Processing
O004694,C02213,P0278,2,1264.65,2026-05-25 02:13:00,Pune,Returned
O004695,C00183,P0195,1,873.38,2026-05-24 13:25:00,Delhi,Processing
O004696,C01980,P0694,4,614.19,2026-05-28 16:47:00,Mumbai,Delivered
O004697,C00397,P0287,3,1573.93,2026-05-02 08:38:00,Hyderabad,Shipped
O004698,C02360,P0639,3,4253.9,2026-02-22 05:02:00,Delhi,Delivered
O004699,C02934,P0367,4,8513.3,2026-04-18 21:51:00,Mumbai,Shipped
O004700,C00749,P0581,4,7430.75,2026-02-24 01:44:00,Hyderabad,Returned
O004701,C02535,P0256,2,5260.23,2026-04-25 01:04:00,Delhi,Returned
O004702,C01156,P0216,3,304.99,2026-04-18 16:28:00,Bengaluru,Processing
O004703,C01260,P0549,1,1936.82,2026-06-13 01:55:00,Coimbatore,Returned
O004704,C02421,P0263,2,3567.34,2026-04-23 11:47:00,Pune,Returned
O004705,C00639,P0579,4,8102.63,2026-01-15 17:15:00,Chennai,Processing
O004706,C00782,P0378,1,4747.29,2026-04-08 13:27:00,Kochi,Processing
O004707,C01193,P0058,2,6515.02,2026-03-18 09:13:00,Pune,Processing
O004708,C01786,P0411,1,2150.28,2026-06-12 03:39:00,Delhi,Returned
O004709,C00366,P0473,4,1487.53,2026-02-08 08:04:00,Coimbatore,Delivered
O004710,C01152,P0188,2,6641.47,2026-05-27 17:08:00,Pune,Delivered
O004711,C02823,P0217,2,3503.09,2026-01-12 04:22:00,Coimbatore,Returned
O004712,C02973,P0151,3,5217.03,2026-05-03 11:28:00,Chennai,Shipped
O004713,C01673,P0186,2,5553.84,2026-03-22 10:48:00,Kochi,Processing
O004714,C00914,P0544,1,9870.55,2026-03-23 05:54:00,Delhi,Shipped
O004715,C00881,P0583,1,3175.91,2026-01-29 03:16:00,Delhi,Returned
O004716,C01569,P0615,3,6966.89,2026-01-25 10:12:00,Delhi,Processing
O004717,C02242,P0062,3,2738.53,2026-03-09 21:16:00,Hyderabad,Delivered
O004718,C01188,P0144,4,9682.77,2026-04-21 19:07:00,Mumbai,Delivered
O004719,C00239,P0705,1,3427.16,2026-03-28 13:38:00,Delhi,Shipped
O004720,C01096,P0119,2,4834.82,2026-04-29 15:45:00,Hyderabad,Delivered
O004721,C00421,P0686,3,8846.41,2026-02-25 17:30:00,Kochi,Shipped
O004722,C00060,P0742,3,8185.79,2026-03-17 13:46:00,Hyderabad,Shipped
O004723,C02195,P0327,3,4651.01,2026-02-02 03:06:00,Bengaluru,Delivered
O004724,C00503,P0054,4,8384.65,2026-06-03 20:00:00,Pune,Shipped
O004725,C01881,P0057,4,657.85,2026-01-10 11:59:00,Pune,Returned
O004726,C02978,P0490,2,1817.85,2026-06-09 16:01:00,Chennai,Processing
O004727,C00899,P0197,2,1254.11,2026-06-14 11:18:00,Pune,Returned
O004728,C01849,P0374,2,3617.37,2026-02-09 20:04:00,Hyderabad,Processing
O004729,C00118,P0400,1,8795.04,2026-02-08 17:30:00,Bengaluru,Processing
O004730,C00757,P0351,4,2850.54,2026-06-29 19:51:00,Coimbatore,Shipped
O004731,C02051,P0232,3,9748.13,2026-05-08 06:08:00,Coimbatore,Returned
O004732,C01962,P0601,1,5812.86,2026-05-02 06:12:00,Coimbatore,Returned
O004733,C00044,P0639,4,4253.9,2026-03-03 07:00:00,Kochi,Shipped
O004734,C02596,P0548,1,1900.64,2026-04-07 20:43:00,Kochi,Returned
O004735,C01464,P0695,1,4398.85,2026-04-25 19:08:00,Pune,Shipped
O004736,C02105,P0710,4,4772.38,2026-03-30 11:52:00,Chennai,Delivered
O004737,C00841,P0645,3,9521.65,2026-03-18 13:35:00,Pune,Returned
O004738,C01409,P0660,2,7325.53,2026-02-05 17:44:00,Chennai,Returned
O004739,C00918,P0351,2,2850.54,2026-06-06 22:40:00,Pune,Returned
O004740,C02277,P0575,4,9035.22,2026-01-16 02:16:00,Hyderabad,Delivered
O004741,C01391,P0168,4,3315.66,2026-06-22 22:12:00,Coimbatore,Shipped
O004742,C02410,P0636,4,9406.97,2026-06-27 14:27:00,Kochi,Returned
O004743,C00366,P0794,3,222.53,2026-04-22 17:38:00,Coimbatore,Returned
O004744,C00806,P0649,2,9469.45,2026-04-30 15:47:00,Mumbai,Processing
O004745,C00067,P0278,3,1264.65,2026-04-05 12:14:00,Bengaluru,Delivered
O004746,C02596,P0558,2,7592.43,2026-03-09 18:45:00,Kochi,Processing
O004747,C00852,P0003,4,2300.34,2026-02-02 18:53:00,Coimbatore,Processing
O004748,C01157,P0332,3,8935.46,2026-03-08 16:28:00,Mumbai,Shipped
O004749,C02968,P0545,4,790.43,2026-01-02 19:42:00,Delhi,Shipped
O004750,C01654,P0759,1,652.17,2026-02-06 22:35:00,Hyderabad,Delivered
O004751,C02924,P0103,3,8429.58,2026-05-24 18:14:00,Hyderabad,Processing
O004752,C00844,P0225,2,3650.99,2026-06-02 12:37:00,Bengaluru,Returned
O004753,C02217,P0704,4,4131.24,2026-03-30 00:36:00,Mumbai,Processing
O004754,C02647,P0677,2,3602.54,2026-03-23 13:25:00,Hyderabad,Shipped
O004755,C02167,P0062,1,2738.53,2026-01-13 01:12:00,Bengaluru,Delivered
O004756,C02829,P0244,1,8989.85,2026-01-07 15:26:00,Mumbai,Processing
O004757,C00713,P0113,4,3582.38,2026-06-16 01:38:00,Bengaluru,Delivered
O004758,C00367,P0634,1,5542.5,2026-02-27 02:30:00,Hyderabad,Shipped
O004759,C00191,P0540,4,6948.18,2026-06-20 21:23:00,Delhi,Shipped
O004760,C02898,P0609,3,1275.15,2026-06-17 09:36:00,Coimbatore,Returned
O004761,C01566,P0261,2,5766.11,2026-02-15 13:50:00,Delhi,Returned
O004762,C00145,P0292,4,2004.02,2026-04-09 08:16:00,Kochi,Returned
O004763,C02579,P0229,1,9936.26,2026-05-11 13:39:00,Coimbatore,Shipped
O004764,C01373,P0262,3,9830.21,2026-03-22 10:20:00,Kochi,Returned
O004765,C01704,P0013,1,3585.81,2026-06-11 16:52:00,Bengaluru,Delivered
O004766,C01274,P0375,1,1939.64,2026-04-24 03:50:00,Coimbatore,Shipped
O004767,C02142,P0606,4,3619.28,2026-05-26 00:17:00,Hyderabad,Delivered
O004768,C02011,P0083,4,6898.86,2026-02-06 02:47:00,Delhi,Processing
O004769,C02105,P0514,4,4318.77,2026-03-01 02:50:00,Chennai,Processing
O004770,C02755,P0329,1,141.36,2026-06-18 07:54:00,Hyderabad,Shipped
O004771,C01518,P0112,2,8260.57,2026-02-23 12:26:00,Bengaluru,Shipped
O004772,C02919,P0697,3,7318.56,2026-02-20 06:11:00,Pune,Shipped
O004773,C02270,P0036,1,1558.0,2026-02-17 23:18:00,Kochi,Returned
O004774,C01278,P0754,2,7723.16,2026-06-02 02:40:00,Bengaluru,Delivered
O004775,C00397,P0008,1,4742.92,2026-02-03 17:29:00,Hyderabad,Processing
O004776,C00222,P0771,1,3548.02,2026-05-07 04:47:00,Mumbai,Shipped
O004777,C02882,P0267,3,910.28,2026-04-11 17:01:00,Bengaluru,Returned
O004778,C02865,P0647,3,7033.51,2026-02-11 13:34:00,Pune,Delivered
O004779,C00642,P0545,4,790.43,2026-05-11 02:54:00,Delhi,Processing
O004780,C00623,P0270,2,8731.95,2026-05-19 06:08:00,Coimbatore,Delivered
O004781,C01707,P0606,1,3619.28,2026-06-28 09:33:00,Coimbatore,Delivered
O004782,C02247,P0611,1,7798.54,2026-05-04 00:07:00,Delhi,Delivered
O004783,C01533,P0120,1,6904.92,2026-05-28 15:53:00,Bengaluru,Returned
O004784,C01846,P0009,3,3085.29,2026-03-11 07:38:00,Chennai,Processing
O004785,C02572,P0485,2,7988.55,2026-01-23 15:55:00,Mumbai,Shipped
O004786,C02318,P0570,1,1364.83,2026-03-14 12:23:00,Kochi,Processing
O004787,C01447,P0010,4,9207.97,2026-06-14 10:34:00,Kochi,Shipped
O004788,C00548,P0017,3,9248.9,2026-03-10 14:23:00,Kochi,Processing
O004789,C00633,P0783,3,7059.62,2026-05-29 12:37:00,Hyderabad,Shipped
O004790,C01393,P0722,2,4878.92,2026-06-23 19:41:00,Bengaluru,Shipped
O004791,C01173,P0788,2,2185.3,2026-06-27 01:46:00,Chennai,Delivered
O004792,C00628,P0297,3,8087.52,2026-05-17 09:57:00,Coimbatore,Shipped
O004793,C02610,P0181,1,9734.39,2026-02-18 16:19:00,Delhi,Delivered
O004794,C02025,P0492,2,6612.82,2026-02-09 09:23:00,Kochi,Processing
O004795,C01146,P0112,4,8260.57,2026-02-26 06:25:00,Kochi,Shipped
O004796,C02126,P0476,3,867.09,2026-03-24 21:18:00,Mumbai,Shipped
O004797,C01340,P0026,1,5582.77,2026-04-22 20:52:00,Coimbatore,Returned
O004798,C02169,P0384,3,8533.89,2026-02-08 11:53:00,Bengaluru,Returned
O004799,C01117,P0172,2,9652.99,2026-04-06 19:17:00,Bengaluru,Returned
O004800,C01085,P0428,1,9462.57,2026-01-12 23:57:00,Kochi,Returned
O004801,C01743,P0587,3,3226.67,2026-04-22 20:57:00,Pune,Delivered
O004802,C01675,P0117,3,1196.2,2026-03-12 22:42:00,Hyderabad,Shipped
O004803,C00962,P0737,4,4141.59,2026-01-03 02:42:00,Chennai,Processing
O004804,C01384,P0072,3,4327.35,2026-01-17 01:30:00,Pune,Processing
O004805,C00453,P0800,4,9198.59,2026-05-05 11:12:00,Kochi,Returned
O004806,C01546,P0528,1,3900.97,2026-06-16 05:12:00,Kochi,Shipped
O004807,C02640,P0382,4,7873.11,2026-04-07 13:03:00,Delhi,Shipped
O004808,C02510,P0404,1,8557.91,2026-05-30 02:54:00,Coimbatore,Delivered
O004809,C01767,P0629,2,6100.1,2026-02-12 07:57:00,Hyderabad,Returned
O004810,C00650,P0791,3,7042.88,2026-02-18 14:58:00,Kochi,Returned
O004811,C00151,P0218,4,5916.82,2026-01-16 04:05:00,Bengaluru,Shipped
O004812,C02742,P0800,1,9198.59,2026-06-22 13:23:00,Chennai,Returned
O004813,C00208,P0540,2,6948.18,2026-03-05 22:36:00,Coimbatore,Shipped
O004814,C00405,P0237,4,3411.61,2026-03-20 19:30:00,Pune,Processing
O004815,C01645,P0547,3,3808.05,2026-05-27 02:39:00,Coimbatore,Returned
O004816,C01319,P0038,1,393.26,2026-02-25 01:53:00,Bengaluru,Returned
O004817,C02962,P0097,3,1527.35,2026-04-18 01:23:00,Hyderabad,Delivered
O004818,C02538,P0038,3,393.26,2026-05-12 16:09:00,Pune,Shipped
O004819,C01216,P0274,1,6974.26,2026-01-23 21:27:00,Delhi,Delivered
O004820,C00993,P0782,4,5850.54,2026-03-01 00:22:00,Kochi,Shipped
O004821,C00256,P0080,3,7488.69,2026-01-25 19:41:00,Kochi,Returned
O004822,C02188,P0777,1,3589.83,2026-03-21 14:39:00,Coimbatore,Delivered
O004823,C01821,P0010,4,9207.97,2026-03-09 08:05:00,Delhi,Shipped
O004824,C00848,P0412,1,4018.41,2026-03-14 06:20:00,Mumbai,Processing
O004825,C02205,P0226,2,1828.68,2026-06-12 05:04:00,Chennai,Processing
O004826,C01132,P0735,2,5391.49,2026-05-27 11:26:00,Pune,Delivered
O004827,C00985,P0384,3,8533.89,2026-01-25 01:25:00,Mumbai,Shipped
O004828,C00123,P0320,4,5892.08,2026-03-22 06:16:00,Delhi,Returned
O004829,C02825,P0027,4,8581.06,2026-04-16 12:35:00,Mumbai,Processing
O004830,C00885,P0757,1,4855.21,2026-01-26 07:36:00,Delhi,Delivered
O004831,C01680,P0638,2,5679.06,2026-04-23 16:22:00,Chennai,Processing
O004832,C02732,P0064,1,3290.97,2026-06-05 09:00:00,Delhi,Shipped
O004833,C02081,P0165,3,384.86,2026-02-03 05:56:00,Pune,Delivered
O004834,C00823,P0319,2,8409.93,2026-01-03 21:44:00,Mumbai,Delivered
O004835,C00712,P0398,2,3448.99,2026-01-16 10:51:00,Chennai,Delivered
O004836,C01801,P0276,2,6054.84,2026-05-01 16:42:00,Hyderabad,Shipped
O004837,C01415,P0315,4,7841.03,2026-06-29 06:51:00,Mumbai,Processing
O004838,C02753,P0435,3,1474.61,2026-02-07 14:46:00,Chennai,Returned
O004839,C02673,P0760,3,308.96,2026-06-08 20:25:00,Pune,Shipped
O004840,C02965,P0347,1,6444.57,2026-06-09 20:30:00,Kochi,Delivered
O004841,C01812,P0461,2,3995.16,2026-04-30 14:42:00,Delhi,Returned
O004842,C01756,P0015,2,5334.5,2026-04-05 20:22:00,Delhi,Shipped
O004843,C01878,P0800,4,9198.59,2026-02-10 09:46:00,Chennai,Processing
O004844,C01153,P0461,3,3995.16,2026-01-31 11:56:00,Chennai,Shipped
O004845,C01539,P0629,4,6100.1,2026-01-09 17:59:00,Bengaluru,Returned
O004846,C01254,P0046,3,4649.6,2026-01-02 21:44:00,Mumbai,Delivered
O004847,C01502,P0573,1,1786.29,2026-03-17 19:45:00,Bengaluru,Returned
O004848,C01884,P0560,2,9414.81,2026-04-11 18:32:00,Mumbai,Processing
O004849,C01565,P0325,1,9797.44,2026-05-13 20:40:00,Chennai,Delivered
O004850,C00962,P0764,3,9223.74,2026-06-08 06:44:00,Chennai,Delivered
O004851,C01566,P0741,4,7252.76,2026-04-05 11:03:00,Delhi,Delivered
O004852,C00854,P0657,1,9529.9,2026-01-01 20:53:00,Pune,Shipped
O004853,C02232,P0543,2,7511.43,2026-06-08 12:24:00,Kochi,Returned
O004854,C01865,P0197,4,1254.11,2026-02-28 13:37:00,Chennai,Returned
O004855,C02329,P0543,1,7511.43,2026-01-25 19:59:00,Hyderabad,Returned
O004856,C00707,P0168,2,3315.66,2026-01-25 08:59:00,Bengaluru,Shipped
O004857,C00408,P0106,2,176.87,2026-03-26 08:15:00,Mumbai,Processing
O004858,C01122,P0011,3,1928.34,2026-03-11 21:34:00,Mumbai,Processing
O004859,C01876,P0001,2,8187.68,2026-01-23 02:29:00,Pune,Delivered
O004860,C01309,P0180,4,6342.79,2026-04-12 15:26:00,Hyderabad,Processing
O004861,C00402,P0421,1,8440.77,2026-02-24 20:50:00,Delhi,Shipped
O004862,C01439,P0732,2,5381.3,2026-01-12 02:24:00,Chennai,Shipped
O004863,C00888,P0413,2,5755.57,2026-05-29 11:23:00,Delhi,Returned
O004864,C01491,P0770,4,6825.39,2026-05-02 17:11:00,Kochi,Returned
O004865,C02019,P0700,4,1966.82,2026-01-27 05:44:00,Chennai,Returned
O004866,C01718,P0799,3,206.59,2026-01-29 08:45:00,Hyderabad,Shipped
O004867,C02987,P0319,1,8409.93,2026-01-02 02:03:00,Bengaluru,Returned
O004868,C00145,P0619,1,731.92,2026-03-11 02:53:00,Kochi,Delivered
O004869,C00987,P0648,4,6112.92,2026-04-15 04:55:00,Mumbai,Delivered
O004870,C01581,P0420,4,6488.01,2026-01-23 00:14:00,Hyderabad,Shipped
O004871,C00162,P0776,1,994.43,2026-01-24 23:55:00,Chennai,Returned
O004872,C01500,P0280,1,7858.55,2026-06-22 17:14:00,Pune,Shipped
O004873,C01830,P0271,4,9964.47,2026-02-26 02:24:00,Hyderabad,Delivered
O004874,C00324,P0109,1,8805.73,2026-04-14 01:44:00,Coimbatore,Delivered
O004875,C00025,P0237,3,3411.61,2026-05-30 16:09:00,Mumbai,Shipped
O004876,C00180,P0495,4,2593.21,2026-01-30 05:59:00,Pune,Processing
O004877,C01505,P0336,3,2292.06,2026-01-30 19:46:00,Hyderabad,Processing
O004878,C00911,P0066,2,5076.41,2026-02-11 22:02:00,Delhi,Shipped
O004879,C01772,P0432,3,3471.53,2026-01-11 20:32:00,Mumbai,Delivered
O004880,C01960,P0125,1,7041.49,2026-06-10 23:31:00,Chennai,Processing
O004881,C02331,P0428,3,9462.57,2026-06-03 01:15:00,Mumbai,Processing
O004882,C01812,P0334,3,3927.84,2026-05-06 04:02:00,Delhi,Processing
O004883,C00861,P0646,3,5928.39,2026-01-19 05:59:00,Chennai,Delivered
O004884,C01142,P0048,3,1430.43,2026-02-01 10:46:00,Bengaluru,Shipped
O004885,C02242,P0761,3,1114.4,2026-02-26 13:22:00,Hyderabad,Processing
O004886,C02076,P0445,3,1947.25,2026-05-21 13:15:00,Bengaluru,Returned
O004887,C01052,P0644,3,196.65,2026-02-28 01:00:00,Kochi,Shipped
O004888,C02100,P0463,1,7009.64,2026-01-20 15:40:00,Delhi,Processing
O004889,C01789,P0341,1,5733.11,2026-06-10 17:41:00,Pune,Processing
O004890,C00675,P0066,1,5076.41,2026-04-06 08:56:00,Bengaluru,Delivered
O004891,C02081,P0275,2,7489.31,2026-03-21 11:56:00,Pune,Returned
O004892,C02205,P0436,2,5047.02,2026-03-29 10:26:00,Chennai,Delivered
O004893,C02904,P0229,2,9936.26,2026-01-19 09:41:00,Hyderabad,Returned
O004894,C01957,P0037,4,2580.83,2026-05-24 02:35:00,Hyderabad,Processing
O004895,C02470,P0209,2,3404.12,2026-06-07 12:34:00,Coimbatore,Returned
O004896,C02244,P0752,3,3839.96,2026-04-24 13:58:00,Coimbatore,Processing
O004897,C01394,P0003,3,2300.34,2026-05-08 12:49:00,Mumbai,Returned
O004898,C01093,P0271,3,9964.47,2026-02-24 02:47:00,Bengaluru,Shipped
O004899,C01709,P0513,4,5966.04,2026-05-14 04:18:00,Chennai,Shipped
O004900,C00730,P0438,4,3327.19,2026-06-15 19:10:00,Bengaluru,Processing
O004901,C00605,P0745,2,9030.46,2026-05-02 22:35:00,Pune,Processing
O004902,C01283,P0041,1,7624.7,2026-05-02 02:26:00,Pune,Returned
O004903,C01971,P0371,2,5918.35,2026-02-10 04:59:00,Chennai,Shipped
O004904,C00451,P0444,2,8281.1,2026-05-14 03:44:00,Pune,Processing
O004905,C00066,P0187,1,5154.45,2026-02-03 18:38:00,Mumbai,Returned
O004906,C00996,P0673,3,7405.45,2026-01-02 06:54:00,Coimbatore,Returned
O004907,C01981,P0185,3,5277.61,2026-04-10 05:17:00,Kochi,Processing
O004908,C00525,P0155,3,7088.03,2026-02-02 20:23:00,Kochi,Shipped
O004909,C01759,P0149,4,8728.63,2026-03-08 11:16:00,Mumbai,Shipped
O004910,C00210,P0705,2,3427.16,2026-04-19 23:07:00,Coimbatore,Delivered
O004911,C01426,P0496,1,9815.02,2026-04-25 22:16:00,Coimbatore,Shipped
O004912,C00404,P0078,4,9351.9,2026-01-07 02:42:00,Coimbatore,Shipped
O004913,C02957,P0295,1,9626.53,2026-02-18 14:34:00,Delhi,Delivered
O004914,C01720,P0202,1,8603.22,2026-05-19 04:48:00,Coimbatore,Returned
O004915,C00456,P0530,3,9327.08,2026-04-24 12:13:00,Mumbai,Processing
O004916,C02301,P0598,4,6993.13,2026-04-02 12:06:00,Hyderabad,Shipped
O004917,C00284,P0535,1,2686.17,2026-06-18 19:55:00,Coimbatore,Shipped
O004918,C02519,P0112,2,8260.57,2026-05-12 19:41:00,Pune,Returned
O004919,C01489,P0232,3,9748.13,2026-02-17 07:52:00,Kochi,Delivered
O004920,C00988,P0234,3,1752.76,2026-05-13 14:18:00,Chennai,Shipped
O004921,C02077,P0412,3,4018.41,2026-01-05 07:59:00,Pune,Processing
O004922,C00037,P0647,3,7033.51,2026-03-10 18:56:00,Kochi,Returned
O004923,C00201,P0669,1,9528.59,2026-01-13 02:40:00,Bengaluru,Returned
O004924,C00842,P0678,2,4079.47,2026-06-09 01:59:00,Bengaluru,Delivered
O004925,C01276,P0050,2,4810.52,2026-01-27 20:58:00,Coimbatore,Shipped
O004926,C01587,P0609,1,1275.15,2026-05-06 06:36:00,Coimbatore,Shipped
O004927,C00750,P0116,3,2079.75,2026-04-18 23:44:00,Hyderabad,Returned
O004928,C01084,P0074,2,2079.76,2026-01-12 13:06:00,Chennai,Shipped
O004929,C01082,P0116,1,2079.75,2026-02-09 09:09:00,Kochi,Shipped
O004930,C01198,P0668,2,1829.66,2026-01-28 16:54:00,Bengaluru,Delivered
O004931,C00487,P0674,3,9237.26,2026-02-02 05:09:00,Mumbai,Shipped
O004932,C00752,P0127,3,980.71,2026-01-24 12:28:00,Bengaluru,Shipped
O004933,C01964,P0471,4,6734.93,2026-04-02 23:06:00,Mumbai,Processing
O004934,C00743,P0584,3,8485.47,2026-03-05 05:17:00,Hyderabad,Processing
O004935,C01300,P0169,3,8645.46,2026-06-27 15:10:00,Mumbai,Processing
O004936,C01325,P0585,4,7994.43,2026-04-10 05:54:00,Kochi,Processing
O004937,C00728,P0593,4,1610.75,2026-06-18 03:36:00,Pune,Returned
O004938,C00684,P0336,2,2292.06,2026-05-13 04:12:00,Mumbai,Returned
O004939,C00667,P0041,4,7624.7,2026-02-03 09:10:00,Delhi,Processing
O004940,C01465,P0557,2,6068.55,2026-02-08 10:03:00,Pune,Shipped
O004941,C01772,P0083,4,6898.86,2026-02-03 01:46:00,Mumbai,Shipped
O004942,C02272,P0741,3,7252.76,2026-06-26 22:25:00,Kochi,Returned
O004943,C02726,P0091,1,8684.0,2026-05-14 13:55:00,Chennai,Shipped
O004944,C01666,P0188,3,6641.47,2026-06-05 02:42:00,Hyderabad,Processing
O004945,C01703,P0013,4,3585.81,2026-06-09 08:46:00,Bengaluru,Shipped
O004946,C00130,P0335,3,3766.76,2026-03-27 12:58:00,Bengaluru,Shipped
O004947,C01837,P0594,3,9238.26,2026-04-06 20:04:00,Coimbatore,Shipped
O004948,C02272,P0208,3,2092.25,2026-01-30 19:46:00,Kochi,Returned
O004949,C00466,P0170,3,7462.62,2026-06-25 21:22:00,Pune,Delivered
O004950,C01528,P0348,2,8457.98,2026-05-23 17:31:00,Coimbatore,Processing
O004951,C01769,P0783,4,7059.62,2026-03-31 22:44:00,Bengaluru,Shipped
O004952,C01202,P0535,4,2686.17,2026-02-25 13:09:00,Kochi,Processing
O004953,C00702,P0584,4,8485.47,2026-04-21 14:42:00,Chennai,Delivered
O004954,C02831,P0126,2,6217.24,2026-01-27 16:20:00,Chennai,Returned
O004955,C00497,P0779,3,1467.39,2026-06-10 23:40:00,Pune,Returned
O004956,C02856,P0375,1,1939.64,2026-03-11 17:13:00,Delhi,Returned
O004957,C02280,P0059,4,8701.51,2026-02-11 17:51:00,Pune,Processing
O004958,C00499,P0044,1,9529.55,2026-04-22 15:59:00,Delhi,Returned
O004959,C02578,P0281,3,8900.67,2026-06-18 09:22:00,Hyderabad,Delivered
O004960,C01744,P0367,1,8513.3,2026-02-12 01:59:00,Pune,Delivered
O004961,C01812,P0537,2,1254.63,2026-02-09 18:22:00,Delhi,Processing
O004962,C01629,P0764,3,9223.74,2026-05-23 21:20:00,Coimbatore,Delivered
O004963,C02964,P0656,1,8003.84,2026-03-31 21:26:00,Bengaluru,Shipped
O004964,C00063,P0526,3,9168.71,2026-06-22 07:34:00,Chennai,Processing
O004965,C01359,P0430,1,2345.57,2026-02-21 05:10:00,Pune,Processing
O004966,C00098,P0728,2,134.65,2026-01-07 16:12:00,Delhi,Delivered
O004967,C00926,P0720,1,8925.71,2026-05-22 17:05:00,Hyderabad,Processing
O004968,C01122,P0659,2,7727.73,2026-03-01 21:41:00,Mumbai,Processing
O004969,C02121,P0780,2,5537.46,2026-05-01 21:53:00,Pune,Returned
O004970,C00970,P0779,3,1467.39,2026-06-11 14:15:00,Pune,Delivered
O004971,C02506,P0529,4,4146.0,2026-06-10 06:25:00,Pune,Returned
O004972,C01197,P0349,4,6832.72,2026-04-23 08:33:00,Mumbai,Returned
O004973,C00244,P0765,1,1777.63,2026-06-20 02:52:00,Kochi,Delivered
O004974,C01095,P0573,2,1786.29,2026-06-09 19:53:00,Bengaluru,Delivered
O004975,C01731,P0087,2,2098.71,2026-04-01 17:41:00,Kochi,Returned
O004976,C00427,P0361,3,7663.58,2026-04-12 00:41:00,Kochi,Delivered
O004977,C01291,P0144,2,9682.77,2026-01-05 00:25:00,Mumbai,Processing
O004978,C02602,P0725,3,7432.08,2026-01-11 08:13:00,Kochi,Processing
O004979,C02538,P0314,1,7849.53,2026-05-26 12:26:00,Pune,Processing
O004980,C00474,P0004,4,1339.91,2026-04-29 10:00:00,Chennai,Processing
O004981,C00785,P0021,3,7636.95,2026-03-11 08:40:00,Pune,Shipped
O004982,C00916,P0322,1,3075.32,2026-03-23 17:44:00,Coimbatore,Delivered
O004983,C01332,P0195,3,873.38,2026-01-29 06:08:00,Hyderabad,Returned
O004984,C01130,P0679,1,4970.26,2026-01-07 19:08:00,Delhi,Shipped
O004985,C02692,P0570,4,1364.83,2026-03-31 10:59:00,Hyderabad,Returned
O004986,C00250,P0556,4,1057.73,2026-06-24 13:51:00,Coimbatore,Returned
O004987,C01130,P0789,2,1259.63,2026-01-08 14:27:00,Delhi,Returned
O004988,C02116,P0199,4,6222.14,2026-03-22 01:22:00,Hyderabad,Shipped
O004989,C02238,P0489,4,2399.84,2026-06-14 06:35:00,Pune,Returned
O004990,C00390,P0168,3,3315.66,2026-05-11 02:25:00,Bengaluru,Returned
O004991,C01054,P0470,3,205.3,2026-03-23 18:00:00,Delhi,Processing
O004992,C02410,P0573,1,1786.29,2026-01-22 14:18:00,Kochi,Returned
O004993,C01981,P0108,2,8607.23,2026-06-16 09:24:00,Kochi,Returned
O004994,C00730,P0299,2,4425.47,2026-01-19 19:47:00,Bengaluru,Delivered
O004995,C00806,P0296,1,8312.94,2026-04-02 00:02:00,Mumbai,Returned
O004996,C01973,P0048,1,1430.43,2026-06-12 01:31:00,Bengaluru,Shipped
O004997,C00162,P0654,2,7103.27,2026-06-14 07:24:00,Chennai,Processing
O004998,C00732,P0622,3,8024.08,2026-01-11 20:52:00,Coimbatore,Returned
O004999,C02249,P0085,2,7989.74,2026-01-05 07:52:00,Bengaluru,Returned
O005000,C02248,P0178,1,5673.27,2026-05-24 20:58:00,Pune,Shipped
