inventory_id,product_id,warehouse_id,stock_quantity,reorder_level,last_updated
INV000001,P0164,W05,436,25,2026-07-27
INV000002,P0057,W08,262,37,2026-07-14
INV000003,P0681,W04,494,29,2026-07-22
INV000004,P0222,W03,407,53,2026-07-26
INV000005,P0108,W02,30,26,2026-07-22
INV000006,P0182,W03,437,64,2026-07-19
INV000007,P0709,W02,213,48,2026-07-07
INV000008,P0717,W05,172,47,2026-07-24
INV000009,P0306,W03,327,34,2026-07-01
INV000010,P0383,W06,277,96,2026-07-28
INV000011,P0112,W02,312,88,2026-07-08
INV000012,P0126,W01,461,49,2026-07-02
INV000013,P0766,W06,76,77,2026-07-01
INV000014,P0208,W05,130,28,2026-07-18
INV000015,P0654,W05,156,27,2026-07-23
INV000016,P0308,W04,261,20,2026-07-16
INV000017,P0364,W06,460,54,2026-07-31
INV000018,P0758,W01,170,100,2026-07-25
INV000019,P0777,W06,342,100,2026-07-11
INV000020,P0571,W07,426,58,2026-07-09
INV000021,P0324,W03,205,56,2026-07-13
INV000022,P0374,W01,243,41,2026-07-25
INV000023,P0724,W04,46,51,2026-07-29
INV000024,P0280,W02,313,32,2026-07-21
INV000025,P0446,W03,287,85,2026-07-10
INV000026,P0281,W04,190,82,2026-07-25
INV000027,P0345,W04,356,28,2026-07-10
INV000028,P0567,W01,269,32,2026-07-02
INV000029,P0164,W07,66,49,2026-07-31
INV000030,P0656,W04,106,38,2026-07-20
INV000031,P0419,W02,303,51,2026-07-30
INV000032,P0021,W01,67,25,2026-07-15
INV000033,P0628,W01,198,57,2026-07-15
INV000034,P0213,W06,365,87,2026-07-02
INV000035,P0024,W02,379,80,2026-07-09
INV000036,P0313,W02,375,31,2026-07-15
INV000037,P0043,W08,80,50,2026-07-29
INV000038,P0025,W05,206,71,2026-07-14
INV000039,P0161,W02,300,96,2026-07-15
INV000040,P0524,W04,177,85,2026-07-21
INV000041,P0788,W05,98,55,2026-07-21
INV000042,P0096,W08,221,63,2026-07-02
INV000043,P0252,W07,8,41,2026-07-20
INV000044,P0083,W04,10,64,2026-07-22
INV000045,P0124,W03,238,28,2026-07-20
INV000046,P0543,W02,30,94,2026-07-25
INV000047,P0528,W05,402,53,2026-07-26
INV000048,P0417,W06,407,37,2026-07-10
INV000049,P0649,W03,218,65,2026-07-05
INV000050,P0206,W05,109,27,2026-07-10
INV000051,P0044,W07,447,48,2026-07-05
INV000052,P0357,W03,288,67,2026-07-13
INV000053,P0607,W02,7,45,2026-07-12
INV000054,P0164,W05,369,33,2026-07-12
INV000055,P0291,W05,232,99,2026-07-23
INV000056,P0722,W06,418,86,2026-07-03
INV000057,P0715,W06,355,20,2026-07-04
INV000058,P0168,W01,268,46,2026-07-17
INV000059,P0591,W03,50,28,2026-07-14
INV000060,P0200,W05,253,21,2026-07-29
INV000061,P0122,W07,395,66,2026-07-09
INV000062,P0124,W04,344,85,2026-07-09
INV000063,P0136,W04,321,73,2026-07-26
INV000064,P0219,W02,242,72,2026-07-21
INV000065,P0744,W02,290,80,2026-07-07
INV000066,P0011,W02,156,28,2026-07-04
INV000067,P0098,W01,417,99,2026-07-31
INV000068,P0302,W01,341,62,2026-07-14
INV000069,P0485,W06,258,72,2026-07-09
INV000070,P0704,W01,255,99,2026-07-13
INV000071,P0122,W05,392,26,2026-07-09
INV000072,P0191,W02,417,31,2026-07-14
INV000073,P0734,W04,111,55,2026-07-22
INV000074,P0061,W02,220,71,2026-07-08
INV000075,P0222,W02,117,96,2026-07-07
INV000076,P0226,W08,99,71,2026-07-03
INV000077,P0508,W05,134,88,2026-07-19
INV000078,P0619,W04,190,89,2026-07-29
INV000079,P0502,W05,332,54,2026-07-17
INV000080,P0349,W04,61,37,2026-07-09
INV000081,P0783,W02,254,67,2026-07-20
INV000082,P0772,W02,409,73,2026-07-10
INV000083,P0780,W08,327,23,2026-07-10
INV000084,P0443,W05,373,22,2026-07-31
INV000085,P0056,W02,393,55,2026-07-29
INV000086,P0604,W02,102,51,2026-07-16
INV000087,P0052,W05,238,41,2026-07-13
INV000088,P0143,W02,443,69,2026-07-27
INV000089,P0242,W02,173,79,2026-07-15
INV000090,P0796,W07,44,65,2026-07-15
INV000091,P0296,W04,179,61,2026-07-21
INV000092,P0111,W04,195,52,2026-07-26
INV000093,P0614,W04,321,22,2026-07-31
INV000094,P0104,W07,410,99,2026-07-22
INV000095,P0290,W06,453,37,2026-07-19
INV000096,P0753,W07,225,40,2026-07-10
INV000097,P0650,W04,148,82,2026-07-28
INV000098,P0033,W02,158,98,2026-07-06
INV000099,P0461,W02,489,26,2026-07-26
INV000100,P0167,W07,315,83,2026-07-26
INV000101,P0319,W03,259,99,2026-07-27
INV000102,P0024,W07,203,92,2026-07-02
INV000103,P0279,W07,122,100,2026-07-14
INV000104,P0291,W04,31,52,2026-07-09
INV000105,P0747,W08,391,97,2026-07-14
INV000106,P0668,W08,475,78,2026-07-21
INV000107,P0097,W06,225,69,2026-07-02
INV000108,P0418,W08,404,20,2026-07-01
INV000109,P0771,W02,89,90,2026-07-01
INV000110,P0023,W03,153,45,2026-07-03
INV000111,P0570,W02,481,24,2026-07-01
INV000112,P0628,W03,372,66,2026-07-23
INV000113,P0222,W04,159,48,2026-07-13
INV000114,P0347,W05,229,21,2026-07-06
INV000115,P0576,W02,329,72,2026-07-06
INV000116,P0681,W04,196,62,2026-07-27
INV000117,P0582,W06,217,79,2026-07-23
INV000118,P0640,W08,32,55,2026-07-23
INV000119,P0687,W07,262,67,2026-07-15
INV000120,P0275,W05,172,40,2026-07-17
INV000121,P0558,W03,163,26,2026-07-29
INV000122,P0559,W04,441,46,2026-07-31
INV000123,P0642,W07,238,86,2026-07-02
INV000124,P0677,W03,84,79,2026-07-29
INV000125,P0197,W06,176,88,2026-07-15
INV000126,P0596,W08,228,38,2026-07-30
INV000127,P0635,W08,77,63,2026-07-14
INV000128,P0597,W04,413,81,2026-07-10
INV000129,P0424,W07,125,94,2026-07-28
INV000130,P0725,W05,324,24,2026-07-12
INV000131,P0324,W04,249,43,2026-07-17
INV000132,P0382,W04,290,50,2026-07-22
INV000133,P0076,W04,156,20,2026-07-08
INV000134,P0715,W07,23,80,2026-07-22
INV000135,P0205,W08,236,30,2026-07-11
INV000136,P0049,W07,37,51,2026-07-21
INV000137,P0542,W01,398,69,2026-07-30
INV000138,P0277,W01,26,43,2026-07-31
INV000139,P0525,W01,252,45,2026-07-07
INV000140,P0555,W04,460,26,2026-07-10
INV000141,P0050,W05,252,97,2026-07-10
INV000142,P0757,W02,216,34,2026-07-05
INV000143,P0233,W07,190,40,2026-07-18
INV000144,P0640,W04,389,98,2026-07-07
INV000145,P0234,W06,252,60,2026-07-24
INV000146,P0460,W05,459,57,2026-07-12
INV000147,P0553,W03,180,78,2026-07-29
INV000148,P0275,W03,114,83,2026-07-26
INV000149,P0463,W03,15,53,2026-07-30
INV000150,P0241,W04,143,62,2026-07-07
INV000151,P0017,W04,314,67,2026-07-04
INV000152,P0592,W05,199,88,2026-07-16
INV000153,P0537,W08,352,34,2026-07-08
INV000154,P0632,W06,478,23,2026-07-08
INV000155,P0695,W06,137,47,2026-07-07
INV000156,P0435,W07,181,86,2026-07-21
INV000157,P0743,W02,312,51,2026-07-06
INV000158,P0762,W01,309,69,2026-07-14
INV000159,P0465,W03,484,32,2026-07-14
INV000160,P0175,W06,347,75,2026-07-31
INV000161,P0566,W06,228,88,2026-07-18
INV000162,P0264,W04,152,78,2026-07-11
INV000163,P0574,W06,3,90,2026-07-29
INV000164,P0051,W07,32,24,2026-07-11
INV000165,P0688,W08,77,73,2026-07-21
INV000166,P0714,W06,421,38,2026-07-17
INV000167,P0699,W05,202,30,2026-07-11
INV000168,P0597,W07,164,58,2026-07-08
INV000169,P0589,W02,378,22,2026-07-12
INV000170,P0085,W01,219,66,2026-07-14
INV000171,P0664,W07,472,100,2026-07-30
INV000172,P0450,W04,267,37,2026-07-06
INV000173,P0396,W06,182,92,2026-07-20
INV000174,P0680,W04,107,33,2026-07-27
INV000175,P0137,W04,61,65,2026-07-06
INV000176,P0251,W01,337,22,2026-07-11
INV000177,P0086,W07,404,72,2026-07-21
INV000178,P0363,W03,418,46,2026-07-30
INV000179,P0304,W04,34,92,2026-07-09
INV000180,P0387,W06,380,78,2026-07-10
INV000181,P0637,W02,214,57,2026-07-22
INV000182,P0521,W05,423,70,2026-07-30
INV000183,P0191,W05,381,48,2026-07-23
INV000184,P0122,W05,450,45,2026-07-11
INV000185,P0446,W01,122,52,2026-07-03
INV000186,P0072,W05,219,43,2026-07-12
INV000187,P0588,W06,384,55,2026-07-04
INV000188,P0153,W01,345,97,2026-07-09
INV000189,P0627,W04,4,63,2026-07-22
INV000190,P0772,W06,108,55,2026-07-02
INV000191,P0666,W01,303,59,2026-07-14
INV000192,P0465,W05,269,22,2026-07-30
INV000193,P0282,W02,45,58,2026-07-11
INV000194,P0468,W06,415,47,2026-07-08
INV000195,P0607,W06,344,28,2026-07-12
INV000196,P0657,W08,138,74,2026-07-01
INV000197,P0426,W08,454,84,2026-07-01
INV000198,P0555,W04,47,43,2026-07-09
INV000199,P0445,W06,101,20,2026-07-16
INV000200,P0739,W03,379,42,2026-07-19
INV000201,P0772,W06,171,38,2026-07-03
INV000202,P0322,W08,487,41,2026-07-30
INV000203,P0727,W04,50,53,2026-07-18
INV000204,P0564,W08,322,63,2026-07-12
INV000205,P0375,W07,259,53,2026-07-04
INV000206,P0194,W03,486,87,2026-07-18
INV000207,P0570,W08,171,69,2026-07-29
INV000208,P0607,W01,463,90,2026-07-24
INV000209,P0783,W06,395,70,2026-07-20
INV000210,P0131,W01,488,39,2026-07-18
INV000211,P0654,W04,175,37,2026-07-25
INV000212,P0520,W08,193,81,2026-07-25
INV000213,P0337,W07,496,75,2026-07-16
INV000214,P0222,W02,189,100,2026-07-26
INV000215,P0557,W05,63,79,2026-07-04
INV000216,P0281,W08,314,68,2026-07-31
INV000217,P0571,W06,41,96,2026-07-29
INV000218,P0750,W01,238,70,2026-07-23
INV000219,P0370,W02,191,38,2026-07-01
INV000220,P0797,W04,168,24,2026-07-17
INV000221,P0226,W07,269,72,2026-07-01
INV000222,P0445,W08,481,87,2026-07-09
INV000223,P0318,W07,133,30,2026-07-04
INV000224,P0244,W06,337,87,2026-07-21
INV000225,P0651,W03,449,81,2026-07-22
INV000226,P0007,W01,330,68,2026-07-20
INV000227,P0573,W03,44,96,2026-07-05
INV000228,P0622,W01,77,56,2026-07-11
INV000229,P0032,W08,195,43,2026-07-10
INV000230,P0545,W07,138,53,2026-07-19
INV000231,P0785,W02,436,64,2026-07-19
INV000232,P0696,W06,50,78,2026-07-16
INV000233,P0277,W04,146,26,2026-07-05
INV000234,P0082,W08,411,27,2026-07-29
INV000235,P0174,W01,212,48,2026-07-29
INV000236,P0275,W04,86,48,2026-07-10
INV000237,P0525,W07,99,53,2026-07-30
INV000238,P0089,W06,397,40,2026-07-04
INV000239,P0215,W07,245,59,2026-07-04
INV000240,P0658,W08,439,34,2026-07-09
INV000241,P0311,W06,381,99,2026-07-01
INV000242,P0477,W02,125,91,2026-07-09
INV000243,P0342,W07,266,55,2026-07-12
INV000244,P0568,W07,45,75,2026-07-27
INV000245,P0164,W05,434,84,2026-07-09
INV000246,P0797,W04,406,90,2026-07-17
INV000247,P0637,W04,372,49,2026-07-23
INV000248,P0043,W05,146,92,2026-07-24
INV000249,P0560,W02,420,86,2026-07-23
INV000250,P0628,W06,427,86,2026-07-04
INV000251,P0146,W04,383,85,2026-07-22
INV000252,P0641,W07,232,48,2026-07-31
INV000253,P0608,W08,306,69,2026-07-01
INV000254,P0028,W07,369,20,2026-07-21
INV000255,P0499,W01,148,93,2026-07-19
INV000256,P0037,W04,106,40,2026-07-24
INV000257,P0751,W07,100,33,2026-07-06
INV000258,P0685,W06,487,33,2026-07-25
INV000259,P0684,W08,224,74,2026-07-20
INV000260,P0544,W04,343,72,2026-07-28
INV000261,P0486,W02,474,50,2026-07-19
INV000262,P0020,W06,438,27,2026-07-17
INV000263,P0334,W05,78,55,2026-07-02
INV000264,P0123,W03,396,84,2026-07-06
INV000265,P0494,W04,44,67,2026-07-10
INV000266,P0153,W02,431,36,2026-07-12
INV000267,P0528,W08,26,71,2026-07-11
INV000268,P0474,W01,92,53,2026-07-09
INV000269,P0741,W06,76,27,2026-07-31
INV000270,P0597,W02,151,86,2026-07-04
INV000271,P0566,W06,151,88,2026-07-02
INV000272,P0667,W06,351,21,2026-07-02
INV000273,P0736,W06,47,75,2026-07-17
INV000274,P0383,W01,162,37,2026-07-25
INV000275,P0586,W04,170,52,2026-07-04
INV000276,P0023,W08,457,48,2026-07-15
INV000277,P0154,W01,270,85,2026-07-05
INV000278,P0187,W06,228,53,2026-07-13
INV000279,P0321,W05,327,52,2026-07-17
INV000280,P0041,W07,101,53,2026-07-27
INV000281,P0303,W07,262,25,2026-07-06
INV000282,P0244,W05,12,82,2026-07-01
INV000283,P0185,W07,475,76,2026-07-31
INV000284,P0739,W03,389,74,2026-07-02
INV000285,P0111,W01,424,50,2026-07-17
INV000286,P0120,W05,161,99,2026-07-01
INV000287,P0618,W08,6,78,2026-07-21
INV000288,P0539,W03,149,90,2026-07-23
INV000289,P0084,W05,292,57,2026-07-10
INV000290,P0097,W02,60,70,2026-07-25
INV000291,P0724,W05,289,72,2026-07-09
INV000292,P0641,W05,334,89,2026-07-19
INV000293,P0688,W08,486,25,2026-07-20
INV000294,P0427,W05,294,68,2026-07-11
INV000295,P0266,W06,316,26,2026-07-02
INV000296,P0022,W01,250,51,2026-07-12
INV000297,P0047,W02,169,47,2026-07-09
INV000298,P0541,W05,71,94,2026-07-26
INV000299,P0699,W02,488,59,2026-07-18
INV000300,P0597,W08,268,48,2026-07-27
INV000301,P0602,W01,314,20,2026-07-19
INV000302,P0029,W08,58,77,2026-07-02
INV000303,P0130,W01,90,85,2026-07-02
INV000304,P0695,W02,114,51,2026-07-28
INV000305,P0137,W08,266,21,2026-07-20
INV000306,P0118,W02,456,92,2026-07-26
INV000307,P0112,W05,261,90,2026-07-07
INV000308,P0475,W08,427,46,2026-07-26
INV000309,P0358,W07,468,83,2026-07-03
INV000310,P0640,W05,309,63,2026-07-30
INV000311,P0346,W07,281,43,2026-07-03
INV000312,P0746,W01,210,97,2026-07-02
INV000313,P0549,W05,453,23,2026-07-07
INV000314,P0558,W08,163,46,2026-07-22
INV000315,P0372,W07,193,39,2026-07-07
INV000316,P0696,W06,156,69,2026-07-15
INV000317,P0769,W06,410,48,2026-07-25
INV000318,P0554,W04,225,83,2026-07-20
INV000319,P0134,W06,242,56,2026-07-02
INV000320,P0776,W06,229,94,2026-07-07
INV000321,P0469,W07,419,20,2026-07-26
INV000322,P0152,W06,188,38,2026-07-19
INV000323,P0781,W01,20,36,2026-07-29
INV000324,P0262,W07,33,57,2026-07-03
INV000325,P0150,W03,423,63,2026-07-31
INV000326,P0573,W01,130,85,2026-07-29
INV000327,P0270,W06,378,34,2026-07-04
INV000328,P0004,W06,186,94,2026-07-13
INV000329,P0499,W03,358,86,2026-07-16
INV000330,P0548,W05,39,87,2026-07-30
INV000331,P0371,W07,236,87,2026-07-17
INV000332,P0416,W04,89,33,2026-07-13
INV000333,P0172,W04,299,37,2026-07-14
INV000334,P0363,W08,398,43,2026-07-25
INV000335,P0259,W05,131,44,2026-07-17
INV000336,P0055,W08,227,56,2026-07-09
INV000337,P0186,W02,150,96,2026-07-11
INV000338,P0046,W05,344,77,2026-07-20
INV000339,P0266,W08,343,72,2026-07-10
INV000340,P0316,W02,176,26,2026-07-23
INV000341,P0497,W06,475,86,2026-07-11
INV000342,P0201,W03,223,69,2026-07-05
INV000343,P0358,W03,406,91,2026-07-16
INV000344,P0735,W02,219,97,2026-07-23
INV000345,P0297,W05,462,52,2026-07-06
INV000346,P0666,W05,306,91,2026-07-16
INV000347,P0588,W07,121,62,2026-07-16
INV000348,P0530,W05,196,28,2026-07-04
INV000349,P0776,W04,271,53,2026-07-11
INV000350,P0091,W04,454,20,2026-07-31
INV000351,P0767,W03,309,98,2026-07-25
INV000352,P0590,W01,120,23,2026-07-07
INV000353,P0763,W08,68,23,2026-07-31
INV000354,P0624,W06,212,40,2026-07-12
INV000355,P0031,W06,254,66,2026-07-21
INV000356,P0146,W02,133,92,2026-07-16
INV000357,P0265,W03,479,28,2026-07-02
INV000358,P0433,W07,142,69,2026-07-15
INV000359,P0440,W04,224,70,2026-07-02
INV000360,P0480,W07,394,22,2026-07-14
INV000361,P0719,W05,68,27,2026-07-23
INV000362,P0137,W03,378,43,2026-07-21
INV000363,P0354,W06,493,36,2026-07-21
INV000364,P0237,W05,63,68,2026-07-23
INV000365,P0294,W08,294,90,2026-07-21
INV000366,P0315,W08,324,52,2026-07-01
INV000367,P0118,W01,247,72,2026-07-17
INV000368,P0118,W04,9,28,2026-07-31
INV000369,P0005,W04,167,69,2026-07-22
INV000370,P0088,W05,306,100,2026-07-21
INV000371,P0652,W05,373,97,2026-07-06
INV000372,P0195,W07,60,35,2026-07-29
INV000373,P0668,W07,235,82,2026-07-26
INV000374,P0267,W08,472,79,2026-07-07
INV000375,P0073,W04,327,47,2026-07-09
INV000376,P0735,W02,52,81,2026-07-26
INV000377,P0047,W03,417,79,2026-07-05
INV000378,P0579,W04,170,64,2026-07-19
INV000379,P0485,W04,79,84,2026-07-25
INV000380,P0407,W08,33,80,2026-07-21
INV000381,P0511,W06,389,27,2026-07-06
INV000382,P0275,W04,307,95,2026-07-04
INV000383,P0145,W01,424,71,2026-07-22
INV000384,P0079,W06,173,97,2026-07-17
INV000385,P0599,W03,478,87,2026-07-07
INV000386,P0465,W08,440,65,2026-07-06
INV000387,P0741,W03,478,44,2026-07-28
INV000388,P0357,W07,182,64,2026-07-03
INV000389,P0752,W06,475,35,2026-07-19
INV000390,P0146,W08,329,62,2026-07-25
INV000391,P0711,W05,48,20,2026-07-14
INV000392,P0497,W06,263,65,2026-07-17
INV000393,P0770,W04,140,68,2026-07-05
INV000394,P0336,W01,149,34,2026-07-19
INV000395,P0785,W02,35,34,2026-07-25
INV000396,P0412,W01,93,84,2026-07-04
INV000397,P0181,W06,299,65,2026-07-09
INV000398,P0175,W06,25,54,2026-07-21
INV000399,P0251,W05,150,37,2026-07-14
INV000400,P0686,W03,11,54,2026-07-16
INV000401,P0093,W05,439,88,2026-07-19
INV000402,P0034,W01,131,94,2026-07-10
INV000403,P0764,W08,300,66,2026-07-07
INV000404,P0305,W04,432,50,2026-07-02
INV000405,P0386,W07,216,71,2026-07-02
INV000406,P0284,W06,397,39,2026-07-25
INV000407,P0237,W07,368,93,2026-07-05
INV000408,P0224,W03,391,41,2026-07-02
INV000409,P0381,W01,93,65,2026-07-27
INV000410,P0549,W01,77,91,2026-07-25
INV000411,P0639,W05,219,90,2026-07-31
INV000412,P0200,W01,406,62,2026-07-08
INV000413,P0487,W05,427,22,2026-07-19
INV000414,P0539,W07,216,84,2026-07-04
INV000415,P0620,W07,141,86,2026-07-26
INV000416,P0786,W07,400,55,2026-07-22
INV000417,P0443,W07,160,92,2026-07-25
INV000418,P0205,W06,82,51,2026-07-17
INV000419,P0374,W08,365,32,2026-07-28
INV000420,P0167,W02,331,39,2026-07-06
INV000421,P0683,W08,450,20,2026-07-04
INV000422,P0103,W03,330,48,2026-07-25
INV000423,P0348,W08,121,82,2026-07-22
INV000424,P0733,W04,305,49,2026-07-29
INV000425,P0192,W06,390,24,2026-07-03
INV000426,P0624,W03,80,80,2026-07-22
INV000427,P0098,W07,458,80,2026-07-27
INV000428,P0662,W01,115,35,2026-07-01
INV000429,P0335,W04,369,83,2026-07-04
INV000430,P0788,W01,495,95,2026-07-17
INV000431,P0151,W01,447,60,2026-07-31
INV000432,P0254,W04,481,78,2026-07-29
INV000433,P0693,W08,171,48,2026-07-03
INV000434,P0160,W05,425,77,2026-07-24
INV000435,P0609,W05,125,48,2026-07-03
INV000436,P0374,W03,41,71,2026-07-14
INV000437,P0264,W05,375,56,2026-07-27
INV000438,P0347,W01,326,79,2026-07-22
INV000439,P0264,W03,445,29,2026-07-16
INV000440,P0530,W08,265,49,2026-07-01
INV000441,P0051,W06,465,80,2026-07-12
INV000442,P0176,W06,254,67,2026-07-30
INV000443,P0701,W04,194,56,2026-07-20
INV000444,P0697,W03,284,97,2026-07-31
INV000445,P0407,W07,448,91,2026-07-03
INV000446,P0009,W07,335,49,2026-07-01
INV000447,P0018,W08,411,41,2026-07-04
INV000448,P0573,W03,388,70,2026-07-23
INV000449,P0353,W04,370,62,2026-07-28
INV000450,P0783,W04,277,40,2026-07-04
INV000451,P0530,W02,14,89,2026-07-31
INV000452,P0576,W07,388,56,2026-07-05
INV000453,P0633,W05,341,49,2026-07-06
INV000454,P0081,W05,238,57,2026-07-19
INV000455,P0234,W06,130,93,2026-07-10
INV000456,P0119,W01,313,83,2026-07-24
INV000457,P0381,W08,373,82,2026-07-22
INV000458,P0760,W07,335,95,2026-07-17
INV000459,P0493,W07,414,22,2026-07-18
INV000460,P0458,W01,312,95,2026-07-20
INV000461,P0761,W04,187,54,2026-07-23
INV000462,P0166,W08,463,74,2026-07-29
INV000463,P0130,W04,42,79,2026-07-30
INV000464,P0649,W08,18,82,2026-07-15
INV000465,P0134,W04,338,24,2026-07-22
INV000466,P0637,W07,220,94,2026-07-10
INV000467,P0110,W07,491,43,2026-07-02
INV000468,P0256,W02,181,94,2026-07-04
INV000469,P0338,W08,100,33,2026-07-10
INV000470,P0193,W01,182,97,2026-07-13
INV000471,P0118,W07,9,66,2026-07-01
INV000472,P0371,W01,126,62,2026-07-03
INV000473,P0782,W04,500,85,2026-07-23
INV000474,P0411,W01,148,22,2026-07-01
INV000475,P0574,W02,291,91,2026-07-05
INV000476,P0169,W03,279,51,2026-07-05
INV000477,P0569,W01,5,71,2026-07-11
INV000478,P0360,W07,153,41,2026-07-09
INV000479,P0327,W02,305,77,2026-07-06
INV000480,P0242,W07,52,38,2026-07-10
INV000481,P0171,W03,330,42,2026-07-14
INV000482,P0104,W07,224,50,2026-07-08
INV000483,P0407,W07,22,67,2026-07-07
INV000484,P0534,W05,130,60,2026-07-06
INV000485,P0302,W01,327,61,2026-07-28
INV000486,P0300,W02,112,40,2026-07-07
INV000487,P0461,W02,182,50,2026-07-12
INV000488,P0476,W06,117,97,2026-07-23
INV000489,P0306,W06,334,66,2026-07-20
INV000490,P0130,W02,368,61,2026-07-23
INV000491,P0641,W02,399,60,2026-07-10
INV000492,P0484,W04,195,66,2026-07-07
INV000493,P0091,W04,100,71,2026-07-13
INV000494,P0348,W03,342,20,2026-07-08
INV000495,P0327,W05,207,31,2026-07-05
INV000496,P0528,W01,183,100,2026-07-10
INV000497,P0241,W02,481,46,2026-07-29
INV000498,P0138,W03,189,100,2026-07-11
INV000499,P0434,W01,25,33,2026-07-02
INV000500,P0116,W05,349,63,2026-07-10
INV000501,P0496,W04,219,55,2026-07-28
INV000502,P0228,W08,133,85,2026-07-25
INV000503,P0145,W07,68,47,2026-07-05
INV000504,P0583,W07,472,32,2026-07-18
INV000505,P0758,W02,258,70,2026-07-07
INV000506,P0361,W02,72,53,2026-07-15
INV000507,P0006,W05,374,44,2026-07-04
INV000508,P0656,W03,131,24,2026-07-05
INV000509,P0654,W02,146,27,2026-07-20
INV000510,P0597,W02,367,56,2026-07-26
INV000511,P0602,W03,47,53,2026-07-03
INV000512,P0449,W02,11,30,2026-07-20
INV000513,P0094,W06,145,26,2026-07-06
INV000514,P0157,W05,404,89,2026-07-24
INV000515,P0063,W07,128,42,2026-07-01
INV000516,P0318,W07,99,46,2026-07-22
INV000517,P0175,W01,346,27,2026-07-23
INV000518,P0192,W07,262,47,2026-07-19
INV000519,P0474,W01,15,78,2026-07-07
INV000520,P0276,W06,98,88,2026-07-22
INV000521,P0117,W01,59,51,2026-07-29
INV000522,P0435,W02,484,30,2026-07-27
INV000523,P0795,W06,457,25,2026-07-28
INV000524,P0765,W07,158,76,2026-07-27
INV000525,P0364,W07,380,70,2026-07-04
INV000526,P0199,W07,36,30,2026-07-02
INV000527,P0492,W07,390,100,2026-07-25
INV000528,P0270,W08,115,57,2026-07-02
INV000529,P0644,W04,219,32,2026-07-26
INV000530,P0693,W05,18,71,2026-07-04
INV000531,P0283,W06,487,54,2026-07-14
INV000532,P0788,W01,421,26,2026-07-17
INV000533,P0103,W02,258,57,2026-07-13
INV000534,P0325,W01,104,36,2026-07-31
INV000535,P0025,W08,249,42,2026-07-13
INV000536,P0757,W02,168,75,2026-07-27
INV000537,P0560,W05,314,49,2026-07-22
INV000538,P0250,W02,331,56,2026-07-30
INV000539,P0454,W07,268,55,2026-07-25
INV000540,P0414,W04,484,89,2026-07-18
INV000541,P0236,W05,279,73,2026-07-21
INV000542,P0214,W01,36,87,2026-07-30
INV000543,P0566,W05,159,62,2026-07-28
INV000544,P0707,W01,355,40,2026-07-12
INV000545,P0158,W05,113,34,2026-07-05
INV000546,P0795,W06,139,49,2026-07-04
INV000547,P0233,W01,481,50,2026-07-12
INV000548,P0184,W05,230,42,2026-07-21
INV000549,P0204,W01,5,68,2026-07-15
INV000550,P0190,W03,166,41,2026-07-27
INV000551,P0295,W05,93,46,2026-07-08
INV000552,P0683,W02,332,31,2026-07-07
INV000553,P0192,W08,458,81,2026-07-07
INV000554,P0284,W03,61,76,2026-07-14
INV000555,P0742,W08,444,92,2026-07-29
INV000556,P0489,W01,443,97,2026-07-20
INV000557,P0687,W05,186,41,2026-07-27
INV000558,P0144,W01,168,93,2026-07-23
INV000559,P0492,W05,343,66,2026-07-11
INV000560,P0312,W03,359,80,2026-07-24
INV000561,P0225,W01,177,86,2026-07-04
INV000562,P0421,W04,368,100,2026-07-27
INV000563,P0010,W02,326,86,2026-07-26
INV000564,P0234,W03,458,86,2026-07-04
INV000565,P0365,W06,234,42,2026-07-14
INV000566,P0458,W07,340,86,2026-07-16
INV000567,P0797,W08,206,24,2026-07-11
INV000568,P0619,W02,367,37,2026-07-21
INV000569,P0463,W08,441,37,2026-07-17
INV000570,P0564,W03,129,74,2026-07-07
INV000571,P0356,W06,359,97,2026-07-07
INV000572,P0149,W02,30,99,2026-07-18
INV000573,P0340,W06,198,61,2026-07-27
INV000574,P0493,W07,279,21,2026-07-04
INV000575,P0510,W03,482,96,2026-07-21
INV000576,P0176,W07,259,89,2026-07-23
INV000577,P0798,W06,42,65,2026-07-12
INV000578,P0647,W02,300,70,2026-07-11
INV000579,P0450,W02,209,98,2026-07-04
INV000580,P0785,W08,458,39,2026-07-28
INV000581,P0782,W04,59,52,2026-07-23
INV000582,P0027,W05,62,62,2026-07-08
INV000583,P0359,W05,451,86,2026-07-04
INV000584,P0193,W08,22,43,2026-07-14
INV000585,P0787,W03,28,22,2026-07-28
INV000586,P0348,W03,25,98,2026-07-08
INV000587,P0354,W08,149,56,2026-07-29
INV000588,P0067,W02,146,72,2026-07-29
INV000589,P0607,W06,348,25,2026-07-29
INV000590,P0488,W02,363,58,2026-07-03
INV000591,P0383,W01,421,52,2026-07-14
INV000592,P0360,W08,67,29,2026-07-04
INV000593,P0566,W08,411,38,2026-07-17
INV000594,P0724,W05,104,62,2026-07-20
INV000595,P0479,W01,99,67,2026-07-13
INV000596,P0354,W02,35,73,2026-07-28
INV000597,P0613,W07,1,83,2026-07-26
INV000598,P0507,W05,384,23,2026-07-08
INV000599,P0113,W01,191,97,2026-07-22
INV000600,P0343,W04,91,66,2026-07-23
INV000601,P0013,W06,267,23,2026-07-09
INV000602,P0685,W03,193,77,2026-07-05
INV000603,P0442,W07,198,91,2026-07-05
INV000604,P0754,W05,385,95,2026-07-27
INV000605,P0283,W08,137,68,2026-07-20
INV000606,P0189,W06,315,76,2026-07-14
INV000607,P0581,W03,128,72,2026-07-21
INV000608,P0334,W05,30,46,2026-07-25
INV000609,P0340,W03,209,37,2026-07-03
INV000610,P0175,W01,147,21,2026-07-16
INV000611,P0564,W05,136,50,2026-07-16
INV000612,P0115,W01,14,49,2026-07-03
INV000613,P0328,W04,313,31,2026-07-05
INV000614,P0059,W05,17,90,2026-07-02
INV000615,P0415,W04,401,77,2026-07-13
INV000616,P0227,W02,172,84,2026-07-14
INV000617,P0612,W01,156,66,2026-07-03
INV000618,P0245,W03,319,47,2026-07-04
INV000619,P0090,W04,418,78,2026-07-04
INV000620,P0572,W04,145,90,2026-07-22
INV000621,P0243,W01,261,68,2026-07-24
INV000622,P0248,W08,31,33,2026-07-05
INV000623,P0441,W08,372,100,2026-07-16
INV000624,P0019,W08,308,54,2026-07-03
INV000625,P0284,W03,456,86,2026-07-06
INV000626,P0266,W04,44,59,2026-07-09
INV000627,P0698,W07,272,43,2026-07-22
INV000628,P0699,W01,137,22,2026-07-03
INV000629,P0559,W01,337,82,2026-07-20
INV000630,P0287,W01,346,21,2026-07-21
INV000631,P0424,W06,317,67,2026-07-08
INV000632,P0259,W08,291,64,2026-07-23
INV000633,P0495,W07,445,61,2026-07-03
INV000634,P0221,W07,26,32,2026-07-07
INV000635,P0097,W04,65,31,2026-07-01
INV000636,P0498,W01,378,48,2026-07-31
INV000637,P0175,W05,235,37,2026-07-29
INV000638,P0466,W02,406,38,2026-07-21
INV000639,P0132,W05,205,49,2026-07-27
INV000640,P0796,W05,270,53,2026-07-03
INV000641,P0574,W05,289,84,2026-07-14
INV000642,P0638,W04,161,20,2026-07-05
INV000643,P0547,W06,2,33,2026-07-09
INV000644,P0447,W08,224,47,2026-07-12
INV000645,P0209,W07,444,85,2026-07-14
INV000646,P0703,W07,220,96,2026-07-14
INV000647,P0066,W08,321,25,2026-07-06
INV000648,P0485,W08,394,64,2026-07-24
INV000649,P0585,W02,487,31,2026-07-01
INV000650,P0463,W03,397,52,2026-07-26
INV000651,P0539,W04,161,33,2026-07-25
INV000652,P0730,W07,244,20,2026-07-04
INV000653,P0027,W04,347,83,2026-07-15
INV000654,P0341,W07,188,87,2026-07-25
INV000655,P0442,W06,301,55,2026-07-13
INV000656,P0492,W04,473,91,2026-07-27
INV000657,P0661,W06,95,42,2026-07-04
INV000658,P0594,W08,217,71,2026-07-26
INV000659,P0282,W06,419,91,2026-07-28
INV000660,P0055,W08,44,96,2026-07-25
INV000661,P0063,W07,143,62,2026-07-15
INV000662,P0731,W01,20,39,2026-07-09
INV000663,P0407,W03,481,94,2026-07-12
INV000664,P0679,W07,194,84,2026-07-29
INV000665,P0026,W06,37,28,2026-07-27
INV000666,P0646,W05,233,39,2026-07-11
INV000667,P0675,W05,485,85,2026-07-15
INV000668,P0495,W07,60,41,2026-07-14
INV000669,P0688,W06,114,29,2026-07-10
INV000670,P0707,W01,452,20,2026-07-02
INV000671,P0185,W04,411,80,2026-07-27
INV000672,P0439,W08,109,75,2026-07-01
INV000673,P0378,W02,227,28,2026-07-08
INV000674,P0398,W05,141,63,2026-07-20
INV000675,P0765,W03,124,74,2026-07-09
INV000676,P0580,W08,371,95,2026-07-18
INV000677,P0369,W02,64,58,2026-07-13
INV000678,P0071,W03,382,63,2026-07-12
INV000679,P0617,W06,359,73,2026-07-20
INV000680,P0191,W04,34,86,2026-07-26
INV000681,P0233,W02,453,54,2026-07-26
INV000682,P0180,W06,196,24,2026-07-07
INV000683,P0369,W02,374,91,2026-07-07
INV000684,P0484,W04,124,99,2026-07-04
INV000685,P0514,W05,333,87,2026-07-14
INV000686,P0023,W07,34,62,2026-07-21
INV000687,P0018,W05,268,66,2026-07-10
INV000688,P0526,W08,159,46,2026-07-19
INV000689,P0041,W01,377,40,2026-07-24
INV000690,P0061,W02,132,27,2026-07-24
INV000691,P0607,W07,142,71,2026-07-13
INV000692,P0284,W03,156,92,2026-07-10
INV000693,P0074,W03,436,80,2026-07-11
INV000694,P0792,W05,352,47,2026-07-30
INV000695,P0044,W08,482,34,2026-07-10
INV000696,P0645,W02,229,59,2026-07-16
INV000697,P0650,W02,388,66,2026-07-15
INV000698,P0282,W07,379,53,2026-07-15
INV000699,P0169,W04,440,75,2026-07-30
INV000700,P0402,W02,369,29,2026-07-15
INV000701,P0412,W02,139,83,2026-07-01
INV000702,P0172,W08,312,53,2026-07-21
INV000703,P0790,W01,130,95,2026-07-17
INV000704,P0680,W07,36,32,2026-07-04
INV000705,P0459,W03,136,77,2026-07-22
INV000706,P0733,W02,130,73,2026-07-12
INV000707,P0246,W05,469,68,2026-07-03
INV000708,P0640,W03,128,24,2026-07-31
INV000709,P0003,W02,370,37,2026-07-02
INV000710,P0159,W06,183,59,2026-07-26
INV000711,P0538,W02,407,78,2026-07-06
INV000712,P0415,W08,486,49,2026-07-03
INV000713,P0683,W03,448,93,2026-07-07
INV000714,P0291,W01,129,78,2026-07-06
INV000715,P0096,W02,240,52,2026-07-12
INV000716,P0649,W07,411,27,2026-07-05
INV000717,P0756,W07,407,80,2026-07-28
INV000718,P0069,W05,17,71,2026-07-05
INV000719,P0026,W07,321,45,2026-07-03
INV000720,P0453,W07,129,90,2026-07-20
INV000721,P0462,W02,452,52,2026-07-08
INV000722,P0615,W07,211,100,2026-07-21
INV000723,P0653,W01,379,20,2026-07-31
INV000724,P0591,W07,230,88,2026-07-01
INV000725,P0690,W01,15,28,2026-07-26
INV000726,P0249,W04,20,44,2026-07-10
INV000727,P0794,W01,91,65,2026-07-16
INV000728,P0345,W02,30,91,2026-07-21
INV000729,P0738,W02,299,47,2026-07-29
INV000730,P0623,W01,481,35,2026-07-22
INV000731,P0354,W05,392,22,2026-07-11
INV000732,P0408,W03,209,92,2026-07-22
INV000733,P0336,W06,51,92,2026-07-16
INV000734,P0336,W04,308,89,2026-07-31
INV000735,P0581,W06,497,57,2026-07-30
INV000736,P0461,W07,307,21,2026-07-19
INV000737,P0274,W02,172,86,2026-07-13
INV000738,P0229,W02,295,67,2026-07-27
INV000739,P0586,W01,125,63,2026-07-16
INV000740,P0790,W01,208,43,2026-07-22
INV000741,P0162,W05,280,29,2026-07-08
INV000742,P0590,W03,300,53,2026-07-29
INV000743,P0191,W08,65,82,2026-07-14
INV000744,P0330,W02,357,35,2026-07-24
INV000745,P0308,W01,82,25,2026-07-26
INV000746,P0019,W08,335,44,2026-07-04
INV000747,P0647,W01,195,66,2026-07-06
INV000748,P0387,W08,250,71,2026-07-15
INV000749,P0439,W04,294,34,2026-07-15
INV000750,P0785,W02,14,57,2026-07-22
INV000751,P0253,W05,364,28,2026-07-02
INV000752,P0727,W07,67,84,2026-07-13
INV000753,P0714,W05,255,100,2026-07-20
INV000754,P0183,W04,43,81,2026-07-23
INV000755,P0765,W07,41,32,2026-07-09
INV000756,P0452,W03,156,52,2026-07-18
INV000757,P0104,W06,409,75,2026-07-09
INV000758,P0136,W07,151,45,2026-07-20
INV000759,P0686,W07,313,54,2026-07-30
INV000760,P0363,W02,178,34,2026-07-22
INV000761,P0076,W07,44,51,2026-07-04
INV000762,P0298,W08,355,29,2026-07-30
INV000763,P0762,W06,170,34,2026-07-09
INV000764,P0391,W03,126,22,2026-07-24
INV000765,P0119,W04,252,34,2026-07-27
INV000766,P0568,W04,75,79,2026-07-13
INV000767,P0436,W06,464,37,2026-07-24
INV000768,P0422,W06,126,21,2026-07-15
INV000769,P0777,W05,371,59,2026-07-02
INV000770,P0098,W05,363,44,2026-07-13
INV000771,P0434,W05,414,52,2026-07-24
INV000772,P0440,W01,82,55,2026-07-21
INV000773,P0439,W07,214,55,2026-07-21
INV000774,P0364,W01,64,93,2026-07-19
INV000775,P0470,W02,377,84,2026-07-19
INV000776,P0233,W04,63,96,2026-07-09
INV000777,P0450,W03,123,62,2026-07-06
INV000778,P0748,W05,268,87,2026-07-23
INV000779,P0048,W08,329,32,2026-07-20
INV000780,P0693,W07,116,31,2026-07-10
INV000781,P0147,W02,271,62,2026-07-03
INV000782,P0399,W07,79,34,2026-07-30
INV000783,P0154,W05,117,92,2026-07-02
INV000784,P0650,W02,181,97,2026-07-22
INV000785,P0479,W04,77,54,2026-07-30
INV000786,P0573,W04,350,34,2026-07-20
INV000787,P0086,W06,302,53,2026-07-30
INV000788,P0191,W07,279,96,2026-07-10
INV000789,P0366,W08,481,36,2026-07-19
INV000790,P0636,W08,86,71,2026-07-01
INV000791,P0501,W02,265,83,2026-07-27
INV000792,P0767,W01,413,96,2026-07-26
INV000793,P0454,W06,69,90,2026-07-30
INV000794,P0333,W02,354,45,2026-07-31
INV000795,P0132,W01,288,79,2026-07-04
INV000796,P0245,W08,383,47,2026-07-18
INV000797,P0558,W05,309,60,2026-07-30
INV000798,P0529,W04,349,52,2026-07-08
INV000799,P0329,W05,310,83,2026-07-22
INV000800,P0717,W03,375,81,2026-07-15
INV000801,P0592,W02,108,59,2026-07-12
INV000802,P0052,W05,423,91,2026-07-08
INV000803,P0148,W07,39,70,2026-07-16
INV000804,P0389,W05,172,72,2026-07-18
INV000805,P0491,W05,487,70,2026-07-18
INV000806,P0384,W08,199,79,2026-07-27
INV000807,P0717,W07,380,51,2026-07-09
INV000808,P0036,W06,484,88,2026-07-05
INV000809,P0773,W01,312,79,2026-07-02
INV000810,P0757,W05,326,74,2026-07-26
INV000811,P0533,W04,92,39,2026-07-15
INV000812,P0217,W06,298,56,2026-07-16
INV000813,P0087,W05,339,65,2026-07-24
INV000814,P0346,W04,325,59,2026-07-22
INV000815,P0033,W02,24,93,2026-07-19
INV000816,P0571,W07,365,73,2026-07-21
INV000817,P0738,W05,227,93,2026-07-20
INV000818,P0687,W01,494,78,2026-07-23
INV000819,P0197,W08,9,76,2026-07-24
INV000820,P0701,W05,423,45,2026-07-09
INV000821,P0514,W08,177,25,2026-07-01
INV000822,P0768,W03,449,92,2026-07-29
INV000823,P0525,W01,444,96,2026-07-14
INV000824,P0336,W06,291,24,2026-07-10
INV000825,P0181,W02,349,69,2026-07-27
INV000826,P0526,W06,42,75,2026-07-07
INV000827,P0358,W08,254,39,2026-07-01
INV000828,P0536,W08,445,99,2026-07-04
INV000829,P0664,W04,209,30,2026-07-14
INV000830,P0311,W06,343,70,2026-07-20
INV000831,P0688,W04,455,97,2026-07-18
INV000832,P0744,W03,36,70,2026-07-03
INV000833,P0126,W06,266,86,2026-07-25
INV000834,P0166,W05,69,76,2026-07-21
INV000835,P0546,W02,432,24,2026-07-18
INV000836,P0253,W01,28,23,2026-07-16
INV000837,P0369,W04,486,81,2026-07-28
INV000838,P0090,W05,85,40,2026-07-16
INV000839,P0411,W01,374,51,2026-07-14
INV000840,P0172,W07,454,55,2026-07-09
INV000841,P0228,W04,417,36,2026-07-27
INV000842,P0467,W06,182,81,2026-07-09
INV000843,P0693,W03,422,68,2026-07-25
INV000844,P0148,W08,480,78,2026-07-24
INV000845,P0459,W04,9,37,2026-07-07
INV000846,P0439,W01,122,33,2026-07-14
INV000847,P0369,W01,263,77,2026-07-29
INV000848,P0381,W06,499,29,2026-07-16
INV000849,P0225,W03,328,24,2026-07-25
INV000850,P0322,W02,344,82,2026-07-31
INV000851,P0671,W08,43,85,2026-07-18
INV000852,P0564,W08,128,96,2026-07-09
INV000853,P0266,W03,110,35,2026-07-30
INV000854,P0529,W02,34,55,2026-07-02
INV000855,P0668,W08,498,51,2026-07-04
INV000856,P0638,W02,360,95,2026-07-24
INV000857,P0453,W06,385,73,2026-07-24
INV000858,P0539,W04,89,71,2026-07-27
INV000859,P0492,W01,137,64,2026-07-24
INV000860,P0446,W08,446,73,2026-07-07
INV000861,P0303,W07,170,52,2026-07-15
INV000862,P0730,W03,67,46,2026-07-29
INV000863,P0055,W04,14,86,2026-07-11
INV000864,P0627,W04,280,90,2026-07-16
INV000865,P0038,W06,481,74,2026-07-16
INV000866,P0442,W01,80,22,2026-07-07
INV000867,P0264,W08,464,42,2026-07-26
INV000868,P0250,W04,45,37,2026-07-06
INV000869,P0450,W01,262,30,2026-07-01
INV000870,P0574,W08,468,27,2026-07-07
INV000871,P0315,W05,159,86,2026-07-21
INV000872,P0041,W08,462,80,2026-07-07
INV000873,P0779,W04,425,57,2026-07-12
INV000874,P0194,W07,166,48,2026-07-11
INV000875,P0607,W07,282,60,2026-07-23
INV000876,P0408,W04,278,93,2026-07-01
INV000877,P0357,W01,163,40,2026-07-29
INV000878,P0409,W07,210,82,2026-07-13
INV000879,P0377,W07,137,23,2026-07-13
INV000880,P0008,W01,495,92,2026-07-07
INV000881,P0029,W04,239,59,2026-07-29
INV000882,P0789,W01,377,23,2026-07-21
INV000883,P0749,W07,328,48,2026-07-20
INV000884,P0142,W05,307,55,2026-07-29
INV000885,P0564,W05,28,49,2026-07-31
INV000886,P0103,W04,329,51,2026-07-17
INV000887,P0194,W08,338,79,2026-07-09
INV000888,P0171,W05,87,87,2026-07-27
INV000889,P0333,W02,224,100,2026-07-16
INV000890,P0372,W07,168,70,2026-07-27
INV000891,P0340,W05,209,95,2026-07-23
INV000892,P0128,W02,198,62,2026-07-30
INV000893,P0267,W07,120,68,2026-07-17
INV000894,P0746,W01,182,41,2026-07-09
INV000895,P0336,W08,390,97,2026-07-29
INV000896,P0347,W02,224,25,2026-07-13
INV000897,P0658,W05,295,66,2026-07-05
INV000898,P0786,W08,193,30,2026-07-13
INV000899,P0359,W06,125,37,2026-07-24
INV000900,P0186,W07,223,52,2026-07-06
INV000901,P0436,W06,36,94,2026-07-22
INV000902,P0480,W07,71,32,2026-07-31
INV000903,P0727,W03,480,70,2026-07-14
INV000904,P0246,W06,0,60,2026-07-26
INV000905,P0490,W01,169,93,2026-07-25
INV000906,P0108,W08,257,82,2026-07-14
INV000907,P0418,W04,153,43,2026-07-18
INV000908,P0231,W04,71,46,2026-07-24
INV000909,P0758,W04,182,75,2026-07-06
INV000910,P0499,W04,240,32,2026-07-03
INV000911,P0583,W02,423,85,2026-07-22
INV000912,P0158,W01,496,71,2026-07-01
INV000913,P0304,W06,152,23,2026-07-20
INV000914,P0444,W03,485,46,2026-07-21
INV000915,P0735,W01,33,30,2026-07-07
INV000916,P0291,W03,215,67,2026-07-24
INV000917,P0341,W02,69,88,2026-07-30
INV000918,P0660,W08,283,44,2026-07-28
INV000919,P0285,W02,328,93,2026-07-30
INV000920,P0347,W08,51,59,2026-07-26
INV000921,P0736,W07,119,97,2026-07-16
INV000922,P0029,W01,100,62,2026-07-27
INV000923,P0800,W06,409,41,2026-07-21
INV000924,P0583,W08,471,26,2026-07-20
INV000925,P0413,W06,14,30,2026-07-15
INV000926,P0483,W03,248,50,2026-07-07
INV000927,P0541,W04,86,94,2026-07-23
INV000928,P0487,W07,439,99,2026-07-25
INV000929,P0097,W02,490,51,2026-07-04
INV000930,P0537,W04,116,68,2026-07-12
INV000931,P0729,W05,470,39,2026-07-28
INV000932,P0461,W04,285,30,2026-07-14
INV000933,P0310,W06,116,80,2026-07-13
INV000934,P0446,W02,131,33,2026-07-18
INV000935,P0729,W01,45,50,2026-07-16
INV000936,P0310,W03,184,88,2026-07-16
INV000937,P0082,W02,211,83,2026-07-04
INV000938,P0313,W03,86,77,2026-07-12
INV000939,P0307,W02,25,94,2026-07-11
INV000940,P0632,W08,160,72,2026-07-17
INV000941,P0343,W05,74,23,2026-07-14
INV000942,P0386,W08,471,33,2026-07-06
INV000943,P0275,W05,136,49,2026-07-10
INV000944,P0521,W06,440,53,2026-07-05
INV000945,P0029,W07,454,22,2026-07-26
INV000946,P0586,W08,258,52,2026-07-23
INV000947,P0695,W04,268,92,2026-07-07
INV000948,P0589,W03,353,58,2026-07-06
INV000949,P0677,W02,44,37,2026-07-21
INV000950,P0193,W07,81,94,2026-07-29
INV000951,P0735,W04,279,39,2026-07-17
INV000952,P0544,W08,228,82,2026-07-18
INV000953,P0748,W08,103,35,2026-07-08
INV000954,P0323,W01,118,64,2026-07-16
INV000955,P0265,W04,124,94,2026-07-23
INV000956,P0351,W01,420,44,2026-07-28
INV000957,P0601,W08,270,85,2026-07-31
INV000958,P0416,W04,1,53,2026-07-29
INV000959,P0028,W08,148,33,2026-07-20
INV000960,P0516,W07,207,50,2026-07-04
INV000961,P0740,W04,200,80,2026-07-10
INV000962,P0421,W04,124,26,2026-07-08
INV000963,P0300,W05,198,79,2026-07-25
INV000964,P0043,W03,410,82,2026-07-13
INV000965,P0570,W01,327,73,2026-07-16
INV000966,P0036,W05,286,26,2026-07-07
INV000967,P0548,W04,149,44,2026-07-25
INV000968,P0765,W01,222,99,2026-07-29
INV000969,P0032,W04,162,65,2026-07-13
INV000970,P0274,W02,197,77,2026-07-30
INV000971,P0190,W01,318,21,2026-07-14
INV000972,P0577,W02,75,41,2026-07-31
INV000973,P0106,W01,109,38,2026-07-14
INV000974,P0223,W02,7,30,2026-07-28
INV000975,P0256,W01,286,72,2026-07-06
INV000976,P0617,W07,325,72,2026-07-06
INV000977,P0622,W03,99,35,2026-07-19
INV000978,P0108,W03,91,71,2026-07-14
INV000979,P0453,W06,191,64,2026-07-08
INV000980,P0555,W04,241,46,2026-07-24
INV000981,P0330,W08,305,99,2026-07-17
INV000982,P0506,W04,153,70,2026-07-18
INV000983,P0726,W04,314,32,2026-07-18
INV000984,P0794,W06,457,37,2026-07-04
INV000985,P0795,W05,446,78,2026-07-19
INV000986,P0322,W04,280,73,2026-07-19
INV000987,P0218,W04,430,24,2026-07-25
INV000988,P0251,W06,378,53,2026-07-15
INV000989,P0745,W03,264,93,2026-07-27
INV000990,P0384,W05,400,37,2026-07-04
INV000991,P0128,W05,376,63,2026-07-25
INV000992,P0527,W06,193,35,2026-07-19
INV000993,P0497,W01,419,57,2026-07-29
INV000994,P0573,W02,402,84,2026-07-19
INV000995,P0657,W01,79,95,2026-07-02
INV000996,P0100,W02,272,30,2026-07-28
INV000997,P0261,W01,234,37,2026-07-19
INV000998,P0275,W04,33,87,2026-07-03
INV000999,P0005,W01,453,82,2026-07-22
INV001000,P0026,W06,350,82,2026-07-08
INV001001,P0508,W08,127,45,2026-07-19
INV001002,P0776,W08,50,55,2026-07-28
INV001003,P0042,W07,36,95,2026-07-17
INV001004,P0295,W04,390,43,2026-07-06
INV001005,P0030,W04,82,66,2026-07-31
INV001006,P0305,W05,19,89,2026-07-27
INV001007,P0124,W04,252,41,2026-07-23
INV001008,P0497,W08,223,51,2026-07-04
INV001009,P0099,W06,32,51,2026-07-14
INV001010,P0404,W06,53,50,2026-07-01
INV001011,P0444,W08,306,30,2026-07-26
INV001012,P0214,W04,285,52,2026-07-31
INV001013,P0234,W05,372,70,2026-07-08
INV001014,P0678,W02,267,56,2026-07-15
INV001015,P0399,W02,472,41,2026-07-10
INV001016,P0034,W07,350,38,2026-07-20
INV001017,P0688,W04,228,84,2026-07-31
INV001018,P0601,W06,351,57,2026-07-02
INV001019,P0277,W08,337,82,2026-07-30
INV001020,P0493,W04,452,41,2026-07-29
INV001021,P0784,W01,258,36,2026-07-18
INV001022,P0708,W05,53,86,2026-07-21
INV001023,P0572,W05,449,72,2026-07-19
INV001024,P0332,W05,252,35,2026-07-07
INV001025,P0414,W07,131,44,2026-07-14
INV001026,P0574,W02,75,86,2026-07-03
INV001027,P0759,W02,247,47,2026-07-22
INV001028,P0078,W01,162,40,2026-07-22
INV001029,P0766,W02,168,72,2026-07-06
INV001030,P0511,W04,36,36,2026-07-08
INV001031,P0283,W03,314,97,2026-07-06
INV001032,P0394,W05,445,81,2026-07-13
INV001033,P0665,W07,164,26,2026-07-31
INV001034,P0252,W01,33,87,2026-07-11
INV001035,P0019,W08,326,82,2026-07-07
INV001036,P0032,W06,174,98,2026-07-24
INV001037,P0505,W08,321,34,2026-07-09
INV001038,P0219,W07,289,32,2026-07-30
INV001039,P0456,W02,164,97,2026-07-22
INV001040,P0088,W03,29,56,2026-07-31
INV001041,P0389,W05,150,57,2026-07-13
INV001042,P0132,W08,134,28,2026-07-07
INV001043,P0692,W08,449,58,2026-07-14
INV001044,P0416,W04,155,75,2026-07-25
INV001045,P0308,W01,407,65,2026-07-23
INV001046,P0473,W06,83,20,2026-07-15
INV001047,P0177,W05,284,73,2026-07-07
INV001048,P0110,W02,122,54,2026-07-07
INV001049,P0227,W02,96,39,2026-07-01
INV001050,P0665,W02,220,22,2026-07-16
INV001051,P0392,W03,197,63,2026-07-01
INV001052,P0437,W05,438,23,2026-07-07
INV001053,P0417,W05,0,71,2026-07-26
INV001054,P0604,W08,82,40,2026-07-12
INV001055,P0695,W08,95,51,2026-07-21
INV001056,P0070,W03,55,24,2026-07-15
INV001057,P0189,W07,393,59,2026-07-05
INV001058,P0502,W03,165,28,2026-07-13
INV001059,P0040,W07,133,79,2026-07-16
INV001060,P0087,W07,475,61,2026-07-07
INV001061,P0358,W05,122,52,2026-07-14
INV001062,P0610,W05,366,86,2026-07-01
INV001063,P0334,W08,32,85,2026-07-03
INV001064,P0572,W08,267,30,2026-07-27
INV001065,P0496,W08,486,24,2026-07-20
INV001066,P0495,W07,98,43,2026-07-20
INV001067,P0740,W03,106,76,2026-07-07
INV001068,P0137,W04,178,34,2026-07-29
INV001069,P0295,W03,377,49,2026-07-24
INV001070,P0725,W06,404,58,2026-07-10
INV001071,P0709,W04,93,56,2026-07-01
INV001072,P0535,W07,124,37,2026-07-17
INV001073,P0206,W02,222,90,2026-07-25
INV001074,P0160,W07,280,87,2026-07-31
INV001075,P0759,W03,242,20,2026-07-26
INV001076,P0526,W07,465,66,2026-07-30
INV001077,P0043,W03,34,48,2026-07-14
INV001078,P0050,W01,483,69,2026-07-02
INV001079,P0576,W04,417,30,2026-07-24
INV001080,P0722,W08,138,37,2026-07-26
INV001081,P0497,W05,145,87,2026-07-28
INV001082,P0608,W02,195,91,2026-07-23
INV001083,P0565,W04,333,59,2026-07-17
INV001084,P0730,W05,86,73,2026-07-06
INV001085,P0753,W06,368,22,2026-07-10
INV001086,P0079,W02,286,61,2026-07-26
INV001087,P0372,W07,178,81,2026-07-14
INV001088,P0104,W01,283,40,2026-07-17
INV001089,P0530,W04,132,74,2026-07-19
INV001090,P0052,W01,192,97,2026-07-12
INV001091,P0335,W05,182,69,2026-07-24
INV001092,P0791,W04,418,44,2026-07-11
INV001093,P0157,W06,467,43,2026-07-14
INV001094,P0078,W06,295,90,2026-07-24
INV001095,P0191,W07,263,32,2026-07-23
INV001096,P0054,W06,328,74,2026-07-05
INV001097,P0349,W01,219,68,2026-07-18
INV001098,P0043,W04,323,69,2026-07-30
INV001099,P0053,W03,209,60,2026-07-04
INV001100,P0763,W07,117,60,2026-07-21
INV001101,P0212,W08,98,36,2026-07-07
INV001102,P0300,W03,425,97,2026-07-02
INV001103,P0019,W01,495,52,2026-07-16
INV001104,P0430,W07,492,98,2026-07-21
INV001105,P0262,W06,308,40,2026-07-29
INV001106,P0444,W01,278,79,2026-07-27
INV001107,P0235,W01,478,93,2026-07-02
INV001108,P0588,W06,84,47,2026-07-28
INV001109,P0225,W07,96,34,2026-07-09
INV001110,P0344,W05,323,72,2026-07-30
INV001111,P0088,W06,92,43,2026-07-23
INV001112,P0355,W06,435,61,2026-07-04
INV001113,P0596,W07,254,60,2026-07-16
INV001114,P0506,W07,41,75,2026-07-09
INV001115,P0742,W01,396,55,2026-07-06
INV001116,P0787,W02,399,21,2026-07-01
INV001117,P0642,W01,463,74,2026-07-28
INV001118,P0129,W02,356,90,2026-07-06
INV001119,P0216,W06,269,74,2026-07-07
INV001120,P0406,W04,375,89,2026-07-15
INV001121,P0566,W04,44,54,2026-07-23
INV001122,P0534,W01,154,55,2026-07-19
INV001123,P0789,W06,487,43,2026-07-14
INV001124,P0388,W07,434,55,2026-07-12
INV001125,P0479,W01,338,39,2026-07-29
INV001126,P0712,W07,454,97,2026-07-04
INV001127,P0319,W01,131,25,2026-07-12
INV001128,P0270,W02,77,82,2026-07-08
INV001129,P0213,W05,493,66,2026-07-02
INV001130,P0731,W06,462,68,2026-07-23
INV001131,P0193,W06,111,87,2026-07-10
INV001132,P0489,W07,88,47,2026-07-13
INV001133,P0145,W03,266,85,2026-07-05
INV001134,P0702,W07,334,27,2026-07-15
INV001135,P0126,W04,162,80,2026-07-20
INV001136,P0674,W07,209,96,2026-07-24
INV001137,P0627,W05,125,61,2026-07-13
INV001138,P0620,W06,457,32,2026-07-26
INV001139,P0235,W05,238,61,2026-07-20
INV001140,P0313,W04,139,98,2026-07-13
INV001141,P0463,W08,401,91,2026-07-16
INV001142,P0659,W04,233,28,2026-07-22
INV001143,P0373,W03,362,83,2026-07-07
INV001144,P0228,W01,333,26,2026-07-26
INV001145,P0439,W03,445,81,2026-07-31
INV001146,P0451,W03,494,78,2026-07-03
INV001147,P0066,W04,166,71,2026-07-19
INV001148,P0284,W08,358,28,2026-07-06
INV001149,P0444,W08,114,73,2026-07-11
INV001150,P0057,W08,379,46,2026-07-29
INV001151,P0249,W02,346,52,2026-07-29
INV001152,P0029,W08,131,97,2026-07-31
INV001153,P0786,W01,3,74,2026-07-17
INV001154,P0256,W03,223,38,2026-07-02
INV001155,P0182,W02,370,41,2026-07-08
INV001156,P0024,W01,448,87,2026-07-14
INV001157,P0114,W03,8,84,2026-07-18
INV001158,P0352,W04,31,69,2026-07-25
INV001159,P0338,W07,343,50,2026-07-08
INV001160,P0713,W06,102,68,2026-07-17
INV001161,P0375,W04,21,37,2026-07-22
INV001162,P0266,W02,358,88,2026-07-14
INV001163,P0323,W08,71,48,2026-07-14
INV001164,P0301,W01,101,23,2026-07-24
INV001165,P0394,W08,164,27,2026-07-20
INV001166,P0766,W02,489,92,2026-07-23
INV001167,P0464,W06,489,60,2026-07-11
INV001168,P0670,W05,354,99,2026-07-27
INV001169,P0016,W05,250,69,2026-07-25
INV001170,P0651,W07,112,95,2026-07-02
INV001171,P0368,W07,178,37,2026-07-19
INV001172,P0341,W03,201,44,2026-07-12
INV001173,P0609,W01,142,45,2026-07-30
INV001174,P0281,W03,14,79,2026-07-12
INV001175,P0456,W08,449,70,2026-07-13
INV001176,P0075,W04,0,48,2026-07-01
INV001177,P0417,W01,54,95,2026-07-11
INV001178,P0395,W08,251,44,2026-07-03
INV001179,P0546,W05,73,38,2026-07-09
INV001180,P0506,W04,31,69,2026-07-19
INV001181,P0692,W03,490,98,2026-07-01
INV001182,P0736,W06,458,67,2026-07-10
INV001183,P0681,W04,264,29,2026-07-06
INV001184,P0575,W06,356,89,2026-07-06
INV001185,P0607,W05,108,89,2026-07-02
INV001186,P0015,W03,443,59,2026-07-04
INV001187,P0727,W03,207,24,2026-07-07
INV001188,P0342,W05,92,61,2026-07-21
INV001189,P0645,W06,438,99,2026-07-11
INV001190,P0524,W01,422,29,2026-07-07
INV001191,P0129,W07,139,58,2026-07-16
INV001192,P0221,W05,246,23,2026-07-20
INV001193,P0482,W05,270,72,2026-07-21
INV001194,P0719,W06,108,32,2026-07-06
INV001195,P0712,W06,191,41,2026-07-15
INV001196,P0615,W04,195,70,2026-07-06
INV001197,P0354,W05,257,20,2026-07-04
INV001198,P0646,W01,116,30,2026-07-15
INV001199,P0702,W05,492,84,2026-07-30
INV001200,P0502,W01,145,31,2026-07-26
INV001201,P0540,W08,468,76,2026-07-18
INV001202,P0391,W04,403,22,2026-07-15
INV001203,P0513,W02,268,23,2026-07-13
INV001204,P0352,W08,117,47,2026-07-21
INV001205,P0543,W02,154,50,2026-07-11
INV001206,P0674,W08,102,46,2026-07-12
INV001207,P0752,W02,41,63,2026-07-31
INV001208,P0375,W03,130,31,2026-07-12
INV001209,P0747,W08,228,96,2026-07-06
INV001210,P0655,W06,277,100,2026-07-23
INV001211,P0325,W04,475,23,2026-07-30
INV001212,P0588,W03,83,75,2026-07-31
INV001213,P0389,W06,486,86,2026-07-05
INV001214,P0768,W04,459,84,2026-07-04
INV001215,P0775,W05,145,96,2026-07-07
INV001216,P0189,W06,173,77,2026-07-20
INV001217,P0117,W01,168,44,2026-07-24
INV001218,P0210,W08,373,91,2026-07-25
INV001219,P0323,W02,494,41,2026-07-05
INV001220,P0177,W06,325,99,2026-07-07
INV001221,P0343,W07,139,72,2026-07-02
INV001222,P0014,W06,221,34,2026-07-10
INV001223,P0091,W01,412,54,2026-07-27
INV001224,P0573,W07,259,94,2026-07-13
INV001225,P0352,W08,32,53,2026-07-14
INV001226,P0516,W05,368,82,2026-07-06
INV001227,P0516,W07,114,20,2026-07-18
INV001228,P0128,W03,381,30,2026-07-19
INV001229,P0444,W08,324,51,2026-07-21
INV001230,P0622,W08,62,38,2026-07-26
INV001231,P0644,W07,108,81,2026-07-29
INV001232,P0692,W08,94,81,2026-07-07
INV001233,P0012,W02,149,23,2026-07-17
INV001234,P0373,W01,331,83,2026-07-02
INV001235,P0526,W06,405,30,2026-07-15
INV001236,P0414,W08,174,30,2026-07-22
INV001237,P0684,W07,39,23,2026-07-31
INV001238,P0131,W08,326,76,2026-07-19
INV001239,P0574,W06,123,48,2026-07-21
INV001240,P0605,W07,46,98,2026-07-07
INV001241,P0702,W02,397,25,2026-07-16
INV001242,P0563,W03,398,85,2026-07-08
INV001243,P0423,W08,309,73,2026-07-23
INV001244,P0720,W02,441,37,2026-07-24
INV001245,P0010,W08,293,66,2026-07-19
INV001246,P0504,W01,319,44,2026-07-06
INV001247,P0108,W05,57,90,2026-07-26
INV001248,P0087,W05,117,97,2026-07-16
INV001249,P0707,W01,48,83,2026-07-23
INV001250,P0291,W01,125,99,2026-07-28
INV001251,P0454,W03,490,43,2026-07-08
INV001252,P0285,W03,340,31,2026-07-30
INV001253,P0327,W05,111,89,2026-07-02
INV001254,P0019,W08,66,92,2026-07-05
INV001255,P0215,W07,179,76,2026-07-25
INV001256,P0617,W02,145,75,2026-07-18
INV001257,P0346,W07,371,52,2026-07-20
INV001258,P0190,W03,218,27,2026-07-09
INV001259,P0179,W02,246,39,2026-07-12
INV001260,P0747,W05,377,24,2026-07-04
INV001261,P0261,W07,50,38,2026-07-15
INV001262,P0097,W04,377,96,2026-07-01
INV001263,P0340,W04,211,36,2026-07-14
INV001264,P0073,W08,484,83,2026-07-26
INV001265,P0085,W04,481,61,2026-07-07
INV001266,P0532,W01,290,69,2026-07-25
INV001267,P0647,W06,293,57,2026-07-21
INV001268,P0401,W07,77,92,2026-07-05
INV001269,P0309,W01,165,91,2026-07-22
INV001270,P0053,W08,123,74,2026-07-30
INV001271,P0364,W07,40,30,2026-07-17
INV001272,P0660,W08,378,53,2026-07-02
INV001273,P0732,W08,354,53,2026-07-20
INV001274,P0601,W02,389,35,2026-07-28
INV001275,P0371,W06,101,99,2026-07-01
INV001276,P0128,W06,295,99,2026-07-28
INV001277,P0450,W04,204,57,2026-07-29
INV001278,P0234,W06,383,23,2026-07-21
INV001279,P0481,W01,376,34,2026-07-21
INV001280,P0636,W03,386,94,2026-07-12
INV001281,P0003,W06,436,25,2026-07-27
INV001282,P0532,W07,475,69,2026-07-03
INV001283,P0008,W02,375,75,2026-07-12
INV001284,P0039,W05,323,99,2026-07-07
INV001285,P0588,W01,402,64,2026-07-01
INV001286,P0310,W05,85,31,2026-07-31
INV001287,P0537,W06,59,36,2026-07-02
INV001288,P0256,W07,424,38,2026-07-14
INV001289,P0344,W04,105,68,2026-07-11
INV001290,P0434,W05,124,75,2026-07-19
INV001291,P0257,W03,1,77,2026-07-12
INV001292,P0289,W03,435,61,2026-07-12
INV001293,P0170,W04,152,92,2026-07-28
INV001294,P0250,W03,398,55,2026-07-03
INV001295,P0333,W07,257,90,2026-07-31
INV001296,P0041,W08,73,90,2026-07-11
INV001297,P0444,W01,14,82,2026-07-08
INV001298,P0559,W06,8,35,2026-07-29
INV001299,P0561,W01,471,62,2026-07-03
INV001300,P0010,W06,59,30,2026-07-19
INV001301,P0209,W02,384,56,2026-07-11
INV001302,P0016,W05,57,31,2026-07-21
INV001303,P0375,W03,70,87,2026-07-05
INV001304,P0321,W06,238,77,2026-07-27
INV001305,P0009,W03,288,91,2026-07-21
INV001306,P0040,W08,362,34,2026-07-20
INV001307,P0786,W06,215,23,2026-07-12
INV001308,P0136,W06,477,68,2026-07-05
INV001309,P0349,W06,328,86,2026-07-03
INV001310,P0715,W04,382,73,2026-07-30
INV001311,P0389,W07,472,30,2026-07-25
INV001312,P0546,W01,26,98,2026-07-21
INV001313,P0704,W08,79,55,2026-07-30
INV001314,P0378,W06,458,61,2026-07-05
INV001315,P0097,W03,434,37,2026-07-04
INV001316,P0337,W06,207,44,2026-07-04
INV001317,P0688,W05,337,53,2026-07-22
INV001318,P0029,W05,165,75,2026-07-17
INV001319,P0269,W08,451,78,2026-07-11
INV001320,P0448,W03,194,99,2026-07-04
INV001321,P0295,W03,370,40,2026-07-21
INV001322,P0596,W03,233,33,2026-07-01
INV001323,P0394,W08,207,77,2026-07-11
INV001324,P0750,W06,321,86,2026-07-08
INV001325,P0099,W02,28,88,2026-07-27
INV001326,P0108,W03,98,54,2026-07-30
INV001327,P0550,W04,420,43,2026-07-07
INV001328,P0400,W05,326,62,2026-07-03
INV001329,P0689,W02,279,75,2026-07-11
INV001330,P0628,W02,239,75,2026-07-30
INV001331,P0006,W01,242,96,2026-07-10
INV001332,P0414,W07,480,34,2026-07-08
INV001333,P0063,W04,12,50,2026-07-26
INV001334,P0356,W07,74,100,2026-07-06
INV001335,P0088,W04,462,63,2026-07-01
INV001336,P0410,W05,240,37,2026-07-22
INV001337,P0026,W06,272,80,2026-07-13
INV001338,P0013,W02,357,40,2026-07-24
INV001339,P0758,W02,121,48,2026-07-02
INV001340,P0767,W06,239,31,2026-07-26
INV001341,P0369,W02,307,66,2026-07-20
INV001342,P0228,W04,245,37,2026-07-12
INV001343,P0083,W04,427,48,2026-07-18
INV001344,P0444,W04,294,98,2026-07-15
INV001345,P0357,W05,222,89,2026-07-05
INV001346,P0717,W04,259,63,2026-07-16
INV001347,P0203,W02,66,67,2026-07-15
INV001348,P0221,W04,448,54,2026-07-02
INV001349,P0322,W04,127,92,2026-07-26
INV001350,P0593,W01,396,41,2026-07-14
INV001351,P0348,W03,222,71,2026-07-11
INV001352,P0022,W04,425,81,2026-07-07
INV001353,P0046,W01,50,72,2026-07-07
INV001354,P0566,W02,242,82,2026-07-05
INV001355,P0688,W03,7,31,2026-07-01
INV001356,P0646,W04,443,42,2026-07-17
INV001357,P0226,W02,42,28,2026-07-31
INV001358,P0006,W04,312,79,2026-07-10
INV001359,P0486,W03,493,96,2026-07-30
INV001360,P0382,W07,359,56,2026-07-30
INV001361,P0434,W05,250,29,2026-07-08
INV001362,P0715,W01,412,78,2026-07-26
INV001363,P0147,W01,215,33,2026-07-01
INV001364,P0186,W04,141,93,2026-07-14
INV001365,P0654,W01,406,71,2026-07-21
INV001366,P0673,W02,198,55,2026-07-31
INV001367,P0717,W04,58,43,2026-07-07
INV001368,P0033,W07,260,29,2026-07-06
INV001369,P0327,W08,269,34,2026-07-21
INV001370,P0646,W02,344,27,2026-07-26
INV001371,P0134,W06,90,82,2026-07-02
INV001372,P0437,W02,71,37,2026-07-13
INV001373,P0037,W07,354,32,2026-07-10
INV001374,P0750,W03,128,60,2026-07-18
INV001375,P0444,W05,41,57,2026-07-11
INV001376,P0762,W03,115,28,2026-07-07
INV001377,P0714,W05,84,91,2026-07-31
INV001378,P0478,W04,117,45,2026-07-01
INV001379,P0451,W08,489,46,2026-07-15
INV001380,P0379,W04,158,83,2026-07-09
INV001381,P0477,W05,409,68,2026-07-10
INV001382,P0012,W03,98,21,2026-07-12
INV001383,P0364,W05,355,30,2026-07-05
INV001384,P0118,W03,157,38,2026-07-17
INV001385,P0218,W06,388,96,2026-07-21
INV001386,P0261,W07,473,28,2026-07-02
INV001387,P0675,W07,6,100,2026-07-04
INV001388,P0288,W01,123,49,2026-07-13
INV001389,P0508,W07,303,34,2026-07-05
INV001390,P0228,W06,345,77,2026-07-19
INV001391,P0108,W01,5,44,2026-07-07
INV001392,P0100,W07,460,77,2026-07-23
INV001393,P0795,W06,458,98,2026-07-01
INV001394,P0405,W03,17,82,2026-07-29
INV001395,P0009,W07,230,93,2026-07-11
INV001396,P0088,W05,103,28,2026-07-13
INV001397,P0383,W06,162,83,2026-07-27
INV001398,P0701,W08,179,58,2026-07-30
INV001399,P0282,W02,483,100,2026-07-24
INV001400,P0386,W01,343,76,2026-07-03
INV001401,P0503,W03,382,30,2026-07-12
INV001402,P0418,W07,98,95,2026-07-30
INV001403,P0439,W03,233,96,2026-07-30
INV001404,P0370,W05,335,99,2026-07-07
INV001405,P0060,W05,27,74,2026-07-24
INV001406,P0293,W08,39,21,2026-07-05
INV001407,P0484,W01,137,98,2026-07-07
INV001408,P0682,W07,423,54,2026-07-04
INV001409,P0103,W08,243,53,2026-07-10
INV001410,P0628,W05,18,35,2026-07-27
INV001411,P0247,W07,43,72,2026-07-27
INV001412,P0042,W08,162,92,2026-07-20
INV001413,P0120,W02,408,23,2026-07-27
INV001414,P0058,W01,33,38,2026-07-24
INV001415,P0552,W04,332,76,2026-07-02
INV001416,P0154,W06,372,72,2026-07-31
INV001417,P0180,W01,73,88,2026-07-27
INV001418,P0238,W06,207,36,2026-07-21
INV001419,P0056,W05,112,84,2026-07-19
INV001420,P0656,W06,27,27,2026-07-11
INV001421,P0282,W02,112,28,2026-07-13
INV001422,P0326,W08,400,35,2026-07-05
INV001423,P0048,W06,27,34,2026-07-05
INV001424,P0151,W04,450,37,2026-07-16
INV001425,P0083,W04,77,22,2026-07-20
INV001426,P0063,W05,418,69,2026-07-13
INV001427,P0705,W02,71,99,2026-07-13
INV001428,P0249,W02,435,29,2026-07-30
INV001429,P0375,W07,294,80,2026-07-04
INV001430,P0735,W08,356,29,2026-07-31
INV001431,P0426,W03,213,83,2026-07-29
INV001432,P0572,W03,464,30,2026-07-09
INV001433,P0364,W07,238,56,2026-07-23
INV001434,P0463,W06,18,41,2026-07-30
INV001435,P0416,W02,484,65,2026-07-17
INV001436,P0428,W02,282,100,2026-07-13
INV001437,P0074,W04,156,77,2026-07-03
INV001438,P0510,W07,321,31,2026-07-22
INV001439,P0200,W08,461,93,2026-07-18
INV001440,P0556,W07,445,79,2026-07-27
INV001441,P0302,W05,407,94,2026-07-25
INV001442,P0366,W08,111,76,2026-07-18
INV001443,P0437,W03,207,65,2026-07-23
INV001444,P0607,W02,439,35,2026-07-16
INV001445,P0619,W07,99,92,2026-07-03
INV001446,P0071,W08,305,42,2026-07-21
INV001447,P0224,W04,140,22,2026-07-22
INV001448,P0187,W06,258,69,2026-07-06
INV001449,P0419,W04,272,23,2026-07-17
INV001450,P0390,W03,233,50,2026-07-29
INV001451,P0131,W02,7,87,2026-07-15
INV001452,P0244,W08,230,58,2026-07-06
INV001453,P0658,W05,158,51,2026-07-26
INV001454,P0327,W07,153,85,2026-07-01
INV001455,P0494,W05,29,70,2026-07-05
INV001456,P0449,W04,22,63,2026-07-15
INV001457,P0612,W07,158,49,2026-07-18
INV001458,P0565,W08,392,44,2026-07-07
INV001459,P0292,W07,82,40,2026-07-10
INV001460,P0726,W07,143,54,2026-07-05
INV001461,P0550,W08,393,41,2026-07-06
INV001462,P0228,W02,472,100,2026-07-07
INV001463,P0008,W05,465,20,2026-07-01
INV001464,P0654,W06,485,28,2026-07-06
INV001465,P0753,W05,490,87,2026-07-14
INV001466,P0631,W04,168,22,2026-07-10
INV001467,P0623,W06,100,75,2026-07-21
INV001468,P0293,W01,120,65,2026-07-06
INV001469,P0450,W01,109,100,2026-07-06
INV001470,P0007,W04,214,100,2026-07-31
INV001471,P0759,W02,115,68,2026-07-27
INV001472,P0144,W07,113,93,2026-07-18
INV001473,P0241,W05,470,43,2026-07-10
INV001474,P0558,W02,76,27,2026-07-01
INV001475,P0576,W06,138,31,2026-07-08
INV001476,P0381,W03,211,36,2026-07-27
INV001477,P0166,W02,8,90,2026-07-12
INV001478,P0044,W01,16,96,2026-07-04
INV001479,P0746,W08,200,62,2026-07-15
INV001480,P0610,W05,60,26,2026-07-26
INV001481,P0373,W01,96,32,2026-07-19
INV001482,P0506,W02,394,30,2026-07-04
INV001483,P0762,W08,335,20,2026-07-18
INV001484,P0500,W03,78,49,2026-07-17
INV001485,P0341,W06,151,83,2026-07-14
INV001486,P0672,W05,237,68,2026-07-16
INV001487,P0321,W01,353,69,2026-07-30
INV001488,P0204,W05,129,79,2026-07-01
INV001489,P0599,W05,147,58,2026-07-06
INV001490,P0507,W05,26,81,2026-07-13
INV001491,P0432,W05,152,56,2026-07-04
INV001492,P0051,W07,62,93,2026-07-06
INV001493,P0048,W05,384,28,2026-07-23
INV001494,P0142,W03,75,24,2026-07-29
INV001495,P0729,W04,375,89,2026-07-16
INV001496,P0702,W07,231,46,2026-07-22
INV001497,P0548,W05,70,94,2026-07-24
INV001498,P0068,W05,444,68,2026-07-25
INV001499,P0098,W03,70,51,2026-07-19
INV001500,P0112,W03,153,66,2026-07-22
INV001501,P0745,W02,379,56,2026-07-24
INV001502,P0035,W07,483,67,2026-07-08
INV001503,P0303,W01,84,99,2026-07-28
INV001504,P0186,W07,455,69,2026-07-16
INV001505,P0695,W04,54,74,2026-07-15
INV001506,P0546,W06,14,59,2026-07-07
INV001507,P0507,W05,146,50,2026-07-03
INV001508,P0764,W08,354,66,2026-07-09
INV001509,P0140,W04,297,78,2026-07-30
INV001510,P0160,W01,493,33,2026-07-23
INV001511,P0760,W08,11,63,2026-07-24
INV001512,P0177,W05,181,49,2026-07-22
INV001513,P0095,W02,182,87,2026-07-15
INV001514,P0044,W08,307,30,2026-07-22
INV001515,P0689,W05,282,33,2026-07-23
INV001516,P0690,W04,490,97,2026-07-17
INV001517,P0168,W02,321,20,2026-07-24
INV001518,P0528,W07,20,58,2026-07-09
INV001519,P0646,W02,177,95,2026-07-08
INV001520,P0541,W06,27,95,2026-07-18
INV001521,P0073,W02,143,94,2026-07-13
INV001522,P0713,W07,138,66,2026-07-07
INV001523,P0247,W08,48,60,2026-07-19
INV001524,P0482,W05,407,49,2026-07-08
INV001525,P0195,W05,106,54,2026-07-03
INV001526,P0128,W03,326,66,2026-07-27
INV001527,P0660,W02,477,55,2026-07-30
INV001528,P0547,W07,378,52,2026-07-01
INV001529,P0147,W03,300,53,2026-07-21
INV001530,P0514,W04,30,39,2026-07-31
INV001531,P0659,W03,4,58,2026-07-17
INV001532,P0449,W03,269,77,2026-07-10
INV001533,P0682,W04,334,98,2026-07-30
INV001534,P0289,W04,353,64,2026-07-18
INV001535,P0400,W03,60,50,2026-07-21
INV001536,P0125,W05,40,91,2026-07-28
INV001537,P0041,W08,59,76,2026-07-18
INV001538,P0052,W07,427,67,2026-07-19
INV001539,P0532,W06,485,58,2026-07-03
INV001540,P0505,W04,91,44,2026-07-10
INV001541,P0663,W03,170,35,2026-07-29
INV001542,P0203,W07,60,76,2026-07-11
INV001543,P0659,W06,214,61,2026-07-03
INV001544,P0472,W04,330,99,2026-07-31
INV001545,P0265,W03,205,39,2026-07-24
INV001546,P0033,W07,473,33,2026-07-19
INV001547,P0301,W04,134,86,2026-07-12
INV001548,P0169,W01,394,65,2026-07-17
INV001549,P0778,W05,233,20,2026-07-18
INV001550,P0352,W05,423,29,2026-07-22
INV001551,P0133,W05,365,54,2026-07-16
INV001552,P0535,W05,108,26,2026-07-01
INV001553,P0704,W06,355,22,2026-07-15
INV001554,P0656,W04,166,44,2026-07-11
INV001555,P0196,W03,130,59,2026-07-31
INV001556,P0258,W03,298,63,2026-07-22
INV001557,P0481,W08,280,69,2026-07-21
INV001558,P0117,W03,286,71,2026-07-01
INV001559,P0057,W04,130,37,2026-07-24
INV001560,P0172,W03,188,69,2026-07-05
INV001561,P0282,W07,365,83,2026-07-16
INV001562,P0331,W02,202,70,2026-07-23
INV001563,P0418,W04,0,51,2026-07-31
INV001564,P0079,W08,338,39,2026-07-04
INV001565,P0104,W07,83,58,2026-07-24
INV001566,P0768,W05,87,28,2026-07-14
INV001567,P0754,W07,34,76,2026-07-14
INV001568,P0042,W01,495,20,2026-07-21
INV001569,P0307,W01,358,88,2026-07-24
INV001570,P0193,W04,221,70,2026-07-22
INV001571,P0417,W07,202,37,2026-07-13
INV001572,P0033,W06,355,62,2026-07-18
INV001573,P0518,W04,321,80,2026-07-28
INV001574,P0122,W01,106,62,2026-07-21
INV001575,P0337,W05,183,46,2026-07-31
INV001576,P0512,W08,322,92,2026-07-16
INV001577,P0242,W05,60,79,2026-07-10
INV001578,P0011,W05,254,30,2026-07-30
INV001579,P0360,W03,291,34,2026-07-05
INV001580,P0713,W02,126,64,2026-07-26
INV001581,P0516,W08,496,23,2026-07-26
INV001582,P0260,W04,72,24,2026-07-29
INV001583,P0555,W01,362,53,2026-07-27
INV001584,P0431,W01,26,94,2026-07-28
INV001585,P0514,W07,166,75,2026-07-16
INV001586,P0783,W04,100,54,2026-07-21
INV001587,P0380,W05,21,81,2026-07-04
INV001588,P0794,W08,167,41,2026-07-10
INV001589,P0458,W07,305,49,2026-07-27
INV001590,P0566,W06,8,39,2026-07-01
INV001591,P0009,W06,94,95,2026-07-11
INV001592,P0408,W05,80,70,2026-07-21
INV001593,P0165,W05,403,63,2026-07-18
INV001594,P0446,W02,96,55,2026-07-15
INV001595,P0390,W02,410,60,2026-07-10
INV001596,P0007,W01,55,43,2026-07-17
INV001597,P0798,W01,47,57,2026-07-08
INV001598,P0311,W02,273,42,2026-07-10
INV001599,P0367,W04,440,90,2026-07-17
INV001600,P0001,W07,236,81,2026-07-28
INV001601,P0157,W03,152,45,2026-07-08
INV001602,P0589,W01,202,92,2026-07-11
INV001603,P0752,W05,323,40,2026-07-06
INV001604,P0230,W02,10,31,2026-07-06
INV001605,P0768,W06,32,36,2026-07-18
INV001606,P0225,W04,243,22,2026-07-23
INV001607,P0451,W01,17,46,2026-07-02
INV001608,P0162,W03,142,100,2026-07-06
INV001609,P0474,W04,49,70,2026-07-13
INV001610,P0242,W03,451,55,2026-07-03
INV001611,P0515,W01,483,85,2026-07-03
INV001612,P0787,W05,480,81,2026-07-25
INV001613,P0692,W05,463,28,2026-07-12
INV001614,P0142,W04,183,84,2026-07-18
INV001615,P0159,W01,366,45,2026-07-03
INV001616,P0133,W05,446,46,2026-07-17
INV001617,P0483,W01,40,77,2026-07-13
INV001618,P0622,W04,56,56,2026-07-01
INV001619,P0153,W08,274,52,2026-07-20
INV001620,P0738,W02,310,38,2026-07-19
INV001621,P0195,W04,247,41,2026-07-25
INV001622,P0597,W08,153,65,2026-07-22
INV001623,P0610,W04,178,64,2026-07-01
INV001624,P0724,W07,75,95,2026-07-10
INV001625,P0136,W01,136,100,2026-07-26
INV001626,P0503,W07,106,49,2026-07-01
INV001627,P0092,W02,86,23,2026-07-11
INV001628,P0127,W05,135,93,2026-07-17
INV001629,P0286,W03,238,83,2026-07-18
INV001630,P0576,W06,227,29,2026-07-01
INV001631,P0121,W03,230,47,2026-07-19
INV001632,P0492,W07,134,62,2026-07-27
INV001633,P0124,W07,248,90,2026-07-17
INV001634,P0377,W01,189,34,2026-07-17
INV001635,P0001,W08,24,30,2026-07-08
INV001636,P0652,W02,190,23,2026-07-22
INV001637,P0555,W01,217,40,2026-07-24
INV001638,P0461,W03,481,93,2026-07-16
INV001639,P0308,W02,82,81,2026-07-25
INV001640,P0713,W03,454,43,2026-07-06
INV001641,P0198,W05,478,43,2026-07-31
INV001642,P0236,W03,73,46,2026-07-02
INV001643,P0600,W08,467,100,2026-07-02
INV001644,P0717,W02,362,43,2026-07-13
INV001645,P0563,W03,391,33,2026-07-08
INV001646,P0206,W05,65,44,2026-07-15
INV001647,P0259,W04,397,73,2026-07-24
INV001648,P0152,W03,100,95,2026-07-17
INV001649,P0192,W08,28,22,2026-07-13
INV001650,P0436,W03,314,55,2026-07-07
INV001651,P0794,W08,324,41,2026-07-29
INV001652,P0272,W03,93,76,2026-07-19
INV001653,P0194,W05,373,74,2026-07-06
INV001654,P0675,W01,243,63,2026-07-26
INV001655,P0157,W03,225,81,2026-07-11
INV001656,P0542,W08,62,56,2026-07-08
INV001657,P0705,W07,172,51,2026-07-22
INV001658,P0594,W04,134,79,2026-07-20
INV001659,P0481,W01,102,36,2026-07-17
INV001660,P0553,W05,375,26,2026-07-09
INV001661,P0782,W05,220,66,2026-07-14
INV001662,P0350,W05,277,50,2026-07-31
INV001663,P0400,W08,299,36,2026-07-30
INV001664,P0064,W05,183,71,2026-07-04
INV001665,P0707,W03,361,35,2026-07-30
INV001666,P0023,W08,171,81,2026-07-26
INV001667,P0585,W02,323,91,2026-07-18
INV001668,P0159,W07,218,35,2026-07-16
INV001669,P0064,W02,326,48,2026-07-25
INV001670,P0431,W04,415,64,2026-07-08
INV001671,P0031,W01,484,53,2026-07-21
INV001672,P0443,W06,351,40,2026-07-06
INV001673,P0792,W08,264,42,2026-07-18
INV001674,P0024,W08,489,60,2026-07-08
INV001675,P0364,W05,261,41,2026-07-16
INV001676,P0076,W07,284,36,2026-07-03
INV001677,P0236,W04,280,65,2026-07-04
INV001678,P0391,W07,101,34,2026-07-17
INV001679,P0271,W04,146,35,2026-07-07
INV001680,P0305,W06,419,81,2026-07-27
INV001681,P0052,W02,444,83,2026-07-16
INV001682,P0324,W04,149,46,2026-07-08
INV001683,P0485,W05,453,80,2026-07-30
INV001684,P0799,W05,384,60,2026-07-12
INV001685,P0793,W04,13,94,2026-07-12
INV001686,P0147,W08,213,33,2026-07-22
INV001687,P0247,W01,421,27,2026-07-23
INV001688,P0383,W07,121,53,2026-07-15
INV001689,P0283,W04,274,39,2026-07-18
INV001690,P0743,W03,170,92,2026-07-20
INV001691,P0484,W06,155,65,2026-07-26
INV001692,P0355,W06,9,59,2026-07-31
INV001693,P0112,W06,280,82,2026-07-21
INV001694,P0616,W01,401,55,2026-07-17
INV001695,P0054,W07,20,71,2026-07-15
INV001696,P0673,W03,453,55,2026-07-23
INV001697,P0268,W04,482,98,2026-07-05
INV001698,P0198,W02,284,37,2026-07-01
INV001699,P0338,W01,153,70,2026-07-18
INV001700,P0752,W05,422,25,2026-07-26
INV001701,P0519,W05,406,20,2026-07-20
INV001702,P0265,W04,443,53,2026-07-16
INV001703,P0274,W08,318,82,2026-07-19
INV001704,P0497,W03,215,85,2026-07-28
INV001705,P0436,W03,151,61,2026-07-30
INV001706,P0532,W04,36,57,2026-07-02
INV001707,P0592,W02,351,76,2026-07-04
INV001708,P0277,W08,89,76,2026-07-02
INV001709,P0242,W04,301,66,2026-07-09
INV001710,P0643,W04,164,45,2026-07-08
INV001711,P0419,W03,76,99,2026-07-14
INV001712,P0502,W08,166,26,2026-07-14
INV001713,P0203,W08,335,98,2026-07-07
INV001714,P0771,W03,363,63,2026-07-12
INV001715,P0270,W01,131,34,2026-07-23
INV001716,P0763,W05,184,84,2026-07-24
INV001717,P0743,W07,81,45,2026-07-19
INV001718,P0079,W04,317,69,2026-07-16
INV001719,P0454,W05,124,52,2026-07-22
INV001720,P0641,W02,419,54,2026-07-13
INV001721,P0452,W02,254,21,2026-07-03
INV001722,P0448,W05,165,41,2026-07-28
INV001723,P0762,W08,107,64,2026-07-05
INV001724,P0648,W01,34,48,2026-07-07
INV001725,P0301,W04,371,69,2026-07-19
INV001726,P0306,W07,147,64,2026-07-19
INV001727,P0293,W05,186,26,2026-07-01
INV001728,P0309,W01,55,77,2026-07-15
INV001729,P0709,W07,447,78,2026-07-27
INV001730,P0383,W03,451,24,2026-07-01
INV001731,P0240,W05,295,97,2026-07-24
INV001732,P0272,W02,398,34,2026-07-11
INV001733,P0131,W03,206,57,2026-07-10
INV001734,P0052,W05,48,22,2026-07-24
INV001735,P0553,W07,418,80,2026-07-05
INV001736,P0294,W01,341,47,2026-07-01
INV001737,P0342,W05,218,66,2026-07-29
INV001738,P0562,W08,449,87,2026-07-15
INV001739,P0302,W08,221,84,2026-07-11
INV001740,P0088,W04,420,38,2026-07-19
INV001741,P0564,W07,97,43,2026-07-15
INV001742,P0224,W02,446,34,2026-07-21
INV001743,P0161,W03,329,93,2026-07-25
INV001744,P0564,W04,260,20,2026-07-25
INV001745,P0714,W05,56,72,2026-07-20
INV001746,P0640,W04,233,72,2026-07-24
INV001747,P0630,W08,2,84,2026-07-14
INV001748,P0238,W03,295,65,2026-07-13
INV001749,P0759,W08,168,91,2026-07-09
INV001750,P0596,W04,63,94,2026-07-16
INV001751,P0722,W05,126,69,2026-07-05
INV001752,P0511,W02,429,52,2026-07-30
INV001753,P0124,W08,89,38,2026-07-30
INV001754,P0154,W04,9,58,2026-07-17
INV001755,P0430,W08,395,87,2026-07-05
INV001756,P0537,W06,106,81,2026-07-21
INV001757,P0568,W04,270,33,2026-07-25
INV001758,P0306,W07,90,50,2026-07-21
INV001759,P0303,W01,335,40,2026-07-03
INV001760,P0389,W05,362,73,2026-07-26
INV001761,P0435,W08,51,98,2026-07-08
INV001762,P0283,W03,309,88,2026-07-14
INV001763,P0130,W05,272,36,2026-07-20
INV001764,P0689,W03,94,92,2026-07-27
INV001765,P0263,W04,67,40,2026-07-23
INV001766,P0473,W02,462,29,2026-07-11
INV001767,P0132,W04,457,64,2026-07-24
INV001768,P0503,W02,145,90,2026-07-04
INV001769,P0562,W01,92,24,2026-07-12
INV001770,P0713,W05,393,21,2026-07-11
INV001771,P0528,W03,253,98,2026-07-20
INV001772,P0069,W05,6,53,2026-07-31
INV001773,P0117,W07,355,95,2026-07-02
INV001774,P0357,W07,414,50,2026-07-17
INV001775,P0017,W05,15,22,2026-07-10
INV001776,P0373,W06,92,67,2026-07-30
INV001777,P0153,W07,160,55,2026-07-13
INV001778,P0058,W07,250,97,2026-07-06
INV001779,P0419,W04,127,57,2026-07-23
INV001780,P0383,W01,293,75,2026-07-23
INV001781,P0632,W07,123,20,2026-07-19
INV001782,P0324,W07,431,80,2026-07-12
INV001783,P0329,W01,335,45,2026-07-15
INV001784,P0411,W05,378,82,2026-07-17
INV001785,P0595,W02,116,49,2026-07-20
INV001786,P0016,W01,245,58,2026-07-14
INV001787,P0167,W07,292,33,2026-07-04
INV001788,P0057,W06,442,20,2026-07-14
INV001789,P0660,W04,479,66,2026-07-17
INV001790,P0708,W08,253,69,2026-07-13
INV001791,P0199,W02,453,75,2026-07-03
INV001792,P0673,W07,454,52,2026-07-21
INV001793,P0053,W06,436,51,2026-07-16
INV001794,P0432,W08,17,52,2026-07-03
INV001795,P0328,W02,5,71,2026-07-03
INV001796,P0182,W06,73,27,2026-07-13
INV001797,P0064,W06,229,96,2026-07-20
INV001798,P0229,W05,418,35,2026-07-31
INV001799,P0711,W03,32,57,2026-07-17
INV001800,P0755,W06,44,54,2026-07-11
INV001801,P0501,W06,205,25,2026-07-12
INV001802,P0431,W01,245,50,2026-07-15
INV001803,P0450,W02,390,35,2026-07-17
INV001804,P0553,W03,330,52,2026-07-29
INV001805,P0167,W01,434,60,2026-07-26
INV001806,P0126,W03,191,50,2026-07-06
INV001807,P0141,W01,205,34,2026-07-29
INV001808,P0592,W05,349,33,2026-07-15
INV001809,P0238,W08,385,33,2026-07-30
INV001810,P0294,W05,352,43,2026-07-29
INV001811,P0117,W05,426,22,2026-07-06
INV001812,P0043,W03,32,27,2026-07-24
INV001813,P0133,W04,365,53,2026-07-31
INV001814,P0526,W07,96,67,2026-07-11
INV001815,P0453,W08,381,60,2026-07-09
INV001816,P0193,W08,444,42,2026-07-30
INV001817,P0611,W06,465,57,2026-07-03
INV001818,P0733,W03,482,61,2026-07-24
INV001819,P0180,W02,381,30,2026-07-31
INV001820,P0754,W02,409,70,2026-07-19
INV001821,P0451,W04,440,70,2026-07-13
INV001822,P0380,W05,1,87,2026-07-02
INV001823,P0044,W05,100,85,2026-07-13
INV001824,P0785,W06,93,72,2026-07-28
INV001825,P0536,W05,43,90,2026-07-24
INV001826,P0755,W07,494,23,2026-07-11
INV001827,P0207,W01,485,25,2026-07-20
INV001828,P0002,W06,287,55,2026-07-30
INV001829,P0537,W02,125,72,2026-07-22
INV001830,P0772,W06,214,60,2026-07-29
INV001831,P0424,W06,492,72,2026-07-13
INV001832,P0406,W04,101,25,2026-07-23
INV001833,P0566,W01,83,62,2026-07-09
INV001834,P0220,W08,106,33,2026-07-28
INV001835,P0401,W08,214,98,2026-07-17
INV001836,P0473,W06,63,59,2026-07-24
INV001837,P0408,W05,493,70,2026-07-01
INV001838,P0716,W07,94,60,2026-07-23
INV001839,P0688,W02,16,54,2026-07-18
INV001840,P0180,W01,37,78,2026-07-24
INV001841,P0294,W06,155,75,2026-07-20
INV001842,P0411,W07,91,74,2026-07-10
INV001843,P0550,W08,102,20,2026-07-04
INV001844,P0190,W04,389,28,2026-07-27
INV001845,P0727,W06,320,70,2026-07-13
INV001846,P0166,W07,292,80,2026-07-20
INV001847,P0351,W06,105,69,2026-07-25
INV001848,P0022,W07,143,93,2026-07-13
INV001849,P0664,W03,459,35,2026-07-25
INV001850,P0579,W08,220,64,2026-07-24
INV001851,P0517,W07,336,23,2026-07-23
INV001852,P0562,W02,369,41,2026-07-12
INV001853,P0124,W02,475,47,2026-07-08
INV001854,P0634,W08,243,42,2026-07-25
INV001855,P0508,W01,293,53,2026-07-03
INV001856,P0390,W05,31,70,2026-07-22
INV001857,P0073,W06,247,44,2026-07-27
INV001858,P0435,W04,183,72,2026-07-03
INV001859,P0618,W01,220,38,2026-07-21
INV001860,P0554,W04,397,69,2026-07-01
INV001861,P0035,W07,414,60,2026-07-04
INV001862,P0112,W07,258,21,2026-07-24
INV001863,P0227,W02,132,31,2026-07-29
INV001864,P0242,W08,188,95,2026-07-05
INV001865,P0439,W02,329,39,2026-07-14
INV001866,P0270,W01,135,25,2026-07-15
INV001867,P0597,W03,336,23,2026-07-21
INV001868,P0435,W04,491,51,2026-07-04
INV001869,P0337,W01,210,81,2026-07-20
INV001870,P0175,W07,139,41,2026-07-01
INV001871,P0698,W08,41,42,2026-07-03
INV001872,P0102,W04,494,100,2026-07-28
INV001873,P0531,W08,453,35,2026-07-25
INV001874,P0164,W08,13,86,2026-07-08
INV001875,P0597,W08,489,34,2026-07-23
INV001876,P0653,W06,438,45,2026-07-25
INV001877,P0755,W05,256,77,2026-07-04
INV001878,P0207,W05,480,100,2026-07-02
INV001879,P0706,W04,290,79,2026-07-30
INV001880,P0364,W08,323,30,2026-07-07
INV001881,P0735,W05,319,67,2026-07-12
INV001882,P0145,W03,385,67,2026-07-26
INV001883,P0510,W07,478,61,2026-07-01
INV001884,P0784,W01,438,79,2026-07-09
INV001885,P0285,W02,146,40,2026-07-28
INV001886,P0190,W04,321,55,2026-07-15
INV001887,P0087,W01,174,79,2026-07-27
INV001888,P0260,W02,396,77,2026-07-20
INV001889,P0213,W03,471,30,2026-07-21
INV001890,P0355,W05,444,58,2026-07-02
INV001891,P0606,W08,132,34,2026-07-17
INV001892,P0142,W07,58,97,2026-07-20
INV001893,P0522,W01,466,63,2026-07-05
INV001894,P0418,W02,146,90,2026-07-17
INV001895,P0472,W02,5,72,2026-07-19
INV001896,P0349,W07,95,61,2026-07-27
INV001897,P0794,W02,152,70,2026-07-12
INV001898,P0783,W03,348,70,2026-07-28
INV001899,P0636,W07,121,29,2026-07-15
INV001900,P0490,W08,356,35,2026-07-17
INV001901,P0089,W04,14,68,2026-07-04
INV001902,P0165,W02,90,72,2026-07-17
INV001903,P0245,W05,82,47,2026-07-23
INV001904,P0789,W02,455,93,2026-07-25
INV001905,P0447,W07,442,25,2026-07-02
INV001906,P0354,W08,385,58,2026-07-24
INV001907,P0600,W05,442,65,2026-07-30
INV001908,P0249,W02,54,23,2026-07-31
INV001909,P0159,W01,105,71,2026-07-13
INV001910,P0515,W05,3,81,2026-07-10
INV001911,P0126,W04,261,76,2026-07-28
INV001912,P0463,W04,63,87,2026-07-16
INV001913,P0577,W08,275,28,2026-07-03
INV001914,P0108,W04,94,76,2026-07-27
INV001915,P0567,W06,321,90,2026-07-22
INV001916,P0191,W02,16,74,2026-07-06
INV001917,P0418,W02,412,36,2026-07-13
INV001918,P0151,W05,10,84,2026-07-22
INV001919,P0640,W03,348,68,2026-07-27
INV001920,P0031,W03,422,71,2026-07-22
INV001921,P0766,W03,150,98,2026-07-28
INV001922,P0659,W08,419,37,2026-07-10
INV001923,P0604,W06,421,84,2026-07-02
INV001924,P0441,W06,108,21,2026-07-05
INV001925,P0049,W04,106,28,2026-07-22
INV001926,P0347,W05,60,49,2026-07-19
INV001927,P0206,W06,15,47,2026-07-15
INV001928,P0582,W08,387,21,2026-07-07
INV001929,P0330,W05,434,94,2026-07-30
INV001930,P0109,W06,450,83,2026-07-11
INV001931,P0116,W05,365,21,2026-07-28
INV001932,P0280,W05,155,62,2026-07-21
INV001933,P0212,W08,202,27,2026-07-26
INV001934,P0679,W01,457,72,2026-07-16
INV001935,P0469,W04,109,20,2026-07-13
INV001936,P0413,W06,176,73,2026-07-30
INV001937,P0187,W02,72,68,2026-07-04
INV001938,P0193,W08,42,70,2026-07-10
INV001939,P0019,W04,79,54,2026-07-18
INV001940,P0466,W04,177,79,2026-07-01
INV001941,P0043,W01,402,79,2026-07-03
INV001942,P0097,W07,377,93,2026-07-28
INV001943,P0086,W08,459,55,2026-07-04
INV001944,P0575,W08,417,85,2026-07-14
INV001945,P0795,W02,488,55,2026-07-18
INV001946,P0449,W04,47,56,2026-07-22
INV001947,P0437,W01,60,26,2026-07-09
INV001948,P0455,W06,249,66,2026-07-07
INV001949,P0077,W05,328,50,2026-07-01
INV001950,P0677,W02,441,80,2026-07-25
INV001951,P0066,W02,20,70,2026-07-11
INV001952,P0516,W04,270,64,2026-07-29
INV001953,P0143,W08,493,78,2026-07-22
INV001954,P0147,W03,471,85,2026-07-19
INV001955,P0501,W06,256,100,2026-07-29
INV001956,P0377,W06,48,37,2026-07-24
INV001957,P0748,W03,368,54,2026-07-10
INV001958,P0624,W05,478,86,2026-07-23
INV001959,P0518,W08,29,95,2026-07-07
INV001960,P0288,W07,231,57,2026-07-21
INV001961,P0751,W05,434,84,2026-07-10
INV001962,P0714,W07,304,20,2026-07-20
INV001963,P0204,W07,340,51,2026-07-13
INV001964,P0412,W03,31,66,2026-07-15
INV001965,P0754,W01,417,54,2026-07-06
INV001966,P0463,W08,459,76,2026-07-25
INV001967,P0121,W02,95,79,2026-07-29
INV001968,P0523,W02,194,34,2026-07-07
INV001969,P0106,W07,257,88,2026-07-21
INV001970,P0572,W02,420,47,2026-07-20
INV001971,P0578,W01,409,34,2026-07-22
INV001972,P0454,W06,166,74,2026-07-13
INV001973,P0339,W08,80,24,2026-07-01
INV001974,P0462,W02,323,40,2026-07-25
INV001975,P0048,W02,117,51,2026-07-22
INV001976,P0179,W05,58,39,2026-07-11
INV001977,P0292,W07,2,32,2026-07-24
INV001978,P0212,W04,493,59,2026-07-18
INV001979,P0774,W06,395,44,2026-07-13
INV001980,P0538,W02,290,27,2026-07-19
INV001981,P0550,W08,415,78,2026-07-27
INV001982,P0437,W08,147,92,2026-07-14
INV001983,P0463,W02,443,92,2026-07-23
INV001984,P0720,W05,389,83,2026-07-27
INV001985,P0094,W03,187,25,2026-07-23
INV001986,P0587,W04,470,80,2026-07-02
INV001987,P0040,W02,41,34,2026-07-14
INV001988,P0748,W06,101,80,2026-07-16
INV001989,P0337,W05,214,42,2026-07-18
INV001990,P0309,W01,202,33,2026-07-13
INV001991,P0677,W04,374,43,2026-07-23
INV001992,P0758,W04,294,72,2026-07-16
INV001993,P0456,W06,351,83,2026-07-06
INV001994,P0623,W06,453,52,2026-07-01
INV001995,P0476,W02,152,93,2026-07-23
INV001996,P0602,W02,284,97,2026-07-22
INV001997,P0103,W07,81,31,2026-07-12
INV001998,P0158,W04,268,39,2026-07-08
INV001999,P0685,W02,159,28,2026-07-24
INV002000,P0005,W05,330,69,2026-07-18
INV002001,P0459,W02,458,64,2026-07-25
INV002002,P0426,W02,73,43,2026-07-01
INV002003,P0436,W07,367,77,2026-07-03
INV002004,P0329,W06,349,67,2026-07-13
INV002005,P0349,W01,133,69,2026-07-15
INV002006,P0393,W06,419,63,2026-07-02
INV002007,P0354,W07,26,63,2026-07-23
INV002008,P0474,W03,111,68,2026-07-21
INV002009,P0291,W08,156,91,2026-07-08
INV002010,P0002,W03,288,21,2026-07-16
INV002011,P0433,W08,41,58,2026-07-23
INV002012,P0730,W07,80,45,2026-07-11
INV002013,P0109,W02,328,85,2026-07-06
INV002014,P0672,W03,87,54,2026-07-28
INV002015,P0560,W05,404,63,2026-07-18
INV002016,P0122,W06,344,43,2026-07-29
INV002017,P0455,W08,57,29,2026-07-28
INV002018,P0241,W02,177,35,2026-07-24
INV002019,P0460,W07,246,84,2026-07-31
INV002020,P0561,W03,121,65,2026-07-12
INV002021,P0080,W04,182,45,2026-07-06
INV002022,P0470,W06,302,37,2026-07-08
INV002023,P0360,W02,340,99,2026-07-19
INV002024,P0292,W01,114,84,2026-07-02
INV002025,P0626,W08,411,91,2026-07-29
INV002026,P0475,W06,32,58,2026-07-22
INV002027,P0372,W04,343,84,2026-07-26
INV002028,P0571,W06,91,85,2026-07-07
INV002029,P0542,W07,411,68,2026-07-09
INV002030,P0659,W08,10,94,2026-07-17
INV002031,P0424,W04,215,79,2026-07-19
INV002032,P0261,W04,96,92,2026-07-11
INV002033,P0670,W06,372,68,2026-07-09
INV002034,P0153,W03,116,29,2026-07-10
INV002035,P0300,W01,272,28,2026-07-15
INV002036,P0184,W03,415,66,2026-07-17
INV002037,P0061,W04,375,94,2026-07-23
INV002038,P0503,W03,245,84,2026-07-04
INV002039,P0625,W07,456,43,2026-07-07
INV002040,P0699,W07,418,57,2026-07-19
INV002041,P0346,W07,307,31,2026-07-15
INV002042,P0325,W08,432,84,2026-07-09
INV002043,P0716,W01,42,46,2026-07-24
INV002044,P0396,W07,68,39,2026-07-02
INV002045,P0437,W04,102,71,2026-07-26
INV002046,P0030,W07,461,71,2026-07-02
INV002047,P0188,W08,174,96,2026-07-30
INV002048,P0288,W06,135,38,2026-07-12
INV002049,P0238,W04,327,83,2026-07-19
INV002050,P0575,W01,386,60,2026-07-26
INV002051,P0253,W01,473,100,2026-07-18
INV002052,P0674,W02,222,96,2026-07-11
INV002053,P0489,W08,76,46,2026-07-01
INV002054,P0470,W05,159,63,2026-07-22
INV002055,P0683,W04,24,64,2026-07-04
INV002056,P0697,W03,92,23,2026-07-13
INV002057,P0194,W08,30,77,2026-07-22
INV002058,P0550,W02,177,96,2026-07-06
INV002059,P0080,W02,192,96,2026-07-28
INV002060,P0481,W08,170,37,2026-07-29
INV002061,P0781,W06,323,77,2026-07-10
INV002062,P0408,W05,43,65,2026-07-15
INV002063,P0259,W01,256,69,2026-07-13
INV002064,P0199,W02,220,56,2026-07-17
INV002065,P0641,W06,312,49,2026-07-11
INV002066,P0237,W07,62,27,2026-07-08
INV002067,P0545,W08,154,90,2026-07-15
INV002068,P0102,W07,131,58,2026-07-12
INV002069,P0410,W01,425,38,2026-07-28
INV002070,P0058,W01,405,62,2026-07-07
INV002071,P0251,W02,487,74,2026-07-10
INV002072,P0012,W01,421,79,2026-07-27
INV002073,P0585,W07,189,85,2026-07-19
INV002074,P0068,W05,288,77,2026-07-31
INV002075,P0402,W06,351,30,2026-07-19
INV002076,P0001,W02,244,55,2026-07-19
INV002077,P0613,W04,440,86,2026-07-07
INV002078,P0474,W08,257,64,2026-07-16
INV002079,P0700,W01,497,84,2026-07-09
INV002080,P0493,W01,460,76,2026-07-19
INV002081,P0457,W08,367,27,2026-07-01
INV002082,P0304,W03,412,65,2026-07-22
INV002083,P0159,W08,376,68,2026-07-20
INV002084,P0383,W06,118,57,2026-07-21
INV002085,P0721,W02,27,79,2026-07-25
INV002086,P0289,W05,114,26,2026-07-07
INV002087,P0655,W03,10,90,2026-07-04
INV002088,P0745,W05,15,30,2026-07-17
INV002089,P0287,W02,284,71,2026-07-23
INV002090,P0310,W03,73,45,2026-07-30
INV002091,P0378,W07,13,64,2026-07-31
INV002092,P0212,W07,395,40,2026-07-10
INV002093,P0525,W08,165,56,2026-07-26
INV002094,P0528,W03,496,98,2026-07-10
INV002095,P0531,W08,57,39,2026-07-14
INV002096,P0795,W04,402,56,2026-07-06
INV002097,P0784,W07,474,78,2026-07-05
INV002098,P0274,W04,244,31,2026-07-22
INV002099,P0299,W01,261,43,2026-07-28
INV002100,P0570,W07,483,71,2026-07-08
INV002101,P0698,W02,494,90,2026-07-28
INV002102,P0607,W03,298,20,2026-07-04
INV002103,P0332,W05,151,23,2026-07-03
INV002104,P0755,W05,6,33,2026-07-11
INV002105,P0144,W06,497,27,2026-07-07
INV002106,P0044,W01,371,70,2026-07-21
INV002107,P0272,W07,423,52,2026-07-23
INV002108,P0103,W08,434,51,2026-07-26
INV002109,P0098,W04,175,89,2026-07-02
INV002110,P0613,W05,492,63,2026-07-25
INV002111,P0716,W07,241,40,2026-07-28
INV002112,P0744,W07,270,30,2026-07-03
INV002113,P0708,W02,462,23,2026-07-10
INV002114,P0074,W05,174,29,2026-07-15
INV002115,P0313,W01,211,53,2026-07-25
INV002116,P0677,W07,102,65,2026-07-31
INV002117,P0752,W02,42,56,2026-07-24
INV002118,P0710,W01,48,96,2026-07-02
INV002119,P0533,W05,448,91,2026-07-30
INV002120,P0363,W04,318,51,2026-07-03
INV002121,P0222,W06,190,76,2026-07-03
INV002122,P0697,W08,333,96,2026-07-23
INV002123,P0312,W04,210,63,2026-07-11
INV002124,P0227,W03,125,39,2026-07-15
INV002125,P0235,W04,234,96,2026-07-04
INV002126,P0544,W01,498,43,2026-07-11
INV002127,P0046,W03,374,39,2026-07-14
INV002128,P0406,W06,72,89,2026-07-21
INV002129,P0800,W03,411,71,2026-07-10
INV002130,P0560,W02,127,35,2026-07-05
INV002131,P0152,W05,111,21,2026-07-25
INV002132,P0646,W05,295,68,2026-07-17
INV002133,P0321,W07,480,58,2026-07-21
INV002134,P0289,W02,361,44,2026-07-05
INV002135,P0179,W01,453,81,2026-07-03
INV002136,P0041,W05,75,65,2026-07-13
INV002137,P0367,W03,499,89,2026-07-10
INV002138,P0797,W02,432,65,2026-07-20
INV002139,P0063,W07,368,28,2026-07-19
INV002140,P0134,W03,386,42,2026-07-03
INV002141,P0265,W03,203,59,2026-07-17
INV002142,P0283,W08,352,73,2026-07-09
INV002143,P0069,W08,440,50,2026-07-03
INV002144,P0278,W02,425,27,2026-07-17
INV002145,P0641,W08,275,48,2026-07-30
INV002146,P0314,W07,464,32,2026-07-18
INV002147,P0521,W05,179,43,2026-07-09
INV002148,P0249,W05,349,60,2026-07-26
INV002149,P0148,W05,491,49,2026-07-27
INV002150,P0411,W01,41,82,2026-07-29
INV002151,P0057,W04,276,79,2026-07-29
INV002152,P0594,W08,385,21,2026-07-02
INV002153,P0280,W01,278,62,2026-07-07
INV002154,P0185,W02,378,80,2026-07-12
INV002155,P0474,W06,35,56,2026-07-27
INV002156,P0702,W07,314,67,2026-07-09
INV002157,P0391,W01,253,71,2026-07-21
INV002158,P0764,W03,100,33,2026-07-21
INV002159,P0299,W06,228,75,2026-07-04
INV002160,P0116,W01,77,43,2026-07-12
INV002161,P0087,W05,151,71,2026-07-09
INV002162,P0555,W05,439,31,2026-07-08
INV002163,P0764,W03,217,97,2026-07-15
INV002164,P0659,W02,247,99,2026-07-28
INV002165,P0241,W03,469,88,2026-07-25
INV002166,P0378,W07,139,43,2026-07-16
INV002167,P0069,W06,423,77,2026-07-28
INV002168,P0038,W02,194,50,2026-07-20
INV002169,P0302,W04,420,70,2026-07-13
INV002170,P0326,W02,40,36,2026-07-22
INV002171,P0129,W08,156,77,2026-07-07
INV002172,P0071,W08,147,23,2026-07-13
INV002173,P0142,W02,178,37,2026-07-22
INV002174,P0510,W04,384,89,2026-07-03
INV002175,P0555,W06,172,71,2026-07-19
INV002176,P0343,W05,189,77,2026-07-24
INV002177,P0102,W08,184,41,2026-07-13
INV002178,P0096,W05,442,40,2026-07-31
INV002179,P0187,W01,225,96,2026-07-17
INV002180,P0177,W08,421,48,2026-07-02
INV002181,P0473,W03,75,24,2026-07-15
INV002182,P0020,W06,102,52,2026-07-26
INV002183,P0179,W01,401,39,2026-07-14
INV002184,P0234,W05,323,98,2026-07-28
INV002185,P0388,W01,250,22,2026-07-27
INV002186,P0702,W06,50,95,2026-07-31
INV002187,P0305,W02,85,31,2026-07-25
INV002188,P0040,W04,62,60,2026-07-11
INV002189,P0214,W04,56,68,2026-07-04
INV002190,P0363,W04,393,92,2026-07-27
INV002191,P0042,W04,24,40,2026-07-26
INV002192,P0165,W04,225,81,2026-07-20
INV002193,P0420,W05,136,45,2026-07-20
INV002194,P0697,W02,89,20,2026-07-24
INV002195,P0601,W03,116,77,2026-07-26
INV002196,P0115,W08,426,26,2026-07-08
INV002197,P0374,W05,263,20,2026-07-16
INV002198,P0073,W04,62,99,2026-07-13
INV002199,P0263,W01,245,69,2026-07-01
INV002200,P0077,W06,347,25,2026-07-01
INV002201,P0314,W04,268,66,2026-07-23
INV002202,P0186,W07,299,31,2026-07-09
INV002203,P0114,W04,461,37,2026-07-23
INV002204,P0697,W08,12,58,2026-07-08
INV002205,P0780,W02,224,94,2026-07-18
INV002206,P0193,W01,458,44,2026-07-05
INV002207,P0213,W02,62,26,2026-07-20
INV002208,P0211,W08,273,91,2026-07-30
INV002209,P0092,W03,361,93,2026-07-30
INV002210,P0372,W07,473,60,2026-07-23
INV002211,P0400,W04,186,94,2026-07-16
INV002212,P0156,W04,350,29,2026-07-27
INV002213,P0188,W04,460,74,2026-07-29
INV002214,P0520,W03,318,81,2026-07-21
INV002215,P0343,W07,299,86,2026-07-18
INV002216,P0409,W05,249,29,2026-07-21
INV002217,P0289,W05,309,76,2026-07-09
INV002218,P0774,W07,448,92,2026-07-24
INV002219,P0169,W04,422,78,2026-07-25
INV002220,P0407,W01,46,83,2026-07-20
INV002221,P0314,W04,134,48,2026-07-25
INV002222,P0216,W08,275,21,2026-07-09
INV002223,P0548,W01,229,38,2026-07-20
INV002224,P0787,W04,55,38,2026-07-30
INV002225,P0157,W07,285,47,2026-07-11
INV002226,P0093,W03,416,20,2026-07-21
INV002227,P0261,W03,189,73,2026-07-08
INV002228,P0310,W05,98,28,2026-07-06
INV002229,P0123,W07,469,94,2026-07-01
INV002230,P0601,W01,236,94,2026-07-07
INV002231,P0595,W07,288,23,2026-07-29
INV002232,P0405,W03,280,78,2026-07-27
INV002233,P0021,W01,445,81,2026-07-13
INV002234,P0178,W06,295,98,2026-07-30
INV002235,P0789,W07,91,33,2026-07-09
INV002236,P0615,W03,197,30,2026-07-28
INV002237,P0710,W05,83,65,2026-07-03
INV002238,P0618,W05,332,85,2026-07-14
INV002239,P0705,W08,173,68,2026-07-24
INV002240,P0695,W04,203,46,2026-07-28
INV002241,P0208,W04,43,96,2026-07-23
INV002242,P0701,W04,103,50,2026-07-26
INV002243,P0555,W03,401,58,2026-07-13
INV002244,P0395,W01,453,97,2026-07-31
INV002245,P0739,W04,248,51,2026-07-25
INV002246,P0138,W03,497,27,2026-07-22
INV002247,P0118,W06,179,26,2026-07-14
INV002248,P0511,W06,332,41,2026-07-01
INV002249,P0123,W07,19,50,2026-07-21
INV002250,P0148,W02,156,59,2026-07-31
INV002251,P0755,W07,163,52,2026-07-10
INV002252,P0621,W07,303,24,2026-07-23
INV002253,P0401,W06,85,41,2026-07-16
INV002254,P0165,W01,155,51,2026-07-17
INV002255,P0682,W02,490,57,2026-07-03
INV002256,P0155,W02,142,66,2026-07-11
INV002257,P0431,W07,148,55,2026-07-27
INV002258,P0743,W06,243,78,2026-07-05
INV002259,P0050,W01,284,22,2026-07-27
INV002260,P0383,W01,492,85,2026-07-02
INV002261,P0267,W06,274,99,2026-07-12
INV002262,P0284,W03,256,62,2026-07-06
INV002263,P0219,W02,166,88,2026-07-19
INV002264,P0623,W04,344,36,2026-07-05
INV002265,P0308,W03,281,53,2026-07-19
INV002266,P0452,W04,274,69,2026-07-14
INV002267,P0407,W02,212,23,2026-07-03
INV002268,P0033,W08,317,59,2026-07-22
INV002269,P0743,W06,490,21,2026-07-20
INV002270,P0663,W06,132,99,2026-07-19
INV002271,P0092,W06,462,80,2026-07-20
INV002272,P0751,W06,207,28,2026-07-19
INV002273,P0332,W08,94,33,2026-07-25
INV002274,P0713,W08,433,86,2026-07-25
INV002275,P0621,W05,496,20,2026-07-25
INV002276,P0160,W07,354,71,2026-07-22
INV002277,P0797,W08,350,71,2026-07-11
INV002278,P0285,W04,268,84,2026-07-11
INV002279,P0195,W01,165,45,2026-07-28
INV002280,P0208,W05,109,39,2026-07-13
INV002281,P0346,W03,242,72,2026-07-17
INV002282,P0547,W02,474,64,2026-07-01
INV002283,P0795,W06,25,26,2026-07-06
INV002284,P0615,W01,455,82,2026-07-15
INV002285,P0427,W06,470,89,2026-07-05
INV002286,P0547,W01,328,78,2026-07-24
INV002287,P0150,W08,123,67,2026-07-18
INV002288,P0442,W08,152,38,2026-07-17
INV002289,P0037,W06,430,86,2026-07-17
INV002290,P0446,W02,170,24,2026-07-28
INV002291,P0198,W01,290,31,2026-07-21
INV002292,P0242,W08,42,41,2026-07-18
INV002293,P0245,W08,311,24,2026-07-02
INV002294,P0021,W03,250,44,2026-07-24
INV002295,P0440,W04,401,78,2026-07-21
INV002296,P0608,W04,175,89,2026-07-25
INV002297,P0594,W05,460,52,2026-07-22
INV002298,P0094,W05,122,79,2026-07-05
INV002299,P0345,W05,297,55,2026-07-25
INV002300,P0712,W02,487,95,2026-07-05
INV002301,P0138,W03,392,89,2026-07-22
INV002302,P0342,W01,484,42,2026-07-31
INV002303,P0492,W05,374,96,2026-07-26
INV002304,P0269,W01,211,24,2026-07-13
INV002305,P0460,W04,237,25,2026-07-08
INV002306,P0634,W04,404,97,2026-07-13
INV002307,P0732,W08,370,73,2026-07-30
INV002308,P0470,W02,89,38,2026-07-07
INV002309,P0469,W04,293,37,2026-07-30
INV002310,P0162,W01,107,27,2026-07-15
INV002311,P0382,W01,371,66,2026-07-26
INV002312,P0740,W08,28,37,2026-07-29
INV002313,P0434,W07,20,80,2026-07-29
INV002314,P0579,W01,487,42,2026-07-20
INV002315,P0536,W01,235,90,2026-07-29
INV002316,P0088,W03,491,30,2026-07-13
INV002317,P0026,W05,404,94,2026-07-02
INV002318,P0128,W03,486,73,2026-07-28
INV002319,P0345,W01,18,49,2026-07-31
INV002320,P0640,W02,185,68,2026-07-18
INV002321,P0204,W05,105,55,2026-07-30
INV002322,P0462,W02,414,35,2026-07-07
INV002323,P0323,W02,99,95,2026-07-12
INV002324,P0721,W03,424,83,2026-07-24
INV002325,P0267,W07,280,32,2026-07-14
INV002326,P0156,W01,79,75,2026-07-17
INV002327,P0516,W04,227,31,2026-07-12
INV002328,P0494,W02,416,54,2026-07-01
INV002329,P0415,W03,389,58,2026-07-27
INV002330,P0508,W02,56,38,2026-07-08
INV002331,P0347,W02,237,49,2026-07-11
INV002332,P0588,W06,251,39,2026-07-10
INV002333,P0777,W05,387,97,2026-07-31
INV002334,P0198,W08,198,44,2026-07-30
INV002335,P0069,W04,39,27,2026-07-18
INV002336,P0379,W06,220,25,2026-07-10
INV002337,P0597,W02,252,70,2026-07-12
INV002338,P0304,W05,35,77,2026-07-16
INV002339,P0451,W06,275,37,2026-07-08
INV002340,P0104,W07,170,88,2026-07-31
INV002341,P0430,W05,235,25,2026-07-27
INV002342,P0184,W07,14,30,2026-07-25
INV002343,P0442,W01,492,52,2026-07-16
INV002344,P0273,W04,210,94,2026-07-21
INV002345,P0295,W07,480,91,2026-07-02
INV002346,P0371,W05,384,71,2026-07-08
INV002347,P0345,W05,400,30,2026-07-11
INV002348,P0251,W01,160,44,2026-07-22
INV002349,P0541,W07,123,81,2026-07-15
INV002350,P0170,W06,111,96,2026-07-21
INV002351,P0166,W02,343,58,2026-07-14
INV002352,P0625,W07,269,64,2026-07-03
INV002353,P0145,W07,396,82,2026-07-08
INV002354,P0603,W01,373,87,2026-07-28
INV002355,P0645,W07,301,52,2026-07-22
INV002356,P0236,W04,249,52,2026-07-02
INV002357,P0731,W03,186,61,2026-07-06
INV002358,P0779,W05,360,24,2026-07-22
INV002359,P0060,W04,323,66,2026-07-07
INV002360,P0146,W05,441,56,2026-07-11
INV002361,P0450,W07,256,88,2026-07-30
INV002362,P0763,W04,107,61,2026-07-03
INV002363,P0401,W07,19,83,2026-07-16
INV002364,P0193,W07,201,78,2026-07-07
INV002365,P0476,W07,366,89,2026-07-23
INV002366,P0396,W08,54,97,2026-07-30
INV002367,P0734,W08,487,33,2026-07-24
INV002368,P0198,W03,6,97,2026-07-21
INV002369,P0149,W04,395,43,2026-07-31
INV002370,P0736,W07,250,80,2026-07-30
INV002371,P0178,W03,245,71,2026-07-28
INV002372,P0510,W03,114,40,2026-07-07
INV002373,P0172,W01,236,63,2026-07-22
INV002374,P0751,W07,270,34,2026-07-18
INV002375,P0576,W02,291,65,2026-07-11
INV002376,P0483,W08,144,53,2026-07-15
INV002377,P0395,W07,51,99,2026-07-02
INV002378,P0106,W07,311,42,2026-07-28
INV002379,P0078,W01,312,88,2026-07-08
INV002380,P0742,W01,305,38,2026-07-10
INV002381,P0366,W01,472,20,2026-07-10
INV002382,P0638,W07,272,82,2026-07-28
INV002383,P0659,W01,267,93,2026-07-08
INV002384,P0446,W02,201,36,2026-07-06
INV002385,P0169,W08,445,26,2026-07-02
INV002386,P0758,W03,206,31,2026-07-14
INV002387,P0448,W06,109,58,2026-07-08
INV002388,P0185,W06,31,69,2026-07-22
INV002389,P0266,W07,12,23,2026-07-26
INV002390,P0094,W06,411,65,2026-07-04
INV002391,P0408,W07,3,80,2026-07-06
INV002392,P0552,W07,166,85,2026-07-27
INV002393,P0234,W01,301,85,2026-07-29
INV002394,P0230,W07,215,58,2026-07-29
INV002395,P0756,W02,432,73,2026-07-12
INV002396,P0017,W08,367,69,2026-07-12
INV002397,P0402,W08,446,50,2026-07-18
INV002398,P0795,W06,234,67,2026-07-03
INV002399,P0458,W02,495,56,2026-07-12
INV002400,P0175,W03,158,28,2026-07-27
INV002401,P0276,W02,330,27,2026-07-30
INV002402,P0585,W01,321,61,2026-07-28
INV002403,P0218,W01,145,25,2026-07-02
INV002404,P0275,W05,133,33,2026-07-28
INV002405,P0568,W02,401,79,2026-07-14
INV002406,P0578,W04,175,27,2026-07-18
INV002407,P0788,W04,360,80,2026-07-30
INV002408,P0650,W01,24,70,2026-07-11
INV002409,P0526,W07,353,85,2026-07-22
INV002410,P0661,W03,107,48,2026-07-30
INV002411,P0498,W03,8,71,2026-07-07
INV002412,P0551,W01,244,70,2026-07-19
INV002413,P0420,W08,79,96,2026-07-02
INV002414,P0059,W07,138,50,2026-07-22
INV002415,P0655,W05,79,86,2026-07-05
INV002416,P0255,W07,118,95,2026-07-04
INV002417,P0414,W04,454,89,2026-07-17
INV002418,P0767,W08,9,60,2026-07-05
INV002419,P0490,W07,257,45,2026-07-15
INV002420,P0642,W04,454,62,2026-07-09
INV002421,P0530,W07,206,93,2026-07-04
INV002422,P0291,W03,160,62,2026-07-10
INV002423,P0146,W06,335,61,2026-07-12
INV002424,P0694,W03,405,86,2026-07-31
INV002425,P0351,W04,102,91,2026-07-29
INV002426,P0509,W07,165,81,2026-07-12
INV002427,P0570,W03,131,23,2026-07-18
INV002428,P0234,W05,49,65,2026-07-17
INV002429,P0710,W06,287,46,2026-07-19
INV002430,P0196,W07,205,26,2026-07-11
INV002431,P0378,W04,225,85,2026-07-06
INV002432,P0588,W02,461,61,2026-07-19
INV002433,P0366,W01,439,79,2026-07-24
INV002434,P0104,W07,64,78,2026-07-17
INV002435,P0799,W06,148,82,2026-07-09
INV002436,P0152,W01,190,81,2026-07-27
INV002437,P0538,W06,332,86,2026-07-30
INV002438,P0666,W05,78,99,2026-07-28
INV002439,P0338,W03,145,98,2026-07-14
INV002440,P0469,W03,192,94,2026-07-13
INV002441,P0092,W02,424,42,2026-07-07
INV002442,P0787,W01,170,25,2026-07-17
INV002443,P0796,W04,114,60,2026-07-01
INV002444,P0320,W03,178,87,2026-07-25
INV002445,P0701,W06,357,46,2026-07-21
INV002446,P0678,W07,258,44,2026-07-11
INV002447,P0125,W02,316,27,2026-07-24
INV002448,P0209,W06,413,92,2026-07-07
INV002449,P0457,W06,205,50,2026-07-17
INV002450,P0567,W06,485,69,2026-07-18
INV002451,P0359,W04,347,31,2026-07-27
INV002452,P0759,W04,412,64,2026-07-30
INV002453,P0364,W07,335,58,2026-07-24
INV002454,P0174,W03,242,78,2026-07-18
INV002455,P0184,W04,492,71,2026-07-18
INV002456,P0072,W04,411,30,2026-07-09
INV002457,P0249,W05,67,20,2026-07-09
INV002458,P0175,W05,315,48,2026-07-24
INV002459,P0623,W08,439,75,2026-07-17
INV002460,P0267,W05,312,23,2026-07-02
INV002461,P0015,W07,344,25,2026-07-21
INV002462,P0199,W03,374,43,2026-07-20
INV002463,P0388,W04,396,34,2026-07-23
INV002464,P0788,W05,165,68,2026-07-23
INV002465,P0439,W03,164,43,2026-07-27
INV002466,P0544,W03,324,65,2026-07-04
INV002467,P0648,W07,154,68,2026-07-24
INV002468,P0340,W04,331,20,2026-07-03
INV002469,P0629,W04,275,58,2026-07-22
INV002470,P0263,W01,463,59,2026-07-15
INV002471,P0726,W08,363,65,2026-07-03
INV002472,P0369,W03,365,60,2026-07-14
INV002473,P0394,W03,280,86,2026-07-11
INV002474,P0157,W06,112,25,2026-07-06
INV002475,P0092,W07,246,44,2026-07-18
INV002476,P0004,W05,454,77,2026-07-14
INV002477,P0464,W08,408,89,2026-07-21
INV002478,P0252,W01,43,84,2026-07-07
INV002479,P0718,W05,380,55,2026-07-02
INV002480,P0233,W01,49,26,2026-07-07
INV002481,P0641,W05,314,26,2026-07-06
INV002482,P0184,W06,170,96,2026-07-02
INV002483,P0767,W07,34,87,2026-07-18
INV002484,P0721,W08,438,37,2026-07-05
INV002485,P0220,W06,334,49,2026-07-24
INV002486,P0050,W04,113,72,2026-07-16
INV002487,P0594,W04,87,85,2026-07-22
INV002488,P0582,W02,198,73,2026-07-25
INV002489,P0084,W03,196,86,2026-07-26
INV002490,P0111,W02,321,88,2026-07-06
INV002491,P0670,W05,294,44,2026-07-24
INV002492,P0156,W04,81,62,2026-07-11
INV002493,P0467,W05,150,59,2026-07-11
INV002494,P0645,W07,297,50,2026-07-12
INV002495,P0549,W04,191,52,2026-07-03
INV002496,P0062,W04,84,75,2026-07-15
INV002497,P0567,W08,436,96,2026-07-14
INV002498,P0721,W07,60,35,2026-07-08
INV002499,P0003,W02,413,52,2026-07-10
INV002500,P0307,W05,58,26,2026-07-10
INV002501,P0576,W07,271,99,2026-07-30
INV002502,P0022,W07,113,78,2026-07-28
INV002503,P0407,W07,35,53,2026-07-09
INV002504,P0716,W01,199,60,2026-07-19
INV002505,P0235,W08,468,99,2026-07-08
INV002506,P0002,W02,108,32,2026-07-02
INV002507,P0342,W08,55,75,2026-07-25
INV002508,P0582,W05,115,92,2026-07-29
INV002509,P0089,W06,453,69,2026-07-18
INV002510,P0446,W08,153,89,2026-07-21
INV002511,P0290,W08,497,62,2026-07-17
INV002512,P0401,W03,426,31,2026-07-17
INV002513,P0504,W06,145,22,2026-07-21
INV002514,P0441,W06,248,20,2026-07-23
INV002515,P0155,W03,150,62,2026-07-18
INV002516,P0354,W03,233,83,2026-07-25
INV002517,P0127,W04,6,64,2026-07-30
INV002518,P0627,W08,218,33,2026-07-27
INV002519,P0555,W01,58,66,2026-07-22
INV002520,P0383,W02,464,46,2026-07-07
INV002521,P0301,W02,86,45,2026-07-24
INV002522,P0712,W02,183,26,2026-07-22
INV002523,P0213,W04,242,82,2026-07-16
INV002524,P0681,W05,455,80,2026-07-29
INV002525,P0305,W07,242,50,2026-07-24
INV002526,P0531,W07,370,22,2026-07-01
INV002527,P0050,W04,398,36,2026-07-02
INV002528,P0385,W07,458,49,2026-07-03
INV002529,P0645,W08,410,79,2026-07-30
INV002530,P0117,W03,403,39,2026-07-31
INV002531,P0566,W01,152,56,2026-07-05
INV002532,P0287,W02,195,73,2026-07-28
INV002533,P0045,W08,87,96,2026-07-27
INV002534,P0736,W06,173,44,2026-07-25
INV002535,P0293,W06,250,64,2026-07-13
INV002536,P0543,W04,151,87,2026-07-06
INV002537,P0664,W03,228,81,2026-07-28
INV002538,P0540,W04,132,87,2026-07-09
INV002539,P0654,W04,102,47,2026-07-07
INV002540,P0413,W03,483,54,2026-07-31
INV002541,P0790,W01,406,20,2026-07-01
INV002542,P0102,W01,295,46,2026-07-18
INV002543,P0486,W07,345,30,2026-07-21
INV002544,P0678,W05,237,44,2026-07-31
INV002545,P0214,W03,443,36,2026-07-02
INV002546,P0686,W07,380,45,2026-07-21
INV002547,P0230,W06,337,48,2026-07-09
INV002548,P0108,W01,120,53,2026-07-24
INV002549,P0365,W06,489,64,2026-07-02
INV002550,P0110,W05,475,63,2026-07-07
INV002551,P0058,W08,339,100,2026-07-07
INV002552,P0772,W01,15,42,2026-07-05
INV002553,P0607,W01,27,76,2026-07-15
INV002554,P0249,W08,337,75,2026-07-11
INV002555,P0383,W06,18,56,2026-07-29
INV002556,P0314,W07,391,43,2026-07-06
INV002557,P0013,W04,204,97,2026-07-20
INV002558,P0606,W06,242,64,2026-07-08
INV002559,P0529,W01,474,42,2026-07-20
INV002560,P0599,W02,369,43,2026-07-21
INV002561,P0023,W03,267,26,2026-07-06
INV002562,P0073,W04,88,71,2026-07-09
INV002563,P0721,W01,40,33,2026-07-13
INV002564,P0428,W03,263,99,2026-07-25
INV002565,P0155,W08,293,50,2026-07-23
INV002566,P0064,W02,407,65,2026-07-31
INV002567,P0336,W06,16,79,2026-07-18
INV002568,P0790,W07,49,51,2026-07-22
INV002569,P0050,W06,262,66,2026-07-01
INV002570,P0689,W01,59,77,2026-07-14
INV002571,P0740,W03,475,24,2026-07-23
INV002572,P0598,W01,237,40,2026-07-29
INV002573,P0771,W08,466,89,2026-07-30
INV002574,P0002,W01,418,85,2026-07-26
INV002575,P0372,W03,174,92,2026-07-10
INV002576,P0421,W04,18,87,2026-07-29
INV002577,P0588,W07,156,75,2026-07-19
INV002578,P0387,W03,436,56,2026-07-28
INV002579,P0193,W05,56,50,2026-07-09
INV002580,P0636,W03,486,62,2026-07-12
INV002581,P0300,W06,292,67,2026-07-28
INV002582,P0181,W03,46,75,2026-07-24
INV002583,P0502,W03,66,51,2026-07-10
INV002584,P0032,W03,407,90,2026-07-15
INV002585,P0604,W06,234,44,2026-07-14
INV002586,P0245,W08,160,97,2026-07-19
INV002587,P0333,W04,68,54,2026-07-25
INV002588,P0759,W07,196,90,2026-07-19
INV002589,P0412,W08,195,29,2026-07-28
INV002590,P0222,W07,42,78,2026-07-08
INV002591,P0417,W07,172,52,2026-07-02
INV002592,P0646,W04,164,75,2026-07-25
INV002593,P0527,W08,384,58,2026-07-23
INV002594,P0138,W02,71,94,2026-07-23
INV002595,P0785,W04,8,57,2026-07-07
INV002596,P0089,W02,347,49,2026-07-02
INV002597,P0095,W03,395,29,2026-07-26
INV002598,P0365,W06,472,25,2026-07-02
INV002599,P0120,W08,323,93,2026-07-28
INV002600,P0168,W03,166,74,2026-07-14
INV002601,P0668,W05,39,87,2026-07-16
INV002602,P0272,W03,308,55,2026-07-23
INV002603,P0564,W01,194,55,2026-07-21
INV002604,P0782,W01,201,86,2026-07-25
INV002605,P0336,W01,452,100,2026-07-13
INV002606,P0710,W05,121,58,2026-07-21
INV002607,P0602,W06,308,81,2026-07-20
INV002608,P0364,W03,345,50,2026-07-05
INV002609,P0306,W08,35,31,2026-07-30
INV002610,P0279,W07,64,100,2026-07-27
INV002611,P0458,W08,73,20,2026-07-18
INV002612,P0690,W01,234,95,2026-07-26
INV002613,P0305,W04,163,67,2026-07-07
INV002614,P0560,W02,7,70,2026-07-14
INV002615,P0406,W02,90,90,2026-07-26
INV002616,P0108,W07,141,35,2026-07-08
INV002617,P0189,W01,290,70,2026-07-07
INV002618,P0649,W06,278,78,2026-07-31
INV002619,P0786,W03,426,29,2026-07-05
INV002620,P0633,W06,314,31,2026-07-31
INV002621,P0436,W01,428,49,2026-07-27
INV002622,P0582,W01,185,41,2026-07-04
INV002623,P0347,W03,190,80,2026-07-29
INV002624,P0304,W02,313,43,2026-07-05
INV002625,P0790,W02,160,45,2026-07-26
INV002626,P0274,W07,43,98,2026-07-03
INV002627,P0609,W08,269,78,2026-07-29
INV002628,P0337,W03,479,77,2026-07-07
INV002629,P0343,W07,91,46,2026-07-06
INV002630,P0398,W02,16,21,2026-07-06
INV002631,P0481,W01,102,35,2026-07-23
INV002632,P0313,W05,383,40,2026-07-12
INV002633,P0782,W02,29,34,2026-07-22
INV002634,P0090,W01,416,96,2026-07-25
INV002635,P0010,W01,447,66,2026-07-07
INV002636,P0641,W08,24,92,2026-07-17
INV002637,P0685,W07,345,35,2026-07-25
INV002638,P0491,W03,367,97,2026-07-06
INV002639,P0793,W04,70,36,2026-07-21
INV002640,P0594,W04,388,82,2026-07-10
INV002641,P0431,W02,88,41,2026-07-01
INV002642,P0473,W01,231,46,2026-07-03
INV002643,P0638,W08,33,81,2026-07-11
INV002644,P0723,W08,203,43,2026-07-17
INV002645,P0221,W08,309,68,2026-07-16
INV002646,P0370,W07,204,48,2026-07-23
INV002647,P0466,W07,120,77,2026-07-07
INV002648,P0800,W04,446,62,2026-07-31
INV002649,P0260,W08,72,55,2026-07-01
INV002650,P0068,W02,184,99,2026-07-23
INV002651,P0634,W02,4,91,2026-07-22
INV002652,P0346,W07,382,88,2026-07-25
INV002653,P0529,W07,470,34,2026-07-11
INV002654,P0380,W06,407,44,2026-07-11
INV002655,P0078,W04,165,93,2026-07-06
INV002656,P0062,W08,202,73,2026-07-16
INV002657,P0609,W07,260,52,2026-07-05
INV002658,P0507,W06,383,91,2026-07-26
INV002659,P0300,W07,397,70,2026-07-21
INV002660,P0131,W04,155,54,2026-07-20
INV002661,P0405,W03,68,78,2026-07-18
INV002662,P0483,W07,439,30,2026-07-25
INV002663,P0534,W08,3,64,2026-07-16
INV002664,P0031,W02,31,94,2026-07-03
INV002665,P0213,W05,404,45,2026-07-26
INV002666,P0311,W03,299,73,2026-07-14
INV002667,P0317,W04,48,39,2026-07-04
INV002668,P0516,W06,57,87,2026-07-05
INV002669,P0090,W07,135,38,2026-07-02
INV002670,P0012,W01,309,20,2026-07-19
INV002671,P0552,W08,344,88,2026-07-13
INV002672,P0614,W08,81,88,2026-07-26
INV002673,P0005,W06,231,87,2026-07-22
INV002674,P0117,W01,50,20,2026-07-08
INV002675,P0379,W04,456,27,2026-07-09
INV002676,P0540,W05,245,72,2026-07-19
INV002677,P0511,W04,307,81,2026-07-04
INV002678,P0415,W05,248,99,2026-07-26
INV002679,P0740,W01,318,83,2026-07-10
INV002680,P0146,W03,125,66,2026-07-02
INV002681,P0170,W02,99,100,2026-07-20
INV002682,P0231,W01,95,47,2026-07-19
INV002683,P0165,W02,152,92,2026-07-14
INV002684,P0475,W04,467,47,2026-07-31
INV002685,P0090,W01,206,22,2026-07-01
INV002686,P0597,W07,79,31,2026-07-12
INV002687,P0597,W05,387,89,2026-07-02
INV002688,P0329,W07,405,95,2026-07-04
INV002689,P0669,W06,193,50,2026-07-19
INV002690,P0781,W04,415,84,2026-07-21
INV002691,P0421,W06,54,70,2026-07-02
INV002692,P0263,W07,295,34,2026-07-06
INV002693,P0628,W01,219,62,2026-07-31
INV002694,P0716,W03,277,43,2026-07-04
INV002695,P0102,W04,180,99,2026-07-04
INV002696,P0645,W07,53,44,2026-07-13
INV002697,P0789,W06,250,21,2026-07-30
INV002698,P0331,W05,356,90,2026-07-06
INV002699,P0705,W03,313,86,2026-07-09
INV002700,P0465,W04,175,21,2026-07-04
INV002701,P0418,W04,308,50,2026-07-07
INV002702,P0664,W07,51,61,2026-07-19
INV002703,P0048,W08,92,75,2026-07-14
INV002704,P0662,W08,35,72,2026-07-05
INV002705,P0687,W06,197,39,2026-07-13
INV002706,P0444,W06,245,88,2026-07-28
INV002707,P0106,W07,188,78,2026-07-26
INV002708,P0289,W06,409,85,2026-07-01
INV002709,P0150,W03,424,55,2026-07-02
INV002710,P0748,W03,351,32,2026-07-02
INV002711,P0085,W03,97,79,2026-07-02
INV002712,P0155,W07,488,70,2026-07-19
INV002713,P0691,W02,444,96,2026-07-29
INV002714,P0119,W06,249,41,2026-07-13
INV002715,P0349,W03,483,32,2026-07-23
INV002716,P0213,W07,176,40,2026-07-24
INV002717,P0270,W04,290,58,2026-07-07
INV002718,P0341,W07,494,89,2026-07-21
INV002719,P0260,W01,19,71,2026-07-25
INV002720,P0723,W06,361,88,2026-07-13
INV002721,P0079,W06,424,84,2026-07-09
INV002722,P0787,W04,174,91,2026-07-27
INV002723,P0669,W02,157,99,2026-07-28
INV002724,P0065,W03,150,46,2026-07-30
INV002725,P0447,W08,181,91,2026-07-02
INV002726,P0045,W07,211,40,2026-07-06
INV002727,P0500,W08,43,39,2026-07-04
INV002728,P0011,W03,464,26,2026-07-21
INV002729,P0501,W05,125,36,2026-07-26
INV002730,P0092,W01,175,75,2026-07-20
INV002731,P0722,W01,441,35,2026-07-25
INV002732,P0454,W02,204,54,2026-07-12
INV002733,P0279,W05,60,32,2026-07-23
INV002734,P0184,W06,36,77,2026-07-07
INV002735,P0769,W05,43,82,2026-07-12
INV002736,P0031,W03,500,38,2026-07-16
INV002737,P0558,W04,340,33,2026-07-04
INV002738,P0399,W06,74,51,2026-07-30
INV002739,P0374,W04,288,41,2026-07-21
INV002740,P0175,W01,297,27,2026-07-08
INV002741,P0166,W05,31,23,2026-07-15
INV002742,P0169,W02,68,33,2026-07-17
INV002743,P0463,W06,149,42,2026-07-16
INV002744,P0002,W03,11,95,2026-07-29
INV002745,P0307,W06,175,78,2026-07-09
INV002746,P0715,W07,100,99,2026-07-19
INV002747,P0022,W05,390,50,2026-07-24
INV002748,P0232,W02,344,74,2026-07-18
INV002749,P0149,W01,234,76,2026-07-17
INV002750,P0378,W03,409,77,2026-07-11
INV002751,P0255,W03,380,24,2026-07-13
INV002752,P0658,W02,422,44,2026-07-10
INV002753,P0124,W03,360,78,2026-07-04
INV002754,P0196,W04,289,78,2026-07-22
INV002755,P0266,W06,16,40,2026-07-04
INV002756,P0297,W06,121,33,2026-07-03
INV002757,P0378,W08,152,98,2026-07-16
INV002758,P0569,W07,406,73,2026-07-31
INV002759,P0290,W04,313,33,2026-07-07
INV002760,P0190,W07,36,56,2026-07-12
INV002761,P0346,W01,307,41,2026-07-11
INV002762,P0284,W01,269,49,2026-07-10
INV002763,P0357,W02,75,92,2026-07-04
INV002764,P0668,W06,434,89,2026-07-21
INV002765,P0484,W01,310,63,2026-07-06
INV002766,P0442,W04,193,43,2026-07-15
INV002767,P0280,W03,70,61,2026-07-18
INV002768,P0323,W04,295,73,2026-07-08
INV002769,P0350,W01,79,94,2026-07-19
INV002770,P0543,W04,348,63,2026-07-11
INV002771,P0492,W01,322,87,2026-07-29
INV002772,P0687,W08,466,53,2026-07-15
INV002773,P0422,W06,487,37,2026-07-17
INV002774,P0409,W04,350,89,2026-07-29
INV002775,P0266,W04,81,55,2026-07-16
INV002776,P0657,W07,46,28,2026-07-10
INV002777,P0232,W05,113,85,2026-07-08
INV002778,P0244,W06,13,72,2026-07-17
INV002779,P0582,W08,345,55,2026-07-10
INV002780,P0690,W05,217,91,2026-07-22
INV002781,P0787,W08,63,77,2026-07-09
INV002782,P0621,W01,314,61,2026-07-28
INV002783,P0324,W03,313,89,2026-07-01
INV002784,P0461,W02,250,99,2026-07-14
INV002785,P0722,W06,104,43,2026-07-03
INV002786,P0449,W01,301,34,2026-07-04
INV002787,P0506,W08,331,89,2026-07-14
INV002788,P0766,W05,308,70,2026-07-10
INV002789,P0749,W07,378,61,2026-07-17
INV002790,P0679,W05,309,38,2026-07-03
INV002791,P0690,W05,253,67,2026-07-18
INV002792,P0329,W08,30,52,2026-07-01
INV002793,P0590,W03,202,55,2026-07-21
INV002794,P0215,W07,315,24,2026-07-05
INV002795,P0734,W06,409,86,2026-07-11
INV002796,P0797,W06,448,43,2026-07-12
INV002797,P0065,W07,60,38,2026-07-27
INV002798,P0596,W06,453,56,2026-07-01
INV002799,P0091,W08,310,67,2026-07-12
INV002800,P0581,W04,130,44,2026-07-16
INV002801,P0046,W03,147,28,2026-07-02
INV002802,P0360,W03,259,50,2026-07-12
INV002803,P0628,W07,369,51,2026-07-07
INV002804,P0061,W01,467,49,2026-07-31
INV002805,P0452,W05,60,83,2026-07-06
INV002806,P0491,W02,128,81,2026-07-15
INV002807,P0564,W01,316,70,2026-07-01
INV002808,P0191,W01,38,65,2026-07-18
INV002809,P0112,W03,323,86,2026-07-26
INV002810,P0483,W01,150,77,2026-07-31
INV002811,P0592,W04,65,22,2026-07-23
INV002812,P0017,W03,375,55,2026-07-05
INV002813,P0438,W04,471,70,2026-07-08
INV002814,P0185,W07,36,86,2026-07-09
INV002815,P0472,W07,383,21,2026-07-13
INV002816,P0610,W04,254,33,2026-07-23
INV002817,P0738,W03,52,90,2026-07-08
INV002818,P0325,W04,276,55,2026-07-04
INV002819,P0179,W08,112,35,2026-07-01
INV002820,P0425,W04,287,32,2026-07-25
INV002821,P0339,W02,265,20,2026-07-23
INV002822,P0789,W05,301,75,2026-07-07
INV002823,P0485,W08,21,41,2026-07-16
INV002824,P0049,W01,323,42,2026-07-04
INV002825,P0794,W01,14,63,2026-07-18
INV002826,P0031,W03,199,40,2026-07-14
INV002827,P0417,W06,212,91,2026-07-02
INV002828,P0292,W03,278,65,2026-07-01
INV002829,P0207,W06,442,48,2026-07-14
INV002830,P0484,W02,233,69,2026-07-11
INV002831,P0216,W05,243,49,2026-07-17
INV002832,P0250,W06,90,33,2026-07-25
INV002833,P0303,W02,432,87,2026-07-21
INV002834,P0033,W05,354,79,2026-07-04
INV002835,P0527,W04,12,49,2026-07-23
INV002836,P0706,W02,17,33,2026-07-03
INV002837,P0800,W03,237,53,2026-07-16
INV002838,P0036,W06,148,27,2026-07-22
INV002839,P0617,W06,323,70,2026-07-15
INV002840,P0041,W07,376,43,2026-07-03
INV002841,P0382,W05,128,70,2026-07-27
INV002842,P0749,W05,439,81,2026-07-20
INV002843,P0781,W08,463,71,2026-07-04
INV002844,P0559,W06,245,100,2026-07-10
INV002845,P0248,W07,209,36,2026-07-12
INV002846,P0051,W03,390,84,2026-07-09
INV002847,P0781,W06,44,89,2026-07-21
INV002848,P0776,W02,258,63,2026-07-27
INV002849,P0246,W02,334,42,2026-07-09
INV002850,P0251,W04,44,33,2026-07-09
INV002851,P0110,W01,21,96,2026-07-23
INV002852,P0354,W08,271,40,2026-07-24
INV002853,P0595,W05,382,31,2026-07-23
INV002854,P0779,W08,207,60,2026-07-23
INV002855,P0241,W01,336,53,2026-07-17
INV002856,P0168,W08,355,37,2026-07-03
INV002857,P0345,W06,23,44,2026-07-19
INV002858,P0654,W07,359,84,2026-07-23
INV002859,P0028,W02,35,72,2026-07-18
INV002860,P0151,W02,276,78,2026-07-09
INV002861,P0038,W07,377,52,2026-07-19
INV002862,P0159,W03,20,77,2026-07-08
INV002863,P0383,W06,201,36,2026-07-02
INV002864,P0135,W03,299,52,2026-07-19
INV002865,P0290,W06,494,32,2026-07-07
INV002866,P0648,W02,484,96,2026-07-30
INV002867,P0556,W05,340,87,2026-07-25
INV002868,P0317,W08,451,100,2026-07-23
INV002869,P0694,W01,361,80,2026-07-03
INV002870,P0723,W08,123,22,2026-07-22
INV002871,P0188,W02,182,71,2026-07-24
INV002872,P0031,W02,104,95,2026-07-19
INV002873,P0262,W08,207,63,2026-07-20
INV002874,P0522,W05,179,78,2026-07-13
INV002875,P0165,W02,359,100,2026-07-02
INV002876,P0670,W06,81,23,2026-07-14
INV002877,P0550,W02,438,21,2026-07-30
INV002878,P0729,W07,301,73,2026-07-04
INV002879,P0200,W08,394,51,2026-07-22
INV002880,P0740,W05,115,61,2026-07-26
INV002881,P0491,W02,356,31,2026-07-26
INV002882,P0022,W03,383,49,2026-07-10
INV002883,P0449,W08,352,26,2026-07-09
INV002884,P0482,W03,340,93,2026-07-02
INV002885,P0168,W04,402,86,2026-07-18
INV002886,P0100,W04,290,47,2026-07-15
INV002887,P0137,W02,285,82,2026-07-13
INV002888,P0256,W03,442,39,2026-07-29
INV002889,P0669,W02,438,26,2026-07-17
INV002890,P0761,W02,439,55,2026-07-31
INV002891,P0269,W01,425,96,2026-07-27
INV002892,P0220,W01,211,92,2026-07-31
INV002893,P0704,W05,279,42,2026-07-26
INV002894,P0495,W03,340,30,2026-07-09
INV002895,P0519,W05,198,50,2026-07-10
INV002896,P0408,W03,230,80,2026-07-03
INV002897,P0261,W03,179,58,2026-07-29
INV002898,P0792,W07,348,51,2026-07-08
INV002899,P0053,W08,64,80,2026-07-21
INV002900,P0218,W02,68,63,2026-07-14
INV002901,P0583,W07,197,32,2026-07-23
INV002902,P0293,W07,457,97,2026-07-29
INV002903,P0365,W07,56,52,2026-07-31
INV002904,P0169,W07,414,73,2026-07-21
INV002905,P0749,W01,461,60,2026-07-08
INV002906,P0193,W03,369,21,2026-07-07
INV002907,P0226,W01,8,96,2026-07-18
INV002908,P0609,W04,301,71,2026-07-26
INV002909,P0117,W06,248,59,2026-07-10
INV002910,P0229,W05,64,90,2026-07-17
INV002911,P0097,W02,261,59,2026-07-29
INV002912,P0409,W03,299,84,2026-07-23
INV002913,P0747,W03,7,34,2026-07-02
INV002914,P0503,W03,91,88,2026-07-15
INV002915,P0119,W02,211,56,2026-07-17
INV002916,P0529,W08,281,97,2026-07-18
INV002917,P0239,W04,330,82,2026-07-08
INV002918,P0790,W03,15,43,2026-07-12
INV002919,P0216,W06,118,98,2026-07-31
INV002920,P0425,W06,384,56,2026-07-01
INV002921,P0178,W08,457,88,2026-07-14
INV002922,P0338,W07,21,83,2026-07-09
INV002923,P0076,W07,274,86,2026-07-03
INV002924,P0648,W02,117,56,2026-07-14
INV002925,P0577,W05,45,99,2026-07-25
INV002926,P0568,W06,188,45,2026-07-17
INV002927,P0587,W04,414,32,2026-07-22
INV002928,P0665,W08,175,27,2026-07-21
INV002929,P0014,W06,209,100,2026-07-03
INV002930,P0265,W01,500,29,2026-07-19
INV002931,P0218,W05,103,57,2026-07-20
INV002932,P0245,W08,471,30,2026-07-08
INV002933,P0770,W05,153,50,2026-07-19
INV002934,P0120,W06,338,96,2026-07-07
INV002935,P0664,W07,255,65,2026-07-08
INV002936,P0363,W05,480,75,2026-07-10
INV002937,P0327,W08,182,43,2026-07-23
INV002938,P0440,W03,455,35,2026-07-28
INV002939,P0774,W04,469,47,2026-07-25
INV002940,P0568,W08,384,99,2026-07-13
INV002941,P0008,W03,5,59,2026-07-04
INV002942,P0331,W06,328,87,2026-07-08
INV002943,P0776,W01,57,96,2026-07-28
INV002944,P0099,W07,151,75,2026-07-08
INV002945,P0128,W03,32,39,2026-07-18
INV002946,P0255,W04,457,30,2026-07-31
INV002947,P0002,W01,331,70,2026-07-26
INV002948,P0603,W03,300,60,2026-07-31
INV002949,P0120,W03,473,54,2026-07-22
INV002950,P0665,W01,303,42,2026-07-21
INV002951,P0695,W02,267,97,2026-07-31
INV002952,P0793,W01,31,23,2026-07-19
INV002953,P0069,W04,395,36,2026-07-12
INV002954,P0196,W02,410,33,2026-07-05
INV002955,P0603,W01,354,52,2026-07-15
INV002956,P0706,W03,452,79,2026-07-24
INV002957,P0014,W01,122,33,2026-07-26
INV002958,P0776,W06,37,44,2026-07-28
INV002959,P0176,W06,342,23,2026-07-27
INV002960,P0372,W04,436,23,2026-07-08
INV002961,P0265,W07,172,85,2026-07-11
INV002962,P0374,W06,383,23,2026-07-25
INV002963,P0184,W05,119,75,2026-07-02
INV002964,P0316,W02,52,24,2026-07-08
INV002965,P0453,W05,21,91,2026-07-14
INV002966,P0799,W01,409,26,2026-07-10
INV002967,P0652,W06,63,37,2026-07-31
INV002968,P0397,W07,137,96,2026-07-16
INV002969,P0569,W05,155,48,2026-07-16
INV002970,P0743,W07,433,34,2026-07-02
INV002971,P0595,W03,186,92,2026-07-09
INV002972,P0293,W06,80,88,2026-07-26
INV002973,P0454,W02,137,86,2026-07-17
INV002974,P0075,W04,152,32,2026-07-12
INV002975,P0499,W02,313,37,2026-07-19
INV002976,P0083,W03,216,91,2026-07-09
INV002977,P0502,W02,198,100,2026-07-16
INV002978,P0107,W02,19,25,2026-07-15
INV002979,P0630,W06,39,93,2026-07-06
INV002980,P0785,W02,275,27,2026-07-09
INV002981,P0245,W07,298,40,2026-07-21
INV002982,P0502,W02,228,75,2026-07-19
INV002983,P0202,W05,111,34,2026-07-29
INV002984,P0490,W06,72,48,2026-07-02
INV002985,P0206,W06,342,39,2026-07-14
INV002986,P0713,W01,95,55,2026-07-17
INV002987,P0442,W07,208,50,2026-07-22
INV002988,P0356,W08,100,59,2026-07-25
INV002989,P0751,W07,73,49,2026-07-06
INV002990,P0690,W02,202,87,2026-07-31
INV002991,P0174,W05,471,32,2026-07-19
INV002992,P0452,W06,127,47,2026-07-29
INV002993,P0141,W05,16,94,2026-07-31
INV002994,P0227,W05,73,51,2026-07-12
INV002995,P0031,W04,117,44,2026-07-14
INV002996,P0334,W07,140,31,2026-07-18
INV002997,P0128,W07,494,39,2026-07-07
INV002998,P0006,W03,231,25,2026-07-16
INV002999,P0524,W07,272,96,2026-07-03
INV003000,P0045,W01,286,79,2026-07-06
