transaction_id,store_id,product_id,customer_id,quantity,unit_price,transaction_date,payment_method
T000001,S002,P0679,C00304,5,4970.26,2026-04-19 05:21:00,Card
T000002,S022,P0136,C01008,1,9081.55,2026-03-11 03:08:00,UPI
T000003,S022,P0401,C01960,5,8837.96,2026-05-14 12:53:00,Wallet
T000004,S021,P0025,C01583,4,4622.76,2026-02-02 07:13:00,Wallet
T000005,S005,P0210,C01374,2,8500.3,2026-04-13 21:07:00,Card
T000006,S004,P0204,C02802,4,951.33,2026-01-15 07:28:00,Cash
T000007,S005,P0600,C00637,1,8512.12,2026-04-11 06:16:00,Wallet
T000008,S021,P0652,C02117,3,6896.92,2026-05-24 20:39:00,Cash
T000009,S003,P0425,C00904,4,7476.59,2026-01-20 23:38:00,UPI
T000010,S010,P0293,C00624,5,9576.2,2026-04-30 16:17:00,Card
T000011,S024,P0023,C00165,1,7075.84,2026-03-22 22:16:00,Card
T000012,S019,P0465,C01379,2,856.68,2026-06-14 13:49:00,Card
T000013,S007,P0250,C02880,1,9100.39,2026-04-08 05:37:00,Card
T000014,S020,P0266,C01792,3,4596.66,2026-01-14 12:40:00,Wallet
T000015,S005,P0390,C02510,2,1923.02,2026-06-15 14:28:00,Wallet
T000016,S004,P0774,C02193,3,1562.02,2026-02-19 09:12:00,Wallet
T000017,S022,P0675,C02269,2,8934.69,2026-01-28 03:33:00,Wallet
T000018,S003,P0423,C01403,5,805.35,2026-01-20 12:22:00,Cash
T000019,S002,P0216,C02146,2,304.99,2026-06-04 11:27:00,UPI
T000020,S013,P0101,C01126,1,8805.39,2026-01-08 08:10:00,Cash
T000021,S013,P0168,C02869,4,3315.66,2026-03-14 05:33:00,Cash
T000022,S008,P0189,C01766,4,2622.12,2026-05-19 03:38:00,Cash
T000023,S006,P0066,C00592,4,5076.41,2026-01-17 07:13:00,Cash
T000024,S008,P0324,C01415,2,6142.41,2026-06-02 00:22:00,Wallet
T000025,S011,P0375,C02756,4,1939.64,2026-03-21 06:24:00,Wallet
T000026,S009,P0629,C01923,4,6100.1,2026-05-22 06:53:00,Wallet
T000027,S014,P0524,C01203,5,5664.21,2026-06-13 01:06:00,Card
T000028,S010,P0169,C01142,5,8645.46,2026-03-03 09:11:00,Cash
T000029,S014,P0124,C00089,3,9076.76,2026-01-22 19:27:00,Card
T000030,S019,P0323,C00024,4,7277.23,2026-05-25 01:31:00,Card
T000031,S013,P0582,C01716,3,1360.43,2026-05-25 16:30:00,Cash
T000032,S014,P0113,C00586,1,3582.38,2026-01-12 01:38:00,Card
T000033,S023,P0769,C01833,4,4342.42,2026-03-22 03:10:00,Wallet
T000034,S024,P0184,C02447,2,1570.2,2026-03-21 00:17:00,Cash
T000035,S015,P0720,C00090,5,8925.71,2026-04-02 09:38:00,Card
T000036,S005,P0264,C02806,3,7171.07,2026-04-12 17:04:00,UPI
T000037,S010,P0135,C02358,1,9762.67,2026-02-19 10:44:00,Wallet
T000038,S006,P0673,C01521,1,7405.45,2026-04-11 12:08:00,Card
T000039,S015,P0201,C01199,4,236.37,2026-02-03 23:59:00,UPI
T000040,S024,P0294,C01413,4,5075.12,2026-06-22 03:19:00,Wallet
T000041,S017,P0141,C01531,1,9316.54,2026-03-26 13:54:00,Cash
T000042,S015,P0715,C02685,1,962.59,2026-05-09 03:26:00,UPI
T000043,S017,P0209,C00943,5,3404.12,2026-05-09 05:07:00,Card
T000044,S018,P0096,C01199,4,8076.83,2026-01-07 20:02:00,Card
T000045,S015,P0793,C00996,2,3714.92,2026-04-08 16:16:00,Card
T000046,S023,P0711,C00230,5,1928.92,2026-05-31 01:16:00,Cash
T000047,S016,P0325,C00263,4,9797.44,2026-03-16 05:30:00,Wallet
T000048,S001,P0785,C02990,4,9579.4,2026-02-08 23:17:00,Wallet
T000049,S022,P0202,C01668,2,8603.22,2026-04-29 02:41:00,Card
T000050,S001,P0533,C01747,2,9271.54,2026-06-10 03:11:00,UPI
T000051,S001,P0069,C00567,2,2943.82,2026-03-01 07:21:00,UPI
T000052,S010,P0738,C02769,5,9853.09,2026-06-24 22:19:00,Cash
T000053,S025,P0130,C01589,3,7163.28,2026-02-06 05:29:00,Card
T000054,S015,P0210,C00871,4,8500.3,2026-05-09 17:37:00,Wallet
T000055,S023,P0024,C02087,2,3347.34,2026-06-05 22:14:00,Wallet
T000056,S023,P0511,C02965,1,791.85,2026-05-14 11:39:00,Card
T000057,S021,P0391,C00036,3,828.94,2026-04-25 04:28:00,Cash
T000058,S020,P0622,C01172,4,8024.08,2026-03-28 09:55:00,Card
T000059,S014,P0025,C02304,3,4622.76,2026-04-03 21:16:00,Cash
T000060,S004,P0582,C02930,1,1360.43,2026-04-21 01:21:00,Card
T000061,S012,P0150,C01072,5,2899.96,2026-06-24 13:13:00,UPI
T000062,S002,P0578,C00882,3,6474.47,2026-03-03 07:07:00,UPI
T000063,S010,P0080,C00444,3,7488.69,2026-06-06 20:42:00,Wallet
T000064,S017,P0113,C01947,3,3582.38,2026-01-20 05:12:00,UPI
T000065,S017,P0554,C00200,2,4902.42,2026-05-26 21:25:00,UPI
T000066,S002,P0293,C01046,1,9576.2,2026-05-08 03:19:00,Cash
T000067,S003,P0063,C01114,2,9858.07,2026-01-04 04:52:00,Cash
T000068,S011,P0416,C01577,5,4705.01,2026-03-21 18:40:00,UPI
T000069,S007,P0704,C00875,3,4131.24,2026-01-23 17:01:00,UPI
T000070,S016,P0282,C02110,2,119.65,2026-01-25 15:31:00,Cash
T000071,S017,P0470,C01310,3,205.3,2026-03-22 05:47:00,UPI
T000072,S021,P0202,C00173,5,8603.22,2026-03-17 05:30:00,UPI
T000073,S011,P0106,C01652,5,176.87,2026-01-18 09:33:00,Wallet
T000074,S016,P0289,C01833,1,9583.99,2026-05-28 12:24:00,Wallet
T000075,S003,P0563,C01075,1,6057.9,2026-04-01 03:02:00,UPI
T000076,S013,P0159,C01895,1,8365.04,2026-01-19 06:06:00,Card
T000077,S014,P0496,C02875,1,9815.02,2026-04-28 08:48:00,UPI
T000078,S013,P0110,C01499,5,8676.8,2026-05-02 08:44:00,Wallet
T000079,S003,P0530,C01731,1,9327.08,2026-04-24 22:11:00,Wallet
T000080,S019,P0395,C01797,3,3463.19,2026-02-05 04:13:00,Card
T000081,S014,P0680,C00816,2,4165.12,2026-05-26 16:39:00,UPI
T000082,S001,P0488,C00171,3,9348.84,2026-01-11 12:24:00,Cash
T000083,S007,P0550,C00850,3,2666.58,2026-03-15 13:41:00,Cash
T000084,S003,P0366,C02637,5,6806.89,2026-04-15 21:09:00,Cash
T000085,S023,P0433,C01341,4,4344.05,2026-06-24 04:24:00,Card
T000086,S012,P0559,C01514,2,3769.77,2026-04-23 12:31:00,Card
T000087,S025,P0254,C02370,5,7277.48,2026-05-12 21:19:00,Card
T000088,S013,P0290,C00653,4,8671.94,2026-03-22 12:45:00,Card
T000089,S011,P0097,C01918,4,1527.35,2026-01-22 23:17:00,UPI
T000090,S018,P0069,C02791,3,2943.82,2026-04-16 17:16:00,Cash
T000091,S016,P0436,C01753,5,5047.02,2026-04-26 08:58:00,Card
T000092,S005,P0005,C00830,1,6938.1,2026-06-24 01:27:00,Cash
T000093,S006,P0210,C00646,4,8500.3,2026-06-08 21:58:00,Wallet
T000094,S019,P0773,C01574,4,8629.97,2026-01-15 08:21:00,Card
T000095,S021,P0262,C01298,1,9830.21,2026-06-29 19:08:00,Cash
T000096,S006,P0757,C02909,1,4855.21,2026-01-03 05:16:00,Cash
T000097,S010,P0129,C02122,3,8288.85,2026-01-27 09:55:00,Wallet
T000098,S018,P0110,C00978,1,8676.8,2026-04-07 05:24:00,Wallet
T000099,S019,P0196,C00032,5,4393.61,2026-05-26 13:37:00,Wallet
T000100,S021,P0129,C02958,1,8288.85,2026-01-19 07:36:00,Wallet
T000101,S023,P0784,C00917,5,2111.47,2026-04-10 15:46:00,Card
T000102,S015,P0496,C01947,4,9815.02,2026-06-21 03:11:00,UPI
T000103,S005,P0124,C02054,3,9076.76,2026-03-31 15:54:00,Cash
T000104,S021,P0132,C02840,4,8576.74,2026-04-30 21:55:00,Wallet
T000105,S002,P0204,C00005,5,951.33,2026-05-17 15:52:00,UPI
T000106,S003,P0454,C00340,2,2095.86,2026-01-28 02:55:00,UPI
T000107,S005,P0145,C02935,3,2675.89,2026-02-16 03:41:00,Card
T000108,S016,P0303,C02766,3,9525.43,2026-04-12 14:47:00,Card
T000109,S024,P0695,C00213,3,4398.85,2026-02-21 13:42:00,Wallet
T000110,S016,P0709,C02713,4,104.31,2026-03-26 02:12:00,UPI
T000111,S004,P0776,C02536,4,994.43,2026-03-23 11:41:00,Wallet
T000112,S023,P0111,C01541,3,9271.32,2026-06-04 16:35:00,Wallet
T000113,S025,P0359,C01634,4,2458.76,2026-02-24 23:58:00,Wallet
T000114,S020,P0417,C01213,1,4565.4,2026-05-02 03:54:00,Wallet
T000115,S010,P0537,C00961,2,1254.63,2026-03-13 15:30:00,Cash
T000116,S023,P0017,C00072,5,9248.9,2026-01-10 18:36:00,Cash
T000117,S005,P0156,C00662,3,502.84,2026-02-09 16:02:00,Wallet
T000118,S007,P0699,C02919,3,2063.28,2026-02-07 21:51:00,Wallet
T000119,S005,P0640,C00821,2,3850.52,2026-02-24 10:55:00,UPI
T000120,S008,P0594,C00312,3,9238.26,2026-05-26 01:04:00,UPI
T000121,S023,P0470,C00088,3,205.3,2026-06-03 12:58:00,Cash
T000122,S014,P0490,C02752,2,1817.85,2026-01-16 12:20:00,UPI
T000123,S016,P0781,C00468,3,5370.5,2026-04-21 16:09:00,UPI
T000124,S024,P0085,C01347,1,7989.74,2026-02-24 01:50:00,UPI
T000125,S023,P0045,C00284,4,3896.94,2026-02-24 00:46:00,Card
T000126,S017,P0430,C00037,1,2345.57,2026-06-25 14:26:00,UPI
T000127,S018,P0138,C01644,3,9745.55,2026-03-11 08:36:00,Card
T000128,S011,P0686,C01072,4,8846.41,2026-06-12 06:00:00,Wallet
T000129,S011,P0570,C00833,2,1364.83,2026-01-22 04:50:00,Cash
T000130,S012,P0520,C02050,2,7626.21,2026-01-18 09:20:00,Wallet
T000131,S004,P0092,C02459,2,4028.26,2026-04-14 02:47:00,Cash
T000132,S019,P0585,C01651,4,7994.43,2026-03-18 15:24:00,UPI
T000133,S023,P0259,C01575,2,7345.66,2026-04-18 17:54:00,Wallet
T000134,S022,P0649,C01587,3,9469.45,2026-02-24 22:51:00,Card
T000135,S003,P0160,C00094,2,5876.12,2026-03-08 06:16:00,Wallet
T000136,S014,P0710,C00569,4,4772.38,2026-01-14 03:09:00,Cash
T000137,S010,P0150,C02124,2,2899.96,2026-04-20 11:40:00,Wallet
T000138,S019,P0552,C01365,3,947.5,2026-03-18 05:36:00,Card
T000139,S010,P0738,C02041,2,9853.09,2026-02-20 11:55:00,UPI
T000140,S001,P0041,C00141,2,7624.7,2026-04-18 16:26:00,Wallet
T000141,S010,P0681,C00204,1,7716.53,2026-05-02 18:16:00,Wallet
T000142,S019,P0018,C01310,1,7010.52,2026-06-26 05:29:00,UPI
T000143,S007,P0573,C01385,3,1786.29,2026-06-28 14:54:00,Card
T000144,S021,P0508,C00470,4,2136.59,2026-04-01 23:39:00,Card
T000145,S008,P0748,C00234,2,3169.59,2026-05-27 13:16:00,Cash
T000146,S013,P0431,C02685,2,5205.67,2026-01-03 19:08:00,Card
T000147,S002,P0014,C00367,1,5097.6,2026-06-02 06:46:00,UPI
T000148,S020,P0604,C00215,5,6814.35,2026-01-20 22:47:00,Card
T000149,S017,P0068,C02266,4,6389.9,2026-05-29 21:02:00,UPI
T000150,S018,P0745,C00015,3,9030.46,2026-02-07 11:03:00,UPI
T000151,S011,P0178,C02158,2,5673.27,2026-06-20 10:48:00,Cash
T000152,S020,P0067,C01373,5,3696.01,2026-01-04 05:08:00,Card
T000153,S020,P0640,C02798,1,3850.52,2026-04-28 05:02:00,Card
T000154,S021,P0051,C01076,2,3973.71,2026-05-08 10:48:00,Wallet
T000155,S008,P0428,C01740,1,9462.57,2026-01-30 23:00:00,Wallet
T000156,S021,P0404,C00698,5,8557.91,2026-04-15 08:58:00,UPI
T000157,S005,P0525,C00338,2,1451.9,2026-05-14 00:07:00,Wallet
T000158,S025,P0533,C00274,3,9271.54,2026-04-26 04:17:00,Cash
T000159,S025,P0799,C01880,3,206.59,2026-06-12 15:20:00,Wallet
T000160,S003,P0004,C01424,2,1339.91,2026-06-13 19:44:00,UPI
T000161,S007,P0038,C01429,5,393.26,2026-01-25 01:14:00,Card
T000162,S016,P0009,C02511,4,3085.29,2026-02-25 06:24:00,Card
T000163,S017,P0620,C01835,5,7558.73,2026-04-18 23:46:00,Cash
T000164,S019,P0143,C00388,5,3093.82,2026-05-20 05:40:00,UPI
T000165,S022,P0765,C01264,2,1777.63,2026-06-03 12:53:00,Wallet
T000166,S014,P0621,C00954,4,8632.83,2026-02-25 11:52:00,Cash
T000167,S013,P0664,C00118,1,4113.17,2026-02-23 06:31:00,Wallet
T000168,S017,P0438,C01962,1,3327.19,2026-06-23 19:41:00,Wallet
T000169,S022,P0491,C01631,2,3951.95,2026-01-04 12:38:00,Card
T000170,S018,P0419,C00968,4,343.71,2026-04-04 00:33:00,Cash
T000171,S025,P0026,C00360,4,5582.77,2026-03-19 10:28:00,Card
T000172,S019,P0471,C01645,2,6734.93,2026-05-09 04:15:00,Card
T000173,S014,P0189,C01742,4,2622.12,2026-06-29 17:02:00,Wallet
T000174,S001,P0528,C02831,5,3900.97,2026-06-16 15:33:00,Card
T000175,S003,P0459,C02637,4,4208.02,2026-04-16 14:00:00,Wallet
T000176,S018,P0333,C00693,2,9722.19,2026-04-01 12:01:00,UPI
T000177,S019,P0475,C01194,5,3011.03,2026-05-19 14:32:00,Card
T000178,S004,P0326,C02317,5,6655.54,2026-05-14 11:27:00,Card
T000179,S016,P0332,C01399,5,8935.46,2026-01-30 06:00:00,Wallet
T000180,S011,P0477,C00624,4,4461.51,2026-04-28 14:37:00,Wallet
T000181,S018,P0390,C01214,1,1923.02,2026-04-06 06:02:00,Card
T000182,S001,P0571,C01513,5,1762.72,2026-05-22 20:18:00,Cash
T000183,S004,P0031,C00297,3,739.63,2026-02-11 18:31:00,Wallet
T000184,S016,P0112,C01588,3,8260.57,2026-04-22 13:01:00,Card
T000185,S019,P0586,C00287,2,1154.2,2026-03-14 22:30:00,Cash
T000186,S018,P0406,C01438,1,2170.45,2026-06-26 23:13:00,Wallet
T000187,S010,P0083,C02656,1,6898.86,2026-04-22 21:38:00,Wallet
T000188,S025,P0041,C00230,3,7624.7,2026-03-14 23:57:00,UPI
T000189,S006,P0005,C02943,5,6938.1,2026-06-08 03:23:00,Cash
T000190,S017,P0277,C02435,2,3757.9,2026-01-23 03:32:00,Wallet
T000191,S021,P0575,C02013,3,9035.22,2026-01-23 22:10:00,Wallet
T000192,S021,P0051,C02566,2,3973.71,2026-01-05 21:02:00,UPI
T000193,S007,P0793,C00579,5,3714.92,2026-04-16 03:32:00,UPI
T000194,S011,P0127,C00417,2,980.71,2026-05-08 21:17:00,UPI
T000195,S013,P0066,C02637,5,5076.41,2026-05-20 03:24:00,UPI
T000196,S019,P0506,C01128,2,6514.66,2026-06-12 15:09:00,UPI
T000197,S012,P0412,C02710,5,4018.41,2026-05-09 19:50:00,Card
T000198,S007,P0186,C00664,2,5553.84,2026-01-09 22:47:00,Wallet
T000199,S021,P0620,C00864,1,7558.73,2026-03-16 14:21:00,UPI
T000200,S001,P0394,C00689,1,2911.6,2026-02-24 07:36:00,Wallet
T000201,S005,P0655,C00802,1,7096.19,2026-04-27 18:49:00,Cash
T000202,S005,P0177,C01577,4,4946.27,2026-04-08 03:54:00,Cash
T000203,S012,P0719,C02352,4,532.73,2026-02-20 16:01:00,Card
T000204,S001,P0481,C02602,3,580.78,2026-02-01 11:58:00,Cash
T000205,S021,P0507,C02828,1,8483.65,2026-04-29 14:05:00,Cash
T000206,S012,P0313,C01602,5,5724.63,2026-06-15 13:30:00,Wallet
T000207,S002,P0695,C02032,3,4398.85,2026-01-02 12:47:00,Wallet
T000208,S012,P0556,C02020,2,1057.73,2026-02-27 17:19:00,Cash
T000209,S009,P0260,C01527,2,1324.75,2026-03-14 09:08:00,Cash
T000210,S013,P0742,C00269,3,8185.79,2026-06-18 09:01:00,Wallet
T000211,S012,P0563,C02198,4,6057.9,2026-03-20 14:09:00,Card
T000212,S007,P0683,C01097,5,8931.71,2026-06-22 08:14:00,Cash
T000213,S021,P0576,C00937,3,6691.73,2026-01-02 14:09:00,Wallet
T000214,S016,P0646,C00656,4,5928.39,2026-01-09 00:31:00,Card
T000215,S017,P0445,C01605,3,1947.25,2026-01-07 05:14:00,Cash
T000216,S022,P0247,C00632,1,4396.32,2026-04-06 17:42:00,Wallet
T000217,S016,P0485,C01495,5,7988.55,2026-06-03 10:50:00,UPI
T000218,S008,P0521,C02495,3,4330.23,2026-03-27 05:49:00,Card
T000219,S025,P0792,C02665,4,8389.63,2026-05-27 14:40:00,Card
T000220,S010,P0673,C02658,3,7405.45,2026-03-03 18:58:00,Card
T000221,S023,P0747,C01764,5,9438.22,2026-04-11 06:34:00,Cash
T000222,S001,P0549,C00130,3,1936.82,2026-06-07 21:59:00,Cash
T000223,S024,P0327,C00245,3,4651.01,2026-04-11 01:45:00,UPI
T000224,S009,P0611,C00717,5,7798.54,2026-05-28 14:38:00,Wallet
T000225,S002,P0475,C00677,1,3011.03,2026-02-02 21:43:00,Wallet
T000226,S025,P0202,C01149,2,8603.22,2026-04-10 05:55:00,Card
T000227,S015,P0581,C00188,4,7430.75,2026-04-14 10:51:00,Card
T000228,S019,P0757,C02008,2,4855.21,2026-05-13 05:24:00,Cash
T000229,S022,P0277,C02601,3,3757.9,2026-04-22 07:53:00,UPI
T000230,S003,P0248,C02303,1,9033.86,2026-01-26 04:18:00,Wallet
T000231,S012,P0142,C01373,5,152.07,2026-05-10 04:02:00,UPI
T000232,S023,P0363,C00158,2,3200.47,2026-06-11 19:41:00,UPI
T000233,S022,P0308,C01407,1,4979.5,2026-04-11 21:24:00,Card
T000234,S007,P0576,C00386,3,6691.73,2026-03-08 18:52:00,Cash
T000235,S015,P0233,C00266,2,8252.74,2026-02-10 11:00:00,Cash
T000236,S008,P0791,C02801,2,7042.88,2026-02-22 03:10:00,Wallet
T000237,S003,P0636,C01355,2,9406.97,2026-01-24 00:52:00,UPI
T000238,S022,P0115,C00583,2,6337.55,2026-04-22 00:23:00,Cash
T000239,S006,P0590,C00120,3,3157.03,2026-06-10 20:15:00,Wallet
T000240,S009,P0367,C00757,4,8513.3,2026-02-09 00:56:00,Card
T000241,S006,P0565,C01779,4,6635.26,2026-06-08 18:33:00,Cash
T000242,S017,P0114,C02835,1,4586.29,2026-01-21 19:31:00,Cash
T000243,S007,P0508,C00916,5,2136.59,2026-04-08 00:51:00,Cash
T000244,S003,P0357,C01199,3,4375.29,2026-02-03 15:29:00,Cash
T000245,S020,P0648,C01767,1,6112.92,2026-06-12 21:33:00,UPI
T000246,S004,P0599,C00951,3,1062.46,2026-04-02 06:22:00,UPI
T000247,S012,P0489,C02727,3,2399.84,2026-03-03 22:16:00,Cash
T000248,S023,P0321,C02803,2,1697.02,2026-02-26 10:08:00,Wallet
T000249,S005,P0716,C00129,4,505.29,2026-02-19 18:16:00,Wallet
T000250,S014,P0191,C02228,1,8443.81,2026-03-04 12:54:00,Wallet
T000251,S009,P0205,C01014,4,4275.6,2026-03-08 22:30:00,Wallet
T000252,S022,P0098,C00576,1,4449.81,2026-01-14 09:23:00,Cash
T000253,S024,P0488,C01535,4,9348.84,2026-01-22 04:54:00,Card
T000254,S004,P0780,C01743,3,5537.46,2026-06-10 00:47:00,Card
T000255,S017,P0772,C01738,1,6650.14,2026-06-13 19:46:00,Cash
T000256,S021,P0539,C00486,5,8771.46,2026-01-27 03:47:00,Wallet
T000257,S019,P0402,C00655,1,5371.29,2026-04-28 20:20:00,UPI
T000258,S003,P0435,C02339,2,1474.61,2026-02-01 03:39:00,Wallet
T000259,S020,P0247,C00083,2,4396.32,2026-02-06 09:38:00,Cash
T000260,S002,P0076,C01786,4,6314.65,2026-03-09 06:09:00,Cash
T000261,S024,P0344,C00134,3,2669.28,2026-01-24 02:38:00,Card
T000262,S015,P0129,C02774,4,8288.85,2026-05-07 12:20:00,Card
T000263,S025,P0693,C00410,2,1638.87,2026-02-23 13:20:00,Card
T000264,S018,P0288,C00939,5,3932.63,2026-01-26 16:45:00,UPI
T000265,S003,P0316,C02057,3,512.74,2026-01-06 14:07:00,Cash
T000266,S005,P0666,C00624,1,9941.8,2026-01-19 16:36:00,Cash
T000267,S010,P0623,C00993,4,5792.3,2026-06-10 02:36:00,Cash
T000268,S018,P0048,C02784,2,1430.43,2026-02-23 23:27:00,Card
T000269,S008,P0740,C00973,1,9717.89,2026-04-18 12:48:00,Cash
T000270,S025,P0136,C01931,3,9081.55,2026-03-22 21:37:00,Cash
T000271,S006,P0453,C01551,4,5915.17,2026-04-26 05:29:00,UPI
T000272,S010,P0113,C02943,3,3582.38,2026-02-16 10:11:00,UPI
T000273,S007,P0767,C01169,3,6194.4,2026-01-03 06:05:00,UPI
T000274,S021,P0534,C02897,2,440.62,2026-06-18 19:21:00,Cash
T000275,S012,P0255,C01786,5,2214.97,2026-06-11 20:42:00,Card
T000276,S022,P0087,C00157,2,2098.71,2026-01-09 04:00:00,Wallet
T000277,S011,P0496,C00487,1,9815.02,2026-03-29 11:50:00,UPI
T000278,S004,P0418,C00603,5,8063.59,2026-05-04 20:57:00,Wallet
T000279,S011,P0620,C00519,4,7558.73,2026-06-03 18:39:00,UPI
T000280,S017,P0463,C00876,2,7009.64,2026-01-02 05:24:00,UPI
T000281,S003,P0438,C00579,5,3327.19,2026-05-14 08:41:00,UPI
T000282,S008,P0749,C02063,4,786.6,2026-02-01 06:34:00,Card
T000283,S018,P0161,C00402,5,4221.55,2026-06-05 01:00:00,Card
T000284,S011,P0407,C02324,1,1756.59,2026-05-18 00:47:00,Wallet
T000285,S014,P0224,C02783,4,2422.72,2026-05-13 17:28:00,Wallet
T000286,S005,P0117,C00111,3,1196.2,2026-02-09 07:22:00,Wallet
T000287,S021,P0500,C00005,4,2401.8,2026-04-04 03:55:00,Cash
T000288,S024,P0355,C02437,5,2048.08,2026-02-25 01:00:00,UPI
T000289,S009,P0383,C00805,1,6977.34,2026-03-25 04:43:00,Cash
T000290,S006,P0326,C00210,1,6655.54,2026-02-26 02:50:00,UPI
T000291,S024,P0135,C02647,4,9762.67,2026-06-27 04:19:00,Card
T000292,S020,P0574,C02025,5,9933.28,2026-03-10 09:20:00,UPI
T000293,S002,P0219,C01269,3,1397.47,2026-05-04 06:48:00,Card
T000294,S013,P0609,C01296,5,1275.15,2026-01-24 11:53:00,Wallet
T000295,S008,P0780,C01625,1,5537.46,2026-05-22 22:15:00,UPI
T000296,S025,P0279,C00035,5,3009.41,2026-03-17 15:56:00,Card
T000297,S022,P0280,C01672,4,7858.55,2026-05-07 14:53:00,Cash
T000298,S018,P0305,C02562,1,1076.57,2026-05-12 13:39:00,Card
T000299,S017,P0246,C01737,5,938.3,2026-02-19 08:32:00,UPI
T000300,S018,P0046,C00310,2,4649.6,2026-02-14 06:45:00,Card
T000301,S002,P0458,C00707,1,3532.14,2026-06-25 09:35:00,Cash
T000302,S009,P0103,C00999,2,8429.58,2026-04-11 03:30:00,Wallet
T000303,S010,P0062,C00412,5,2738.53,2026-05-30 20:03:00,Card
T000304,S008,P0153,C00012,1,625.9,2026-03-21 05:39:00,Card
T000305,S002,P0371,C00967,2,5918.35,2026-02-22 16:39:00,Card
T000306,S025,P0702,C02996,1,9903.95,2026-04-21 15:13:00,Wallet
T000307,S008,P0536,C00498,4,2548.41,2026-04-19 20:21:00,Wallet
T000308,S019,P0010,C00974,5,9207.97,2026-03-11 10:52:00,UPI
T000309,S008,P0665,C02873,4,7169.18,2026-06-09 03:40:00,Wallet
T000310,S024,P0615,C00052,4,6966.89,2026-06-05 13:04:00,Cash
T000311,S016,P0664,C01992,4,4113.17,2026-04-20 06:49:00,Card
T000312,S012,P0048,C00176,1,1430.43,2026-05-26 12:02:00,Card
T000313,S025,P0083,C01053,1,6898.86,2026-04-06 21:35:00,UPI
T000314,S004,P0486,C00037,4,4214.23,2026-01-17 15:20:00,Wallet
T000315,S012,P0248,C01102,5,9033.86,2026-02-12 01:09:00,UPI
T000316,S020,P0670,C02750,5,1786.79,2026-05-11 08:38:00,Cash
T000317,S015,P0107,C00739,2,992.48,2026-05-31 13:59:00,UPI
T000318,S025,P0542,C01521,1,6397.18,2026-03-17 20:36:00,UPI
T000319,S020,P0800,C02393,1,9198.59,2026-06-15 18:06:00,Cash
T000320,S009,P0659,C01245,3,7727.73,2026-04-01 13:35:00,Cash
T000321,S005,P0431,C02481,4,5205.67,2026-01-08 03:54:00,Wallet
T000322,S004,P0353,C01387,4,908.91,2026-02-16 11:00:00,Card
T000323,S003,P0465,C01753,4,856.68,2026-04-20 06:20:00,Card
T000324,S023,P0450,C01828,1,4833.69,2026-04-02 08:22:00,Wallet
T000325,S008,P0769,C00580,4,4342.42,2026-01-19 07:20:00,Cash
T000326,S024,P0411,C00437,2,2150.28,2026-06-18 12:41:00,Wallet
T000327,S018,P0784,C01564,4,2111.47,2026-04-06 04:57:00,Card
T000328,S016,P0026,C01525,3,5582.77,2026-03-22 04:10:00,Card
T000329,S018,P0470,C00404,2,205.3,2026-01-03 10:52:00,Wallet
T000330,S006,P0766,C01174,1,9568.02,2026-06-26 00:22:00,Card
T000331,S022,P0223,C02816,3,1097.95,2026-03-26 07:17:00,Wallet
T000332,S013,P0071,C01237,3,5958.46,2026-04-30 19:22:00,Wallet
T000333,S007,P0181,C02025,4,9734.39,2026-03-24 07:56:00,Card
T000334,S003,P0001,C01216,1,8187.68,2026-05-24 02:15:00,Wallet
T000335,S006,P0427,C00397,3,7722.75,2026-04-09 09:40:00,UPI
T000336,S017,P0384,C00761,3,8533.89,2026-06-04 07:14:00,Card
T000337,S018,P0116,C02462,4,2079.75,2026-05-15 07:25:00,Wallet
T000338,S016,P0213,C01703,3,4276.85,2026-01-27 19:08:00,UPI
T000339,S013,P0257,C01591,3,8913.16,2026-03-13 20:44:00,Wallet
T000340,S001,P0608,C02092,4,9699.3,2026-06-21 02:33:00,Card
T000341,S025,P0387,C02258,5,9206.54,2026-05-27 22:03:00,Card
T000342,S018,P0004,C00116,3,1339.91,2026-04-18 23:17:00,Card
T000343,S021,P0499,C02798,5,3884.48,2026-04-22 10:50:00,Card
T000344,S023,P0412,C02986,2,4018.41,2026-03-23 06:45:00,UPI
T000345,S006,P0784,C01412,5,2111.47,2026-02-20 01:41:00,Card
T000346,S004,P0799,C02896,5,206.59,2026-05-07 17:01:00,Card
T000347,S011,P0495,C00237,4,2593.21,2026-01-12 09:22:00,Card
T000348,S009,P0287,C00264,1,1573.93,2026-04-18 04:04:00,UPI
T000349,S019,P0387,C02809,2,9206.54,2026-02-01 15:27:00,UPI
T000350,S006,P0084,C02226,4,1223.23,2026-02-13 20:31:00,Card
T000351,S016,P0526,C00643,3,9168.71,2026-03-25 20:10:00,UPI
T000352,S003,P0532,C00789,1,6385.3,2026-04-09 08:04:00,UPI
T000353,S025,P0458,C02853,5,3532.14,2026-05-28 00:43:00,Wallet
T000354,S011,P0668,C00219,4,1829.66,2026-03-14 00:36:00,Wallet
T000355,S021,P0539,C02511,5,8771.46,2026-06-14 19:39:00,Cash
T000356,S019,P0591,C01955,3,6346.66,2026-01-02 15:45:00,Wallet
T000357,S011,P0640,C02459,1,3850.52,2026-03-14 04:28:00,Card
T000358,S004,P0139,C00437,4,7112.69,2026-04-14 01:15:00,UPI
T000359,S011,P0286,C02238,4,5096.16,2026-05-17 18:00:00,Wallet
T000360,S018,P0365,C02117,1,6145.31,2026-01-11 11:30:00,UPI
T000361,S016,P0010,C01773,1,9207.97,2026-06-15 00:33:00,Card
T000362,S014,P0648,C02805,3,6112.92,2026-01-18 16:02:00,Card
T000363,S004,P0097,C01671,2,1527.35,2026-01-25 14:10:00,Card
T000364,S012,P0611,C01889,3,7798.54,2026-03-19 09:22:00,Wallet
T000365,S014,P0183,C01698,1,4734.37,2026-03-23 11:48:00,Cash
T000366,S016,P0624,C01682,2,8528.36,2026-04-13 02:43:00,UPI
T000367,S017,P0091,C02351,2,8684.0,2026-05-23 10:41:00,UPI
T000368,S023,P0402,C02173,2,5371.29,2026-05-07 20:54:00,UPI
T000369,S016,P0117,C00849,1,1196.2,2026-01-13 13:25:00,UPI
T000370,S007,P0437,C02023,3,4248.56,2026-03-18 23:46:00,Card
T000371,S023,P0118,C01594,2,8483.91,2026-04-27 16:50:00,Card
T000372,S003,P0432,C00494,2,3471.53,2026-06-14 04:08:00,Wallet
T000373,S009,P0629,C02159,3,6100.1,2026-04-06 21:05:00,UPI
T000374,S023,P0773,C00186,3,8629.97,2026-01-27 00:59:00,UPI
T000375,S020,P0249,C01951,2,4250.12,2026-02-27 01:37:00,Cash
T000376,S017,P0768,C01212,3,8965.31,2026-01-03 04:44:00,Cash
T000377,S023,P0516,C00922,3,6096.93,2026-01-27 11:01:00,Wallet
T000378,S019,P0241,C02786,5,7179.48,2026-06-26 14:52:00,UPI
T000379,S024,P0157,C01974,3,4630.82,2026-02-27 05:48:00,Card
T000380,S005,P0619,C02590,2,731.92,2026-01-23 06:31:00,Cash
T000381,S015,P0796,C01401,1,4753.83,2026-04-05 18:20:00,Cash
T000382,S011,P0072,C02459,2,4327.35,2026-01-02 23:29:00,UPI
T000383,S014,P0645,C01041,4,9521.65,2026-01-14 08:51:00,Card
T000384,S023,P0109,C02881,2,8805.73,2026-01-12 03:46:00,Card
T000385,S023,P0416,C00153,1,4705.01,2026-01-13 10:23:00,Wallet
T000386,S009,P0239,C02341,5,8363.65,2026-01-20 09:00:00,Cash
T000387,S024,P0265,C00401,2,3344.68,2026-03-26 23:28:00,Cash
T000388,S011,P0326,C00958,1,6655.54,2026-06-06 12:57:00,Wallet
T000389,S008,P0223,C00216,5,1097.95,2026-03-11 23:50:00,UPI
T000390,S013,P0791,C01927,5,7042.88,2026-02-13 04:42:00,Cash
T000391,S021,P0794,C02547,1,222.53,2026-05-30 15:43:00,Wallet
T000392,S012,P0713,C02710,3,3378.0,2026-01-31 04:18:00,Wallet
T000393,S024,P0139,C02579,3,7112.69,2026-03-23 05:03:00,UPI
T000394,S006,P0576,C02504,5,6691.73,2026-05-30 14:06:00,UPI
T000395,S011,P0472,C01981,2,774.55,2026-06-13 15:15:00,UPI
T000396,S003,P0429,C01641,5,6574.5,2026-06-21 04:10:00,UPI
T000397,S016,P0212,C00884,5,2394.87,2026-05-14 18:00:00,Card
T000398,S016,P0440,C01855,1,9802.7,2026-03-03 19:43:00,Card
T000399,S023,P0124,C01962,2,9076.76,2026-05-03 22:34:00,Cash
T000400,S010,P0012,C02894,2,1540.01,2026-05-06 09:34:00,Card
T000401,S024,P0667,C00704,2,6112.0,2026-03-24 16:28:00,Cash
T000402,S017,P0097,C02820,5,1527.35,2026-02-27 03:08:00,Card
T000403,S006,P0063,C01687,2,9858.07,2026-03-09 10:06:00,Card
T000404,S001,P0445,C01281,3,1947.25,2026-01-22 12:02:00,UPI
T000405,S010,P0558,C00410,3,7592.43,2026-05-23 08:16:00,Cash
T000406,S009,P0173,C01215,5,8537.22,2026-06-18 22:05:00,Card
T000407,S006,P0686,C02737,1,8846.41,2026-02-22 23:43:00,Cash
T000408,S023,P0251,C01507,1,7031.92,2026-01-20 02:33:00,Cash
T000409,S023,P0450,C01685,3,4833.69,2026-05-07 02:03:00,UPI
T000410,S014,P0121,C02738,5,934.55,2026-02-24 00:26:00,UPI
T000411,S001,P0345,C01707,3,1998.33,2026-06-21 07:22:00,Cash
T000412,S012,P0106,C01266,4,176.87,2026-04-30 13:08:00,Card
T000413,S023,P0636,C02209,5,9406.97,2026-02-18 16:38:00,UPI
T000414,S011,P0198,C01915,1,6947.88,2026-01-27 11:37:00,Cash
T000415,S011,P0652,C00550,3,6896.92,2026-02-23 20:09:00,UPI
T000416,S002,P0701,C02595,5,1291.57,2026-05-16 17:32:00,Card
T000417,S001,P0395,C00312,1,3463.19,2026-03-22 10:38:00,Card
T000418,S020,P0326,C01571,3,6655.54,2026-04-27 22:22:00,Cash
T000419,S006,P0186,C02368,5,5553.84,2026-02-09 17:13:00,UPI
T000420,S016,P0650,C00715,2,8079.24,2026-01-28 04:26:00,Wallet
T000421,S019,P0729,C01564,4,8802.63,2026-02-26 12:24:00,Wallet
T000422,S019,P0615,C00710,2,6966.89,2026-04-09 15:26:00,Cash
T000423,S013,P0240,C00950,5,5098.73,2026-06-08 17:31:00,UPI
T000424,S003,P0583,C01025,1,3175.91,2026-02-21 13:39:00,Card
T000425,S020,P0624,C02773,1,8528.36,2026-02-18 02:20:00,Card
T000426,S021,P0313,C00520,3,5724.63,2026-03-13 14:26:00,Card
T000427,S014,P0302,C00010,4,2628.99,2026-02-12 23:25:00,Card
T000428,S014,P0525,C00770,3,1451.9,2026-03-20 19:42:00,Card
T000429,S018,P0207,C01229,5,293.32,2026-06-15 03:29:00,Card
T000430,S016,P0244,C01055,2,8989.85,2026-02-07 15:44:00,Cash
T000431,S014,P0105,C02158,4,5394.62,2026-01-28 03:45:00,Cash
T000432,S014,P0750,C00153,5,4603.74,2026-03-03 00:33:00,Cash
T000433,S008,P0295,C00720,3,9626.53,2026-04-28 06:23:00,Card
T000434,S018,P0393,C02541,2,533.66,2026-03-10 00:58:00,Cash
T000435,S009,P0352,C00086,4,3229.8,2026-05-02 22:35:00,Card
T000436,S012,P0349,C00089,5,6832.72,2026-05-16 15:27:00,Card
T000437,S020,P0778,C02292,5,6963.87,2026-04-01 09:03:00,Cash
T000438,S021,P0624,C01115,4,8528.36,2026-01-31 18:47:00,UPI
T000439,S020,P0255,C02332,4,2214.97,2026-01-22 12:05:00,Wallet
T000440,S011,P0291,C01339,2,5653.34,2026-04-21 07:14:00,UPI
T000441,S002,P0482,C01659,3,3807.98,2026-02-08 13:32:00,Cash
T000442,S017,P0469,C00511,5,7483.98,2026-05-09 14:42:00,Card
T000443,S019,P0005,C00155,5,6938.1,2026-05-11 11:23:00,Cash
T000444,S017,P0281,C00559,5,8900.67,2026-01-14 15:03:00,Wallet
T000445,S024,P0218,C01126,3,5916.82,2026-03-11 12:37:00,Wallet
T000446,S014,P0683,C01546,5,8931.71,2026-01-26 01:40:00,Wallet
T000447,S020,P0461,C02413,5,3995.16,2026-06-16 13:03:00,Cash
T000448,S023,P0468,C00068,4,6423.78,2026-04-19 06:37:00,UPI
T000449,S014,P0469,C02869,1,7483.98,2026-03-17 06:27:00,UPI
T000450,S015,P0088,C01069,5,2657.13,2026-04-14 06:01:00,UPI
T000451,S017,P0083,C00108,2,6898.86,2026-06-02 09:25:00,Cash
T000452,S011,P0734,C01836,1,8745.49,2026-05-16 20:44:00,Wallet
T000453,S014,P0492,C01469,4,6612.82,2026-05-07 17:42:00,Cash
T000454,S003,P0001,C02674,3,8187.68,2026-04-21 03:43:00,Wallet
T000455,S013,P0021,C02811,1,7636.95,2026-06-24 01:42:00,Wallet
T000456,S019,P0679,C01199,3,4970.26,2026-06-15 08:29:00,Card
T000457,S012,P0210,C01164,2,8500.3,2026-01-29 07:29:00,Wallet
T000458,S001,P0590,C02119,3,3157.03,2026-01-30 01:48:00,Cash
T000459,S014,P0332,C00069,3,8935.46,2026-01-10 19:38:00,Wallet
T000460,S016,P0725,C02362,2,7432.08,2026-03-10 08:08:00,Cash
T000461,S023,P0319,C00187,2,8409.93,2026-01-17 18:09:00,Cash
T000462,S003,P0183,C02298,4,4734.37,2026-01-26 09:24:00,Wallet
T000463,S006,P0720,C02200,5,8925.71,2026-02-27 21:10:00,Cash
T000464,S002,P0457,C00510,3,5802.71,2026-06-29 13:48:00,Card
T000465,S018,P0339,C00229,2,2878.49,2026-04-11 13:24:00,Cash
T000466,S024,P0723,C02010,4,1751.66,2026-01-26 07:30:00,Card
T000467,S017,P0774,C01542,3,1562.02,2026-06-27 09:09:00,UPI
T000468,S017,P0645,C01685,2,9521.65,2026-05-07 07:01:00,Cash
T000469,S018,P0587,C01002,4,3226.67,2026-02-13 06:56:00,UPI
T000470,S011,P0688,C01579,2,7463.85,2026-03-30 21:44:00,Cash
T000471,S001,P0227,C00078,1,3442.57,2026-03-15 20:21:00,UPI
T000472,S018,P0783,C00579,4,7059.62,2026-03-15 00:06:00,Wallet
T000473,S020,P0616,C01366,1,3900.2,2026-01-25 06:19:00,Card
T000474,S012,P0002,C01205,5,1803.85,2026-05-09 23:54:00,Card
T000475,S012,P0726,C02006,4,1737.63,2026-06-09 16:16:00,Wallet
T000476,S007,P0778,C01945,1,6963.87,2026-03-20 23:28:00,Wallet
T000477,S002,P0336,C01700,2,2292.06,2026-03-03 05:48:00,Card
T000478,S009,P0766,C01731,2,9568.02,2026-03-22 23:15:00,Cash
T000479,S021,P0697,C01153,2,7318.56,2026-01-18 05:41:00,Cash
T000480,S013,P0413,C02084,5,5755.57,2026-02-17 11:20:00,Card
T000481,S003,P0239,C00430,5,8363.65,2026-04-27 04:50:00,Card
T000482,S015,P0201,C00911,3,236.37,2026-01-04 22:44:00,Wallet
T000483,S015,P0091,C01953,1,8684.0,2026-05-02 14:36:00,Card
T000484,S009,P0128,C01829,3,238.74,2026-03-27 00:42:00,Cash
T000485,S006,P0473,C01891,4,1487.53,2026-02-15 09:00:00,Wallet
T000486,S013,P0140,C01590,2,1042.27,2026-01-20 05:49:00,Wallet
T000487,S017,P0552,C01283,1,947.5,2026-06-23 00:19:00,Wallet
T000488,S025,P0508,C01086,4,2136.59,2026-06-02 12:01:00,Cash
T000489,S021,P0628,C01117,3,1483.56,2026-05-02 19:54:00,Card
T000490,S005,P0293,C02058,3,9576.2,2026-01-01 16:40:00,Cash
T000491,S009,P0195,C01828,4,873.38,2026-03-05 16:07:00,UPI
T000492,S013,P0772,C00984,4,6650.14,2026-01-29 01:32:00,Wallet
T000493,S010,P0430,C02284,4,2345.57,2026-01-05 19:21:00,UPI
T000494,S016,P0272,C00616,1,1528.03,2026-06-24 09:55:00,Wallet
T000495,S010,P0479,C01453,1,6996.75,2026-02-28 17:55:00,Wallet
T000496,S003,P0360,C00819,3,5243.78,2026-05-09 05:42:00,UPI
T000497,S021,P0325,C01930,2,9797.44,2026-02-07 03:12:00,Card
T000498,S002,P0061,C02548,5,6610.9,2026-01-26 10:23:00,UPI
T000499,S019,P0659,C02940,1,7727.73,2026-03-27 15:26:00,Cash
T000500,S012,P0757,C00138,4,4855.21,2026-05-06 11:58:00,Wallet
T000501,S005,P0366,C02974,5,6806.89,2026-05-20 08:47:00,Card
T000502,S011,P0763,C01190,3,3914.29,2026-06-19 16:36:00,Card
T000503,S012,P0538,C01367,4,7089.09,2026-03-06 12:26:00,Card
T000504,S022,P0351,C00739,2,2850.54,2026-04-28 00:27:00,Card
T000505,S021,P0422,C01761,1,7879.15,2026-04-01 10:16:00,UPI
T000506,S001,P0038,C01066,4,393.26,2026-03-27 17:40:00,UPI
T000507,S010,P0072,C00246,2,4327.35,2026-06-19 20:20:00,Cash
T000508,S020,P0432,C00319,1,3471.53,2026-05-04 03:50:00,Wallet
T000509,S018,P0322,C00330,1,3075.32,2026-03-11 23:24:00,UPI
T000510,S007,P0700,C01304,5,1966.82,2026-05-13 21:50:00,Wallet
T000511,S003,P0284,C01646,4,5700.06,2026-01-06 05:02:00,Cash
T000512,S015,P0748,C01256,4,3169.59,2026-04-16 07:31:00,Wallet
T000513,S017,P0096,C02092,4,8076.83,2026-06-18 04:50:00,Wallet
T000514,S024,P0685,C00001,3,3601.0,2026-04-02 16:59:00,Wallet
T000515,S013,P0751,C02391,4,7293.97,2026-01-08 08:20:00,Wallet
T000516,S001,P0561,C00604,5,9754.52,2026-05-28 23:45:00,Cash
T000517,S013,P0730,C00546,3,3102.76,2026-04-21 12:16:00,Cash
T000518,S001,P0615,C02401,3,6966.89,2026-02-22 03:02:00,UPI
T000519,S023,P0283,C02943,2,8716.22,2026-02-19 12:53:00,Card
T000520,S024,P0709,C00949,1,104.31,2026-06-13 03:41:00,Card
T000521,S016,P0589,C02886,2,1543.12,2026-03-12 21:23:00,Wallet
T000522,S009,P0293,C00072,3,9576.2,2026-06-23 18:35:00,Wallet
T000523,S018,P0697,C00992,5,7318.56,2026-04-26 17:59:00,Wallet
T000524,S009,P0179,C00638,1,8127.84,2026-02-14 09:03:00,UPI
T000525,S003,P0364,C00276,2,9198.25,2026-06-23 11:54:00,Wallet
T000526,S016,P0386,C00133,3,8772.44,2026-03-26 13:20:00,Cash
T000527,S018,P0462,C00998,2,2809.39,2026-05-31 14:14:00,UPI
T000528,S011,P0260,C01859,5,1324.75,2026-03-12 10:33:00,Card
T000529,S010,P0268,C01865,3,4813.91,2026-02-18 01:24:00,Card
T000530,S020,P0003,C00770,3,2300.34,2026-05-29 17:45:00,Cash
T000531,S024,P0289,C00423,1,9583.99,2026-06-29 11:43:00,Card
T000532,S016,P0740,C00926,5,9717.89,2026-06-06 04:11:00,Card
T000533,S024,P0366,C00337,5,6806.89,2026-04-21 15:31:00,Wallet
T000534,S016,P0424,C01271,4,3403.2,2026-05-26 11:50:00,Cash
T000535,S007,P0098,C00835,1,4449.81,2026-03-15 03:45:00,Cash
T000536,S001,P0079,C02071,2,3705.32,2026-01-03 17:01:00,Card
T000537,S007,P0364,C02106,3,9198.25,2026-06-25 05:01:00,Cash
T000538,S003,P0429,C01304,5,6574.5,2026-04-30 23:14:00,Cash
T000539,S025,P0216,C02548,5,304.99,2026-02-08 17:51:00,Cash
T000540,S016,P0654,C00688,1,7103.27,2026-03-16 21:17:00,Cash
T000541,S002,P0352,C02551,5,3229.8,2026-05-23 22:40:00,Cash
T000542,S006,P0723,C02775,1,1751.66,2026-02-11 10:21:00,Wallet
T000543,S004,P0339,C01479,5,2878.49,2026-05-05 09:50:00,Wallet
T000544,S006,P0472,C01414,5,774.55,2026-01-17 10:03:00,Card
T000545,S019,P0551,C00842,1,8695.78,2026-01-04 15:29:00,Card
T000546,S003,P0319,C02182,5,8409.93,2026-01-11 07:25:00,UPI
T000547,S018,P0750,C00228,2,4603.74,2026-03-14 20:14:00,UPI
T000548,S009,P0265,C01578,2,3344.68,2026-02-01 01:48:00,Card
T000549,S010,P0721,C02486,2,4538.97,2026-05-06 10:26:00,Card
T000550,S012,P0106,C02823,5,176.87,2026-01-02 14:41:00,Wallet
T000551,S019,P0763,C00992,1,3914.29,2026-04-01 22:32:00,UPI
T000552,S011,P0178,C00260,5,5673.27,2026-01-01 01:42:00,Card
T000553,S003,P0484,C00792,3,8222.21,2026-03-06 04:42:00,UPI
T000554,S003,P0303,C02965,4,9525.43,2026-03-31 09:40:00,Card
T000555,S021,P0256,C00344,3,5260.23,2026-05-09 22:42:00,Cash
T000556,S003,P0372,C00802,1,5991.23,2026-05-24 05:17:00,Cash
T000557,S002,P0229,C00160,2,9936.26,2026-01-23 09:14:00,Cash
T000558,S015,P0304,C00043,4,1895.43,2026-02-06 06:42:00,UPI
T000559,S002,P0688,C02918,1,7463.85,2026-04-21 19:58:00,Wallet
T000560,S010,P0370,C02515,5,3461.2,2026-01-21 09:55:00,Cash
T000561,S024,P0328,C01871,4,9147.78,2026-02-26 01:05:00,Wallet
T000562,S010,P0244,C01252,3,8989.85,2026-05-02 12:06:00,UPI
T000563,S019,P0572,C00753,5,6659.16,2026-03-05 23:09:00,UPI
T000564,S020,P0145,C01666,5,2675.89,2026-06-13 13:11:00,Cash
T000565,S014,P0350,C00626,1,5219.84,2026-04-19 13:37:00,Cash
T000566,S024,P0701,C00337,5,1291.57,2026-01-26 08:55:00,UPI
T000567,S023,P0024,C01718,1,3347.34,2026-03-19 20:22:00,Wallet
T000568,S003,P0657,C01559,5,9529.9,2026-03-21 05:54:00,UPI
T000569,S021,P0061,C02877,5,6610.9,2026-05-25 14:52:00,Card
T000570,S005,P0164,C02721,3,5943.35,2026-06-23 11:00:00,UPI
T000571,S014,P0415,C02194,2,5235.33,2026-05-29 04:45:00,Card
T000572,S021,P0156,C02815,1,502.84,2026-06-24 06:48:00,Wallet
T000573,S006,P0365,C02614,4,6145.31,2026-03-06 04:37:00,Wallet
T000574,S005,P0634,C02329,4,5542.5,2026-04-17 18:55:00,UPI
T000575,S016,P0542,C00793,3,6397.18,2026-02-21 10:16:00,UPI
T000576,S012,P0764,C00016,1,9223.74,2026-03-20 02:55:00,Card
T000577,S016,P0143,C02712,3,3093.82,2026-03-18 19:20:00,Card
T000578,S021,P0779,C00544,5,1467.39,2026-06-10 15:44:00,Wallet
T000579,S006,P0051,C02882,2,3973.71,2026-05-20 06:15:00,Card
T000580,S009,P0032,C00191,4,5989.11,2026-04-07 14:54:00,Cash
T000581,S009,P0631,C02021,2,1960.93,2026-01-25 04:43:00,Card
T000582,S005,P0570,C01897,1,1364.83,2026-05-15 15:05:00,Cash
T000583,S006,P0091,C01210,3,8684.0,2026-06-27 10:41:00,UPI
T000584,S021,P0340,C02773,5,2040.26,2026-05-09 23:23:00,UPI
T000585,S013,P0724,C00604,5,548.91,2026-04-02 15:59:00,UPI
T000586,S018,P0390,C00180,3,1923.02,2026-04-01 14:35:00,UPI
T000587,S001,P0178,C00746,3,5673.27,2026-04-30 14:21:00,Wallet
T000588,S009,P0368,C01231,4,2406.81,2026-04-16 15:44:00,Wallet
T000589,S011,P0409,C02837,5,7152.62,2026-01-08 19:04:00,UPI
T000590,S009,P0736,C02374,1,3312.16,2026-01-07 14:22:00,UPI
T000591,S017,P0650,C02059,5,8079.24,2026-01-23 04:47:00,Cash
T000592,S007,P0447,C01607,3,4600.17,2026-06-07 10:19:00,UPI
T000593,S021,P0097,C01594,3,1527.35,2026-03-04 19:48:00,Cash
T000594,S017,P0442,C00552,2,3354.53,2026-05-12 12:44:00,Wallet
T000595,S015,P0544,C02084,5,9870.55,2026-02-02 21:11:00,Wallet
T000596,S020,P0356,C01744,5,6296.35,2026-05-20 19:18:00,Card
T000597,S022,P0076,C00844,4,6314.65,2026-03-17 01:49:00,UPI
T000598,S005,P0427,C02651,2,7722.75,2026-04-11 04:17:00,UPI
T000599,S018,P0091,C00401,2,8684.0,2026-04-14 22:52:00,Wallet
T000600,S019,P0010,C01145,4,9207.97,2026-01-02 15:47:00,Cash
T000601,S025,P0682,C01832,1,4013.05,2026-05-13 15:42:00,UPI
T000602,S007,P0220,C02085,1,8346.5,2026-01-14 02:53:00,Cash
T000603,S017,P0125,C02954,3,7041.49,2026-01-15 09:13:00,Cash
T000604,S006,P0748,C01008,5,3169.59,2026-06-16 03:39:00,Cash
T000605,S023,P0316,C00301,5,512.74,2026-03-27 20:17:00,UPI
T000606,S024,P0266,C01883,5,4596.66,2026-01-25 09:55:00,UPI
T000607,S015,P0371,C00956,3,5918.35,2026-05-25 16:26:00,Card
T000608,S012,P0575,C00981,5,9035.22,2026-06-26 11:18:00,UPI
T000609,S007,P0754,C01675,4,7723.16,2026-01-16 04:08:00,UPI
T000610,S005,P0578,C01358,2,6474.47,2026-05-30 23:01:00,Wallet
T000611,S009,P0506,C00033,5,6514.66,2026-05-11 01:48:00,Wallet
T000612,S011,P0642,C02166,4,752.0,2026-06-29 06:59:00,Wallet
T000613,S019,P0706,C02707,2,6473.34,2026-05-13 04:55:00,Card
T000614,S022,P0377,C02718,5,3179.76,2026-05-24 16:54:00,Card
T000615,S023,P0163,C02153,2,6843.99,2026-02-04 07:37:00,UPI
T000616,S007,P0779,C00454,5,1467.39,2026-06-22 21:50:00,Card
T000617,S002,P0252,C01530,2,7003.96,2026-02-09 10:16:00,Wallet
T000618,S014,P0523,C02107,3,4689.15,2026-06-10 10:36:00,Cash
T000619,S014,P0698,C01731,4,7689.6,2026-01-02 16:33:00,Wallet
T000620,S013,P0515,C00076,5,7243.57,2026-06-09 23:28:00,Cash
T000621,S016,P0332,C02260,2,8935.46,2026-02-21 03:54:00,Cash
T000622,S011,P0752,C01150,5,3839.96,2026-01-18 00:00:00,Wallet
T000623,S008,P0343,C00601,1,746.07,2026-02-09 20:36:00,Cash
T000624,S016,P0652,C00822,1,6896.92,2026-01-31 17:44:00,Cash
T000625,S020,P0353,C02801,3,908.91,2026-01-25 08:26:00,Card
T000626,S016,P0516,C02868,5,6096.93,2026-02-22 03:32:00,Cash
T000627,S009,P0551,C02903,4,8695.78,2026-05-02 00:50:00,UPI
T000628,S017,P0703,C00264,3,6202.03,2026-05-10 15:08:00,Wallet
T000629,S015,P0701,C00641,4,1291.57,2026-04-11 01:53:00,Cash
T000630,S020,P0779,C00493,1,1467.39,2026-02-01 10:14:00,Wallet
T000631,S008,P0435,C01054,3,1474.61,2026-04-14 16:30:00,Cash
T000632,S011,P0628,C01665,3,1483.56,2026-02-17 08:01:00,UPI
T000633,S010,P0786,C01468,4,3671.5,2026-05-20 08:53:00,UPI
T000634,S017,P0627,C01652,4,556.05,2026-06-06 23:15:00,Wallet
T000635,S002,P0244,C02960,1,8989.85,2026-04-23 22:27:00,Card
T000636,S002,P0360,C02066,2,5243.78,2026-06-07 04:12:00,UPI
T000637,S003,P0406,C00786,1,2170.45,2026-04-21 04:59:00,Cash
T000638,S006,P0590,C01948,2,3157.03,2026-06-12 00:44:00,Cash
T000639,S009,P0149,C00518,5,8728.63,2026-02-17 04:50:00,Card
T000640,S006,P0313,C02715,5,5724.63,2026-06-18 08:12:00,Wallet
T000641,S002,P0391,C01681,5,828.94,2026-02-13 17:27:00,Cash
T000642,S003,P0447,C02683,1,4600.17,2026-06-29 18:39:00,UPI
T000643,S007,P0282,C00034,2,119.65,2026-02-21 16:15:00,Cash
T000644,S011,P0567,C00021,1,2411.23,2026-05-03 09:53:00,Card
T000645,S017,P0450,C00992,3,4833.69,2026-03-16 22:47:00,Wallet
T000646,S012,P0410,C01991,1,4789.21,2026-01-26 20:05:00,Cash
T000647,S001,P0268,C01117,4,4813.91,2026-05-07 12:32:00,Cash
T000648,S013,P0251,C02400,2,7031.92,2026-06-20 09:23:00,UPI
T000649,S009,P0630,C01792,4,6658.91,2026-04-11 13:10:00,Wallet
T000650,S016,P0649,C02870,2,9469.45,2026-06-28 03:39:00,Card
T000651,S024,P0050,C02577,3,4810.52,2026-04-29 14:13:00,Card
T000652,S020,P0405,C02854,3,2546.0,2026-04-19 05:03:00,UPI
T000653,S023,P0110,C02455,2,8676.8,2026-01-08 09:40:00,Cash
T000654,S017,P0419,C01821,2,343.71,2026-04-28 04:06:00,Cash
T000655,S003,P0756,C00175,2,8540.93,2026-05-25 13:17:00,Cash
T000656,S018,P0329,C02960,2,141.36,2026-01-03 19:48:00,Card
T000657,S015,P0021,C02759,4,7636.95,2026-03-19 01:09:00,Cash
T000658,S003,P0328,C02249,2,9147.78,2026-06-15 22:12:00,Card
T000659,S009,P0396,C00748,4,2039.28,2026-06-18 21:09:00,Card
T000660,S016,P0622,C01519,4,8024.08,2026-04-24 01:27:00,Cash
T000661,S015,P0296,C01620,1,8312.94,2026-04-01 04:45:00,UPI
T000662,S022,P0493,C01407,1,534.0,2026-04-30 15:38:00,UPI
T000663,S015,P0622,C02068,1,8024.08,2026-03-12 00:18:00,Wallet
T000664,S005,P0384,C01517,1,8533.89,2026-02-10 12:12:00,Cash
T000665,S020,P0307,C00394,3,2471.27,2026-05-09 17:10:00,Card
T000666,S014,P0348,C00844,1,8457.98,2026-02-23 11:54:00,Cash
T000667,S017,P0635,C02218,2,4059.59,2026-06-30 17:55:00,Card
T000668,S022,P0530,C02639,3,9327.08,2026-04-10 17:30:00,Wallet
T000669,S014,P0279,C01803,4,3009.41,2026-01-17 05:57:00,Cash
T000670,S002,P0389,C01308,5,8090.99,2026-06-17 05:10:00,Wallet
T000671,S010,P0020,C01482,3,2220.31,2026-04-01 22:23:00,Cash
T000672,S021,P0665,C02902,2,7169.18,2026-05-25 11:34:00,Cash
T000673,S016,P0228,C01770,5,1293.81,2026-04-28 04:46:00,Wallet
T000674,S019,P0105,C01378,4,5394.62,2026-03-13 22:28:00,Card
T000675,S019,P0145,C02974,1,2675.89,2026-03-19 13:26:00,Cash
T000676,S016,P0787,C02509,1,1525.99,2026-01-18 22:01:00,Wallet
T000677,S004,P0711,C00988,3,1928.92,2026-05-04 12:51:00,Cash
T000678,S015,P0216,C01475,5,304.99,2026-05-01 20:40:00,Wallet
T000679,S004,P0128,C00209,1,238.74,2026-06-18 06:09:00,UPI
T000680,S015,P0342,C02636,3,6631.4,2026-05-28 17:18:00,Wallet
T000681,S009,P0235,C01179,5,1653.62,2026-06-18 17:56:00,Card
T000682,S023,P0680,C00294,3,4165.12,2026-03-08 04:25:00,Wallet
T000683,S012,P0137,C00709,3,947.81,2026-06-28 11:03:00,Wallet
T000684,S009,P0513,C01380,4,5966.04,2026-05-31 19:49:00,UPI
T000685,S021,P0229,C01404,3,9936.26,2026-03-31 19:57:00,Wallet
T000686,S018,P0317,C00391,4,6564.28,2026-06-08 13:46:00,Cash
T000687,S007,P0665,C01533,4,7169.18,2026-01-18 01:32:00,Cash
T000688,S018,P0156,C00974,2,502.84,2026-01-08 05:25:00,Cash
T000689,S001,P0382,C01432,5,7873.11,2026-03-01 03:17:00,Cash
T000690,S016,P0498,C02449,3,3416.54,2026-06-20 03:37:00,Cash
T000691,S013,P0514,C00401,4,4318.77,2026-05-08 23:11:00,UPI
T000692,S021,P0160,C02175,3,5876.12,2026-05-02 11:02:00,UPI
T000693,S006,P0796,C00793,4,4753.83,2026-03-01 08:04:00,Card
T000694,S015,P0219,C02684,3,1397.47,2026-01-27 05:56:00,UPI
T000695,S004,P0308,C00075,4,4979.5,2026-04-09 14:20:00,Cash
T000696,S021,P0411,C02429,4,2150.28,2026-01-17 02:06:00,UPI
T000697,S022,P0261,C02989,4,5766.11,2026-06-06 08:32:00,Wallet
T000698,S010,P0738,C02841,2,9853.09,2026-01-30 01:16:00,UPI
T000699,S019,P0570,C01431,3,1364.83,2026-01-19 15:04:00,Cash
T000700,S016,P0043,C02123,2,5469.14,2026-04-06 20:42:00,Cash
T000701,S002,P0382,C02925,4,7873.11,2026-06-11 01:00:00,UPI
T000702,S020,P0473,C00105,2,1487.53,2026-02-14 10:57:00,Wallet
T000703,S015,P0104,C00080,1,5571.01,2026-01-28 23:50:00,Cash
T000704,S022,P0631,C02777,1,1960.93,2026-04-26 12:53:00,UPI
T000705,S024,P0777,C00430,4,3589.83,2026-02-04 21:45:00,UPI
T000706,S021,P0393,C01885,5,533.66,2026-05-27 18:59:00,Cash
T000707,S018,P0589,C00137,4,1543.12,2026-02-21 06:40:00,Wallet
T000708,S017,P0718,C02447,2,3083.62,2026-03-06 16:45:00,Cash
T000709,S013,P0322,C02785,1,3075.32,2026-04-23 23:10:00,Card
T000710,S025,P0113,C01496,5,3582.38,2026-03-15 07:41:00,Card
T000711,S014,P0681,C02252,5,7716.53,2026-02-21 05:31:00,Wallet
T000712,S012,P0412,C02773,2,4018.41,2026-04-22 18:02:00,Card
T000713,S012,P0439,C01994,2,9228.23,2026-02-19 02:56:00,Cash
T000714,S014,P0721,C02160,5,4538.97,2026-05-30 00:49:00,UPI
T000715,S005,P0501,C00237,4,2439.32,2026-06-11 22:49:00,Card
T000716,S009,P0547,C02206,2,3808.05,2026-01-25 06:56:00,UPI
T000717,S004,P0219,C00945,3,1397.47,2026-01-09 04:47:00,Card
T000718,S009,P0627,C00030,1,556.05,2026-01-02 12:16:00,Card
T000719,S010,P0049,C02473,4,5730.67,2026-04-15 19:23:00,Card
T000720,S020,P0505,C02602,3,1428.24,2026-05-20 02:27:00,Card
T000721,S011,P0443,C01660,2,1796.09,2026-03-29 06:19:00,Wallet
T000722,S014,P0730,C02979,5,3102.76,2026-06-24 21:55:00,Wallet
T000723,S017,P0788,C00257,3,2185.3,2026-05-16 16:56:00,UPI
T000724,S022,P0201,C02882,1,236.37,2026-02-18 07:04:00,UPI
T000725,S012,P0468,C02759,2,6423.78,2026-05-27 16:10:00,Wallet
T000726,S013,P0374,C02297,2,3617.37,2026-05-09 12:01:00,UPI
T000727,S006,P0526,C00714,3,9168.71,2026-04-02 21:06:00,Wallet
T000728,S019,P0243,C02988,4,1465.14,2026-05-24 04:42:00,Cash
T000729,S017,P0725,C00280,2,7432.08,2026-01-18 14:58:00,Wallet
T000730,S003,P0440,C02390,1,9802.7,2026-04-20 21:20:00,Card
T000731,S006,P0689,C00527,2,9487.92,2026-04-07 02:25:00,UPI
T000732,S011,P0271,C02567,2,9964.47,2026-05-26 02:40:00,Card
T000733,S019,P0387,C00339,1,9206.54,2026-02-02 17:39:00,Wallet
T000734,S005,P0658,C02239,5,6391.79,2026-03-18 03:26:00,Cash
T000735,S025,P0634,C01254,4,5542.5,2026-01-31 17:01:00,Cash
T000736,S013,P0463,C01082,3,7009.64,2026-03-01 01:45:00,Cash
T000737,S012,P0717,C00880,2,9261.46,2026-06-03 18:27:00,Cash
T000738,S004,P0287,C01174,1,1573.93,2026-03-26 00:46:00,UPI
T000739,S022,P0792,C02817,5,8389.63,2026-02-27 09:53:00,Cash
T000740,S015,P0088,C00876,4,2657.13,2026-03-06 13:19:00,Card
T000741,S005,P0524,C00075,3,5664.21,2026-06-30 12:12:00,UPI
T000742,S004,P0212,C02264,5,2394.87,2026-01-18 05:23:00,Card
T000743,S017,P0456,C02959,4,9111.0,2026-03-15 02:33:00,Cash
T000744,S025,P0800,C00409,5,9198.59,2026-05-17 19:38:00,Cash
T000745,S013,P0509,C00329,3,6118.83,2026-03-03 17:40:00,Card
T000746,S009,P0170,C00115,1,7462.62,2026-06-06 17:04:00,Card
T000747,S009,P0204,C00996,3,951.33,2026-03-21 13:37:00,UPI
T000748,S015,P0100,C00456,2,5501.88,2026-06-08 01:56:00,Card
T000749,S001,P0555,C00849,4,2733.2,2026-05-20 23:48:00,Card
T000750,S025,P0002,C02082,4,1803.85,2026-01-29 19:53:00,Wallet
T000751,S002,P0299,C01920,4,4425.47,2026-05-01 08:58:00,UPI
T000752,S014,P0432,C02710,4,3471.53,2026-06-17 01:01:00,UPI
T000753,S013,P0557,C00972,4,6068.55,2026-01-09 11:32:00,Card
T000754,S001,P0759,C02473,3,652.17,2026-04-18 08:54:00,Wallet
T000755,S023,P0432,C02680,4,3471.53,2026-02-21 11:25:00,UPI
T000756,S004,P0652,C01705,2,6896.92,2026-01-16 04:45:00,Wallet
T000757,S018,P0151,C00172,3,5217.03,2026-02-22 18:40:00,Wallet
T000758,S004,P0575,C00203,3,9035.22,2026-03-26 22:38:00,Wallet
T000759,S008,P0589,C00911,1,1543.12,2026-01-16 08:02:00,Card
T000760,S013,P0397,C01219,3,306.84,2026-05-07 02:29:00,Cash
T000761,S010,P0630,C01759,4,6658.91,2026-05-25 20:49:00,UPI
T000762,S013,P0603,C02511,1,7378.66,2026-06-29 01:12:00,UPI
T000763,S020,P0331,C02941,2,7893.32,2026-03-30 02:24:00,UPI
T000764,S002,P0397,C01025,5,306.84,2026-04-17 20:25:00,Wallet
T000765,S010,P0661,C00064,2,936.39,2026-06-06 02:45:00,Card
T000766,S023,P0345,C02712,1,1998.33,2026-05-22 16:20:00,Wallet
T000767,S018,P0700,C00218,1,1966.82,2026-02-03 09:14:00,UPI
T000768,S019,P0756,C01531,5,8540.93,2026-01-11 03:33:00,UPI
T000769,S005,P0193,C01627,5,7596.81,2026-01-10 16:57:00,Wallet
T000770,S009,P0476,C00045,4,867.09,2026-05-10 07:41:00,Card
T000771,S003,P0121,C01361,2,934.55,2026-06-16 11:57:00,Card
T000772,S025,P0653,C01631,2,3849.13,2026-04-21 16:18:00,Cash
T000773,S005,P0176,C01645,1,3653.54,2026-03-19 07:46:00,Card
T000774,S024,P0116,C01735,5,2079.75,2026-01-06 01:53:00,UPI
T000775,S015,P0564,C02900,5,3746.46,2026-01-07 06:41:00,Cash
T000776,S005,P0283,C02107,1,8716.22,2026-05-17 20:45:00,Card
T000777,S008,P0204,C01508,5,951.33,2026-04-08 23:16:00,Cash
T000778,S021,P0197,C02796,5,1254.11,2026-06-25 00:37:00,UPI
T000779,S015,P0005,C01673,3,6938.1,2026-05-22 16:27:00,Card
T000780,S010,P0335,C00346,4,3766.76,2026-01-14 13:12:00,Cash
T000781,S007,P0260,C01546,5,1324.75,2026-04-07 23:44:00,Cash
T000782,S024,P0126,C00107,2,6217.24,2026-02-02 14:40:00,UPI
T000783,S005,P0312,C00193,1,2537.53,2026-06-29 14:34:00,Card
T000784,S011,P0194,C00356,5,3478.21,2026-05-21 04:42:00,Cash
T000785,S023,P0526,C02601,5,9168.71,2026-01-30 14:56:00,Wallet
T000786,S008,P0580,C02369,1,2979.67,2026-01-31 21:00:00,Cash
T000787,S004,P0777,C02470,4,3589.83,2026-04-05 12:00:00,Wallet
T000788,S023,P0505,C00334,4,1428.24,2026-02-19 11:42:00,UPI
T000789,S014,P0197,C00134,3,1254.11,2026-04-22 01:58:00,Wallet
T000790,S003,P0059,C02348,3,8701.51,2026-03-02 07:55:00,Card
T000791,S001,P0260,C02862,4,1324.75,2026-01-24 20:05:00,Cash
T000792,S018,P0096,C01607,3,8076.83,2026-01-03 07:45:00,Card
T000793,S019,P0780,C02600,5,5537.46,2026-04-16 18:18:00,Cash
T000794,S013,P0214,C00980,4,2750.7,2026-05-26 01:33:00,Cash
T000795,S025,P0119,C02283,4,4834.82,2026-01-04 08:31:00,Wallet
T000796,S002,P0469,C01904,4,7483.98,2026-01-15 02:36:00,UPI
T000797,S010,P0398,C01147,2,3448.99,2026-01-15 04:19:00,Cash
T000798,S023,P0672,C02927,5,4881.93,2026-04-23 06:09:00,Wallet
T000799,S003,P0693,C02602,2,1638.87,2026-03-14 01:29:00,Wallet
T000800,S008,P0779,C00969,1,1467.39,2026-03-22 11:56:00,Card
T000801,S014,P0182,C01083,5,5319.06,2026-06-04 22:21:00,Wallet
T000802,S011,P0342,C02048,3,6631.4,2026-03-04 09:58:00,UPI
T000803,S018,P0799,C00002,3,206.59,2026-02-03 20:41:00,Cash
T000804,S010,P0547,C00177,5,3808.05,2026-04-12 16:20:00,Wallet
T000805,S018,P0743,C00890,1,2117.79,2026-06-18 04:10:00,UPI
T000806,S011,P0353,C01586,1,908.91,2026-06-18 02:37:00,Cash
T000807,S015,P0167,C01982,1,3360.33,2026-01-20 08:32:00,Cash
T000808,S016,P0594,C02942,3,9238.26,2026-05-20 07:01:00,Wallet
T000809,S002,P0121,C00431,1,934.55,2026-05-07 12:11:00,Wallet
T000810,S010,P0590,C01937,4,3157.03,2026-02-26 15:08:00,Wallet
T000811,S014,P0371,C01188,3,5918.35,2026-03-19 12:31:00,Cash
T000812,S019,P0473,C00614,5,1487.53,2026-05-22 09:59:00,Wallet
T000813,S022,P0156,C00682,4,502.84,2026-06-17 08:20:00,Card
T000814,S009,P0304,C02077,3,1895.43,2026-05-15 09:07:00,UPI
T000815,S001,P0777,C00833,5,3589.83,2026-03-23 23:49:00,Cash
T000816,S012,P0702,C01558,5,9903.95,2026-05-19 17:11:00,Wallet
T000817,S024,P0012,C01778,4,1540.01,2026-01-27 01:50:00,Card
T000818,S003,P0666,C02941,4,9941.8,2026-03-30 14:01:00,Card
T000819,S018,P0532,C00542,4,6385.3,2026-06-30 21:13:00,Wallet
T000820,S015,P0035,C02560,4,6699.1,2026-05-05 09:32:00,Wallet
T000821,S015,P0450,C02442,3,4833.69,2026-01-21 06:56:00,UPI
T000822,S019,P0776,C02680,2,994.43,2026-02-05 17:46:00,Wallet
T000823,S016,P0148,C01542,2,1255.74,2026-03-01 10:24:00,Wallet
T000824,S003,P0604,C00753,4,6814.35,2026-05-22 07:11:00,UPI
T000825,S012,P0057,C01794,2,657.85,2026-02-01 12:42:00,UPI
T000826,S014,P0134,C02269,5,4143.39,2026-02-06 01:13:00,Card
T000827,S014,P0192,C02707,1,8778.88,2026-03-02 23:50:00,Card
T000828,S008,P0295,C00827,2,9626.53,2026-04-23 22:11:00,Card
T000829,S005,P0701,C00991,1,1291.57,2026-04-27 03:53:00,Card
T000830,S009,P0632,C02415,2,6060.23,2026-01-06 17:01:00,Cash
T000831,S023,P0389,C00093,4,8090.99,2026-01-09 09:13:00,UPI
T000832,S023,P0387,C02319,3,9206.54,2026-03-13 20:04:00,Card
T000833,S020,P0697,C00010,4,7318.56,2026-04-09 10:15:00,Cash
T000834,S011,P0671,C00535,2,8333.09,2026-01-22 02:02:00,Wallet
T000835,S025,P0551,C01605,3,8695.78,2026-03-13 20:48:00,Card
T000836,S005,P0614,C01252,1,5908.82,2026-04-09 16:54:00,Cash
T000837,S002,P0249,C01976,1,4250.12,2026-01-05 13:03:00,Wallet
T000838,S018,P0272,C01040,5,1528.03,2026-04-09 15:09:00,Cash
T000839,S025,P0295,C02178,4,9626.53,2026-01-12 07:39:00,Cash
T000840,S019,P0252,C00437,1,7003.96,2026-02-22 12:56:00,UPI
T000841,S012,P0263,C00683,3,3567.34,2026-02-17 22:31:00,Cash
T000842,S011,P0147,C02169,1,7130.53,2026-04-21 18:10:00,Card
T000843,S005,P0455,C01681,3,8262.37,2026-01-14 22:32:00,Cash
T000844,S018,P0342,C00123,4,6631.4,2026-03-20 01:04:00,Wallet
T000845,S018,P0564,C02172,4,3746.46,2026-05-19 11:52:00,Wallet
T000846,S002,P0029,C02781,2,4435.78,2026-01-07 20:46:00,Card
T000847,S006,P0740,C02418,2,9717.89,2026-03-28 08:57:00,UPI
T000848,S002,P0256,C00308,4,5260.23,2026-06-01 07:23:00,UPI
T000849,S018,P0637,C02938,3,797.52,2026-01-08 11:38:00,Wallet
T000850,S025,P0425,C00856,5,7476.59,2026-06-09 14:48:00,Card
T000851,S017,P0553,C01934,5,3486.3,2026-04-20 01:56:00,Wallet
T000852,S007,P0164,C02128,4,5943.35,2026-01-28 18:53:00,UPI
T000853,S019,P0258,C00646,3,2488.26,2026-04-10 23:08:00,Cash
T000854,S004,P0419,C00712,5,343.71,2026-03-15 18:15:00,Wallet
T000855,S010,P0683,C02366,4,8931.71,2026-04-29 14:28:00,Cash
T000856,S008,P0118,C01750,1,8483.91,2026-05-27 19:23:00,Card
T000857,S018,P0779,C00749,5,1467.39,2026-05-13 08:52:00,UPI
T000858,S011,P0483,C00019,1,257.78,2026-02-11 13:00:00,UPI
T000859,S017,P0719,C00170,2,532.73,2026-04-30 08:07:00,Wallet
T000860,S005,P0320,C01387,1,5892.08,2026-02-03 00:31:00,UPI
T000861,S024,P0151,C02790,2,5217.03,2026-03-13 23:17:00,UPI
T000862,S012,P0085,C02963,4,7989.74,2026-03-12 02:55:00,Cash
T000863,S013,P0376,C01113,1,1363.04,2026-03-05 18:31:00,Cash
T000864,S005,P0543,C02041,5,7511.43,2026-03-17 11:31:00,UPI
T000865,S014,P0057,C01103,4,657.85,2026-05-27 13:28:00,Card
T000866,S025,P0478,C01309,1,8936.61,2026-01-10 21:00:00,UPI
T000867,S022,P0365,C00701,4,6145.31,2026-03-12 12:20:00,Wallet
T000868,S002,P0259,C01130,2,7345.66,2026-03-10 22:30:00,Card
T000869,S016,P0739,C01632,1,7330.72,2026-03-06 22:17:00,Cash
T000870,S007,P0300,C02224,2,3880.91,2026-06-05 00:25:00,UPI
T000871,S016,P0587,C01526,5,3226.67,2026-02-01 10:28:00,Card
T000872,S007,P0244,C02822,5,8989.85,2026-05-26 22:33:00,Wallet
T000873,S014,P0548,C02897,1,1900.64,2026-03-24 09:01:00,UPI
T000874,S015,P0091,C01064,3,8684.0,2026-02-15 15:08:00,Card
T000875,S016,P0235,C00552,4,1653.62,2026-04-29 00:35:00,UPI
T000876,S011,P0275,C02719,5,7489.31,2026-04-23 00:18:00,UPI
T000877,S001,P0636,C02598,4,9406.97,2026-04-30 01:15:00,UPI
T000878,S019,P0374,C00182,1,3617.37,2026-04-02 16:23:00,Wallet
T000879,S022,P0509,C02496,4,6118.83,2026-06-13 18:59:00,Card
T000880,S012,P0029,C02529,2,4435.78,2026-02-25 13:56:00,UPI
T000881,S004,P0586,C00536,1,1154.2,2026-01-15 19:46:00,Card
T000882,S005,P0563,C02965,3,6057.9,2026-01-21 09:26:00,Card
T000883,S019,P0233,C02888,2,8252.74,2026-06-06 18:49:00,Wallet
T000884,S021,P0004,C01101,5,1339.91,2026-03-22 02:11:00,Card
T000885,S011,P0773,C01953,5,8629.97,2026-04-23 06:08:00,Card
T000886,S018,P0608,C00423,3,9699.3,2026-03-08 09:25:00,Cash
T000887,S014,P0331,C00512,1,7893.32,2026-03-08 16:53:00,Card
T000888,S003,P0619,C02646,4,731.92,2026-02-02 07:45:00,Cash
T000889,S015,P0616,C00676,1,3900.2,2026-06-11 05:57:00,Cash
T000890,S010,P0471,C01240,1,6734.93,2026-02-07 21:05:00,Card
T000891,S008,P0307,C02300,4,2471.27,2026-06-17 01:41:00,Wallet
T000892,S012,P0163,C01579,2,6843.99,2026-03-01 03:54:00,UPI
T000893,S023,P0530,C02235,2,9327.08,2026-06-17 01:18:00,UPI
T000894,S016,P0183,C01231,5,4734.37,2026-02-17 23:21:00,Wallet
T000895,S023,P0242,C02646,4,1599.95,2026-05-10 15:01:00,Wallet
T000896,S010,P0492,C00704,3,6612.82,2026-05-29 10:49:00,Card
T000897,S021,P0651,C01253,2,4819.93,2026-01-11 18:53:00,Cash
T000898,S017,P0312,C02551,4,2537.53,2026-02-28 02:04:00,Wallet
T000899,S012,P0169,C02473,4,8645.46,2026-03-08 08:47:00,Wallet
T000900,S025,P0113,C01383,4,3582.38,2026-01-05 23:09:00,Cash
T000901,S006,P0229,C02124,1,9936.26,2026-04-01 18:26:00,UPI
T000902,S018,P0782,C00928,3,5850.54,2026-01-12 20:29:00,UPI
T000903,S010,P0657,C01216,2,9529.9,2026-03-02 11:56:00,Wallet
T000904,S021,P0596,C01716,1,3439.36,2026-01-28 02:38:00,UPI
T000905,S010,P0739,C00205,5,7330.72,2026-05-10 15:08:00,UPI
T000906,S023,P0616,C00270,4,3900.2,2026-01-29 17:26:00,Cash
T000907,S014,P0495,C00935,4,2593.21,2026-01-20 08:05:00,Card
T000908,S013,P0295,C00688,4,9626.53,2026-02-22 11:07:00,Card
T000909,S020,P0129,C01500,3,8288.85,2026-05-27 12:40:00,Card
T000910,S020,P0034,C00905,4,7586.4,2026-06-24 14:11:00,Card
T000911,S023,P0055,C02439,1,7674.42,2026-01-19 21:54:00,Cash
T000912,S022,P0645,C00241,1,9521.65,2026-04-20 09:39:00,Cash
T000913,S004,P0152,C01912,2,7394.01,2026-02-06 00:50:00,UPI
T000914,S006,P0771,C01885,2,3548.02,2026-03-25 20:43:00,Wallet
T000915,S016,P0319,C00270,3,8409.93,2026-04-03 11:26:00,Cash
T000916,S001,P0432,C02342,1,3471.53,2026-04-15 22:15:00,UPI
T000917,S020,P0535,C01090,2,2686.17,2026-04-06 16:03:00,Card
T000918,S017,P0223,C01352,5,1097.95,2026-03-17 21:13:00,Cash
T000919,S006,P0460,C01255,2,4631.5,2026-01-08 05:28:00,Card
T000920,S020,P0780,C02652,3,5537.46,2026-04-05 01:31:00,Wallet
T000921,S016,P0701,C01702,4,1291.57,2026-03-16 05:07:00,UPI
T000922,S001,P0362,C01021,5,945.79,2026-06-01 00:52:00,Card
T000923,S024,P0171,C01767,2,1015.26,2026-01-28 20:47:00,Cash
T000924,S013,P0477,C02985,2,4461.51,2026-02-24 10:41:00,Cash
T000925,S005,P0011,C00175,2,1928.34,2026-05-11 17:20:00,UPI
T000926,S014,P0589,C00156,1,1543.12,2026-05-29 11:44:00,Cash
T000927,S021,P0465,C01666,1,856.68,2026-02-25 12:55:00,Cash
T000928,S017,P0309,C00597,4,2764.95,2026-05-30 01:06:00,Wallet
T000929,S011,P0256,C02891,3,5260.23,2026-06-18 05:07:00,Cash
T000930,S006,P0675,C00216,3,8934.69,2026-04-08 22:09:00,Card
T000931,S016,P0128,C01641,5,238.74,2026-01-21 02:38:00,Card
T000932,S024,P0742,C02890,1,8185.79,2026-02-27 19:17:00,Wallet
T000933,S019,P0454,C01490,3,2095.86,2026-05-09 19:36:00,Card
T000934,S008,P0637,C00805,3,797.52,2026-06-11 18:42:00,Wallet
T000935,S011,P0602,C00079,3,8981.46,2026-04-18 18:23:00,Card
T000936,S006,P0758,C02752,5,3142.11,2026-02-01 18:00:00,Cash
T000937,S018,P0179,C02103,4,8127.84,2026-01-14 20:43:00,Card
T000938,S008,P0343,C01871,2,746.07,2026-05-01 22:30:00,UPI
T000939,S016,P0227,C01009,1,3442.57,2026-05-15 17:45:00,Card
T000940,S021,P0284,C01395,2,5700.06,2026-04-23 10:49:00,Card
T000941,S014,P0052,C00741,2,6206.7,2026-03-10 06:39:00,Cash
T000942,S010,P0104,C00733,2,5571.01,2026-05-28 10:00:00,Wallet
T000943,S018,P0260,C00089,5,1324.75,2026-03-04 11:13:00,Cash
T000944,S006,P0196,C02927,4,4393.61,2026-03-04 12:21:00,UPI
T000945,S002,P0248,C00943,3,9033.86,2026-03-01 15:33:00,Cash
T000946,S005,P0075,C01638,1,6747.45,2026-03-22 03:56:00,Card
T000947,S001,P0136,C01338,1,9081.55,2026-06-27 08:13:00,Wallet
T000948,S012,P0726,C00368,3,1737.63,2026-04-24 13:59:00,Cash
T000949,S019,P0548,C02043,1,1900.64,2026-04-03 02:43:00,Cash
T000950,S009,P0650,C02861,1,8079.24,2026-04-01 19:07:00,Card
T000951,S011,P0156,C02653,3,502.84,2026-05-10 02:36:00,Wallet
T000952,S019,P0313,C00292,1,5724.63,2026-04-03 22:18:00,Card
T000953,S005,P0381,C01525,1,4277.41,2026-05-04 20:39:00,Cash
T000954,S016,P0239,C02092,1,8363.65,2026-02-28 15:19:00,UPI
T000955,S024,P0601,C00374,2,5812.86,2026-04-18 07:50:00,Cash
T000956,S024,P0022,C01431,2,1191.13,2026-05-26 04:16:00,Cash
T000957,S020,P0626,C01041,1,4287.21,2026-05-18 08:21:00,Wallet
T000958,S025,P0113,C01365,4,3582.38,2026-04-15 23:00:00,Cash
T000959,S013,P0367,C02033,1,8513.3,2026-05-30 22:43:00,Wallet
T000960,S021,P0237,C00712,5,3411.61,2026-02-05 20:40:00,Card
T000961,S001,P0285,C01678,2,8360.15,2026-03-08 09:47:00,Wallet
T000962,S003,P0124,C01682,2,9076.76,2026-03-29 10:42:00,Cash
T000963,S011,P0734,C01772,2,8745.49,2026-01-31 02:46:00,Card
T000964,S014,P0010,C00004,4,9207.97,2026-04-15 14:22:00,UPI
T000965,S005,P0321,C00171,3,1697.02,2026-05-10 05:03:00,UPI
T000966,S022,P0322,C02487,5,3075.32,2026-05-28 16:52:00,Wallet
T000967,S020,P0513,C01469,4,5966.04,2026-06-11 06:45:00,Wallet
T000968,S007,P0472,C00317,3,774.55,2026-02-16 15:29:00,Card
T000969,S017,P0710,C01731,1,4772.38,2026-01-04 05:41:00,UPI
T000970,S004,P0764,C02429,1,9223.74,2026-01-31 14:17:00,UPI
T000971,S024,P0081,C01166,4,3253.67,2026-03-09 18:55:00,UPI
T000972,S005,P0052,C00887,5,6206.7,2026-05-01 03:26:00,Wallet
T000973,S018,P0526,C02149,5,9168.71,2026-02-02 01:09:00,UPI
T000974,S002,P0551,C02433,2,8695.78,2026-04-21 00:49:00,Cash
T000975,S013,P0401,C02689,1,8837.96,2026-06-26 05:41:00,Card
T000976,S014,P0569,C02143,1,3008.24,2026-01-19 04:31:00,Wallet
T000977,S003,P0725,C02195,3,7432.08,2026-05-12 18:04:00,Cash
T000978,S012,P0431,C02441,1,5205.67,2026-04-10 14:24:00,UPI
T000979,S011,P0677,C02422,4,3602.54,2026-04-01 04:21:00,Wallet
T000980,S025,P0777,C02281,5,3589.83,2026-04-13 23:47:00,Card
T000981,S017,P0390,C01961,2,1923.02,2026-05-23 08:14:00,UPI
T000982,S023,P0013,C01963,2,3585.81,2026-03-17 04:03:00,Wallet
T000983,S004,P0161,C00008,5,4221.55,2026-03-28 11:29:00,Cash
T000984,S015,P0459,C00633,2,4208.02,2026-06-01 20:46:00,Card
T000985,S001,P0361,C01721,3,7663.58,2026-06-07 03:40:00,Wallet
T000986,S018,P0529,C00915,1,4146.0,2026-01-12 02:31:00,Card
T000987,S015,P0051,C01640,5,3973.71,2026-04-01 15:19:00,Cash
T000988,S012,P0106,C02628,3,176.87,2026-04-15 21:31:00,Cash
T000989,S014,P0623,C02248,2,5792.3,2026-04-26 14:52:00,Wallet
T000990,S016,P0082,C01066,4,2741.65,2026-03-16 16:17:00,Cash
T000991,S013,P0578,C00145,4,6474.47,2026-06-29 04:35:00,Wallet
T000992,S018,P0461,C01527,1,3995.16,2026-02-16 20:07:00,Cash
T000993,S003,P0782,C02013,1,5850.54,2026-05-11 02:51:00,Wallet
T000994,S002,P0312,C01452,4,2537.53,2026-02-08 00:15:00,Cash
T000995,S013,P0685,C02489,3,3601.0,2026-06-01 20:14:00,Card
T000996,S017,P0311,C01020,1,9144.98,2026-04-05 23:00:00,UPI
T000997,S007,P0641,C02687,4,2773.24,2026-06-16 15:28:00,Card
T000998,S005,P0017,C02949,1,9248.9,2026-04-08 10:56:00,Cash
T000999,S011,P0542,C01418,4,6397.18,2026-04-23 06:01:00,Card
T001000,S016,P0246,C01924,4,938.3,2026-05-11 20:04:00,Card
T001001,S004,P0019,C02774,2,1889.4,2026-03-13 03:18:00,Wallet
T001002,S016,P0508,C02817,5,2136.59,2026-03-01 10:08:00,UPI
T001003,S004,P0607,C00659,4,1260.73,2026-05-07 11:38:00,Cash
T001004,S022,P0290,C02243,4,8671.94,2026-01-13 19:15:00,Card
T001005,S009,P0013,C00424,2,3585.81,2026-05-13 17:55:00,UPI
T001006,S011,P0142,C01536,3,152.07,2026-05-29 17:20:00,Cash
T001007,S011,P0025,C02696,1,4622.76,2026-04-20 09:44:00,Cash
T001008,S024,P0605,C00129,5,6825.51,2026-03-24 13:06:00,UPI
T001009,S018,P0682,C02309,5,4013.05,2026-03-23 06:05:00,Card
T001010,S021,P0582,C02032,4,1360.43,2026-02-06 01:25:00,Wallet
T001011,S016,P0243,C02132,5,1465.14,2026-02-23 14:41:00,Card
T001012,S013,P0318,C01547,1,9340.72,2026-05-13 09:29:00,Card
T001013,S008,P0014,C00829,3,5097.6,2026-05-28 21:00:00,Card
T001014,S001,P0791,C02750,1,7042.88,2026-03-22 03:23:00,UPI
T001015,S008,P0595,C00326,3,3060.11,2026-03-30 09:43:00,Cash
T001016,S020,P0162,C02520,3,6800.39,2026-02-12 04:02:00,Card
T001017,S004,P0019,C02015,3,1889.4,2026-03-15 09:20:00,Wallet
T001018,S011,P0582,C02320,4,1360.43,2026-05-05 14:58:00,Cash
T001019,S017,P0424,C01588,2,3403.2,2026-02-27 05:46:00,Wallet
T001020,S004,P0710,C00798,3,4772.38,2026-03-15 08:51:00,Wallet
T001021,S005,P0161,C00596,3,4221.55,2026-06-05 03:37:00,Wallet
T001022,S002,P0797,C01341,4,2938.01,2026-03-01 22:44:00,UPI
T001023,S002,P0170,C00522,2,7462.62,2026-03-13 04:48:00,Card
T001024,S012,P0230,C01176,1,8972.55,2026-01-25 07:03:00,Wallet
T001025,S004,P0762,C01918,4,9129.45,2026-05-22 17:21:00,Card
T001026,S017,P0369,C00323,3,4587.77,2026-02-13 00:56:00,UPI
T001027,S021,P0269,C00419,5,6799.54,2026-06-03 01:21:00,Card
T001028,S011,P0791,C02077,1,7042.88,2026-05-19 18:21:00,UPI
T001029,S002,P0423,C01649,4,805.35,2026-02-19 00:13:00,UPI
T001030,S005,P0185,C00891,5,5277.61,2026-05-06 00:52:00,Wallet
T001031,S025,P0540,C02267,3,6948.18,2026-04-05 06:56:00,Cash
T001032,S002,P0498,C02601,5,3416.54,2026-03-14 19:29:00,Wallet
T001033,S011,P0199,C01706,1,6222.14,2026-04-20 15:11:00,Card
T001034,S011,P0486,C01602,5,4214.23,2026-05-14 04:18:00,Cash
T001035,S001,P0311,C01241,2,9144.98,2026-04-27 10:04:00,Card
T001036,S005,P0164,C01064,5,5943.35,2026-01-29 04:05:00,Cash
T001037,S007,P0550,C02230,4,2666.58,2026-04-24 14:45:00,UPI
T001038,S015,P0251,C01891,2,7031.92,2026-05-07 08:58:00,UPI
T001039,S008,P0308,C01504,1,4979.5,2026-01-23 04:40:00,UPI
T001040,S023,P0113,C02184,1,3582.38,2026-03-13 22:49:00,Card
T001041,S021,P0390,C02782,4,1923.02,2026-01-30 12:04:00,UPI
T001042,S025,P0270,C00498,5,8731.95,2026-01-21 07:35:00,Card
T001043,S001,P0686,C02351,4,8846.41,2026-01-20 11:09:00,Wallet
T001044,S015,P0088,C00101,3,2657.13,2026-02-10 17:18:00,UPI
T001045,S004,P0514,C02326,1,4318.77,2026-03-27 09:25:00,Card
T001046,S022,P0752,C01292,4,3839.96,2026-04-27 21:31:00,Card
T001047,S014,P0312,C02975,4,2537.53,2026-05-12 22:56:00,Card
T001048,S008,P0297,C00260,1,8087.52,2026-01-19 23:28:00,Cash
T001049,S007,P0081,C01151,1,3253.67,2026-03-22 01:18:00,UPI
T001050,S018,P0529,C00425,1,4146.0,2026-04-21 03:25:00,UPI
T001051,S003,P0320,C00040,3,5892.08,2026-06-30 17:47:00,Card
T001052,S015,P0161,C01290,1,4221.55,2026-03-23 06:29:00,UPI
T001053,S002,P0318,C01278,4,9340.72,2026-05-23 22:33:00,Cash
T001054,S024,P0425,C00006,5,7476.59,2026-06-10 01:12:00,Cash
T001055,S004,P0049,C01583,4,5730.67,2026-06-12 21:24:00,Cash
T001056,S017,P0677,C02062,4,3602.54,2026-01-03 08:23:00,Card
T001057,S004,P0071,C00090,2,5958.46,2026-02-05 20:00:00,Cash
T001058,S011,P0363,C01597,3,3200.47,2026-04-07 07:30:00,Wallet
T001059,S011,P0129,C00625,4,8288.85,2026-06-22 06:40:00,Wallet
T001060,S015,P0615,C01101,1,6966.89,2026-03-09 16:02:00,Cash
T001061,S015,P0028,C00912,2,225.58,2026-02-08 16:32:00,Cash
T001062,S020,P0265,C02533,5,3344.68,2026-02-17 16:57:00,Wallet
T001063,S008,P0004,C02476,2,1339.91,2026-03-14 04:29:00,UPI
T001064,S024,P0726,C00937,4,1737.63,2026-02-20 21:40:00,Cash
T001065,S010,P0092,C00762,4,4028.26,2026-01-23 17:37:00,UPI
T001066,S008,P0005,C01579,1,6938.1,2026-02-24 00:06:00,Card
T001067,S008,P0437,C01847,3,4248.56,2026-04-22 02:17:00,UPI
T001068,S002,P0720,C02646,5,8925.71,2026-05-06 19:02:00,Cash
T001069,S003,P0501,C01625,2,2439.32,2026-06-06 07:07:00,UPI
T001070,S020,P0084,C00110,5,1223.23,2026-02-15 01:19:00,Wallet
T001071,S014,P0660,C01362,3,7325.53,2026-04-18 23:28:00,UPI
T001072,S013,P0170,C01320,2,7462.62,2026-03-09 20:56:00,UPI
T001073,S002,P0398,C01183,1,3448.99,2026-04-08 21:32:00,Cash
T001074,S013,P0452,C01191,5,8196.17,2026-05-30 08:00:00,Wallet
T001075,S013,P0614,C01231,5,5908.82,2026-06-13 11:54:00,Cash
T001076,S003,P0521,C01034,5,4330.23,2026-05-04 18:06:00,Wallet
T001077,S013,P0013,C02661,2,3585.81,2026-06-18 06:08:00,UPI
T001078,S015,P0026,C00220,4,5582.77,2026-03-18 07:54:00,UPI
T001079,S016,P0772,C00295,4,6650.14,2026-03-16 22:48:00,Card
T001080,S019,P0670,C01969,3,1786.79,2026-05-05 16:43:00,Cash
T001081,S002,P0610,C00809,2,6910.04,2026-06-11 13:23:00,Wallet
T001082,S003,P0541,C00423,1,5901.19,2026-06-03 12:11:00,Wallet
T001083,S002,P0110,C02351,4,8676.8,2026-05-20 16:25:00,UPI
T001084,S006,P0285,C02524,1,8360.15,2026-03-17 03:17:00,UPI
T001085,S003,P0275,C01174,3,7489.31,2026-02-26 03:50:00,Cash
T001086,S015,P0343,C02425,4,746.07,2026-03-15 14:19:00,Cash
T001087,S022,P0233,C00952,2,8252.74,2026-04-25 11:06:00,Cash
T001088,S023,P0680,C02313,4,4165.12,2026-03-05 22:36:00,Cash
T001089,S019,P0384,C00663,2,8533.89,2026-04-19 03:57:00,UPI
T001090,S007,P0492,C02785,1,6612.82,2026-02-15 15:51:00,Card
T001091,S025,P0369,C00999,1,4587.77,2026-03-23 22:32:00,UPI
T001092,S019,P0319,C02529,5,8409.93,2026-01-30 11:51:00,Card
T001093,S012,P0394,C02567,4,2911.6,2026-06-28 13:35:00,Card
T001094,S024,P0737,C01581,1,4141.59,2026-06-30 04:22:00,Wallet
T001095,S004,P0664,C01870,2,4113.17,2026-05-04 16:41:00,Wallet
T001096,S025,P0222,C02327,3,1377.06,2026-06-03 14:03:00,Wallet
T001097,S017,P0712,C00634,3,3112.13,2026-06-25 08:00:00,Wallet
T001098,S007,P0735,C02961,2,5391.49,2026-01-08 09:55:00,Cash
T001099,S022,P0539,C01541,3,8771.46,2026-03-10 17:19:00,Card
T001100,S022,P0637,C00629,4,797.52,2026-02-25 13:57:00,Wallet
T001101,S009,P0567,C01857,1,2411.23,2026-01-16 19:11:00,UPI
T001102,S007,P0248,C01121,5,9033.86,2026-03-24 08:55:00,UPI
T001103,S013,P0784,C01973,5,2111.47,2026-06-22 10:50:00,Wallet
T001104,S012,P0035,C01764,1,6699.1,2026-04-16 13:21:00,Cash
T001105,S016,P0573,C02626,1,1786.29,2026-04-24 14:30:00,Card
T001106,S005,P0328,C01895,5,9147.78,2026-04-13 08:53:00,UPI
T001107,S005,P0735,C00498,4,5391.49,2026-01-14 09:09:00,Cash
T001108,S018,P0026,C01611,5,5582.77,2026-05-05 07:28:00,Card
T001109,S010,P0380,C01078,4,666.44,2026-03-28 21:43:00,Wallet
T001110,S023,P0214,C02428,5,2750.7,2026-01-12 10:31:00,Wallet
T001111,S022,P0016,C00417,3,9025.44,2026-04-25 13:59:00,Cash
T001112,S008,P0370,C01991,1,3461.2,2026-02-26 19:32:00,Card
T001113,S016,P0257,C02710,2,8913.16,2026-02-12 18:17:00,UPI
T001114,S013,P0742,C02216,4,8185.79,2026-02-22 21:20:00,Card
T001115,S020,P0371,C01320,2,5918.35,2026-01-29 20:56:00,UPI
T001116,S006,P0338,C00098,5,2418.15,2026-06-06 11:15:00,Wallet
T001117,S022,P0055,C00030,1,7674.42,2026-02-03 20:38:00,UPI
T001118,S003,P0114,C02733,1,4586.29,2026-05-19 00:40:00,Cash
T001119,S003,P0435,C00303,4,1474.61,2026-01-06 12:56:00,Wallet
T001120,S009,P0198,C02302,3,6947.88,2026-01-24 11:22:00,UPI
T001121,S001,P0143,C00360,2,3093.82,2026-04-01 18:52:00,UPI
T001122,S005,P0689,C02278,5,9487.92,2026-01-17 22:21:00,Card
T001123,S019,P0544,C01241,4,9870.55,2026-01-13 17:42:00,UPI
T001124,S013,P0783,C02787,5,7059.62,2026-02-23 12:21:00,Wallet
T001125,S003,P0131,C00806,2,7488.79,2026-05-18 06:46:00,UPI
T001126,S017,P0271,C02726,3,9964.47,2026-02-10 18:17:00,UPI
T001127,S021,P0506,C02770,4,6514.66,2026-04-12 07:49:00,Card
T001128,S011,P0644,C01691,3,196.65,2026-03-16 05:30:00,Wallet
T001129,S005,P0072,C02482,2,4327.35,2026-04-06 11:18:00,UPI
T001130,S005,P0791,C02173,5,7042.88,2026-04-16 07:21:00,Card
T001131,S025,P0022,C01683,2,1191.13,2026-05-22 08:29:00,UPI
T001132,S010,P0539,C02979,4,8771.46,2026-01-04 01:13:00,UPI
T001133,S021,P0493,C01575,1,534.0,2026-01-06 17:58:00,Card
T001134,S014,P0030,C00638,2,4007.63,2026-01-27 17:07:00,Cash
T001135,S020,P0783,C00477,4,7059.62,2026-04-12 16:33:00,Card
T001136,S011,P0434,C02076,2,4553.72,2026-01-11 05:21:00,UPI
T001137,S009,P0424,C01895,4,3403.2,2026-03-14 10:17:00,UPI
T001138,S019,P0250,C00604,2,9100.39,2026-01-07 07:51:00,UPI
T001139,S022,P0731,C02342,2,5565.29,2026-06-11 23:29:00,Card
T001140,S005,P0352,C00574,5,3229.8,2026-03-05 01:09:00,Wallet
T001141,S013,P0466,C00417,2,4158.95,2026-03-11 04:13:00,Card
T001142,S020,P0473,C02389,3,1487.53,2026-04-07 22:22:00,Cash
T001143,S006,P0170,C00764,3,7462.62,2026-04-13 04:28:00,Wallet
T001144,S010,P0780,C01054,3,5537.46,2026-03-11 02:53:00,Cash
T001145,S025,P0779,C01018,4,1467.39,2026-01-20 02:31:00,Wallet
T001146,S003,P0520,C00463,1,7626.21,2026-05-10 14:10:00,Cash
T001147,S014,P0228,C00905,1,1293.81,2026-01-06 00:30:00,Cash
T001148,S001,P0025,C02479,5,4622.76,2026-05-19 20:38:00,Cash
T001149,S003,P0576,C02047,4,6691.73,2026-02-08 03:15:00,Cash
T001150,S020,P0325,C02878,3,9797.44,2026-05-31 13:21:00,UPI
T001151,S023,P0790,C02623,4,6990.61,2026-02-19 20:40:00,Card
T001152,S016,P0799,C01973,5,206.59,2026-03-21 11:02:00,UPI
T001153,S004,P0176,C01460,5,3653.54,2026-04-19 17:29:00,Card
T001154,S013,P0017,C02922,3,9248.9,2026-01-06 10:18:00,Card
T001155,S014,P0480,C00690,1,6933.43,2026-03-12 15:39:00,Card
T001156,S024,P0742,C01626,4,8185.79,2026-02-21 03:24:00,UPI
T001157,S011,P0222,C00598,2,1377.06,2026-03-09 22:23:00,Cash
T001158,S006,P0075,C02193,1,6747.45,2026-05-28 16:05:00,Cash
T001159,S019,P0353,C02695,5,908.91,2026-04-07 09:56:00,Wallet
T001160,S019,P0480,C00932,4,6933.43,2026-04-20 03:10:00,Card
T001161,S019,P0617,C01471,4,1083.47,2026-02-26 13:52:00,Cash
T001162,S019,P0782,C01419,1,5850.54,2026-05-24 09:30:00,Card
T001163,S009,P0261,C02949,4,5766.11,2026-05-04 09:42:00,UPI
T001164,S022,P0076,C00264,4,6314.65,2026-06-29 18:12:00,Card
T001165,S007,P0401,C01868,1,8837.96,2026-05-10 08:20:00,Wallet
T001166,S021,P0152,C01455,4,7394.01,2026-04-08 00:35:00,Wallet
T001167,S006,P0442,C00427,1,3354.53,2026-05-08 13:26:00,Cash
T001168,S007,P0569,C01195,2,3008.24,2026-04-06 18:39:00,Card
T001169,S002,P0032,C00060,5,5989.11,2026-01-28 15:26:00,Cash
T001170,S024,P0408,C01021,1,5035.02,2026-02-27 19:43:00,Card
T001171,S021,P0592,C00681,3,7069.99,2026-01-07 13:33:00,Card
T001172,S006,P0524,C01911,2,5664.21,2026-03-01 15:15:00,UPI
T001173,S017,P0041,C01933,5,7624.7,2026-04-05 16:16:00,Card
T001174,S008,P0086,C00704,4,5641.27,2026-05-25 03:43:00,Wallet
T001175,S012,P0362,C01191,5,945.79,2026-06-14 10:36:00,Card
T001176,S005,P0189,C00011,4,2622.12,2026-03-27 04:54:00,UPI
T001177,S001,P0066,C02528,4,5076.41,2026-06-11 02:51:00,Cash
T001178,S009,P0142,C02232,4,152.07,2026-01-25 19:08:00,UPI
T001179,S016,P0448,C02793,2,1800.07,2026-02-13 07:05:00,Wallet
T001180,S011,P0781,C00858,4,5370.5,2026-05-06 20:15:00,UPI
T001181,S012,P0161,C02559,3,4221.55,2026-03-05 02:51:00,Cash
T001182,S001,P0094,C02804,1,5013.87,2026-02-06 13:45:00,Cash
T001183,S004,P0083,C00133,5,6898.86,2026-06-07 16:09:00,Cash
T001184,S023,P0706,C02203,3,6473.34,2026-05-14 19:20:00,Card
T001185,S007,P0132,C01759,2,8576.74,2026-03-01 02:00:00,UPI
T001186,S001,P0014,C00860,4,5097.6,2026-05-07 08:36:00,Wallet
T001187,S011,P0138,C00529,2,9745.55,2026-04-16 10:37:00,UPI
T001188,S008,P0158,C02680,5,3560.08,2026-03-28 05:08:00,UPI
T001189,S022,P0723,C00780,3,1751.66,2026-01-10 10:58:00,Card
T001190,S015,P0656,C01125,2,8003.84,2026-06-26 19:17:00,Cash
T001191,S014,P0210,C02353,1,8500.3,2026-06-03 13:52:00,Card
T001192,S004,P0574,C00124,5,9933.28,2026-01-02 09:09:00,Wallet
T001193,S004,P0727,C01624,2,4067.4,2026-06-26 07:08:00,Wallet
T001194,S018,P0437,C02508,4,4248.56,2026-05-24 16:40:00,Wallet
T001195,S001,P0745,C02770,3,9030.46,2026-05-20 17:03:00,Card
T001196,S012,P0212,C00006,3,2394.87,2026-03-22 22:15:00,Cash
T001197,S013,P0259,C00264,1,7345.66,2026-03-02 10:59:00,UPI
T001198,S019,P0447,C01602,3,4600.17,2026-04-29 16:29:00,Wallet
T001199,S010,P0005,C00126,5,6938.1,2026-05-12 18:56:00,Cash
T001200,S001,P0753,C01357,5,7657.11,2026-01-21 03:35:00,UPI
T001201,S016,P0338,C02986,1,2418.15,2026-04-19 23:52:00,Wallet
T001202,S014,P0307,C00585,5,2471.27,2026-01-20 12:49:00,Card
T001203,S005,P0529,C00015,5,4146.0,2026-02-02 00:27:00,Cash
T001204,S001,P0099,C00488,3,4953.55,2026-02-11 17:44:00,Cash
T001205,S014,P0019,C02680,5,1889.4,2026-02-01 05:40:00,Wallet
T001206,S004,P0102,C02994,2,7184.15,2026-02-20 14:56:00,Cash
T001207,S012,P0167,C02902,3,3360.33,2026-01-30 01:19:00,Card
T001208,S005,P0715,C01002,2,962.59,2026-04-19 16:54:00,UPI
T001209,S007,P0333,C02062,5,9722.19,2026-02-13 21:22:00,Wallet
T001210,S008,P0664,C01823,3,4113.17,2026-05-15 16:37:00,Cash
T001211,S016,P0278,C00235,3,1264.65,2026-02-05 18:40:00,Wallet
T001212,S020,P0179,C01393,2,8127.84,2026-04-18 13:37:00,Cash
T001213,S004,P0048,C00437,1,1430.43,2026-01-03 10:07:00,Cash
T001214,S011,P0795,C00652,3,4749.67,2026-01-31 14:51:00,Wallet
T001215,S023,P0186,C01897,4,5553.84,2026-03-17 23:05:00,Card
T001216,S003,P0412,C00166,2,4018.41,2026-03-11 17:50:00,Wallet
T001217,S001,P0283,C02178,5,8716.22,2026-03-24 20:59:00,Card
T001218,S018,P0021,C01044,3,7636.95,2026-04-06 19:14:00,UPI
T001219,S004,P0724,C02429,4,548.91,2026-06-16 05:39:00,Wallet
T001220,S006,P0070,C01268,2,8064.57,2026-02-06 09:54:00,Card
T001221,S023,P0377,C02878,3,3179.76,2026-05-14 23:22:00,Cash
T001222,S020,P0677,C02994,3,3602.54,2026-02-22 20:57:00,Card
T001223,S019,P0047,C01336,3,8857.53,2026-04-06 17:43:00,Wallet
T001224,S016,P0454,C01316,4,2095.86,2026-06-04 08:34:00,UPI
T001225,S015,P0110,C02788,2,8676.8,2026-05-01 15:47:00,Card
T001226,S025,P0019,C02903,3,1889.4,2026-02-23 11:16:00,Cash
T001227,S015,P0479,C01687,2,6996.75,2026-02-04 05:36:00,Cash
T001228,S003,P0333,C02797,1,9722.19,2026-05-15 16:10:00,Wallet
T001229,S012,P0001,C02251,5,8187.68,2026-01-03 10:50:00,Wallet
T001230,S022,P0040,C00447,3,1611.09,2026-04-17 06:07:00,Card
T001231,S007,P0186,C00477,2,5553.84,2026-02-08 16:03:00,Wallet
T001232,S025,P0727,C02137,5,4067.4,2026-01-18 00:11:00,Wallet
T001233,S007,P0063,C00032,5,9858.07,2026-03-21 23:56:00,Cash
T001234,S005,P0470,C01773,1,205.3,2026-02-18 06:48:00,Card
T001235,S009,P0008,C02814,4,4742.92,2026-06-27 03:12:00,Wallet
T001236,S024,P0109,C00479,2,8805.73,2026-05-18 15:39:00,Wallet
T001237,S015,P0592,C02435,2,7069.99,2026-03-26 03:13:00,UPI
T001238,S002,P0649,C01345,4,9469.45,2026-01-16 21:19:00,Card
T001239,S024,P0217,C02134,4,3503.09,2026-04-30 20:17:00,Cash
T001240,S024,P0150,C02103,3,2899.96,2026-02-10 02:16:00,Wallet
T001241,S018,P0525,C02671,1,1451.9,2026-03-31 21:43:00,Cash
T001242,S015,P0795,C00962,5,4749.67,2026-05-24 07:42:00,Wallet
T001243,S023,P0714,C00995,1,2457.7,2026-03-30 21:27:00,UPI
T001244,S008,P0661,C00017,4,936.39,2026-01-04 06:34:00,Wallet
T001245,S019,P0602,C01166,5,8981.46,2026-03-12 09:42:00,Cash
T001246,S022,P0284,C01281,4,5700.06,2026-04-20 19:56:00,Cash
T001247,S002,P0318,C01136,1,9340.72,2026-03-20 12:32:00,Wallet
T001248,S024,P0413,C02382,2,5755.57,2026-06-09 13:45:00,Wallet
T001249,S010,P0139,C01580,3,7112.69,2026-03-07 19:09:00,Card
T001250,S019,P0305,C01852,3,1076.57,2026-05-19 21:53:00,UPI
T001251,S024,P0706,C01602,1,6473.34,2026-06-18 06:54:00,Cash
T001252,S021,P0256,C01397,5,5260.23,2026-01-20 20:13:00,Card
T001253,S021,P0626,C02113,3,4287.21,2026-02-09 03:30:00,UPI
T001254,S014,P0474,C02483,5,8400.11,2026-02-25 09:33:00,Cash
T001255,S017,P0519,C01288,4,1759.88,2026-02-15 08:58:00,Card
T001256,S014,P0689,C02036,3,9487.92,2026-05-25 03:29:00,UPI
T001257,S010,P0388,C01954,5,6275.81,2026-02-02 17:49:00,Card
T001258,S016,P0314,C02774,1,7849.53,2026-05-31 22:00:00,Card
T001259,S022,P0059,C01814,1,8701.51,2026-04-09 11:16:00,Wallet
T001260,S022,P0477,C01589,1,4461.51,2026-05-28 20:12:00,Card
T001261,S021,P0324,C02694,1,6142.41,2026-06-04 09:27:00,UPI
T001262,S007,P0504,C02081,5,2455.83,2026-06-07 22:49:00,Wallet
T001263,S007,P0598,C00642,2,6993.13,2026-05-02 07:08:00,Card
T001264,S011,P0733,C02915,5,9425.26,2026-02-13 00:05:00,Cash
T001265,S014,P0014,C00968,2,5097.6,2026-03-01 07:23:00,Cash
T001266,S022,P0134,C02271,3,4143.39,2026-01-24 20:59:00,UPI
T001267,S003,P0746,C00768,2,4646.96,2026-02-07 04:53:00,Card
T001268,S007,P0700,C01609,3,1966.82,2026-02-12 16:13:00,Card
T001269,S023,P0470,C00975,3,205.3,2026-01-01 11:02:00,Cash
T001270,S015,P0122,C01167,5,8775.26,2026-01-20 01:46:00,Card
T001271,S007,P0269,C02434,1,6799.54,2026-02-05 17:27:00,Card
T001272,S016,P0132,C01007,3,8576.74,2026-04-23 14:31:00,Wallet
T001273,S020,P0077,C01197,4,2207.23,2026-06-20 16:06:00,Cash
T001274,S023,P0035,C02397,2,6699.1,2026-03-25 10:19:00,Cash
T001275,S023,P0322,C01508,3,3075.32,2026-05-09 04:00:00,Wallet
T001276,S002,P0043,C00610,1,5469.14,2026-03-03 19:07:00,Wallet
T001277,S003,P0117,C01927,3,1196.2,2026-04-11 12:52:00,Card
T001278,S012,P0429,C01267,3,6574.5,2026-04-09 16:11:00,Cash
T001279,S025,P0482,C01605,1,3807.98,2026-04-01 10:38:00,Card
T001280,S008,P0111,C02257,5,9271.32,2026-05-14 10:49:00,UPI
T001281,S022,P0651,C00605,4,4819.93,2026-05-16 02:40:00,UPI
T001282,S015,P0429,C01331,1,6574.5,2026-06-04 07:18:00,Wallet
T001283,S005,P0106,C00631,2,176.87,2026-02-12 21:37:00,Card
T001284,S012,P0672,C02909,1,4881.93,2026-03-13 04:52:00,Wallet
T001285,S018,P0304,C01161,4,1895.43,2026-04-22 19:07:00,Cash
T001286,S009,P0255,C02750,1,2214.97,2026-04-24 16:43:00,Cash
T001287,S019,P0379,C01327,3,3750.42,2026-06-27 08:33:00,Cash
T001288,S007,P0053,C00517,4,707.1,2026-06-25 04:06:00,Cash
T001289,S016,P0439,C00028,4,9228.23,2026-05-23 14:51:00,Wallet
T001290,S022,P0787,C02208,5,1525.99,2026-06-16 11:53:00,Cash
T001291,S016,P0222,C00951,2,1377.06,2026-02-15 00:51:00,Wallet
T001292,S002,P0197,C02362,5,1254.11,2026-04-04 15:54:00,Cash
T001293,S001,P0695,C01684,1,4398.85,2026-06-21 11:48:00,Card
T001294,S019,P0711,C01001,4,1928.92,2026-04-19 07:17:00,Wallet
T001295,S014,P0739,C02707,2,7330.72,2026-06-07 19:06:00,UPI
T001296,S005,P0189,C02809,2,2622.12,2026-02-18 13:03:00,UPI
T001297,S011,P0578,C01820,3,6474.47,2026-04-06 06:06:00,UPI
T001298,S025,P0411,C00427,4,2150.28,2026-01-03 06:41:00,UPI
T001299,S001,P0443,C02636,4,1796.09,2026-04-24 12:19:00,UPI
T001300,S006,P0349,C02778,1,6832.72,2026-05-15 06:39:00,UPI
T001301,S007,P0058,C00849,5,6515.02,2026-01-02 20:00:00,Cash
T001302,S015,P0317,C02506,1,6564.28,2026-03-21 11:12:00,Wallet
T001303,S004,P0614,C01949,2,5908.82,2026-01-25 12:35:00,Wallet
T001304,S018,P0187,C02983,1,5154.45,2026-03-06 17:09:00,Card
T001305,S019,P0703,C00974,2,6202.03,2026-01-04 20:42:00,UPI
T001306,S019,P0759,C02443,2,652.17,2026-03-11 01:08:00,Wallet
T001307,S004,P0665,C02497,2,7169.18,2026-06-15 09:23:00,UPI
T001308,S016,P0346,C00919,1,6837.74,2026-06-14 16:20:00,UPI
T001309,S002,P0164,C00710,4,5943.35,2026-04-12 01:29:00,UPI
T001310,S017,P0573,C00516,2,1786.29,2026-06-28 08:38:00,Card
T001311,S024,P0669,C01898,4,9528.59,2026-03-12 21:20:00,Cash
T001312,S011,P0187,C01860,1,5154.45,2026-01-15 19:31:00,Cash
T001313,S016,P0636,C02293,3,9406.97,2026-01-08 16:04:00,Wallet
T001314,S002,P0171,C02243,2,1015.26,2026-06-05 21:34:00,Wallet
T001315,S023,P0199,C00618,2,6222.14,2026-04-27 16:44:00,UPI
T001316,S019,P0082,C00686,4,2741.65,2026-02-14 16:09:00,UPI
T001317,S023,P0299,C01060,4,4425.47,2026-06-15 18:37:00,Wallet
T001318,S011,P0375,C02062,5,1939.64,2026-01-27 01:18:00,Card
T001319,S014,P0759,C01109,4,652.17,2026-04-05 00:59:00,UPI
T001320,S021,P0582,C01708,1,1360.43,2026-06-06 05:13:00,Wallet
T001321,S023,P0272,C01803,2,1528.03,2026-06-30 06:02:00,Cash
T001322,S015,P0351,C00725,3,2850.54,2026-02-03 02:49:00,Card
T001323,S023,P0464,C02254,4,9923.66,2026-04-18 04:04:00,Cash
T001324,S018,P0481,C02027,5,580.78,2026-01-15 15:08:00,Cash
T001325,S023,P0015,C01809,1,5334.5,2026-06-13 02:07:00,Cash
T001326,S015,P0427,C01303,4,7722.75,2026-03-22 03:19:00,Wallet
T001327,S003,P0795,C00217,4,4749.67,2026-05-20 09:28:00,Card
T001328,S020,P0630,C02106,5,6658.91,2026-02-19 22:21:00,Wallet
T001329,S005,P0157,C02236,3,4630.82,2026-06-07 00:34:00,Wallet
T001330,S005,P0535,C00252,5,2686.17,2026-03-27 22:56:00,Card
T001331,S023,P0411,C02815,1,2150.28,2026-03-23 05:46:00,Wallet
T001332,S001,P0264,C00490,4,7171.07,2026-05-31 12:30:00,UPI
T001333,S003,P0350,C00803,4,5219.84,2026-05-13 00:29:00,Wallet
T001334,S024,P0035,C01371,4,6699.1,2026-06-20 13:45:00,Wallet
T001335,S007,P0556,C02111,1,1057.73,2026-04-17 22:47:00,UPI
T001336,S013,P0707,C02627,4,3698.4,2026-06-21 02:05:00,Cash
T001337,S021,P0484,C02365,3,8222.21,2026-01-17 06:35:00,UPI
T001338,S017,P0148,C01910,5,1255.74,2026-05-09 05:02:00,Card
T001339,S005,P0127,C00714,3,980.71,2026-03-10 02:51:00,Cash
T001340,S003,P0244,C01529,3,8989.85,2026-02-14 15:08:00,Wallet
T001341,S020,P0019,C00348,5,1889.4,2026-01-12 09:24:00,UPI
T001342,S018,P0632,C02279,3,6060.23,2026-06-05 06:46:00,UPI
T001343,S023,P0535,C01803,1,2686.17,2026-06-26 17:15:00,UPI
T001344,S025,P0483,C00005,5,257.78,2026-04-15 05:54:00,Wallet
T001345,S006,P0498,C00421,3,3416.54,2026-06-12 00:06:00,UPI
T001346,S024,P0492,C01915,1,6612.82,2026-03-21 09:20:00,UPI
T001347,S010,P0483,C01169,1,257.78,2026-05-24 11:58:00,Card
T001348,S019,P0231,C01740,5,7092.41,2026-01-31 11:39:00,Cash
T001349,S013,P0750,C01814,5,4603.74,2026-04-30 19:23:00,Wallet
T001350,S014,P0717,C00622,3,9261.46,2026-06-28 02:56:00,UPI
T001351,S003,P0686,C00220,3,8846.41,2026-05-25 15:48:00,UPI
T001352,S002,P0036,C02338,1,1558.0,2026-01-23 03:58:00,Wallet
T001353,S018,P0053,C00435,4,707.1,2026-01-24 06:13:00,Cash
T001354,S001,P0029,C02976,2,4435.78,2026-01-23 06:20:00,Cash
T001355,S022,P0050,C00609,3,4810.52,2026-03-23 20:10:00,Cash
T001356,S022,P0579,C01940,2,8102.63,2026-06-10 00:41:00,Card
T001357,S006,P0721,C02797,5,4538.97,2026-02-13 00:21:00,UPI
T001358,S020,P0084,C00049,2,1223.23,2026-02-25 21:46:00,Wallet
T001359,S016,P0374,C02558,5,3617.37,2026-04-06 15:42:00,Cash
T001360,S021,P0664,C01888,3,4113.17,2026-01-21 08:25:00,Card
T001361,S020,P0614,C01730,3,5908.82,2026-03-20 23:14:00,Wallet
T001362,S025,P0767,C01267,3,6194.4,2026-06-14 06:31:00,Card
T001363,S022,P0355,C00620,4,2048.08,2026-02-03 10:35:00,Cash
T001364,S002,P0686,C02657,2,8846.41,2026-01-14 12:56:00,Cash
T001365,S004,P0086,C01657,3,5641.27,2026-06-30 09:47:00,Cash
T001366,S015,P0798,C02945,2,6080.32,2026-02-15 09:31:00,Cash
T001367,S003,P0041,C02786,3,7624.7,2026-02-05 19:17:00,Card
T001368,S025,P0245,C01879,5,4480.53,2026-03-22 14:07:00,Card
T001369,S024,P0455,C01736,4,8262.37,2026-02-27 06:25:00,Wallet
T001370,S024,P0389,C02186,1,8090.99,2026-03-11 06:48:00,Wallet
T001371,S011,P0786,C00020,5,3671.5,2026-02-15 10:04:00,Cash
T001372,S010,P0509,C00363,4,6118.83,2026-03-08 23:48:00,UPI
T001373,S020,P0372,C02134,3,5991.23,2026-04-23 09:01:00,Wallet
T001374,S009,P0529,C02086,1,4146.0,2026-01-24 16:43:00,Cash
T001375,S017,P0603,C02508,1,7378.66,2026-04-01 19:45:00,UPI
T001376,S013,P0217,C01383,5,3503.09,2026-04-04 11:54:00,Card
T001377,S015,P0291,C00185,3,5653.34,2026-06-14 17:51:00,Cash
T001378,S019,P0272,C01355,1,1528.03,2026-04-26 21:32:00,Wallet
T001379,S012,P0215,C00749,3,4997.41,2026-06-25 05:49:00,Card
T001380,S024,P0325,C00596,4,9797.44,2026-01-10 19:58:00,UPI
T001381,S023,P0100,C00478,1,5501.88,2026-04-09 05:18:00,UPI
T001382,S023,P0718,C02123,3,3083.62,2026-05-18 19:24:00,UPI
T001383,S022,P0548,C01026,4,1900.64,2026-02-23 23:58:00,Wallet
T001384,S022,P0524,C02498,5,5664.21,2026-04-22 11:50:00,Cash
T001385,S003,P0611,C00911,2,7798.54,2026-06-15 23:16:00,Card
T001386,S004,P0366,C02363,4,6806.89,2026-03-15 07:04:00,Card
T001387,S024,P0054,C02700,4,8384.65,2026-03-29 23:52:00,Card
T001388,S001,P0667,C01127,5,6112.0,2026-05-09 18:49:00,UPI
T001389,S009,P0160,C00606,4,5876.12,2026-03-10 03:05:00,Card
T001390,S022,P0355,C02524,4,2048.08,2026-05-12 07:11:00,Card
T001391,S010,P0009,C01372,3,3085.29,2026-03-08 07:26:00,Card
T001392,S018,P0589,C02118,4,1543.12,2026-04-30 08:54:00,UPI
T001393,S003,P0736,C02498,2,3312.16,2026-01-09 03:56:00,Cash
T001394,S020,P0482,C02798,3,3807.98,2026-05-13 22:28:00,Cash
T001395,S001,P0458,C01250,4,3532.14,2026-06-11 06:21:00,Cash
T001396,S015,P0179,C02392,2,8127.84,2026-05-02 04:46:00,UPI
T001397,S009,P0494,C02954,5,7697.7,2026-04-30 20:01:00,Wallet
T001398,S014,P0185,C00331,3,5277.61,2026-03-24 12:42:00,UPI
T001399,S011,P0470,C00751,4,205.3,2026-05-25 12:53:00,UPI
T001400,S020,P0278,C01410,2,1264.65,2026-06-18 20:05:00,Card
T001401,S020,P0434,C01827,4,4553.72,2026-01-09 11:00:00,Wallet
T001402,S015,P0604,C02220,5,6814.35,2026-06-29 03:34:00,Wallet
T001403,S011,P0339,C01201,3,2878.49,2026-06-11 12:14:00,Cash
T001404,S008,P0463,C01208,1,7009.64,2026-01-03 05:25:00,Cash
T001405,S005,P0005,C00474,5,6938.1,2026-04-18 16:13:00,Card
T001406,S020,P0426,C00014,3,9983.21,2026-03-27 11:29:00,Wallet
T001407,S011,P0187,C02849,4,5154.45,2026-06-15 03:25:00,UPI
T001408,S009,P0716,C02382,2,505.29,2026-02-17 12:13:00,Wallet
T001409,S001,P0256,C02114,5,5260.23,2026-03-20 05:33:00,UPI
T001410,S010,P0157,C01142,5,4630.82,2026-04-30 18:39:00,Cash
T001411,S014,P0491,C02475,2,3951.95,2026-02-17 00:44:00,Cash
T001412,S012,P0417,C00487,1,4565.4,2026-04-23 21:02:00,Wallet
T001413,S023,P0568,C01647,2,3547.51,2026-04-27 20:15:00,Card
T001414,S015,P0719,C00984,1,532.73,2026-05-28 23:42:00,UPI
T001415,S020,P0674,C01716,3,9237.26,2026-04-22 13:37:00,Cash
T001416,S008,P0531,C00124,3,9574.26,2026-05-02 08:18:00,UPI
T001417,S023,P0388,C00144,2,6275.81,2026-03-06 12:44:00,Card
T001418,S008,P0461,C02604,3,3995.16,2026-06-03 11:31:00,Card
T001419,S022,P0055,C00874,4,7674.42,2026-05-04 23:09:00,Card
T001420,S003,P0667,C02931,4,6112.0,2026-04-13 10:14:00,Wallet
T001421,S010,P0651,C02658,2,4819.93,2026-01-11 07:59:00,Cash
T001422,S007,P0468,C01443,4,6423.78,2026-05-10 03:40:00,UPI
T001423,S007,P0108,C00533,1,8607.23,2026-04-18 14:32:00,UPI
T001424,S018,P0504,C02231,2,2455.83,2026-03-10 19:42:00,Wallet
T001425,S014,P0553,C00195,4,3486.3,2026-04-13 20:14:00,UPI
T001426,S012,P0327,C02855,3,4651.01,2026-01-08 05:35:00,Cash
T001427,S008,P0526,C01644,4,9168.71,2026-05-12 05:40:00,Cash
T001428,S003,P0444,C01336,3,8281.1,2026-03-18 20:22:00,UPI
T001429,S022,P0170,C02575,5,7462.62,2026-06-28 17:53:00,Card
T001430,S006,P0347,C00572,1,6444.57,2026-02-20 19:23:00,Wallet
T001431,S011,P0444,C02393,1,8281.1,2026-02-05 04:26:00,Cash
T001432,S017,P0400,C02414,5,8795.04,2026-06-19 11:22:00,Cash
T001433,S006,P0180,C02199,5,6342.79,2026-01-14 03:05:00,Cash
T001434,S005,P0460,C00148,3,4631.5,2026-03-21 04:49:00,UPI
T001435,S022,P0249,C00325,2,4250.12,2026-03-30 15:39:00,Card
T001436,S015,P0632,C02214,5,6060.23,2026-04-12 05:38:00,UPI
T001437,S024,P0752,C00687,2,3839.96,2026-04-28 00:01:00,Card
T001438,S013,P0018,C00852,4,7010.52,2026-06-18 05:02:00,Wallet
T001439,S024,P0301,C00520,4,5462.61,2026-02-21 05:52:00,Wallet
T001440,S014,P0559,C01595,2,3769.77,2026-03-19 10:29:00,Cash
T001441,S017,P0191,C01931,2,8443.81,2026-01-21 06:18:00,Wallet
T001442,S024,P0757,C01552,1,4855.21,2026-03-02 06:56:00,Card
T001443,S016,P0154,C00026,5,1912.1,2026-04-22 03:04:00,Wallet
T001444,S015,P0575,C00928,3,9035.22,2026-03-04 05:15:00,UPI
T001445,S006,P0762,C00030,4,9129.45,2026-06-25 18:57:00,Card
T001446,S025,P0228,C01090,3,1293.81,2026-04-06 00:10:00,Cash
T001447,S014,P0492,C00995,3,6612.82,2026-05-03 05:26:00,Card
T001448,S015,P0198,C02664,2,6947.88,2026-03-30 03:24:00,Wallet
T001449,S002,P0660,C02924,1,7325.53,2026-05-01 18:46:00,Cash
T001450,S017,P0339,C00873,3,2878.49,2026-06-25 13:27:00,Cash
T001451,S007,P0723,C02393,4,1751.66,2026-06-28 07:15:00,UPI
T001452,S024,P0129,C01894,2,8288.85,2026-05-01 22:48:00,Card
T001453,S015,P0175,C02256,3,4958.37,2026-04-07 15:49:00,UPI
T001454,S009,P0320,C02905,2,5892.08,2026-06-30 08:17:00,UPI
T001455,S011,P0782,C02978,2,5850.54,2026-01-25 13:13:00,Cash
T001456,S017,P0346,C01190,4,6837.74,2026-02-02 10:51:00,Card
T001457,S021,P0593,C01843,4,1610.75,2026-02-04 13:38:00,UPI
T001458,S014,P0301,C00428,1,5462.61,2026-03-25 09:39:00,Wallet
T001459,S012,P0572,C02202,1,6659.16,2026-06-22 14:29:00,Wallet
T001460,S021,P0653,C01170,4,3849.13,2026-06-02 13:26:00,Wallet
T001461,S011,P0239,C02162,4,8363.65,2026-05-17 02:26:00,Wallet
T001462,S009,P0624,C00042,3,8528.36,2026-03-30 16:40:00,Cash
T001463,S016,P0765,C02749,4,1777.63,2026-06-21 20:01:00,Card
T001464,S020,P0213,C00768,2,4276.85,2026-01-07 07:34:00,UPI
T001465,S018,P0707,C00668,3,3698.4,2026-06-05 06:04:00,Cash
T001466,S023,P0361,C02190,4,7663.58,2026-03-02 12:35:00,Wallet
T001467,S006,P0030,C00044,4,4007.63,2026-04-03 11:36:00,Card
T001468,S011,P0694,C02519,3,614.19,2026-05-09 00:03:00,Cash
T001469,S002,P0164,C01728,3,5943.35,2026-06-06 20:27:00,Wallet
T001470,S020,P0423,C00099,5,805.35,2026-04-12 02:38:00,Cash
T001471,S005,P0212,C00243,1,2394.87,2026-06-15 07:51:00,UPI
T001472,S017,P0231,C01004,5,7092.41,2026-02-05 17:03:00,UPI
T001473,S024,P0711,C00481,2,1928.92,2026-02-18 01:30:00,Wallet
T001474,S018,P0094,C01540,2,5013.87,2026-02-24 10:18:00,Card
T001475,S018,P0254,C01458,4,7277.48,2026-04-22 03:10:00,UPI
T001476,S002,P0329,C02246,1,141.36,2026-03-28 13:06:00,UPI
T001477,S007,P0120,C01500,2,6904.92,2026-06-17 06:08:00,Wallet
T001478,S013,P0287,C00810,3,1573.93,2026-04-19 05:08:00,Wallet
T001479,S016,P0022,C00530,4,1191.13,2026-03-14 10:37:00,Card
T001480,S011,P0524,C01888,1,5664.21,2026-04-10 23:02:00,Wallet
T001481,S022,P0375,C02491,4,1939.64,2026-05-04 01:11:00,Cash
T001482,S022,P0474,C02855,5,8400.11,2026-03-08 14:23:00,Cash
T001483,S019,P0362,C02027,3,945.79,2026-02-15 05:34:00,Cash
T001484,S012,P0627,C02335,3,556.05,2026-04-12 23:17:00,UPI
T001485,S023,P0351,C01328,2,2850.54,2026-05-13 03:37:00,Wallet
T001486,S015,P0138,C02307,1,9745.55,2026-04-30 02:49:00,UPI
T001487,S010,P0308,C02106,3,4979.5,2026-03-30 23:25:00,UPI
T001488,S012,P0573,C00919,5,1786.29,2026-01-26 22:23:00,Card
T001489,S024,P0707,C01282,2,3698.4,2026-04-14 00:25:00,Cash
T001490,S022,P0147,C00253,4,7130.53,2026-02-11 10:53:00,Card
T001491,S021,P0794,C00305,4,222.53,2026-02-02 19:36:00,Cash
T001492,S021,P0099,C00275,5,4953.55,2026-05-10 13:06:00,Card
T001493,S016,P0095,C01227,3,7753.59,2026-06-25 15:31:00,Cash
T001494,S005,P0728,C01212,3,134.65,2026-01-03 16:35:00,UPI
T001495,S016,P0210,C00166,2,8500.3,2026-06-17 22:52:00,Wallet
T001496,S015,P0784,C02552,3,2111.47,2026-04-13 14:25:00,Card
T001497,S005,P0027,C02101,5,8581.06,2026-01-14 10:20:00,Cash
T001498,S022,P0059,C00773,3,8701.51,2026-04-19 08:49:00,Card
T001499,S006,P0177,C02964,1,4946.27,2026-06-12 03:57:00,Cash
T001500,S019,P0293,C00040,2,9576.2,2026-06-04 15:22:00,Card
T001501,S010,P0792,C01788,2,8389.63,2026-05-09 12:43:00,UPI
T001502,S006,P0590,C01027,1,3157.03,2026-05-02 11:26:00,UPI
T001503,S023,P0565,C00159,3,6635.26,2026-05-17 12:27:00,Card
T001504,S011,P0363,C01959,5,3200.47,2026-01-29 06:06:00,UPI
T001505,S016,P0725,C00111,3,7432.08,2026-04-19 18:08:00,Cash
T001506,S005,P0091,C00559,2,8684.0,2026-04-09 23:01:00,Cash
T001507,S003,P0310,C01666,1,747.04,2026-01-21 05:07:00,UPI
T001508,S024,P0117,C00836,3,1196.2,2026-01-02 11:30:00,Card
T001509,S016,P0269,C02058,3,6799.54,2026-06-01 08:48:00,UPI
T001510,S025,P0207,C00878,5,293.32,2026-02-20 17:34:00,Wallet
T001511,S014,P0709,C00721,4,104.31,2026-06-07 15:31:00,Wallet
T001512,S008,P0090,C00761,4,646.74,2026-04-22 01:39:00,Cash
T001513,S005,P0132,C00476,1,8576.74,2026-04-29 09:36:00,UPI
T001514,S003,P0792,C00678,5,8389.63,2026-01-11 04:08:00,Card
T001515,S002,P0515,C00343,2,7243.57,2026-05-06 15:42:00,UPI
T001516,S018,P0297,C02426,3,8087.52,2026-04-04 01:42:00,UPI
T001517,S020,P0167,C02532,5,3360.33,2026-06-03 23:25:00,UPI
T001518,S023,P0570,C02233,5,1364.83,2026-04-05 08:36:00,UPI
T001519,S010,P0593,C01556,4,1610.75,2026-04-19 11:31:00,Cash
T001520,S019,P0162,C00772,1,6800.39,2026-06-22 10:06:00,UPI
T001521,S002,P0693,C02359,5,1638.87,2026-01-07 18:31:00,Card
T001522,S007,P0072,C02748,2,4327.35,2026-03-10 06:06:00,Cash
T001523,S004,P0402,C02301,2,5371.29,2026-03-17 12:10:00,Wallet
T001524,S021,P0156,C00957,4,502.84,2026-04-17 00:35:00,Wallet
T001525,S023,P0501,C00221,3,2439.32,2026-04-25 11:04:00,UPI
T001526,S021,P0496,C00349,1,9815.02,2026-03-18 21:42:00,Card
T001527,S003,P0708,C02245,5,3265.42,2026-01-10 20:20:00,UPI
T001528,S002,P0519,C01963,3,1759.88,2026-01-29 12:11:00,Cash
T001529,S024,P0031,C00459,2,739.63,2026-01-10 18:08:00,Card
T001530,S009,P0163,C00094,2,6843.99,2026-04-12 08:29:00,Cash
T001531,S001,P0607,C01507,4,1260.73,2026-02-14 02:52:00,Wallet
T001532,S016,P0079,C01049,5,3705.32,2026-05-17 03:13:00,Wallet
T001533,S015,P0354,C00238,4,9782.15,2026-02-02 04:56:00,Cash
T001534,S012,P0770,C02881,2,6825.39,2026-06-12 16:50:00,Wallet
T001535,S013,P0156,C00927,1,502.84,2026-04-21 09:22:00,Card
T001536,S007,P0121,C01616,1,934.55,2026-03-30 15:38:00,Wallet
T001537,S003,P0658,C02064,1,6391.79,2026-06-26 21:04:00,UPI
T001538,S001,P0324,C02827,4,6142.41,2026-03-04 17:52:00,Card
T001539,S013,P0778,C02349,5,6963.87,2026-05-26 15:38:00,Card
T001540,S015,P0062,C01739,4,2738.53,2026-01-11 02:36:00,UPI
T001541,S020,P0014,C01415,5,5097.6,2026-03-25 12:43:00,Cash
T001542,S013,P0413,C02447,4,5755.57,2026-01-10 05:00:00,Card
T001543,S007,P0733,C00561,2,9425.26,2026-06-05 21:46:00,Wallet
T001544,S004,P0061,C00120,4,6610.9,2026-01-26 13:02:00,Cash
T001545,S019,P0536,C00037,1,2548.41,2026-05-12 02:41:00,Wallet
T001546,S018,P0068,C01124,1,6389.9,2026-03-28 21:44:00,Wallet
T001547,S007,P0203,C01023,2,6531.42,2026-03-19 14:25:00,Cash
T001548,S011,P0221,C00126,4,6255.24,2026-04-13 00:45:00,Wallet
T001549,S023,P0301,C01169,5,5462.61,2026-02-17 08:46:00,Card
T001550,S008,P0639,C02667,2,4253.9,2026-06-17 02:42:00,Wallet
T001551,S019,P0344,C02457,1,2669.28,2026-04-21 03:58:00,Wallet
T001552,S011,P0191,C00583,5,8443.81,2026-02-19 19:29:00,Card
T001553,S011,P0703,C01532,5,6202.03,2026-03-08 10:20:00,Cash
T001554,S007,P0365,C01296,1,6145.31,2026-06-07 17:32:00,UPI
T001555,S007,P0590,C01724,1,3157.03,2026-05-19 08:19:00,Cash
T001556,S014,P0532,C00677,2,6385.3,2026-06-27 01:40:00,Wallet
T001557,S018,P0556,C02298,2,1057.73,2026-04-06 19:34:00,Wallet
T001558,S021,P0201,C01624,5,236.37,2026-05-02 07:20:00,Card
T001559,S001,P0149,C00986,5,8728.63,2026-04-22 09:22:00,UPI
T001560,S014,P0265,C02847,2,3344.68,2026-06-26 06:20:00,Cash
T001561,S010,P0450,C01492,5,4833.69,2026-03-12 17:07:00,Wallet
T001562,S014,P0432,C01121,5,3471.53,2026-06-21 01:33:00,Wallet
T001563,S013,P0729,C01089,1,8802.63,2026-06-04 13:36:00,Card
T001564,S002,P0503,C00362,2,2098.92,2026-02-16 23:08:00,Wallet
T001565,S011,P0234,C00433,4,1752.76,2026-03-14 09:18:00,Cash
T001566,S016,P0173,C02356,4,8537.22,2026-01-02 13:53:00,Wallet
T001567,S012,P0039,C00500,3,6812.26,2026-02-23 00:38:00,Cash
T001568,S004,P0005,C02101,1,6938.1,2026-04-17 22:25:00,Cash
T001569,S015,P0260,C00326,3,1324.75,2026-02-03 09:22:00,Card
T001570,S023,P0558,C00462,3,7592.43,2026-03-10 15:47:00,Card
T001571,S003,P0720,C01554,1,8925.71,2026-06-03 21:40:00,Wallet
T001572,S004,P0552,C01562,1,947.5,2026-03-23 03:18:00,Cash
T001573,S013,P0396,C00128,2,2039.28,2026-02-26 07:40:00,UPI
T001574,S006,P0092,C02116,5,4028.26,2026-01-05 11:04:00,Wallet
T001575,S011,P0767,C00091,3,6194.4,2026-02-26 02:10:00,Cash
T001576,S013,P0727,C02583,3,4067.4,2026-06-06 09:49:00,Cash
T001577,S017,P0265,C00719,4,3344.68,2026-06-05 15:43:00,Card
T001578,S025,P0389,C02075,3,8090.99,2026-05-31 14:21:00,Card
T001579,S009,P0512,C01852,1,9387.92,2026-06-12 20:19:00,UPI
T001580,S021,P0204,C01189,3,951.33,2026-03-26 18:28:00,Cash
T001581,S012,P0288,C01385,5,3932.63,2026-04-10 16:14:00,Wallet
T001582,S008,P0435,C00118,1,1474.61,2026-05-23 00:25:00,UPI
T001583,S014,P0089,C00380,5,6477.51,2026-03-29 11:37:00,Card
T001584,S008,P0156,C02034,2,502.84,2026-03-23 11:49:00,Wallet
T001585,S022,P0602,C01932,3,8981.46,2026-04-24 05:10:00,Card
T001586,S024,P0708,C00406,4,3265.42,2026-04-29 17:01:00,Card
T001587,S018,P0400,C02173,2,8795.04,2026-02-23 18:10:00,Cash
T001588,S011,P0674,C00227,5,9237.26,2026-06-28 05:48:00,Wallet
T001589,S009,P0022,C02399,2,1191.13,2026-06-22 13:18:00,UPI
T001590,S019,P0800,C02934,5,9198.59,2026-03-07 13:45:00,UPI
T001591,S002,P0417,C02798,3,4565.4,2026-01-09 22:33:00,UPI
T001592,S023,P0072,C00775,4,4327.35,2026-05-27 02:40:00,Cash
T001593,S009,P0772,C00079,2,6650.14,2026-06-11 16:36:00,Cash
T001594,S024,P0576,C01115,2,6691.73,2026-05-24 11:47:00,Wallet
T001595,S023,P0475,C00139,1,3011.03,2026-01-22 07:05:00,Wallet
T001596,S011,P0177,C01995,5,4946.27,2026-05-16 12:36:00,Cash
T001597,S006,P0727,C00509,3,4067.4,2026-03-19 09:57:00,Cash
T001598,S024,P0262,C01168,5,9830.21,2026-03-22 15:24:00,Wallet
T001599,S010,P0439,C02360,3,9228.23,2026-06-22 15:57:00,Card
T001600,S023,P0087,C02854,4,2098.71,2026-01-08 05:19:00,Cash
T001601,S011,P0446,C00535,4,2137.33,2026-06-09 19:57:00,Card
T001602,S004,P0513,C00032,1,5966.04,2026-02-12 21:18:00,Wallet
T001603,S021,P0761,C02943,1,1114.4,2026-04-01 19:16:00,Wallet
T001604,S015,P0210,C01110,3,8500.3,2026-04-21 14:10:00,Cash
T001605,S006,P0714,C01307,5,2457.7,2026-01-06 09:41:00,Card
T001606,S014,P0321,C02762,1,1697.02,2026-05-23 16:45:00,Card
T001607,S014,P0565,C00934,2,6635.26,2026-03-02 12:48:00,Cash
T001608,S016,P0750,C02107,5,4603.74,2026-05-18 04:29:00,UPI
T001609,S002,P0704,C02800,1,4131.24,2026-04-07 20:43:00,UPI
T001610,S018,P0456,C00053,4,9111.0,2026-02-01 03:18:00,UPI
T001611,S010,P0129,C02798,5,8288.85,2026-04-12 07:27:00,Cash
T001612,S024,P0460,C01660,1,4631.5,2026-02-24 03:46:00,Card
T001613,S010,P0042,C01109,5,2098.12,2026-05-27 09:52:00,Cash
T001614,S006,P0093,C02863,3,5751.64,2026-02-15 05:25:00,Card
T001615,S025,P0321,C02924,3,1697.02,2026-04-13 18:46:00,Card
T001616,S016,P0555,C00828,2,2733.2,2026-04-15 12:00:00,Card
T001617,S023,P0691,C02191,4,7534.79,2026-02-25 14:16:00,Cash
T001618,S019,P0416,C02697,4,4705.01,2026-06-03 09:31:00,UPI
T001619,S005,P0676,C00853,1,157.32,2026-03-23 12:23:00,Wallet
T001620,S021,P0334,C01550,3,3927.84,2026-06-11 03:36:00,Wallet
T001621,S003,P0729,C01935,1,8802.63,2026-06-20 23:26:00,Cash
T001622,S024,P0531,C02296,2,9574.26,2026-06-12 21:42:00,UPI
T001623,S022,P0538,C01920,1,7089.09,2026-03-23 17:08:00,Cash
T001624,S016,P0075,C02956,1,6747.45,2026-05-18 18:10:00,UPI
T001625,S003,P0119,C01707,1,4834.82,2026-04-11 07:41:00,Cash
T001626,S013,P0411,C01056,3,2150.28,2026-04-14 16:53:00,UPI
T001627,S008,P0106,C02387,5,176.87,2026-04-29 09:46:00,UPI
T001628,S012,P0777,C02362,4,3589.83,2026-04-26 05:21:00,Cash
T001629,S016,P0177,C02997,3,4946.27,2026-02-15 13:39:00,Card
T001630,S018,P0750,C02747,5,4603.74,2026-03-15 00:06:00,Cash
T001631,S016,P0728,C00757,2,134.65,2026-05-17 11:24:00,Wallet
T001632,S015,P0300,C02292,4,3880.91,2026-04-29 22:23:00,UPI
T001633,S018,P0058,C01921,5,6515.02,2026-02-14 23:19:00,UPI
T001634,S008,P0648,C00603,3,6112.92,2026-01-26 13:05:00,Card
T001635,S003,P0343,C00389,2,746.07,2026-05-29 22:17:00,UPI
T001636,S013,P0564,C00670,2,3746.46,2026-04-18 14:16:00,Wallet
T001637,S020,P0586,C02399,1,1154.2,2026-04-16 06:26:00,Wallet
T001638,S024,P0682,C01663,4,4013.05,2026-06-12 00:59:00,UPI
T001639,S012,P0152,C02217,4,7394.01,2026-06-08 07:39:00,Card
T001640,S021,P0563,C00881,5,6057.9,2026-02-05 20:48:00,Cash
T001641,S010,P0471,C00259,4,6734.93,2026-06-08 17:10:00,Wallet
T001642,S005,P0777,C02739,5,3589.83,2026-01-21 20:27:00,UPI
T001643,S001,P0787,C02938,1,1525.99,2026-05-27 13:57:00,Card
T001644,S025,P0700,C01935,1,1966.82,2026-01-06 11:05:00,UPI
T001645,S016,P0458,C00192,2,3532.14,2026-06-06 08:31:00,UPI
T001646,S025,P0541,C02587,5,5901.19,2026-02-12 19:25:00,Wallet
T001647,S025,P0731,C02888,4,5565.29,2026-06-10 16:06:00,Card
T001648,S025,P0169,C00150,4,8645.46,2026-06-25 03:06:00,UPI
T001649,S009,P0585,C02109,2,7994.43,2026-04-05 00:46:00,Cash
T001650,S016,P0609,C00634,4,1275.15,2026-06-03 22:19:00,Cash
T001651,S022,P0554,C01804,4,4902.42,2026-04-10 18:50:00,Card
T001652,S002,P0631,C01679,3,1960.93,2026-05-11 06:35:00,Wallet
T001653,S011,P0294,C02758,3,5075.12,2026-02-11 15:37:00,Wallet
T001654,S014,P0325,C01809,2,9797.44,2026-04-05 08:10:00,Wallet
T001655,S003,P0405,C01477,3,2546.0,2026-02-14 16:07:00,Card
T001656,S019,P0515,C00422,4,7243.57,2026-02-21 11:00:00,Cash
T001657,S012,P0511,C01953,5,791.85,2026-02-03 10:00:00,UPI
T001658,S011,P0042,C00794,3,2098.12,2026-01-17 01:03:00,Card
T001659,S006,P0773,C00611,1,8629.97,2026-02-22 19:42:00,Wallet
T001660,S008,P0184,C01627,5,1570.2,2026-04-29 15:40:00,UPI
T001661,S022,P0222,C00513,4,1377.06,2026-03-04 23:20:00,Cash
T001662,S015,P0354,C00704,3,9782.15,2026-06-04 15:08:00,Card
T001663,S023,P0248,C00042,5,9033.86,2026-03-03 06:02:00,UPI
T001664,S024,P0473,C01057,1,1487.53,2026-04-29 17:04:00,Wallet
T001665,S014,P0233,C01373,1,8252.74,2026-06-14 03:47:00,Cash
T001666,S009,P0151,C02652,2,5217.03,2026-06-04 11:18:00,Wallet
T001667,S004,P0410,C01961,3,4789.21,2026-02-10 08:21:00,Card
T001668,S007,P0351,C02901,5,2850.54,2026-04-29 02:23:00,Wallet
T001669,S019,P0779,C02593,5,1467.39,2026-01-02 01:06:00,UPI
T001670,S007,P0064,C02950,3,3290.97,2026-06-24 23:06:00,Wallet
T001671,S007,P0741,C01672,5,7252.76,2026-04-15 17:44:00,Card
T001672,S008,P0140,C02018,4,1042.27,2026-05-01 13:09:00,Card
T001673,S018,P0265,C00531,2,3344.68,2026-01-19 14:14:00,Cash
T001674,S025,P0714,C01640,2,2457.7,2026-03-08 18:20:00,Card
T001675,S016,P0477,C00573,2,4461.51,2026-01-31 20:43:00,Card
T001676,S007,P0191,C01381,5,8443.81,2026-06-15 18:13:00,UPI
T001677,S023,P0037,C00955,2,2580.83,2026-01-07 14:58:00,Wallet
T001678,S001,P0786,C02863,1,3671.5,2026-05-04 02:02:00,Cash
T001679,S009,P0146,C02683,2,8790.18,2026-03-16 13:35:00,UPI
T001680,S009,P0210,C01826,1,8500.3,2026-01-11 12:24:00,Card
T001681,S022,P0196,C00956,2,4393.61,2026-04-13 17:27:00,UPI
T001682,S017,P0648,C02568,5,6112.92,2026-06-11 22:10:00,Card
T001683,S013,P0547,C01151,3,3808.05,2026-04-23 14:37:00,UPI
T001684,S018,P0131,C01475,4,7488.79,2026-02-01 03:32:00,UPI
T001685,S015,P0276,C01904,2,6054.84,2026-02-07 08:57:00,UPI
T001686,S025,P0607,C02146,3,1260.73,2026-05-29 03:48:00,UPI
T001687,S022,P0489,C01725,5,2399.84,2026-02-13 12:30:00,Wallet
T001688,S010,P0554,C00068,4,4902.42,2026-04-16 22:24:00,Cash
T001689,S010,P0723,C01461,3,1751.66,2026-03-28 04:50:00,Card
T001690,S022,P0099,C01506,4,4953.55,2026-03-04 16:28:00,Card
T001691,S014,P0475,C02543,2,3011.03,2026-02-23 09:01:00,Cash
T001692,S023,P0031,C01324,2,739.63,2026-01-25 11:15:00,Card
T001693,S021,P0645,C01845,2,9521.65,2026-06-14 23:40:00,Wallet
T001694,S020,P0535,C02169,3,2686.17,2026-01-19 15:38:00,Card
T001695,S017,P0270,C02973,2,8731.95,2026-05-06 08:21:00,Card
T001696,S008,P0651,C02344,1,4819.93,2026-03-08 11:41:00,Wallet
T001697,S022,P0629,C02488,4,6100.1,2026-03-17 23:31:00,Card
T001698,S023,P0694,C00866,1,614.19,2026-04-24 11:17:00,Cash
T001699,S004,P0024,C00975,2,3347.34,2026-04-26 23:52:00,Cash
T001700,S012,P0776,C02383,4,994.43,2026-03-08 19:23:00,Cash
T001701,S005,P0799,C00331,1,206.59,2026-03-12 20:17:00,Cash
T001702,S014,P0012,C01623,4,1540.01,2026-01-10 04:46:00,Wallet
T001703,S013,P0654,C02749,1,7103.27,2026-02-07 17:48:00,Wallet
T001704,S014,P0229,C01220,4,9936.26,2026-03-15 00:53:00,Wallet
T001705,S019,P0096,C01220,5,8076.83,2026-02-26 12:39:00,Wallet
T001706,S019,P0253,C00583,5,933.38,2026-05-25 12:22:00,Cash
T001707,S024,P0742,C02522,1,8185.79,2026-03-16 10:28:00,UPI
T001708,S006,P0237,C02162,3,3411.61,2026-02-10 19:22:00,Cash
T001709,S006,P0151,C01924,4,5217.03,2026-06-12 10:24:00,Card
T001710,S019,P0106,C01333,3,176.87,2026-05-02 15:00:00,Wallet
T001711,S010,P0248,C02774,4,9033.86,2026-06-22 10:03:00,Card
T001712,S008,P0587,C02772,4,3226.67,2026-02-09 23:43:00,Cash
T001713,S010,P0630,C01380,5,6658.91,2026-02-02 05:00:00,UPI
T001714,S012,P0206,C02279,5,7412.93,2026-06-05 09:58:00,Cash
T001715,S012,P0762,C01172,4,9129.45,2026-04-09 08:46:00,Wallet
T001716,S007,P0798,C02714,3,6080.32,2026-06-13 07:46:00,UPI
T001717,S016,P0482,C00239,5,3807.98,2026-01-08 07:13:00,Card
T001718,S024,P0033,C00220,2,8396.28,2026-05-30 10:20:00,UPI
T001719,S024,P0017,C02713,2,9248.9,2026-02-07 19:56:00,Wallet
T001720,S008,P0209,C01558,4,3404.12,2026-01-04 08:51:00,Card
T001721,S007,P0360,C01600,4,5243.78,2026-04-04 17:21:00,Card
T001722,S010,P0175,C02989,2,4958.37,2026-05-13 13:51:00,Wallet
T001723,S020,P0275,C02312,2,7489.31,2026-05-03 21:06:00,UPI
T001724,S001,P0437,C02735,4,4248.56,2026-02-13 11:44:00,UPI
T001725,S020,P0595,C00508,1,3060.11,2026-06-14 05:19:00,UPI
T001726,S014,P0310,C02248,5,747.04,2026-05-31 17:06:00,Wallet
T001727,S024,P0738,C02979,1,9853.09,2026-03-22 17:51:00,Wallet
T001728,S010,P0213,C00632,4,4276.85,2026-04-06 12:54:00,Cash
T001729,S019,P0774,C01833,5,1562.02,2026-05-05 22:07:00,Card
T001730,S012,P0681,C01922,5,7716.53,2026-02-13 17:55:00,Cash
T001731,S016,P0646,C01145,1,5928.39,2026-05-04 05:59:00,Wallet
T001732,S020,P0060,C02525,1,294.15,2026-05-04 12:57:00,Card
T001733,S010,P0508,C00397,4,2136.59,2026-01-04 22:49:00,Cash
T001734,S001,P0654,C02291,1,7103.27,2026-01-17 11:41:00,Cash
T001735,S023,P0359,C02011,2,2458.76,2026-02-27 10:33:00,Cash
T001736,S010,P0429,C01784,5,6574.5,2026-02-22 07:39:00,Cash
T001737,S018,P0506,C00875,2,6514.66,2026-02-08 09:29:00,Wallet
T001738,S024,P0787,C02250,1,1525.99,2026-06-05 04:04:00,Cash
T001739,S001,P0134,C02053,5,4143.39,2026-06-16 06:43:00,Cash
T001740,S003,P0399,C01789,3,2476.48,2026-04-02 17:01:00,Card
T001741,S024,P0454,C02222,3,2095.86,2026-04-28 19:26:00,Wallet
T001742,S017,P0454,C00371,5,2095.86,2026-06-13 00:24:00,Card
T001743,S009,P0456,C01121,2,9111.0,2026-05-15 07:47:00,Cash
T001744,S017,P0045,C02484,4,3896.94,2026-02-21 12:24:00,Cash
T001745,S002,P0634,C00878,5,5542.5,2026-06-20 01:07:00,Wallet
T001746,S005,P0162,C01325,1,6800.39,2026-04-13 21:22:00,Card
T001747,S021,P0047,C02096,5,8857.53,2026-01-26 11:14:00,Wallet
T001748,S021,P0288,C01611,5,3932.63,2026-05-10 02:17:00,Card
T001749,S025,P0272,C00911,3,1528.03,2026-03-11 18:53:00,Card
T001750,S013,P0367,C01029,5,8513.3,2026-05-17 18:21:00,Cash
T001751,S004,P0182,C00460,2,5319.06,2026-01-21 01:54:00,Cash
T001752,S017,P0399,C00132,2,2476.48,2026-04-25 19:20:00,Wallet
T001753,S018,P0066,C00021,5,5076.41,2026-05-14 08:27:00,UPI
T001754,S014,P0215,C01353,3,4997.41,2026-03-04 08:44:00,Cash
T001755,S010,P0391,C01750,1,828.94,2026-02-16 23:32:00,UPI
T001756,S009,P0218,C01954,4,5916.82,2026-06-16 08:21:00,Wallet
T001757,S024,P0283,C01883,4,8716.22,2026-02-28 23:32:00,UPI
T001758,S003,P0673,C00336,4,7405.45,2026-04-27 06:03:00,Card
T001759,S002,P0182,C00475,3,5319.06,2026-01-11 20:47:00,Card
T001760,S023,P0745,C02354,4,9030.46,2026-03-10 18:50:00,Cash
T001761,S023,P0360,C02258,4,5243.78,2026-03-13 03:07:00,UPI
T001762,S002,P0654,C02307,1,7103.27,2026-02-18 02:10:00,Cash
T001763,S020,P0126,C01286,5,6217.24,2026-02-03 17:50:00,Card
T001764,S005,P0221,C00888,3,6255.24,2026-03-19 02:04:00,Wallet
T001765,S001,P0732,C02930,4,5381.3,2026-02-23 07:46:00,UPI
T001766,S011,P0229,C02112,3,9936.26,2026-03-04 19:59:00,UPI
T001767,S019,P0785,C00107,2,9579.4,2026-05-29 16:17:00,Cash
T001768,S001,P0494,C00791,5,7697.7,2026-04-29 03:21:00,UPI
T001769,S010,P0032,C00281,2,5989.11,2026-05-18 01:44:00,Cash
T001770,S003,P0477,C00388,5,4461.51,2026-03-23 21:38:00,Cash
T001771,S024,P0573,C00225,4,1786.29,2026-01-19 06:42:00,UPI
T001772,S019,P0613,C01210,5,1307.31,2026-05-03 03:58:00,UPI
T001773,S002,P0195,C01644,3,873.38,2026-04-24 02:50:00,Cash
T001774,S004,P0345,C00495,5,1998.33,2026-05-02 06:44:00,Card
T001775,S015,P0591,C01687,5,6346.66,2026-01-26 18:30:00,UPI
T001776,S003,P0514,C01774,4,4318.77,2026-05-31 07:20:00,Wallet
T001777,S021,P0008,C02197,1,4742.92,2026-06-03 16:37:00,Cash
T001778,S007,P0625,C00605,5,5109.87,2026-03-18 19:25:00,Card
T001779,S001,P0770,C02288,3,6825.39,2026-01-03 19:51:00,Wallet
T001780,S014,P0719,C00416,5,532.73,2026-04-21 03:48:00,UPI
T001781,S007,P0158,C02421,2,3560.08,2026-04-24 21:56:00,Card
T001782,S019,P0077,C00798,3,2207.23,2026-02-19 20:06:00,Cash
T001783,S019,P0168,C00553,1,3315.66,2026-06-12 20:58:00,Cash
T001784,S007,P0043,C02727,1,5469.14,2026-04-27 00:01:00,Wallet
T001785,S016,P0693,C00300,4,1638.87,2026-03-06 13:53:00,Cash
T001786,S013,P0535,C02277,3,2686.17,2026-06-03 09:14:00,Card
T001787,S018,P0734,C01839,3,8745.49,2026-05-07 21:32:00,UPI
T001788,S003,P0398,C01637,1,3448.99,2026-02-15 11:13:00,Card
T001789,S021,P0425,C00538,1,7476.59,2026-05-10 16:29:00,Card
T001790,S012,P0061,C01591,5,6610.9,2026-05-12 09:41:00,UPI
T001791,S022,P0440,C01303,4,9802.7,2026-06-15 10:13:00,UPI
T001792,S018,P0173,C00452,1,8537.22,2026-03-09 18:09:00,Wallet
T001793,S018,P0050,C02635,1,4810.52,2026-03-05 11:38:00,UPI
T001794,S022,P0125,C02733,2,7041.49,2026-03-12 23:08:00,Card
T001795,S008,P0696,C02518,5,916.89,2026-05-24 17:10:00,Card
T001796,S012,P0061,C00746,3,6610.9,2026-03-21 21:21:00,Wallet
T001797,S002,P0595,C02952,2,3060.11,2026-04-23 03:48:00,Wallet
T001798,S010,P0155,C00906,1,7088.03,2026-02-16 16:38:00,Cash
T001799,S022,P0615,C01764,5,6966.89,2026-01-02 10:53:00,UPI
T001800,S021,P0021,C02387,4,7636.95,2026-05-11 16:03:00,UPI
T001801,S002,P0585,C01658,5,7994.43,2026-05-07 05:34:00,Cash
T001802,S006,P0368,C00127,3,2406.81,2026-02-15 02:14:00,UPI
T001803,S007,P0067,C00578,1,3696.01,2026-04-21 22:58:00,Wallet
T001804,S013,P0007,C02126,1,1166.39,2026-03-19 03:13:00,Cash
T001805,S025,P0795,C00423,5,4749.67,2026-04-24 11:41:00,UPI
T001806,S002,P0260,C01045,4,1324.75,2026-06-13 23:26:00,UPI
T001807,S004,P0709,C02504,4,104.31,2026-05-18 06:14:00,Cash
T001808,S009,P0040,C02261,2,1611.09,2026-02-19 03:42:00,Wallet
T001809,S009,P0578,C01334,3,6474.47,2026-03-01 07:16:00,Cash
T001810,S019,P0031,C01655,1,739.63,2026-03-20 17:07:00,Cash
T001811,S005,P0514,C00143,4,4318.77,2026-03-20 10:55:00,Wallet
T001812,S014,P0269,C01395,4,6799.54,2026-05-16 16:06:00,Card
T001813,S012,P0701,C02533,5,1291.57,2026-01-27 23:22:00,UPI
T001814,S020,P0499,C01057,2,3884.48,2026-03-18 20:48:00,Cash
T001815,S022,P0081,C01250,2,3253.67,2026-02-23 19:29:00,UPI
T001816,S015,P0298,C02541,3,5929.04,2026-06-22 05:16:00,Wallet
T001817,S007,P0442,C00734,3,3354.53,2026-03-24 05:20:00,Cash
T001818,S020,P0466,C01664,4,4158.95,2026-02-19 13:31:00,UPI
T001819,S002,P0615,C01415,2,6966.89,2026-02-13 05:23:00,UPI
T001820,S005,P0401,C01171,4,8837.96,2026-06-06 22:36:00,Wallet
T001821,S022,P0127,C01923,3,980.71,2026-02-10 11:06:00,Wallet
T001822,S001,P0532,C01312,5,6385.3,2026-05-13 16:10:00,Card
T001823,S020,P0703,C01587,2,6202.03,2026-06-17 20:19:00,Wallet
T001824,S025,P0398,C00348,1,3448.99,2026-04-17 09:11:00,Wallet
T001825,S013,P0397,C00562,5,306.84,2026-02-28 08:58:00,Wallet
T001826,S020,P0009,C00777,3,3085.29,2026-05-01 10:21:00,Card
T001827,S020,P0277,C01639,5,3757.9,2026-04-05 04:56:00,Wallet
T001828,S004,P0495,C02665,1,2593.21,2026-03-20 11:23:00,Wallet
T001829,S016,P0379,C01551,2,3750.42,2026-04-01 10:45:00,Wallet
T001830,S006,P0701,C01210,1,1291.57,2026-04-26 10:30:00,UPI
T001831,S007,P0373,C02037,2,9052.26,2026-04-19 19:13:00,UPI
T001832,S005,P0735,C00605,3,5391.49,2026-04-11 14:14:00,Cash
T001833,S005,P0184,C00832,3,1570.2,2026-01-02 13:47:00,Cash
T001834,S001,P0761,C01599,1,1114.4,2026-01-15 13:57:00,Cash
T001835,S010,P0764,C02141,5,9223.74,2026-04-01 22:02:00,Wallet
T001836,S004,P0065,C01854,2,6938.55,2026-02-05 15:35:00,Cash
T001837,S001,P0058,C01391,2,6515.02,2026-03-12 00:39:00,Cash
T001838,S007,P0750,C00933,3,4603.74,2026-06-30 06:54:00,UPI
T001839,S017,P0193,C02945,1,7596.81,2026-02-23 22:35:00,Cash
T001840,S011,P0381,C01695,1,4277.41,2026-03-07 10:03:00,Card
T001841,S008,P0296,C02720,2,8312.94,2026-04-06 00:48:00,Card
T001842,S001,P0130,C02973,1,7163.28,2026-03-24 14:35:00,UPI
T001843,S009,P0151,C02371,3,5217.03,2026-04-08 11:07:00,Card
T001844,S023,P0743,C00447,3,2117.79,2026-05-23 19:06:00,UPI
T001845,S016,P0288,C00127,5,3932.63,2026-02-21 07:20:00,Card
T001846,S022,P0272,C02846,2,1528.03,2026-06-08 17:10:00,Wallet
T001847,S005,P0494,C02424,5,7697.7,2026-04-23 09:21:00,Cash
T001848,S004,P0047,C00609,1,8857.53,2026-01-28 02:32:00,Wallet
T001849,S003,P0544,C00604,2,9870.55,2026-03-04 05:28:00,Card
T001850,S022,P0504,C02551,5,2455.83,2026-03-25 16:22:00,UPI
T001851,S002,P0515,C00447,1,7243.57,2026-06-01 16:02:00,Wallet
T001852,S014,P0155,C01273,2,7088.03,2026-01-12 22:30:00,Cash
T001853,S025,P0475,C02128,5,3011.03,2026-04-10 23:28:00,Wallet
T001854,S012,P0223,C02783,3,1097.95,2026-06-30 16:37:00,Wallet
T001855,S005,P0463,C01157,3,7009.64,2026-03-05 09:33:00,Wallet
T001856,S017,P0219,C02877,3,1397.47,2026-06-05 20:00:00,Card
T001857,S011,P0201,C02024,2,236.37,2026-04-07 02:01:00,Cash
T001858,S021,P0303,C00761,2,9525.43,2026-01-26 01:54:00,Cash
T001859,S003,P0208,C01340,1,2092.25,2026-06-13 11:41:00,Wallet
T001860,S025,P0540,C02784,5,6948.18,2026-03-12 18:21:00,Card
T001861,S002,P0567,C00104,3,2411.23,2026-04-05 14:57:00,Card
T001862,S008,P0258,C01378,3,2488.26,2026-03-14 03:47:00,Card
T001863,S001,P0524,C01933,2,5664.21,2026-05-01 04:35:00,Cash
T001864,S014,P0452,C01625,4,8196.17,2026-01-19 11:04:00,Wallet
T001865,S018,P0388,C02903,1,6275.81,2026-04-16 05:10:00,Card
T001866,S010,P0554,C02237,4,4902.42,2026-02-08 20:07:00,Cash
T001867,S015,P0724,C02853,5,548.91,2026-03-18 19:35:00,UPI
T001868,S002,P0741,C02725,2,7252.76,2026-02-21 19:10:00,Wallet
T001869,S022,P0321,C00851,1,1697.02,2026-01-23 14:57:00,Card
T001870,S012,P0734,C01598,5,8745.49,2026-03-04 11:11:00,Card
T001871,S013,P0106,C01522,2,176.87,2026-05-27 18:39:00,Card
T001872,S016,P0098,C02690,1,4449.81,2026-06-19 08:53:00,Cash
T001873,S009,P0729,C00337,3,8802.63,2026-05-23 18:07:00,Card
T001874,S001,P0004,C02604,1,1339.91,2026-03-16 23:32:00,Wallet
T001875,S012,P0084,C01137,3,1223.23,2026-01-06 04:47:00,Card
T001876,S010,P0606,C02448,4,3619.28,2026-01-18 23:52:00,Cash
T001877,S009,P0725,C01890,3,7432.08,2026-03-22 12:19:00,Card
T001878,S020,P0219,C00284,5,1397.47,2026-04-25 07:19:00,Wallet
T001879,S008,P0100,C00502,3,5501.88,2026-02-17 10:57:00,Card
T001880,S015,P0249,C01134,5,4250.12,2026-04-30 07:46:00,Card
T001881,S015,P0638,C01771,5,5679.06,2026-04-28 12:21:00,UPI
T001882,S024,P0095,C00104,1,7753.59,2026-03-27 06:47:00,Card
T001883,S010,P0649,C01240,2,9469.45,2026-06-23 08:50:00,Cash
T001884,S012,P0615,C02457,4,6966.89,2026-03-07 20:36:00,Cash
T001885,S021,P0565,C02937,4,6635.26,2026-01-06 04:47:00,UPI
T001886,S017,P0752,C02174,5,3839.96,2026-01-31 21:55:00,UPI
T001887,S002,P0488,C02097,4,9348.84,2026-04-16 14:35:00,Card
T001888,S019,P0119,C01501,5,4834.82,2026-04-12 16:36:00,Card
T001889,S007,P0512,C02487,3,9387.92,2026-01-13 18:02:00,Wallet
T001890,S005,P0448,C00900,5,1800.07,2026-01-16 17:29:00,Wallet
T001891,S007,P0296,C02390,1,8312.94,2026-04-06 00:33:00,Card
T001892,S006,P0121,C00657,2,934.55,2026-05-25 14:55:00,Card
T001893,S018,P0617,C01317,3,1083.47,2026-01-09 17:12:00,UPI
T001894,S015,P0450,C00057,3,4833.69,2026-03-25 18:23:00,Card
T001895,S024,P0703,C00482,3,6202.03,2026-05-06 09:38:00,Card
T001896,S010,P0406,C02276,4,2170.45,2026-05-28 11:23:00,Wallet
T001897,S009,P0483,C02962,4,257.78,2026-06-12 02:17:00,UPI
T001898,S013,P0471,C00074,2,6734.93,2026-01-20 19:17:00,Wallet
T001899,S001,P0421,C01447,4,8440.77,2026-01-24 19:03:00,UPI
T001900,S023,P0689,C01841,4,9487.92,2026-01-29 18:09:00,Card
T001901,S004,P0166,C02252,2,6319.73,2026-02-10 17:31:00,Card
T001902,S005,P0704,C02642,5,4131.24,2026-01-23 19:35:00,UPI
T001903,S014,P0595,C00871,5,3060.11,2026-04-30 20:49:00,Card
T001904,S025,P0493,C02276,3,534.0,2026-06-16 06:30:00,Wallet
T001905,S023,P0137,C01748,3,947.81,2026-01-19 23:20:00,Card
T001906,S001,P0614,C00844,2,5908.82,2026-04-21 09:27:00,Cash
T001907,S014,P0740,C01476,5,9717.89,2026-04-30 15:24:00,Card
T001908,S013,P0679,C00151,4,4970.26,2026-02-08 22:12:00,Wallet
T001909,S012,P0034,C01119,5,7586.4,2026-03-26 02:29:00,Card
T001910,S009,P0097,C00745,2,1527.35,2026-02-16 22:06:00,Cash
T001911,S024,P0211,C01393,5,465.47,2026-05-28 11:35:00,Cash
T001912,S004,P0593,C02304,1,1610.75,2026-04-27 18:00:00,Cash
T001913,S005,P0444,C01440,1,8281.1,2026-06-27 14:45:00,Cash
T001914,S013,P0186,C00485,1,5553.84,2026-01-06 13:42:00,Card
T001915,S016,P0479,C02283,1,6996.75,2026-05-28 10:01:00,UPI
T001916,S013,P0315,C02291,2,7841.03,2026-01-02 21:17:00,Cash
T001917,S003,P0641,C02167,1,2773.24,2026-04-10 00:38:00,Wallet
T001918,S012,P0745,C01385,5,9030.46,2026-01-03 07:41:00,Cash
T001919,S019,P0756,C02263,3,8540.93,2026-03-24 14:34:00,Cash
T001920,S008,P0171,C00301,5,1015.26,2026-02-08 08:50:00,Wallet
T001921,S007,P0588,C00809,1,6830.81,2026-02-27 19:56:00,Wallet
T001922,S011,P0199,C02824,4,6222.14,2026-06-22 11:08:00,Wallet
T001923,S015,P0182,C02003,4,5319.06,2026-05-17 15:37:00,Wallet
T001924,S016,P0533,C02017,4,9271.54,2026-06-17 22:42:00,Cash
T001925,S018,P0582,C00859,3,1360.43,2026-02-21 19:36:00,Wallet
T001926,S003,P0074,C00855,3,2079.76,2026-04-01 19:41:00,Wallet
T001927,S019,P0264,C02440,1,7171.07,2026-02-09 06:26:00,Cash
T001928,S018,P0226,C02275,1,1828.68,2026-02-07 07:02:00,Cash
T001929,S005,P0184,C01771,4,1570.2,2026-03-20 06:11:00,Card
T001930,S001,P0206,C02490,5,7412.93,2026-01-26 00:53:00,Wallet
T001931,S001,P0416,C00471,3,4705.01,2026-05-17 20:32:00,UPI
T001932,S008,P0097,C00308,1,1527.35,2026-01-11 04:20:00,UPI
T001933,S001,P0343,C01262,5,746.07,2026-05-19 11:53:00,Cash
T001934,S014,P0290,C00752,2,8671.94,2026-01-18 11:10:00,Cash
T001935,S025,P0512,C02534,2,9387.92,2026-03-22 07:51:00,UPI
T001936,S001,P0268,C02397,5,4813.91,2026-06-18 07:07:00,UPI
T001937,S013,P0003,C02975,5,2300.34,2026-02-21 10:20:00,UPI
T001938,S023,P0394,C01025,4,2911.6,2026-02-11 14:28:00,UPI
T001939,S019,P0320,C02576,5,5892.08,2026-03-11 07:57:00,UPI
T001940,S017,P0351,C01972,2,2850.54,2026-02-25 12:07:00,UPI
T001941,S019,P0391,C01861,5,828.94,2026-01-07 04:41:00,Wallet
T001942,S013,P0473,C02730,2,1487.53,2026-04-23 04:12:00,Wallet
T001943,S022,P0186,C00150,5,5553.84,2026-04-07 00:52:00,Wallet
T001944,S025,P0122,C00185,2,8775.26,2026-04-24 07:07:00,Card
T001945,S010,P0470,C00743,4,205.3,2026-04-08 01:40:00,Card
T001946,S012,P0691,C00711,1,7534.79,2026-04-25 14:58:00,Wallet
T001947,S006,P0582,C02318,4,1360.43,2026-04-13 06:46:00,Cash
T001948,S004,P0372,C02542,4,5991.23,2026-02-22 12:59:00,Cash
T001949,S020,P0371,C02794,4,5918.35,2026-06-01 04:15:00,Card
T001950,S001,P0161,C02003,4,4221.55,2026-01-24 05:58:00,UPI
T001951,S010,P0119,C02791,3,4834.82,2026-05-10 19:44:00,UPI
T001952,S007,P0478,C02769,4,8936.61,2026-05-13 04:09:00,Card
T001953,S019,P0748,C01695,1,3169.59,2026-02-11 07:09:00,Wallet
T001954,S017,P0521,C01394,4,4330.23,2026-01-31 16:41:00,Wallet
T001955,S025,P0773,C00258,1,8629.97,2026-06-04 12:13:00,Cash
T001956,S007,P0690,C02478,4,4940.77,2026-03-23 14:10:00,Cash
T001957,S019,P0513,C01551,4,5966.04,2026-02-18 07:10:00,Cash
T001958,S014,P0218,C02855,2,5916.82,2026-01-24 17:18:00,Cash
T001959,S006,P0279,C02033,1,3009.41,2026-04-03 16:18:00,Wallet
T001960,S013,P0206,C00616,4,7412.93,2026-03-07 17:21:00,Wallet
T001961,S020,P0674,C01738,3,9237.26,2026-01-29 15:35:00,Wallet
T001962,S015,P0271,C01372,5,9964.47,2026-01-05 00:14:00,Wallet
T001963,S019,P0395,C02536,3,3463.19,2026-04-08 14:20:00,Cash
T001964,S012,P0454,C00321,3,2095.86,2026-04-13 03:24:00,Card
T001965,S011,P0282,C01816,3,119.65,2026-04-01 12:18:00,UPI
T001966,S009,P0735,C02616,2,5391.49,2026-03-21 02:13:00,UPI
T001967,S015,P0794,C01494,2,222.53,2026-04-22 22:15:00,Wallet
T001968,S018,P0174,C02460,1,2919.87,2026-03-18 07:49:00,Cash
T001969,S013,P0696,C02148,5,916.89,2026-06-29 02:52:00,Cash
T001970,S009,P0233,C02629,5,8252.74,2026-06-16 21:58:00,Cash
T001971,S012,P0028,C00971,4,225.58,2026-04-10 16:05:00,Cash
T001972,S017,P0568,C00134,4,3547.51,2026-01-05 09:22:00,UPI
T001973,S007,P0384,C00941,5,8533.89,2026-06-15 11:02:00,Card
T001974,S013,P0747,C02186,3,9438.22,2026-01-12 04:48:00,Card
T001975,S004,P0192,C02956,5,8778.88,2026-03-05 06:03:00,Card
T001976,S010,P0417,C02462,4,4565.4,2026-05-25 00:18:00,UPI
T001977,S016,P0714,C01134,1,2457.7,2026-02-02 17:42:00,Card
T001978,S009,P0470,C00857,1,205.3,2026-02-09 04:47:00,UPI
T001979,S007,P0361,C00006,4,7663.58,2026-06-27 16:02:00,Card
T001980,S011,P0724,C01055,1,548.91,2026-01-10 02:05:00,UPI
T001981,S012,P0047,C00579,4,8857.53,2026-06-02 07:09:00,Card
T001982,S014,P0546,C01852,5,6578.76,2026-06-19 10:00:00,Card
T001983,S015,P0207,C01194,4,293.32,2026-04-06 21:04:00,Cash
T001984,S023,P0664,C01750,3,4113.17,2026-04-17 05:22:00,Wallet
T001985,S007,P0443,C00153,2,1796.09,2026-04-18 05:53:00,Card
T001986,S020,P0498,C00806,5,3416.54,2026-02-14 17:42:00,Wallet
T001987,S020,P0271,C00457,3,9964.47,2026-02-08 22:49:00,Card
T001988,S010,P0055,C02903,5,7674.42,2026-02-16 12:27:00,UPI
T001989,S006,P0055,C00364,1,7674.42,2026-01-29 05:32:00,Wallet
T001990,S018,P0447,C00184,4,4600.17,2026-01-08 16:58:00,UPI
T001991,S004,P0699,C02443,3,2063.28,2026-02-22 10:26:00,Wallet
T001992,S019,P0307,C02121,3,2471.27,2026-04-14 21:20:00,Wallet
T001993,S007,P0488,C02318,4,9348.84,2026-04-06 09:03:00,Card
T001994,S003,P0242,C00089,4,1599.95,2026-06-09 10:57:00,Cash
T001995,S015,P0258,C00881,3,2488.26,2026-01-08 00:52:00,Cash
T001996,S017,P0277,C02892,4,3757.9,2026-03-26 00:58:00,Card
T001997,S022,P0350,C00094,3,5219.84,2026-05-01 01:10:00,Card
T001998,S025,P0420,C00130,2,6488.01,2026-02-06 13:54:00,Wallet
T001999,S017,P0030,C02975,4,4007.63,2026-01-12 18:24:00,Wallet
T002000,S002,P0343,C01773,4,746.07,2026-04-07 20:25:00,Wallet
T002001,S022,P0088,C02608,5,2657.13,2026-05-15 05:47:00,UPI
T002002,S008,P0164,C02457,2,5943.35,2026-02-10 03:25:00,Wallet
T002003,S004,P0098,C00895,5,4449.81,2026-01-04 11:54:00,Card
T002004,S009,P0193,C02016,4,7596.81,2026-02-27 03:08:00,Cash
T002005,S017,P0613,C02641,5,1307.31,2026-04-18 02:15:00,Cash
T002006,S008,P0689,C00420,2,9487.92,2026-01-29 16:14:00,Wallet
T002007,S001,P0422,C02051,4,7879.15,2026-04-29 14:10:00,Cash
T002008,S016,P0711,C02069,1,1928.92,2026-05-18 15:01:00,UPI
T002009,S021,P0777,C00184,4,3589.83,2026-02-04 20:35:00,Cash
T002010,S009,P0122,C00123,4,8775.26,2026-06-13 00:01:00,UPI
T002011,S017,P0508,C00147,4,2136.59,2026-03-21 16:15:00,Card
T002012,S015,P0780,C02204,3,5537.46,2026-05-01 08:46:00,Cash
T002013,S008,P0525,C00804,1,1451.9,2026-02-02 11:01:00,Cash
T002014,S007,P0530,C01439,4,9327.08,2026-06-18 18:25:00,Wallet
T002015,S023,P0337,C02704,3,1994.97,2026-04-04 20:56:00,UPI
T002016,S005,P0299,C01075,5,4425.47,2026-06-21 03:17:00,Wallet
T002017,S020,P0190,C02106,1,1226.96,2026-05-03 16:49:00,UPI
T002018,S018,P0194,C00483,4,3478.21,2026-05-27 06:41:00,Card
T002019,S008,P0680,C01598,3,4165.12,2026-02-02 07:29:00,UPI
T002020,S011,P0439,C02018,5,9228.23,2026-05-12 04:25:00,Cash
T002021,S018,P0268,C01095,1,4813.91,2026-02-06 07:41:00,Cash
T002022,S001,P0761,C02407,2,1114.4,2026-06-18 02:48:00,Card
T002023,S015,P0191,C02563,1,8443.81,2026-01-25 13:47:00,Cash
T002024,S005,P0447,C00021,3,4600.17,2026-03-14 20:59:00,Wallet
T002025,S004,P0635,C02560,1,4059.59,2026-01-27 08:31:00,Cash
T002026,S005,P0163,C00847,1,6843.99,2026-02-27 08:33:00,Wallet
T002027,S001,P0391,C00803,2,828.94,2026-02-17 22:30:00,Card
T002028,S012,P0252,C01468,4,7003.96,2026-03-19 11:13:00,Cash
T002029,S015,P0004,C01003,1,1339.91,2026-04-29 22:48:00,UPI
T002030,S006,P0362,C01128,1,945.79,2026-06-01 17:44:00,Wallet
T002031,S004,P0214,C00670,1,2750.7,2026-05-13 19:42:00,Card
T002032,S007,P0644,C02496,3,196.65,2026-03-10 04:29:00,UPI
T002033,S001,P0572,C01337,1,6659.16,2026-03-25 14:24:00,Cash
T002034,S022,P0132,C00822,1,8576.74,2026-04-06 22:34:00,Card
T002035,S017,P0717,C00160,4,9261.46,2026-02-07 19:46:00,Card
T002036,S004,P0057,C01233,5,657.85,2026-01-09 13:08:00,UPI
T002037,S012,P0581,C00973,1,7430.75,2026-06-11 01:38:00,Cash
T002038,S007,P0544,C01180,4,9870.55,2026-02-20 06:13:00,Cash
T002039,S015,P0455,C01989,5,8262.37,2026-01-04 04:52:00,Card
T002040,S009,P0601,C02153,2,5812.86,2026-06-12 01:09:00,Cash
T002041,S008,P0654,C02785,3,7103.27,2026-03-02 05:31:00,UPI
T002042,S006,P0384,C00347,5,8533.89,2026-04-12 11:00:00,Wallet
T002043,S025,P0149,C02780,2,8728.63,2026-01-03 19:31:00,Card
T002044,S019,P0448,C01125,2,1800.07,2026-05-04 16:30:00,Cash
T002045,S006,P0101,C02067,3,8805.39,2026-03-30 06:24:00,Cash
T002046,S022,P0374,C02649,4,3617.37,2026-06-10 19:42:00,Wallet
T002047,S022,P0793,C02163,5,3714.92,2026-04-14 15:25:00,UPI
T002048,S002,P0345,C01387,5,1998.33,2026-02-24 15:28:00,Card
T002049,S019,P0055,C02103,1,7674.42,2026-06-09 08:58:00,Wallet
T002050,S011,P0746,C02977,5,4646.96,2026-05-20 15:00:00,Cash
T002051,S013,P0269,C02056,4,6799.54,2026-01-31 09:32:00,UPI
T002052,S023,P0692,C01387,1,1400.03,2026-06-17 17:33:00,Cash
T002053,S019,P0525,C02271,3,1451.9,2026-03-28 11:30:00,UPI
T002054,S017,P0731,C01333,1,5565.29,2026-02-17 08:42:00,Card
T002055,S014,P0671,C01046,3,8333.09,2026-03-29 16:38:00,Cash
T002056,S001,P0043,C00973,3,5469.14,2026-05-21 15:34:00,Wallet
T002057,S012,P0423,C02440,3,805.35,2026-06-19 03:17:00,Cash
T002058,S012,P0616,C02859,2,3900.2,2026-06-21 11:41:00,Cash
T002059,S002,P0521,C02093,1,4330.23,2026-05-13 08:58:00,Card
T002060,S015,P0680,C00625,4,4165.12,2026-01-17 12:28:00,Cash
T002061,S021,P0308,C01832,4,4979.5,2026-04-20 21:55:00,Wallet
T002062,S019,P0505,C01113,3,1428.24,2026-01-07 18:32:00,Card
T002063,S005,P0379,C01163,1,3750.42,2026-02-02 03:13:00,Card
T002064,S010,P0527,C01833,2,4964.39,2026-02-28 15:36:00,Card
T002065,S020,P0495,C02442,4,2593.21,2026-01-29 04:06:00,UPI
T002066,S023,P0018,C02022,1,7010.52,2026-05-21 10:05:00,Cash
T002067,S010,P0339,C01492,5,2878.49,2026-02-02 11:51:00,Cash
T002068,S015,P0583,C02819,4,3175.91,2026-03-20 15:26:00,Cash
T002069,S014,P0737,C00433,4,4141.59,2026-04-22 18:53:00,Card
T002070,S011,P0203,C02777,5,6531.42,2026-01-22 17:13:00,Wallet
T002071,S005,P0675,C02002,1,8934.69,2026-02-16 13:34:00,Cash
T002072,S011,P0373,C02401,2,9052.26,2026-05-11 06:39:00,UPI
T002073,S015,P0173,C01845,4,8537.22,2026-02-06 23:13:00,Cash
T002074,S010,P0640,C00086,4,3850.52,2026-02-26 00:34:00,UPI
T002075,S005,P0159,C00627,4,8365.04,2026-02-20 12:04:00,Wallet
T002076,S003,P0407,C01477,2,1756.59,2026-05-15 20:30:00,Cash
T002077,S009,P0377,C00464,2,3179.76,2026-02-08 19:12:00,UPI
T002078,S002,P0509,C02610,1,6118.83,2026-05-16 17:55:00,Cash
T002079,S018,P0290,C01494,3,8671.94,2026-01-13 18:11:00,Card
T002080,S020,P0297,C01447,3,8087.52,2026-04-03 18:24:00,Cash
T002081,S004,P0373,C01783,2,9052.26,2026-02-28 23:40:00,Wallet
T002082,S007,P0572,C02718,2,6659.16,2026-05-16 05:41:00,Cash
T002083,S014,P0674,C01982,4,9237.26,2026-04-06 05:25:00,UPI
T002084,S025,P0574,C02510,3,9933.28,2026-01-26 23:13:00,UPI
T002085,S001,P0309,C02378,1,2764.95,2026-02-12 21:40:00,Wallet
T002086,S010,P0778,C02940,1,6963.87,2026-06-12 21:06:00,Card
T002087,S012,P0082,C01941,1,2741.65,2026-02-27 05:11:00,Cash
T002088,S011,P0697,C01932,5,7318.56,2026-05-19 20:48:00,Card
T002089,S015,P0096,C02564,5,8076.83,2026-04-19 06:54:00,Card
T002090,S013,P0229,C01602,5,9936.26,2026-03-13 01:40:00,UPI
T002091,S003,P0798,C02524,2,6080.32,2026-04-13 10:07:00,Wallet
T002092,S017,P0037,C02145,5,2580.83,2026-04-10 17:48:00,Cash
T002093,S003,P0662,C02783,1,8101.63,2026-04-18 16:15:00,UPI
T002094,S007,P0378,C01523,5,4747.29,2026-04-30 10:59:00,UPI
T002095,S007,P0096,C00443,3,8076.83,2026-02-04 10:14:00,Card
T002096,S010,P0045,C00663,4,3896.94,2026-01-01 02:33:00,UPI
T002097,S022,P0034,C02504,2,7586.4,2026-03-06 18:58:00,Card
T002098,S014,P0725,C00890,5,7432.08,2026-06-21 10:38:00,Card
T002099,S006,P0512,C02407,1,9387.92,2026-02-23 20:55:00,UPI
T002100,S018,P0682,C02741,2,4013.05,2026-06-02 02:16:00,Wallet
T002101,S018,P0532,C00695,1,6385.3,2026-01-16 14:00:00,Card
T002102,S015,P0541,C01218,3,5901.19,2026-02-05 04:54:00,UPI
T002103,S014,P0771,C01689,4,3548.02,2026-05-04 05:28:00,Wallet
T002104,S024,P0255,C01119,2,2214.97,2026-03-04 13:21:00,UPI
T002105,S017,P0557,C00953,3,6068.55,2026-02-10 22:03:00,UPI
T002106,S024,P0191,C01205,2,8443.81,2026-04-18 13:20:00,Wallet
T002107,S009,P0446,C01197,4,2137.33,2026-06-01 06:36:00,Card
T002108,S009,P0746,C01692,3,4646.96,2026-03-05 11:57:00,UPI
T002109,S007,P0264,C01897,5,7171.07,2026-01-19 07:43:00,Card
T002110,S014,P0780,C02028,5,5537.46,2026-03-12 04:47:00,Wallet
T002111,S021,P0246,C01812,5,938.3,2026-04-13 04:12:00,Cash
T002112,S016,P0531,C00381,5,9574.26,2026-05-30 22:56:00,Wallet
T002113,S019,P0310,C01117,5,747.04,2026-02-08 07:01:00,Card
T002114,S015,P0319,C01590,5,8409.93,2026-04-24 04:51:00,UPI
T002115,S020,P0314,C01054,4,7849.53,2026-06-22 09:24:00,Card
T002116,S008,P0583,C02526,3,3175.91,2026-03-25 00:22:00,UPI
T002117,S013,P0335,C01353,4,3766.76,2026-06-13 04:00:00,Cash
T002118,S020,P0670,C00591,2,1786.79,2026-05-14 10:37:00,Cash
T002119,S019,P0011,C00626,4,1928.34,2026-05-15 03:30:00,UPI
T002120,S009,P0569,C02316,4,3008.24,2026-06-10 20:25:00,Wallet
T002121,S003,P0400,C01714,5,8795.04,2026-05-01 07:55:00,UPI
T002122,S005,P0678,C02203,2,4079.47,2026-06-19 14:57:00,Card
T002123,S009,P0249,C02724,2,4250.12,2026-03-18 04:15:00,Wallet
T002124,S006,P0574,C02010,2,9933.28,2026-05-19 20:49:00,UPI
T002125,S008,P0232,C01916,2,9748.13,2026-04-27 05:14:00,Wallet
T002126,S002,P0724,C02286,3,548.91,2026-01-19 11:39:00,Wallet
T002127,S007,P0692,C02918,1,1400.03,2026-03-11 01:23:00,Wallet
T002128,S011,P0504,C01233,5,2455.83,2026-04-08 08:43:00,Wallet
T002129,S009,P0514,C01002,1,4318.77,2026-01-29 21:23:00,Cash
T002130,S022,P0336,C02393,4,2292.06,2026-04-30 14:32:00,Cash
T002131,S021,P0692,C01841,4,1400.03,2026-05-30 05:44:00,Cash
T002132,S018,P0472,C02058,4,774.55,2026-06-27 16:37:00,UPI
T002133,S003,P0056,C01445,3,4337.67,2026-03-16 07:40:00,Card
T002134,S021,P0406,C02610,4,2170.45,2026-05-14 03:31:00,Wallet
T002135,S020,P0268,C02618,3,4813.91,2026-01-23 20:35:00,Cash
T002136,S006,P0220,C01697,2,8346.5,2026-06-03 12:22:00,Wallet
T002137,S004,P0038,C01506,4,393.26,2026-03-03 22:41:00,Cash
T002138,S009,P0445,C01455,2,1947.25,2026-05-07 23:56:00,Cash
T002139,S010,P0182,C00174,1,5319.06,2026-04-21 14:23:00,Card
T002140,S014,P0090,C02806,5,646.74,2026-01-15 21:46:00,Wallet
T002141,S012,P0257,C01868,1,8913.16,2026-01-27 09:33:00,Card
T002142,S003,P0052,C01023,3,6206.7,2026-03-12 08:35:00,UPI
T002143,S022,P0586,C02162,3,1154.2,2026-06-13 17:20:00,UPI
T002144,S021,P0349,C01675,3,6832.72,2026-03-26 14:19:00,UPI
T002145,S018,P0242,C00917,3,1599.95,2026-06-20 08:34:00,Cash
T002146,S021,P0051,C02226,1,3973.71,2026-04-02 02:50:00,Cash
T002147,S023,P0193,C00761,2,7596.81,2026-01-04 03:27:00,Wallet
T002148,S006,P0434,C01683,2,4553.72,2026-05-05 08:17:00,Wallet
T002149,S025,P0688,C02421,1,7463.85,2026-05-30 16:53:00,Cash
T002150,S018,P0132,C00849,2,8576.74,2026-02-26 20:10:00,UPI
T002151,S024,P0002,C01648,1,1803.85,2026-04-22 22:43:00,UPI
T002152,S002,P0755,C02012,1,7943.76,2026-03-10 03:32:00,Cash
T002153,S003,P0155,C00520,5,7088.03,2026-05-05 19:08:00,Cash
T002154,S019,P0358,C01881,3,8420.03,2026-06-05 19:18:00,Wallet
T002155,S001,P0371,C02532,5,5918.35,2026-04-07 20:42:00,Cash
T002156,S023,P0136,C01938,1,9081.55,2026-05-13 22:47:00,Card
T002157,S014,P0360,C02525,5,5243.78,2026-04-08 01:26:00,UPI
T002158,S011,P0116,C01188,2,2079.75,2026-06-04 03:40:00,Card
T002159,S021,P0046,C01279,1,4649.6,2026-06-01 21:56:00,Wallet
T002160,S004,P0491,C02997,3,3951.95,2026-01-26 19:38:00,Card
T002161,S001,P0042,C01754,1,2098.12,2026-01-25 04:00:00,Card
T002162,S018,P0144,C00446,4,9682.77,2026-03-03 12:18:00,Wallet
T002163,S015,P0295,C01390,2,9626.53,2026-05-29 22:57:00,UPI
T002164,S005,P0290,C01831,2,8671.94,2026-06-04 14:23:00,UPI
T002165,S020,P0291,C01007,1,5653.34,2026-04-11 01:21:00,Card
T002166,S003,P0455,C01156,2,8262.37,2026-03-30 22:05:00,Card
T002167,S012,P0424,C01741,4,3403.2,2026-04-23 15:43:00,Wallet
T002168,S007,P0045,C00719,2,3896.94,2026-05-27 17:50:00,Wallet
T002169,S011,P0089,C01696,3,6477.51,2026-01-10 13:36:00,UPI
T002170,S015,P0429,C00597,3,6574.5,2026-06-10 14:44:00,Cash
T002171,S014,P0340,C01386,2,2040.26,2026-06-21 00:52:00,Wallet
T002172,S013,P0143,C00222,2,3093.82,2026-02-25 19:21:00,Wallet
T002173,S015,P0766,C00236,2,9568.02,2026-02-16 00:49:00,Cash
T002174,S012,P0116,C00032,1,2079.75,2026-06-11 11:13:00,Wallet
T002175,S014,P0564,C01997,1,3746.46,2026-01-26 09:58:00,UPI
T002176,S025,P0327,C01894,1,4651.01,2026-04-16 00:58:00,UPI
T002177,S003,P0183,C00341,5,4734.37,2026-04-27 08:39:00,Wallet
T002178,S007,P0465,C02819,5,856.68,2026-04-02 23:18:00,Card
T002179,S019,P0247,C01495,2,4396.32,2026-03-30 12:01:00,Card
T002180,S001,P0779,C02852,2,1467.39,2026-03-05 09:26:00,Cash
T002181,S024,P0280,C02170,3,7858.55,2026-04-25 01:37:00,Cash
T002182,S016,P0084,C01715,3,1223.23,2026-03-25 15:38:00,UPI
T002183,S007,P0453,C02383,3,5915.17,2026-06-28 21:40:00,Card
T002184,S008,P0111,C02893,5,9271.32,2026-03-09 05:28:00,UPI
T002185,S013,P0152,C01112,2,7394.01,2026-02-23 19:03:00,Cash
T002186,S021,P0423,C02165,3,805.35,2026-05-21 22:07:00,Cash
T002187,S001,P0757,C00453,5,4855.21,2026-03-24 13:41:00,Card
T002188,S003,P0739,C00142,3,7330.72,2026-03-31 05:52:00,UPI
T002189,S018,P0331,C02909,3,7893.32,2026-05-08 03:02:00,UPI
T002190,S002,P0798,C01295,1,6080.32,2026-03-27 12:00:00,Card
T002191,S025,P0195,C01166,4,873.38,2026-06-07 18:22:00,Cash
T002192,S014,P0741,C01016,2,7252.76,2026-02-28 10:48:00,Card
T002193,S011,P0783,C00976,1,7059.62,2026-03-20 03:27:00,Wallet
T002194,S007,P0726,C01509,3,1737.63,2026-01-24 21:49:00,Wallet
T002195,S019,P0718,C00217,1,3083.62,2026-04-14 10:40:00,Cash
T002196,S008,P0123,C01662,3,9485.28,2026-06-09 16:58:00,Wallet
T002197,S004,P0460,C00136,2,4631.5,2026-06-13 06:21:00,Wallet
T002198,S002,P0011,C01105,4,1928.34,2026-04-08 06:54:00,UPI
T002199,S006,P0189,C01397,5,2622.12,2026-03-09 16:34:00,Card
T002200,S024,P0218,C02571,5,5916.82,2026-03-31 11:30:00,Wallet
T002201,S012,P0095,C01840,5,7753.59,2026-04-23 12:20:00,Wallet
T002202,S013,P0542,C00445,4,6397.18,2026-02-10 05:45:00,Wallet
T002203,S020,P0384,C00151,3,8533.89,2026-03-24 00:32:00,UPI
T002204,S008,P0506,C00970,5,6514.66,2026-01-29 06:28:00,UPI
T002205,S002,P0782,C02874,1,5850.54,2026-05-29 10:35:00,Cash
T002206,S003,P0739,C01488,5,7330.72,2026-05-10 23:54:00,Wallet
T002207,S008,P0622,C02246,2,8024.08,2026-06-14 19:07:00,UPI
T002208,S013,P0500,C02412,2,2401.8,2026-03-17 19:06:00,Cash
T002209,S017,P0660,C02047,1,7325.53,2026-05-18 06:04:00,Cash
T002210,S013,P0741,C01229,1,7252.76,2026-04-12 21:06:00,Cash
T002211,S012,P0722,C02939,3,4878.92,2026-06-28 02:35:00,Card
T002212,S007,P0758,C01369,5,3142.11,2026-02-20 03:11:00,Cash
T002213,S013,P0479,C00088,4,6996.75,2026-01-24 20:24:00,Cash
T002214,S013,P0007,C02362,3,1166.39,2026-06-19 13:48:00,Card
T002215,S021,P0013,C01921,5,3585.81,2026-03-09 04:58:00,Cash
T002216,S015,P0436,C00603,2,5047.02,2026-03-29 18:11:00,UPI
T002217,S014,P0595,C02711,2,3060.11,2026-04-01 13:32:00,UPI
T002218,S024,P0779,C00528,4,1467.39,2026-02-04 13:08:00,UPI
T002219,S017,P0125,C02299,4,7041.49,2026-01-27 10:01:00,UPI
T002220,S020,P0758,C00482,1,3142.11,2026-06-07 19:27:00,Card
T002221,S021,P0447,C00014,5,4600.17,2026-01-22 11:03:00,UPI
T002222,S001,P0604,C01141,5,6814.35,2026-02-27 15:06:00,UPI
T002223,S002,P0670,C01915,1,1786.79,2026-01-11 08:23:00,Card
T002224,S022,P0140,C02047,4,1042.27,2026-05-21 05:17:00,Card
T002225,S022,P0541,C00099,3,5901.19,2026-06-20 09:20:00,Wallet
T002226,S002,P0477,C02011,4,4461.51,2026-01-07 16:52:00,UPI
T002227,S015,P0285,C02749,5,8360.15,2026-02-27 23:43:00,Card
T002228,S005,P0715,C01580,5,962.59,2026-02-26 08:22:00,UPI
T002229,S014,P0108,C02307,3,8607.23,2026-02-27 15:01:00,Wallet
T002230,S016,P0314,C01778,1,7849.53,2026-06-15 07:22:00,Wallet
T002231,S020,P0208,C02604,3,2092.25,2026-02-07 00:25:00,Cash
T002232,S022,P0400,C02849,5,8795.04,2026-03-17 08:19:00,UPI
T002233,S002,P0608,C00686,2,9699.3,2026-01-06 20:53:00,Cash
T002234,S013,P0124,C00839,3,9076.76,2026-05-04 14:58:00,Card
T002235,S010,P0747,C02331,4,9438.22,2026-04-17 18:59:00,Card
T002236,S016,P0361,C00184,1,7663.58,2026-05-22 19:23:00,Cash
T002237,S024,P0109,C01739,4,8805.73,2026-02-19 14:04:00,Cash
T002238,S021,P0740,C02151,4,9717.89,2026-02-17 17:42:00,Wallet
T002239,S004,P0194,C01488,5,3478.21,2026-05-29 13:38:00,Card
T002240,S024,P0749,C00463,4,786.6,2026-06-10 19:38:00,Wallet
T002241,S010,P0269,C02088,4,6799.54,2026-04-10 08:55:00,Wallet
T002242,S012,P0462,C02488,2,2809.39,2026-06-30 12:25:00,Cash
T002243,S007,P0671,C02254,3,8333.09,2026-03-09 14:43:00,Card
T002244,S019,P0382,C01584,5,7873.11,2026-04-05 12:26:00,Wallet
T002245,S012,P0770,C00509,2,6825.39,2026-03-02 10:55:00,Card
T002246,S020,P0792,C00148,1,8389.63,2026-05-19 12:11:00,Card
T002247,S009,P0064,C02856,4,3290.97,2026-01-20 23:39:00,Wallet
T002248,S005,P0656,C02368,1,8003.84,2026-02-04 10:58:00,Wallet
T002249,S003,P0503,C00459,5,2098.92,2026-06-29 08:25:00,Wallet
T002250,S007,P0600,C02357,2,8512.12,2026-05-18 19:45:00,Cash
T002251,S007,P0245,C02779,1,4480.53,2026-02-02 03:17:00,UPI
T002252,S018,P0252,C02274,4,7003.96,2026-05-10 16:14:00,Card
T002253,S017,P0041,C01315,4,7624.7,2026-05-18 10:42:00,Card
T002254,S012,P0528,C02965,4,3900.97,2026-01-27 20:37:00,Card
T002255,S006,P0242,C01350,3,1599.95,2026-02-28 11:53:00,Wallet
T002256,S005,P0707,C00704,1,3698.4,2026-06-29 22:00:00,Cash
T002257,S009,P0795,C02249,4,4749.67,2026-05-22 07:38:00,Wallet
T002258,S006,P0517,C00508,1,9679.49,2026-04-30 09:11:00,Card
T002259,S007,P0413,C02421,5,5755.57,2026-05-28 01:48:00,Cash
T002260,S015,P0764,C01509,1,9223.74,2026-04-28 21:07:00,Card
T002261,S005,P0585,C00677,2,7994.43,2026-04-23 16:58:00,Card
T002262,S017,P0085,C01805,4,7989.74,2026-06-01 14:53:00,Wallet
T002263,S019,P0344,C00034,2,2669.28,2026-01-17 05:50:00,Cash
T002264,S012,P0703,C02955,4,6202.03,2026-01-06 19:06:00,UPI
T002265,S023,P0324,C01334,4,6142.41,2026-04-25 19:04:00,Wallet
T002266,S003,P0743,C01977,5,2117.79,2026-06-16 01:57:00,Wallet
T002267,S005,P0308,C00835,1,4979.5,2026-03-30 16:16:00,Cash
T002268,S007,P0217,C01237,3,3503.09,2026-06-30 05:02:00,Cash
T002269,S003,P0254,C02060,1,7277.48,2026-01-17 23:16:00,Cash
T002270,S019,P0507,C01441,1,8483.65,2026-04-01 02:13:00,Card
T002271,S020,P0471,C00647,1,6734.93,2026-03-12 19:26:00,Cash
T002272,S013,P0528,C00142,2,3900.97,2026-03-06 00:56:00,Cash
T002273,S014,P0462,C02637,3,2809.39,2026-06-03 16:45:00,Card
T002274,S007,P0627,C01051,2,556.05,2026-04-21 04:33:00,UPI
T002275,S015,P0417,C02195,4,4565.4,2026-04-12 07:20:00,UPI
T002276,S011,P0534,C02200,3,440.62,2026-06-19 15:25:00,UPI
T002277,S008,P0410,C02346,3,4789.21,2026-03-21 18:22:00,Cash
T002278,S023,P0273,C00435,1,1379.91,2026-06-28 23:01:00,UPI
T002279,S016,P0017,C01229,2,9248.9,2026-03-19 11:16:00,Wallet
T002280,S012,P0267,C02549,2,910.28,2026-03-01 19:27:00,Cash
T002281,S001,P0599,C00616,1,1062.46,2026-05-11 13:53:00,UPI
T002282,S018,P0538,C00291,5,7089.09,2026-02-06 18:25:00,Wallet
T002283,S007,P0626,C02550,1,4287.21,2026-06-24 20:01:00,Card
T002284,S008,P0781,C02571,5,5370.5,2026-03-22 00:13:00,Cash
T002285,S017,P0460,C01315,2,4631.5,2026-06-06 01:48:00,Cash
T002286,S004,P0515,C02598,1,7243.57,2026-04-02 20:03:00,UPI
T002287,S002,P0333,C02936,4,9722.19,2026-01-31 02:25:00,Card
T002288,S013,P0307,C01877,3,2471.27,2026-06-07 02:10:00,UPI
T002289,S010,P0659,C00379,4,7727.73,2026-05-16 14:07:00,Card
T002290,S011,P0394,C00768,3,2911.6,2026-02-11 06:38:00,Cash
T002291,S001,P0291,C01705,2,5653.34,2026-03-05 20:31:00,Card
T002292,S023,P0127,C00945,3,980.71,2026-02-15 06:11:00,Cash
T002293,S005,P0399,C02552,2,2476.48,2026-01-08 22:09:00,Card
T002294,S016,P0584,C01166,1,8485.47,2026-05-07 04:04:00,UPI
T002295,S022,P0769,C01822,2,4342.42,2026-03-26 03:02:00,Cash
T002296,S013,P0235,C01132,4,1653.62,2026-01-25 13:46:00,UPI
T002297,S016,P0640,C01395,3,3850.52,2026-05-27 23:55:00,UPI
T002298,S014,P0739,C02712,1,7330.72,2026-06-25 13:13:00,UPI
T002299,S003,P0256,C02338,5,5260.23,2026-04-15 13:00:00,UPI
T002300,S004,P0453,C02368,3,5915.17,2026-06-28 16:11:00,Wallet
T002301,S003,P0195,C01382,2,873.38,2026-02-05 11:43:00,Cash
T002302,S001,P0648,C00350,2,6112.92,2026-02-16 03:16:00,Card
T002303,S016,P0170,C01193,1,7462.62,2026-03-21 12:07:00,Cash
T002304,S017,P0409,C00276,4,7152.62,2026-02-15 14:41:00,UPI
T002305,S009,P0622,C01383,4,8024.08,2026-03-06 17:03:00,UPI
T002306,S009,P0542,C02998,3,6397.18,2026-01-24 06:17:00,UPI
T002307,S014,P0197,C00895,2,1254.11,2026-03-08 13:42:00,Wallet
T002308,S005,P0369,C02994,1,4587.77,2026-02-21 07:44:00,Cash
T002309,S014,P0612,C00276,3,3735.5,2026-03-31 22:05:00,Cash
T002310,S021,P0566,C00478,4,6373.4,2026-06-12 02:47:00,UPI
T002311,S018,P0683,C01529,4,8931.71,2026-03-28 15:25:00,Card
T002312,S006,P0580,C00244,3,2979.67,2026-01-25 17:52:00,Cash
T002313,S003,P0607,C00731,2,1260.73,2026-03-07 00:41:00,UPI
T002314,S021,P0659,C02809,1,7727.73,2026-06-05 02:04:00,Cash
T002315,S020,P0164,C02337,5,5943.35,2026-05-23 02:01:00,Cash
T002316,S004,P0516,C00463,3,6096.93,2026-06-24 12:44:00,Cash
T002317,S017,P0008,C00345,2,4742.92,2026-01-25 05:45:00,Cash
T002318,S019,P0711,C02881,4,1928.92,2026-01-01 18:03:00,Card
T002319,S006,P0595,C00496,3,3060.11,2026-01-04 00:09:00,Wallet
T002320,S004,P0330,C00631,1,5601.33,2026-03-25 13:07:00,Card
T002321,S015,P0728,C00126,1,134.65,2026-03-20 00:56:00,Cash
T002322,S020,P0044,C00624,1,9529.55,2026-05-26 19:13:00,Cash
T002323,S020,P0719,C01259,4,532.73,2026-04-06 02:22:00,Wallet
T002324,S010,P0413,C01491,5,5755.57,2026-02-14 06:26:00,UPI
T002325,S015,P0708,C02222,2,3265.42,2026-06-12 21:11:00,Card
T002326,S022,P0615,C00511,2,6966.89,2026-05-08 06:12:00,Wallet
T002327,S020,P0469,C02737,3,7483.98,2026-05-18 07:27:00,UPI
T002328,S023,P0427,C01279,3,7722.75,2026-03-30 03:18:00,UPI
T002329,S024,P0321,C00784,2,1697.02,2026-06-24 05:16:00,UPI
T002330,S004,P0574,C02682,1,9933.28,2026-06-03 12:46:00,UPI
T002331,S011,P0196,C00253,5,4393.61,2026-05-27 06:02:00,Card
T002332,S013,P0223,C00420,3,1097.95,2026-04-23 06:03:00,Card
T002333,S018,P0242,C01188,2,1599.95,2026-05-10 05:04:00,Cash
T002334,S005,P0733,C00051,2,9425.26,2026-04-24 01:02:00,Cash
T002335,S016,P0405,C00714,4,2546.0,2026-06-09 01:19:00,UPI
T002336,S001,P0645,C00995,2,9521.65,2026-05-18 04:06:00,Card
T002337,S006,P0321,C01012,3,1697.02,2026-03-21 09:56:00,Card
T002338,S002,P0550,C01737,4,2666.58,2026-01-28 11:54:00,Wallet
T002339,S010,P0486,C01577,1,4214.23,2026-06-24 06:09:00,Card
T002340,S021,P0634,C02998,2,5542.5,2026-06-01 17:41:00,Wallet
T002341,S023,P0656,C02893,4,8003.84,2026-02-12 03:24:00,Wallet
T002342,S018,P0482,C01239,1,3807.98,2026-05-08 06:35:00,Wallet
T002343,S002,P0499,C00550,1,3884.48,2026-06-04 05:17:00,Wallet
T002344,S010,P0666,C01385,2,9941.8,2026-06-06 11:30:00,UPI
T002345,S023,P0021,C00988,2,7636.95,2026-04-27 22:28:00,UPI
T002346,S023,P0380,C00300,1,666.44,2026-05-21 13:16:00,Wallet
T002347,S005,P0149,C01162,4,8728.63,2026-04-25 03:58:00,Cash
T002348,S012,P0284,C00749,4,5700.06,2026-06-21 18:55:00,Cash
T002349,S019,P0067,C01790,5,3696.01,2026-01-17 11:32:00,Card
T002350,S014,P0608,C00729,4,9699.3,2026-03-05 12:28:00,Card
T002351,S023,P0595,C02257,3,3060.11,2026-02-06 08:10:00,Card
T002352,S018,P0225,C02276,1,3650.99,2026-05-06 06:25:00,Card
T002353,S013,P0524,C02362,2,5664.21,2026-04-14 01:25:00,Card
T002354,S025,P0687,C02567,2,2919.51,2026-04-02 02:00:00,Wallet
T002355,S017,P0563,C02667,4,6057.9,2026-05-03 22:30:00,UPI
T002356,S006,P0490,C00163,3,1817.85,2026-06-01 03:22:00,Card
T002357,S003,P0361,C01871,2,7663.58,2026-05-14 03:06:00,Cash
T002358,S003,P0593,C00964,1,1610.75,2026-06-19 22:21:00,Wallet
T002359,S006,P0699,C02370,5,2063.28,2026-03-24 17:59:00,UPI
T002360,S008,P0667,C00784,3,6112.0,2026-05-25 19:37:00,Cash
T002361,S012,P0725,C01916,1,7432.08,2026-06-29 18:09:00,UPI
T002362,S016,P0481,C02685,1,580.78,2026-05-14 13:27:00,Wallet
T002363,S018,P0384,C00026,5,8533.89,2026-05-20 21:57:00,Cash
T002364,S020,P0580,C01158,5,2979.67,2026-02-21 09:38:00,Wallet
T002365,S013,P0203,C01420,4,6531.42,2026-03-24 04:37:00,Wallet
T002366,S025,P0722,C01699,2,4878.92,2026-04-25 06:45:00,UPI
T002367,S011,P0244,C02240,1,8989.85,2026-03-16 21:22:00,Cash
T002368,S018,P0075,C02503,3,6747.45,2026-04-20 13:47:00,Cash
T002369,S024,P0758,C01471,3,3142.11,2026-04-22 12:52:00,Card
T002370,S011,P0167,C01519,5,3360.33,2026-01-22 16:44:00,Cash
T002371,S023,P0104,C00804,2,5571.01,2026-01-07 16:46:00,UPI
T002372,S003,P0761,C01342,5,1114.4,2026-01-27 10:58:00,Cash
T002373,S014,P0302,C00395,5,2628.99,2026-05-24 16:31:00,Card
T002374,S004,P0676,C02822,3,157.32,2026-06-06 13:16:00,UPI
T002375,S016,P0027,C02444,4,8581.06,2026-03-20 16:59:00,Cash
T002376,S014,P0351,C00440,2,2850.54,2026-03-15 23:20:00,Card
T002377,S001,P0412,C01457,5,4018.41,2026-06-28 01:52:00,Cash
T002378,S003,P0752,C00125,3,3839.96,2026-05-16 01:25:00,Wallet
T002379,S005,P0244,C02035,2,8989.85,2026-02-18 03:02:00,Card
T002380,S023,P0268,C00551,4,4813.91,2026-03-20 20:03:00,Wallet
T002381,S023,P0515,C01910,1,7243.57,2026-05-27 18:31:00,Card
T002382,S021,P0695,C00707,2,4398.85,2026-02-14 21:52:00,UPI
T002383,S015,P0144,C02114,1,9682.77,2026-03-22 01:38:00,UPI
T002384,S025,P0539,C02549,5,8771.46,2026-05-17 00:57:00,Card
T002385,S024,P0362,C01259,4,945.79,2026-01-13 10:20:00,Cash
T002386,S006,P0143,C00492,1,3093.82,2026-04-09 06:25:00,Wallet
T002387,S014,P0768,C01300,5,8965.31,2026-04-01 18:21:00,Card
T002388,S003,P0776,C02040,2,994.43,2026-01-14 23:21:00,UPI
T002389,S008,P0314,C02484,2,7849.53,2026-04-22 17:21:00,UPI
T002390,S013,P0017,C02192,5,9248.9,2026-05-15 06:05:00,Card
T002391,S024,P0247,C00221,4,4396.32,2026-05-11 12:39:00,Cash
T002392,S001,P0596,C01063,1,3439.36,2026-06-24 23:51:00,Card
T002393,S001,P0546,C00392,5,6578.76,2026-01-12 07:19:00,Card
T002394,S018,P0722,C01711,3,4878.92,2026-01-26 15:36:00,Cash
T002395,S002,P0733,C00380,1,9425.26,2026-02-17 07:33:00,Card
T002396,S010,P0070,C02052,2,8064.57,2026-03-23 02:29:00,UPI
T002397,S018,P0724,C01036,1,548.91,2026-02-22 16:54:00,UPI
T002398,S017,P0459,C00187,2,4208.02,2026-02-22 19:29:00,Cash
T002399,S021,P0433,C00257,4,4344.05,2026-06-13 20:55:00,Wallet
T002400,S006,P0546,C01826,2,6578.76,2026-01-04 01:32:00,UPI
T002401,S019,P0289,C02327,5,9583.99,2026-04-08 07:01:00,Wallet
T002402,S001,P0012,C00859,2,1540.01,2026-06-26 03:58:00,Cash
T002403,S022,P0193,C02639,3,7596.81,2026-03-16 00:09:00,Wallet
T002404,S010,P0262,C00873,2,9830.21,2026-03-03 22:30:00,Cash
T002405,S014,P0133,C00428,1,7293.41,2026-03-26 06:02:00,Cash
T002406,S010,P0068,C00185,1,6389.9,2026-04-10 07:47:00,Wallet
T002407,S021,P0002,C00269,1,1803.85,2026-04-06 13:43:00,Cash
T002408,S008,P0114,C00817,1,4586.29,2026-01-12 05:19:00,Cash
T002409,S019,P0376,C01368,4,1363.04,2026-02-06 20:26:00,Cash
T002410,S025,P0137,C00194,4,947.81,2026-03-05 21:13:00,Card
T002411,S022,P0702,C02790,2,9903.95,2026-06-21 08:48:00,Card
T002412,S025,P0612,C01464,4,3735.5,2026-04-19 23:13:00,Wallet
T002413,S016,P0134,C02691,1,4143.39,2026-05-27 21:22:00,Wallet
T002414,S025,P0800,C00315,5,9198.59,2026-03-21 06:59:00,Wallet
T002415,S016,P0733,C02269,4,9425.26,2026-06-17 09:18:00,Wallet
T002416,S003,P0488,C01794,3,9348.84,2026-04-15 23:33:00,Card
T002417,S022,P0513,C01968,4,5966.04,2026-01-03 14:11:00,UPI
T002418,S018,P0132,C00873,5,8576.74,2026-04-16 12:52:00,UPI
T002419,S020,P0546,C02351,2,6578.76,2026-03-13 06:28:00,Wallet
T002420,S002,P0659,C02605,2,7727.73,2026-05-05 08:39:00,Cash
T002421,S002,P0519,C01952,2,1759.88,2026-06-03 00:21:00,Cash
T002422,S009,P0370,C00479,5,3461.2,2026-06-10 23:38:00,Cash
T002423,S017,P0350,C02054,4,5219.84,2026-04-12 01:25:00,UPI
T002424,S009,P0661,C01869,2,936.39,2026-06-28 15:19:00,UPI
T002425,S016,P0552,C02276,1,947.5,2026-02-02 22:37:00,Wallet
T002426,S008,P0798,C01277,1,6080.32,2026-06-26 07:36:00,UPI
T002427,S017,P0357,C01985,3,4375.29,2026-01-19 21:45:00,Cash
T002428,S004,P0635,C00790,5,4059.59,2026-01-30 03:56:00,Cash
T002429,S024,P0245,C02711,4,4480.53,2026-02-10 16:40:00,Card
T002430,S010,P0034,C01482,3,7586.4,2026-01-18 06:15:00,Card
T002431,S006,P0786,C00965,5,3671.5,2026-05-18 11:10:00,Wallet
T002432,S011,P0084,C02762,5,1223.23,2026-02-12 08:45:00,Cash
T002433,S017,P0032,C01682,2,5989.11,2026-06-24 23:43:00,Cash
T002434,S005,P0431,C01869,1,5205.67,2026-04-12 09:43:00,UPI
T002435,S025,P0757,C01918,1,4855.21,2026-05-18 09:46:00,Cash
T002436,S022,P0202,C01879,5,8603.22,2026-03-14 19:27:00,Cash
T002437,S012,P0191,C00226,3,8443.81,2026-03-08 03:42:00,Cash
T002438,S022,P0737,C01379,2,4141.59,2026-01-31 13:28:00,Cash
T002439,S015,P0274,C01157,1,6974.26,2026-02-21 02:57:00,Wallet
T002440,S017,P0467,C01917,5,5109.04,2026-05-23 16:59:00,Card
T002441,S004,P0660,C02932,2,7325.53,2026-02-21 04:20:00,UPI
T002442,S025,P0759,C00159,4,652.17,2026-05-13 01:13:00,Card
T002443,S009,P0696,C02729,1,916.89,2026-05-01 16:20:00,UPI
T002444,S016,P0788,C02534,3,2185.3,2026-01-28 03:48:00,UPI
T002445,S013,P0128,C00712,3,238.74,2026-02-28 01:17:00,UPI
T002446,S022,P0705,C01817,3,3427.16,2026-04-10 06:17:00,Wallet
T002447,S009,P0551,C02838,1,8695.78,2026-01-22 23:40:00,UPI
T002448,S018,P0024,C02843,3,3347.34,2026-01-18 08:15:00,Wallet
T002449,S017,P0419,C01981,1,343.71,2026-04-22 21:00:00,Wallet
T002450,S014,P0264,C01120,2,7171.07,2026-04-05 14:57:00,Card
T002451,S016,P0789,C01198,3,1259.63,2026-02-06 15:05:00,UPI
T002452,S018,P0713,C01060,5,3378.0,2026-06-02 01:24:00,Wallet
T002453,S001,P0482,C00337,1,3807.98,2026-06-19 17:11:00,UPI
T002454,S025,P0515,C01898,4,7243.57,2026-02-18 07:10:00,UPI
T002455,S011,P0237,C00993,2,3411.61,2026-03-23 01:29:00,Wallet
T002456,S022,P0796,C00193,3,4753.83,2026-05-26 00:29:00,Cash
T002457,S008,P0230,C00120,4,8972.55,2026-02-09 11:39:00,Card
T002458,S025,P0316,C01541,4,512.74,2026-03-06 05:59:00,Wallet
T002459,S022,P0674,C01051,5,9237.26,2026-03-31 15:46:00,UPI
T002460,S009,P0773,C00876,1,8629.97,2026-02-21 21:59:00,Card
T002461,S015,P0526,C00415,4,9168.71,2026-01-15 13:21:00,Card
T002462,S006,P0268,C01655,5,4813.91,2026-04-08 05:13:00,Cash
T002463,S017,P0479,C00092,3,6996.75,2026-03-16 17:15:00,UPI
T002464,S002,P0108,C02786,2,8607.23,2026-01-17 07:41:00,UPI
T002465,S008,P0524,C01745,3,5664.21,2026-02-17 21:24:00,Card
T002466,S012,P0254,C00343,3,7277.48,2026-02-19 11:27:00,Wallet
T002467,S004,P0381,C00397,5,4277.41,2026-06-18 14:58:00,Card
T002468,S003,P0475,C01505,5,3011.03,2026-01-07 15:02:00,Wallet
T002469,S009,P0059,C00089,2,8701.51,2026-01-18 08:23:00,Card
T002470,S007,P0778,C01886,3,6963.87,2026-06-04 18:02:00,Card
T002471,S010,P0363,C01562,4,3200.47,2026-03-15 19:00:00,UPI
T002472,S013,P0706,C01355,2,6473.34,2026-02-11 04:53:00,Card
T002473,S007,P0323,C00375,2,7277.23,2026-05-21 10:50:00,UPI
T002474,S004,P0075,C01379,3,6747.45,2026-01-15 03:48:00,UPI
T002475,S021,P0117,C02425,1,1196.2,2026-06-25 02:13:00,Card
T002476,S016,P0029,C01554,1,4435.78,2026-04-15 17:40:00,UPI
T002477,S007,P0254,C01647,5,7277.48,2026-05-17 00:35:00,UPI
T002478,S006,P0034,C01477,2,7586.4,2026-06-08 05:47:00,UPI
T002479,S006,P0692,C01267,3,1400.03,2026-03-24 12:38:00,Wallet
T002480,S024,P0449,C02679,2,9895.99,2026-01-10 04:53:00,Cash
T002481,S022,P0205,C02296,3,4275.6,2026-01-27 23:21:00,Card
T002482,S004,P0324,C01739,1,6142.41,2026-03-01 00:12:00,Wallet
T002483,S022,P0112,C02808,3,8260.57,2026-04-08 00:07:00,Cash
T002484,S023,P0277,C00581,4,3757.9,2026-05-25 01:59:00,UPI
T002485,S011,P0547,C01128,3,3808.05,2026-04-10 19:21:00,Card
T002486,S005,P0450,C01298,5,4833.69,2026-01-31 07:39:00,Wallet
T002487,S012,P0543,C00522,5,7511.43,2026-06-10 01:12:00,UPI
T002488,S020,P0547,C00437,3,3808.05,2026-05-25 18:37:00,Cash
T002489,S005,P0033,C00750,2,8396.28,2026-01-19 00:40:00,Card
T002490,S019,P0356,C02274,3,6296.35,2026-06-16 16:15:00,Card
T002491,S023,P0357,C02094,1,4375.29,2026-05-27 22:00:00,Card
T002492,S021,P0686,C02575,3,8846.41,2026-04-09 09:38:00,Card
T002493,S011,P0521,C02122,1,4330.23,2026-06-25 21:01:00,UPI
T002494,S016,P0508,C01295,1,2136.59,2026-04-10 15:20:00,UPI
T002495,S007,P0600,C02811,4,8512.12,2026-03-02 23:18:00,Cash
T002496,S012,P0266,C01208,2,4596.66,2026-05-06 20:54:00,Card
T002497,S016,P0288,C02883,4,3932.63,2026-03-06 11:46:00,Wallet
T002498,S025,P0495,C01037,3,2593.21,2026-06-12 15:31:00,Cash
T002499,S019,P0580,C01600,3,2979.67,2026-05-03 05:13:00,Card
T002500,S010,P0035,C01254,4,6699.1,2026-04-27 18:18:00,UPI
T002501,S013,P0050,C01781,1,4810.52,2026-04-03 07:38:00,Card
T002502,S014,P0400,C01220,5,8795.04,2026-02-06 09:47:00,Card
T002503,S012,P0760,C02751,4,308.96,2026-06-13 05:57:00,Cash
T002504,S019,P0213,C02036,4,4276.85,2026-04-10 08:46:00,Card
T002505,S021,P0576,C01441,3,6691.73,2026-02-11 12:33:00,Wallet
T002506,S005,P0022,C02388,1,1191.13,2026-01-06 14:44:00,UPI
T002507,S015,P0023,C01042,1,7075.84,2026-03-18 04:54:00,Card
T002508,S024,P0370,C01038,3,3461.2,2026-01-11 15:41:00,Card
T002509,S003,P0618,C01783,1,4111.77,2026-04-16 18:28:00,Wallet
T002510,S008,P0062,C02350,5,2738.53,2026-02-28 13:43:00,Card
T002511,S001,P0648,C01036,4,6112.92,2026-02-02 21:23:00,Wallet
T002512,S005,P0578,C00588,4,6474.47,2026-04-01 07:06:00,Cash
T002513,S010,P0685,C00427,4,3601.0,2026-04-14 14:22:00,Card
T002514,S025,P0128,C02809,4,238.74,2026-04-17 15:43:00,UPI
T002515,S002,P0223,C00540,3,1097.95,2026-04-26 15:09:00,Card
T002516,S010,P0768,C02787,5,8965.31,2026-04-10 15:49:00,Card
T002517,S017,P0691,C02600,5,7534.79,2026-04-04 11:31:00,Cash
T002518,S018,P0274,C00634,4,6974.26,2026-03-25 22:42:00,Cash
T002519,S014,P0160,C02809,2,5876.12,2026-04-13 04:32:00,UPI
T002520,S019,P0512,C02423,3,9387.92,2026-05-16 07:01:00,Wallet
T002521,S010,P0744,C01076,3,2393.06,2026-03-04 07:24:00,Cash
T002522,S015,P0729,C02553,3,8802.63,2026-02-18 19:24:00,UPI
T002523,S024,P0178,C01838,2,5673.27,2026-02-19 22:30:00,UPI
T002524,S022,P0505,C02907,3,1428.24,2026-06-08 12:24:00,Card
T002525,S017,P0450,C02988,1,4833.69,2026-04-29 18:42:00,Card
T002526,S001,P0136,C00595,3,9081.55,2026-04-15 12:47:00,Card
T002527,S013,P0219,C02457,2,1397.47,2026-06-14 10:28:00,Card
T002528,S015,P0488,C01588,1,9348.84,2026-02-24 13:24:00,Wallet
T002529,S025,P0278,C02911,1,1264.65,2026-02-06 16:03:00,Cash
T002530,S011,P0042,C01140,4,2098.12,2026-01-28 18:31:00,Cash
T002531,S018,P0102,C00331,2,7184.15,2026-06-16 15:26:00,Wallet
T002532,S004,P0237,C02068,1,3411.61,2026-03-18 21:17:00,UPI
T002533,S023,P0359,C00027,2,2458.76,2026-04-16 01:44:00,Card
T002534,S006,P0545,C02943,5,790.43,2026-02-21 07:24:00,UPI
T002535,S022,P0489,C02662,3,2399.84,2026-03-28 18:49:00,Cash
T002536,S017,P0602,C01461,2,8981.46,2026-02-10 22:30:00,Card
T002537,S016,P0453,C01721,4,5915.17,2026-04-09 17:39:00,Cash
T002538,S007,P0187,C00845,5,5154.45,2026-04-21 06:09:00,Cash
T002539,S025,P0716,C01086,2,505.29,2026-04-24 00:48:00,Card
T002540,S024,P0655,C01872,2,7096.19,2026-06-27 07:02:00,Card
T002541,S007,P0733,C01805,5,9425.26,2026-04-09 19:22:00,Wallet
T002542,S003,P0789,C02370,2,1259.63,2026-06-20 05:52:00,Cash
T002543,S005,P0123,C00169,1,9485.28,2026-03-11 23:13:00,Wallet
T002544,S025,P0002,C02006,4,1803.85,2026-05-25 05:19:00,Card
T002545,S021,P0070,C01055,2,8064.57,2026-06-14 13:43:00,Cash
T002546,S019,P0714,C02138,4,2457.7,2026-05-28 06:45:00,Wallet
T002547,S003,P0352,C00888,4,3229.8,2026-02-08 14:02:00,Cash
T002548,S004,P0366,C01952,2,6806.89,2026-03-23 15:59:00,UPI
T002549,S018,P0365,C00744,1,6145.31,2026-03-04 04:27:00,Card
T002550,S008,P0068,C02278,4,6389.9,2026-05-05 10:47:00,UPI
T002551,S002,P0682,C02328,3,4013.05,2026-06-06 20:54:00,Wallet
T002552,S015,P0638,C00859,2,5679.06,2026-05-16 21:26:00,Wallet
T002553,S020,P0234,C00432,2,1752.76,2026-01-10 23:04:00,Wallet
T002554,S024,P0198,C01128,1,6947.88,2026-01-25 02:13:00,Cash
T002555,S025,P0530,C01393,1,9327.08,2026-01-22 00:43:00,Card
T002556,S022,P0701,C02828,4,1291.57,2026-01-03 01:48:00,Cash
T002557,S017,P0622,C02617,1,8024.08,2026-03-26 03:04:00,Card
T002558,S001,P0422,C02229,1,7879.15,2026-03-22 12:10:00,UPI
T002559,S001,P0484,C00618,2,8222.21,2026-02-21 05:08:00,Wallet
T002560,S017,P0088,C00642,1,2657.13,2026-02-24 10:29:00,Cash
T002561,S020,P0356,C00738,2,6296.35,2026-01-17 12:23:00,Cash
T002562,S005,P0584,C01694,1,8485.47,2026-06-09 10:46:00,Card
T002563,S020,P0215,C00309,3,4997.41,2026-05-30 15:14:00,Wallet
T002564,S012,P0360,C00471,4,5243.78,2026-05-02 11:33:00,Wallet
T002565,S006,P0636,C00122,2,9406.97,2026-06-30 05:58:00,Card
T002566,S018,P0015,C02257,5,5334.5,2026-03-16 10:21:00,UPI
T002567,S010,P0445,C00013,5,1947.25,2026-01-26 19:10:00,UPI
T002568,S006,P0477,C01378,1,4461.51,2026-02-10 05:11:00,Cash
T002569,S002,P0125,C00906,1,7041.49,2026-02-11 14:10:00,Wallet
T002570,S014,P0526,C02562,5,9168.71,2026-01-31 18:10:00,Wallet
T002571,S023,P0666,C01432,5,9941.8,2026-06-08 13:59:00,Wallet
T002572,S011,P0333,C01396,5,9722.19,2026-02-10 19:10:00,UPI
T002573,S025,P0602,C01388,5,8981.46,2026-05-22 21:27:00,UPI
T002574,S010,P0311,C01374,1,9144.98,2026-05-01 23:53:00,Wallet
T002575,S014,P0181,C01017,4,9734.39,2026-03-13 23:33:00,Cash
T002576,S015,P0694,C01612,2,614.19,2026-03-05 03:52:00,Card
T002577,S004,P0514,C01759,3,4318.77,2026-06-19 05:00:00,UPI
T002578,S002,P0295,C02826,2,9626.53,2026-04-24 03:18:00,Cash
T002579,S009,P0232,C02668,5,9748.13,2026-01-11 04:37:00,Cash
T002580,S013,P0048,C02794,3,1430.43,2026-04-08 16:08:00,Card
T002581,S009,P0109,C01995,4,8805.73,2026-04-08 16:16:00,Card
T002582,S019,P0303,C02478,2,9525.43,2026-02-13 00:40:00,Cash
T002583,S015,P0110,C01744,4,8676.8,2026-05-31 23:29:00,Cash
T002584,S022,P0035,C01809,5,6699.1,2026-04-03 15:03:00,Wallet
T002585,S018,P0578,C02093,3,6474.47,2026-05-30 19:31:00,Cash
T002586,S003,P0458,C01109,5,3532.14,2026-02-16 15:16:00,UPI
T002587,S015,P0056,C01620,4,4337.67,2026-01-06 16:47:00,Card
T002588,S017,P0440,C01187,1,9802.7,2026-06-21 19:20:00,Wallet
T002589,S015,P0640,C00968,5,3850.52,2026-03-30 11:35:00,Cash
T002590,S002,P0222,C01862,4,1377.06,2026-01-22 12:37:00,UPI
T002591,S007,P0164,C01142,5,5943.35,2026-01-18 06:02:00,UPI
T002592,S022,P0442,C01090,3,3354.53,2026-02-04 21:18:00,Card
T002593,S018,P0265,C01012,4,3344.68,2026-03-18 23:07:00,UPI
T002594,S010,P0277,C01804,1,3757.9,2026-04-11 05:06:00,UPI
T002595,S007,P0495,C02574,5,2593.21,2026-01-29 22:49:00,Wallet
T002596,S015,P0353,C00280,5,908.91,2026-02-20 21:38:00,Cash
T002597,S014,P0404,C02376,2,8557.91,2026-03-24 09:58:00,Card
T002598,S022,P0776,C00206,2,994.43,2026-01-22 12:06:00,Card
T002599,S025,P0481,C00854,3,580.78,2026-06-04 16:53:00,Wallet
T002600,S013,P0121,C00578,3,934.55,2026-01-05 21:13:00,Wallet
T002601,S008,P0190,C00297,2,1226.96,2026-06-01 14:15:00,UPI
T002602,S015,P0028,C02264,3,225.58,2026-02-13 12:27:00,Cash
T002603,S008,P0602,C00472,3,8981.46,2026-03-06 06:33:00,Card
T002604,S011,P0723,C01250,2,1751.66,2026-05-12 09:33:00,Wallet
T002605,S019,P0390,C00081,1,1923.02,2026-05-14 00:48:00,UPI
T002606,S007,P0342,C02012,5,6631.4,2026-05-06 10:52:00,Wallet
T002607,S023,P0670,C02482,1,1786.79,2026-02-12 01:46:00,Card
T002608,S003,P0032,C00829,3,5989.11,2026-06-16 08:09:00,Card
T002609,S021,P0653,C01662,3,3849.13,2026-06-29 10:27:00,Card
T002610,S011,P0129,C02410,5,8288.85,2026-03-09 15:19:00,Wallet
T002611,S020,P0750,C02196,3,4603.74,2026-04-21 11:31:00,Wallet
T002612,S024,P0738,C01808,1,9853.09,2026-01-11 09:18:00,Wallet
T002613,S001,P0045,C01746,1,3896.94,2026-06-18 15:38:00,Wallet
T002614,S009,P0279,C01546,1,3009.41,2026-06-18 02:44:00,Card
T002615,S002,P0254,C01824,1,7277.48,2026-03-27 18:49:00,Cash
T002616,S024,P0751,C02422,1,7293.97,2026-01-09 04:27:00,Wallet
T002617,S013,P0317,C01163,2,6564.28,2026-06-09 00:21:00,Wallet
T002618,S008,P0085,C02705,4,7989.74,2026-05-27 00:39:00,Wallet
T002619,S012,P0448,C00764,1,1800.07,2026-03-19 12:59:00,Wallet
T002620,S001,P0725,C02007,3,7432.08,2026-02-21 16:02:00,Cash
T002621,S014,P0262,C01535,5,9830.21,2026-04-08 13:15:00,Wallet
T002622,S010,P0125,C02145,2,7041.49,2026-01-10 23:43:00,Wallet
T002623,S006,P0315,C00275,3,7841.03,2026-06-22 09:13:00,Wallet
T002624,S021,P0519,C01481,2,1759.88,2026-06-28 12:48:00,UPI
T002625,S017,P0257,C00446,5,8913.16,2026-03-27 12:31:00,Wallet
T002626,S023,P0178,C01714,2,5673.27,2026-05-12 14:29:00,Cash
T002627,S003,P0703,C02343,2,6202.03,2026-04-15 11:40:00,Card
T002628,S019,P0140,C00840,2,1042.27,2026-02-03 11:49:00,Card
T002629,S001,P0126,C01287,5,6217.24,2026-03-08 18:51:00,UPI
T002630,S007,P0473,C02862,1,1487.53,2026-02-19 16:41:00,Card
T002631,S010,P0678,C02851,1,4079.47,2026-03-14 09:06:00,Cash
T002632,S014,P0524,C01060,3,5664.21,2026-01-22 15:21:00,Wallet
T002633,S022,P0495,C00292,3,2593.21,2026-06-21 02:53:00,Cash
T002634,S013,P0114,C01904,4,4586.29,2026-06-20 10:52:00,UPI
T002635,S018,P0304,C01293,4,1895.43,2026-05-11 03:52:00,Card
T002636,S013,P0591,C00347,1,6346.66,2026-01-06 04:23:00,Cash
T002637,S016,P0380,C01803,4,666.44,2026-01-28 08:17:00,Wallet
T002638,S016,P0770,C01637,3,6825.39,2026-01-20 06:02:00,Wallet
T002639,S016,P0395,C01642,3,3463.19,2026-04-06 02:13:00,Wallet
T002640,S005,P0048,C02303,3,1430.43,2026-02-09 19:31:00,UPI
T002641,S021,P0513,C02750,3,5966.04,2026-03-02 02:58:00,Card
T002642,S011,P0601,C01785,3,5812.86,2026-01-20 00:19:00,Cash
T002643,S012,P0190,C00290,4,1226.96,2026-01-04 11:38:00,UPI
T002644,S018,P0295,C02348,5,9626.53,2026-06-08 02:24:00,Wallet
T002645,S018,P0542,C00551,5,6397.18,2026-02-09 19:53:00,Wallet
T002646,S010,P0148,C01918,3,1255.74,2026-06-10 15:43:00,Cash
T002647,S014,P0146,C00683,1,8790.18,2026-06-11 11:17:00,UPI
T002648,S012,P0704,C02867,5,4131.24,2026-06-20 03:36:00,UPI
T002649,S020,P0425,C02488,2,7476.59,2026-06-06 04:09:00,Wallet
T002650,S014,P0696,C00951,5,916.89,2026-01-15 04:44:00,Cash
T002651,S016,P0036,C00253,4,1558.0,2026-02-21 02:46:00,Card
T002652,S007,P0313,C01700,4,5724.63,2026-02-17 03:07:00,UPI
T002653,S009,P0252,C00665,1,7003.96,2026-01-24 00:07:00,Card
T002654,S018,P0057,C00795,1,657.85,2026-04-21 23:24:00,Card
T002655,S001,P0581,C00980,2,7430.75,2026-03-01 07:10:00,UPI
T002656,S009,P0112,C00459,5,8260.57,2026-01-13 02:42:00,UPI
T002657,S017,P0411,C01449,3,2150.28,2026-04-10 10:56:00,Cash
T002658,S011,P0352,C02143,4,3229.8,2026-06-10 18:04:00,Cash
T002659,S012,P0137,C02853,3,947.81,2026-02-19 16:14:00,Card
T002660,S011,P0584,C01609,1,8485.47,2026-02-20 16:54:00,UPI
T002661,S020,P0284,C00790,4,5700.06,2026-06-04 06:21:00,Wallet
T002662,S023,P0260,C01420,4,1324.75,2026-05-01 09:49:00,Card
T002663,S019,P0325,C00299,4,9797.44,2026-06-23 20:12:00,Card
T002664,S023,P0666,C02055,4,9941.8,2026-01-16 15:06:00,UPI
T002665,S012,P0673,C00990,3,7405.45,2026-02-17 17:19:00,Wallet
T002666,S008,P0435,C02530,4,1474.61,2026-01-02 02:42:00,Card
T002667,S012,P0556,C02917,5,1057.73,2026-02-15 06:44:00,Wallet
T002668,S015,P0681,C01026,1,7716.53,2026-03-09 04:54:00,Card
T002669,S002,P0335,C02796,4,3766.76,2026-05-19 19:38:00,UPI
T002670,S004,P0615,C02518,5,6966.89,2026-02-18 23:53:00,Wallet
T002671,S020,P0133,C01081,4,7293.41,2026-02-01 23:59:00,Cash
T002672,S023,P0650,C01928,4,8079.24,2026-01-20 06:25:00,Card
T002673,S022,P0607,C00803,4,1260.73,2026-02-17 10:58:00,Cash
T002674,S012,P0141,C01768,5,9316.54,2026-02-28 05:32:00,UPI
T002675,S007,P0497,C02417,4,1834.78,2026-04-12 21:41:00,Wallet
T002676,S002,P0493,C02313,5,534.0,2026-06-01 10:07:00,UPI
T002677,S003,P0005,C00538,4,6938.1,2026-06-03 14:04:00,UPI
T002678,S024,P0696,C02541,3,916.89,2026-05-10 21:51:00,Card
T002679,S022,P0010,C00770,5,9207.97,2026-03-15 07:26:00,Wallet
T002680,S004,P0163,C00414,2,6843.99,2026-04-20 08:33:00,Cash
T002681,S002,P0653,C00309,5,3849.13,2026-03-30 08:13:00,Cash
T002682,S006,P0361,C02995,4,7663.58,2026-05-16 00:14:00,Cash
T002683,S023,P0741,C01109,4,7252.76,2026-06-17 23:19:00,Card
T002684,S013,P0155,C00147,1,7088.03,2026-03-06 09:36:00,Cash
T002685,S021,P0436,C01672,2,5047.02,2026-02-11 02:12:00,Card
T002686,S002,P0617,C00869,3,1083.47,2026-01-16 02:08:00,Card
T002687,S013,P0295,C00773,2,9626.53,2026-05-07 11:44:00,Card
T002688,S003,P0331,C00986,5,7893.32,2026-01-16 21:09:00,Cash
T002689,S021,P0015,C00963,1,5334.5,2026-04-21 02:43:00,Wallet
T002690,S025,P0322,C01284,5,3075.32,2026-06-22 15:13:00,Cash
T002691,S006,P0068,C02755,3,6389.9,2026-01-04 23:01:00,UPI
T002692,S010,P0145,C01160,5,2675.89,2026-01-23 10:52:00,Card
T002693,S016,P0772,C01420,1,6650.14,2026-05-31 12:20:00,Cash
T002694,S007,P0378,C00060,5,4747.29,2026-06-28 23:14:00,Card
T002695,S019,P0189,C02112,1,2622.12,2026-06-05 23:08:00,Wallet
T002696,S009,P0026,C00573,3,5582.77,2026-01-17 19:25:00,UPI
T002697,S001,P0310,C00829,1,747.04,2026-03-09 10:53:00,UPI
T002698,S022,P0480,C01984,1,6933.43,2026-04-26 12:13:00,Card
T002699,S023,P0242,C02776,3,1599.95,2026-05-03 12:38:00,Card
T002700,S021,P0133,C02003,4,7293.41,2026-05-08 10:14:00,Card
T002701,S011,P0502,C01787,3,692.24,2026-05-06 10:41:00,Cash
T002702,S015,P0452,C01630,1,8196.17,2026-05-20 06:29:00,Card
T002703,S008,P0455,C01463,4,8262.37,2026-02-28 20:02:00,Cash
T002704,S004,P0329,C01270,5,141.36,2026-02-13 01:27:00,Cash
T002705,S013,P0480,C00399,2,6933.43,2026-06-26 12:02:00,Wallet
T002706,S022,P0439,C00434,3,9228.23,2026-04-15 15:52:00,Card
T002707,S024,P0595,C00890,5,3060.11,2026-04-29 11:04:00,Card
T002708,S015,P0622,C01091,2,8024.08,2026-04-14 15:49:00,UPI
T002709,S002,P0143,C00283,3,3093.82,2026-04-29 15:26:00,UPI
T002710,S021,P0213,C01044,2,4276.85,2026-02-09 04:50:00,Card
T002711,S006,P0584,C00208,4,8485.47,2026-04-09 14:19:00,Wallet
T002712,S021,P0634,C02211,5,5542.5,2026-01-07 04:45:00,Cash
T002713,S015,P0517,C00742,3,9679.49,2026-03-23 13:01:00,Wallet
T002714,S003,P0194,C00882,5,3478.21,2026-06-11 05:05:00,Card
T002715,S008,P0618,C02473,1,4111.77,2026-04-13 12:28:00,Wallet
T002716,S004,P0115,C02821,5,6337.55,2026-01-04 14:49:00,Card
T002717,S008,P0453,C01420,5,5915.17,2026-06-19 05:53:00,Cash
T002718,S010,P0323,C01893,1,7277.23,2026-02-08 20:14:00,Card
T002719,S022,P0087,C00367,4,2098.71,2026-02-17 07:24:00,Card
T002720,S021,P0182,C00138,4,5319.06,2026-01-25 00:33:00,Cash
T002721,S001,P0613,C00364,1,1307.31,2026-04-11 16:07:00,Cash
T002722,S009,P0258,C00777,4,2488.26,2026-02-08 09:14:00,Card
T002723,S009,P0402,C01094,3,5371.29,2026-03-28 06:45:00,Card
T002724,S019,P0165,C02308,4,384.86,2026-01-06 16:58:00,UPI
T002725,S023,P0259,C00604,2,7345.66,2026-04-11 05:24:00,UPI
T002726,S021,P0647,C00231,4,7033.51,2026-03-19 18:45:00,Card
T002727,S023,P0170,C01809,4,7462.62,2026-03-13 07:46:00,Card
T002728,S017,P0327,C00644,4,4651.01,2026-02-18 16:36:00,UPI
T002729,S018,P0643,C02078,4,7801.9,2026-06-05 17:02:00,Cash
T002730,S002,P0685,C01976,1,3601.0,2026-04-21 14:51:00,Card
T002731,S007,P0193,C02214,3,7596.81,2026-02-10 16:38:00,UPI
T002732,S002,P0015,C00179,5,5334.5,2026-06-20 02:02:00,UPI
T002733,S021,P0682,C01733,2,4013.05,2026-04-01 03:37:00,Card
T002734,S021,P0351,C02108,4,2850.54,2026-01-18 11:02:00,Wallet
T002735,S013,P0457,C01355,3,5802.71,2026-06-30 16:16:00,Cash
T002736,S016,P0565,C01693,1,6635.26,2026-06-05 09:52:00,Card
T002737,S015,P0567,C02696,3,2411.23,2026-02-06 08:01:00,UPI
T002738,S014,P0248,C01185,3,9033.86,2026-05-13 16:52:00,Card
T002739,S013,P0226,C00753,3,1828.68,2026-02-25 14:12:00,Cash
T002740,S017,P0665,C02745,4,7169.18,2026-05-06 00:26:00,Cash
T002741,S010,P0790,C00267,3,6990.61,2026-03-20 21:33:00,Wallet
T002742,S004,P0753,C00823,3,7657.11,2026-02-10 11:33:00,Wallet
T002743,S011,P0321,C02028,2,1697.02,2026-06-11 10:36:00,UPI
T002744,S024,P0528,C01501,1,3900.97,2026-06-25 21:06:00,Wallet
T002745,S012,P0406,C02331,4,2170.45,2026-04-20 20:52:00,Cash
T002746,S014,P0594,C01673,3,9238.26,2026-02-01 20:26:00,UPI
T002747,S023,P0043,C02624,2,5469.14,2026-02-03 18:04:00,Card
T002748,S006,P0459,C01290,2,4208.02,2026-03-14 11:38:00,Wallet
T002749,S009,P0755,C01115,5,7943.76,2026-04-06 23:30:00,Card
T002750,S006,P0091,C00036,5,8684.0,2026-02-02 12:36:00,Card
T002751,S024,P0131,C01336,1,7488.79,2026-05-25 16:09:00,Cash
T002752,S019,P0347,C01447,4,6444.57,2026-01-17 00:36:00,Cash
T002753,S021,P0738,C00811,4,9853.09,2026-04-25 12:37:00,Card
T002754,S014,P0236,C01986,4,7351.26,2026-04-17 08:24:00,UPI
T002755,S005,P0280,C00288,3,7858.55,2026-02-23 11:08:00,Wallet
T002756,S006,P0315,C00877,1,7841.03,2026-06-26 07:58:00,Wallet
T002757,S008,P0048,C02233,1,1430.43,2026-03-22 21:38:00,Wallet
T002758,S018,P0159,C00733,5,8365.04,2026-05-02 09:34:00,Card
T002759,S025,P0125,C00067,5,7041.49,2026-05-23 11:37:00,Card
T002760,S010,P0371,C02615,2,5918.35,2026-05-28 11:18:00,Card
T002761,S020,P0621,C00626,2,8632.83,2026-06-28 06:38:00,Cash
T002762,S019,P0034,C00357,3,7586.4,2026-02-02 10:59:00,Wallet
T002763,S001,P0137,C02282,3,947.81,2026-06-11 19:32:00,Wallet
T002764,S011,P0443,C02773,5,1796.09,2026-02-28 20:14:00,Card
T002765,S015,P0618,C00223,5,4111.77,2026-06-06 08:05:00,Card
T002766,S025,P0676,C02689,3,157.32,2026-03-05 16:40:00,Wallet
T002767,S001,P0413,C01876,5,5755.57,2026-05-25 16:02:00,UPI
T002768,S010,P0449,C02072,2,9895.99,2026-01-05 10:41:00,Cash
T002769,S013,P0409,C01766,4,7152.62,2026-05-11 03:15:00,Cash
T002770,S014,P0705,C02302,2,3427.16,2026-04-09 05:03:00,UPI
T002771,S007,P0697,C02315,3,7318.56,2026-06-09 10:58:00,Wallet
T002772,S024,P0518,C00651,3,891.16,2026-01-21 18:03:00,UPI
T002773,S019,P0543,C01340,3,7511.43,2026-05-06 15:47:00,Card
T002774,S006,P0343,C02594,4,746.07,2026-06-04 09:04:00,Wallet
T002775,S019,P0189,C01545,4,2622.12,2026-01-18 15:20:00,Card
T002776,S015,P0216,C00585,3,304.99,2026-04-10 06:35:00,Card
T002777,S023,P0500,C01004,3,2401.8,2026-03-12 04:53:00,Wallet
T002778,S023,P0554,C02940,5,4902.42,2026-04-04 02:00:00,Card
T002779,S015,P0485,C00225,3,7988.55,2026-05-02 08:25:00,Card
T002780,S009,P0198,C02753,2,6947.88,2026-02-27 21:36:00,Cash
T002781,S004,P0441,C01705,4,5390.46,2026-01-01 11:10:00,UPI
T002782,S020,P0362,C00411,3,945.79,2026-04-02 21:11:00,Wallet
T002783,S013,P0090,C02240,1,646.74,2026-05-04 19:10:00,Wallet
T002784,S013,P0173,C02057,5,8537.22,2026-02-07 09:18:00,Wallet
T002785,S009,P0631,C00694,3,1960.93,2026-03-23 16:32:00,Cash
T002786,S012,P0020,C01007,5,2220.31,2026-03-22 20:38:00,UPI
T002787,S023,P0533,C01750,5,9271.54,2026-05-18 06:49:00,Cash
T002788,S022,P0428,C00356,2,9462.57,2026-06-15 06:25:00,Cash
T002789,S018,P0280,C00193,5,7858.55,2026-06-02 20:39:00,Card
T002790,S004,P0713,C02687,2,3378.0,2026-01-31 10:05:00,Card
T002791,S013,P0558,C00114,1,7592.43,2026-01-16 06:39:00,Card
T002792,S019,P0275,C01921,4,7489.31,2026-05-15 17:12:00,UPI
T002793,S016,P0139,C02644,2,7112.69,2026-03-14 08:28:00,Wallet
T002794,S018,P0617,C01015,5,1083.47,2026-04-07 14:26:00,UPI
T002795,S006,P0094,C02759,2,5013.87,2026-06-29 00:22:00,UPI
T002796,S004,P0079,C01580,2,3705.32,2026-03-18 08:54:00,Cash
T002797,S021,P0185,C00128,1,5277.61,2026-02-22 04:55:00,Card
T002798,S012,P0247,C02376,1,4396.32,2026-03-17 00:51:00,Card
T002799,S008,P0222,C00300,2,1377.06,2026-01-08 22:14:00,Wallet
T002800,S022,P0653,C02809,2,3849.13,2026-06-14 14:23:00,UPI
T002801,S018,P0299,C00020,5,4425.47,2026-01-21 12:34:00,Card
T002802,S002,P0082,C00688,4,2741.65,2026-04-30 05:02:00,Card
T002803,S020,P0251,C00501,5,7031.92,2026-04-25 21:21:00,Wallet
T002804,S004,P0496,C00768,1,9815.02,2026-04-08 18:57:00,Card
T002805,S001,P0638,C01425,5,5679.06,2026-02-10 20:16:00,Card
T002806,S016,P0101,C02717,4,8805.39,2026-04-24 10:43:00,Cash
T002807,S001,P0409,C02357,1,7152.62,2026-01-28 09:20:00,UPI
T002808,S021,P0707,C00431,5,3698.4,2026-04-27 09:25:00,UPI
T002809,S007,P0475,C01541,3,3011.03,2026-02-20 20:42:00,Card
T002810,S008,P0302,C01266,5,2628.99,2026-04-27 09:43:00,Cash
T002811,S004,P0224,C02091,4,2422.72,2026-02-11 20:01:00,Cash
T002812,S024,P0075,C01281,3,6747.45,2026-02-02 11:01:00,Wallet
T002813,S004,P0312,C01784,5,2537.53,2026-01-05 04:13:00,UPI
T002814,S023,P0477,C02566,1,4461.51,2026-01-14 11:08:00,Wallet
T002815,S005,P0012,C00547,4,1540.01,2026-05-22 16:17:00,Card
T002816,S002,P0034,C01043,1,7586.4,2026-04-05 04:50:00,Card
T002817,S001,P0673,C02945,5,7405.45,2026-03-22 12:48:00,Card
T002818,S021,P0290,C02569,5,8671.94,2026-05-21 00:52:00,UPI
T002819,S004,P0184,C00840,2,1570.2,2026-06-10 14:49:00,Wallet
T002820,S001,P0683,C02791,1,8931.71,2026-06-15 11:03:00,Cash
T002821,S006,P0615,C02909,2,6966.89,2026-04-12 06:04:00,Cash
T002822,S008,P0715,C00312,5,962.59,2026-03-25 20:55:00,Card
T002823,S023,P0700,C01435,2,1966.82,2026-01-09 21:58:00,Wallet
T002824,S005,P0394,C00657,3,2911.6,2026-03-14 11:03:00,UPI
T002825,S004,P0168,C00362,2,3315.66,2026-05-25 19:24:00,UPI
T002826,S012,P0448,C01915,5,1800.07,2026-01-11 17:27:00,Cash
T002827,S006,P0170,C02168,2,7462.62,2026-01-15 04:30:00,Wallet
T002828,S004,P0506,C02784,1,6514.66,2026-05-08 02:10:00,UPI
T002829,S004,P0411,C01827,5,2150.28,2026-01-18 04:46:00,UPI
T002830,S014,P0444,C01919,5,8281.1,2026-02-08 03:29:00,Card
T002831,S011,P0613,C00029,2,1307.31,2026-05-14 05:34:00,UPI
T002832,S013,P0342,C00774,5,6631.4,2026-03-02 03:08:00,Cash
T002833,S015,P0773,C00694,4,8629.97,2026-04-03 12:11:00,Card
T002834,S006,P0799,C00065,2,206.59,2026-03-28 02:46:00,UPI
T002835,S003,P0630,C02349,3,6658.91,2026-04-16 11:43:00,Wallet
T002836,S021,P0703,C01385,2,6202.03,2026-01-18 16:48:00,UPI
T002837,S012,P0290,C02760,1,8671.94,2026-04-13 18:36:00,Card
T002838,S009,P0080,C02492,5,7488.69,2026-01-16 17:54:00,UPI
T002839,S001,P0063,C02723,3,9858.07,2026-04-17 21:54:00,Wallet
T002840,S017,P0331,C01310,1,7893.32,2026-04-12 23:42:00,Cash
T002841,S018,P0514,C01311,2,4318.77,2026-02-09 18:42:00,Cash
T002842,S002,P0423,C02005,4,805.35,2026-01-23 07:04:00,Card
T002843,S014,P0509,C02066,3,6118.83,2026-04-25 05:25:00,Wallet
T002844,S024,P0625,C02016,1,5109.87,2026-01-30 08:54:00,UPI
T002845,S001,P0573,C02684,2,1786.29,2026-02-28 08:10:00,Wallet
T002846,S002,P0403,C01117,3,9771.12,2026-01-15 22:00:00,Cash
T002847,S011,P0523,C00952,3,4689.15,2026-06-24 19:02:00,UPI
T002848,S015,P0087,C02038,2,2098.71,2026-01-07 01:47:00,Card
T002849,S015,P0466,C02627,5,4158.95,2026-06-14 23:48:00,Card
T002850,S006,P0743,C00564,5,2117.79,2026-02-27 16:20:00,UPI
T002851,S008,P0121,C02825,5,934.55,2026-01-11 01:26:00,Card
T002852,S003,P0012,C01479,1,1540.01,2026-02-26 07:56:00,Card
T002853,S001,P0065,C00792,3,6938.55,2026-02-09 04:41:00,Wallet
T002854,S001,P0201,C01571,5,236.37,2026-05-09 10:54:00,UPI
T002855,S012,P0633,C02444,1,2845.22,2026-03-24 13:13:00,UPI
T002856,S013,P0184,C01241,1,1570.2,2026-06-12 22:52:00,Cash
T002857,S021,P0066,C00271,4,5076.41,2026-04-12 00:39:00,Cash
T002858,S015,P0487,C00319,1,5663.34,2026-05-11 09:53:00,UPI
T002859,S018,P0685,C01610,3,3601.0,2026-05-07 00:48:00,Cash
T002860,S017,P0451,C02322,4,1385.33,2026-06-21 23:47:00,Wallet
T002861,S006,P0200,C02584,1,8064.94,2026-04-17 18:46:00,Cash
T002862,S001,P0058,C01835,5,6515.02,2026-01-18 01:22:00,Cash
T002863,S022,P0650,C01220,5,8079.24,2026-02-21 20:07:00,UPI
T002864,S004,P0253,C02222,5,933.38,2026-01-10 07:07:00,UPI
T002865,S011,P0128,C00409,3,238.74,2026-02-28 19:53:00,Wallet
T002866,S015,P0512,C02848,4,9387.92,2026-05-06 00:14:00,Wallet
T002867,S011,P0427,C00292,5,7722.75,2026-03-31 23:57:00,Card
T002868,S024,P0275,C02313,4,7489.31,2026-01-21 19:51:00,UPI
T002869,S019,P0099,C01983,1,4953.55,2026-04-05 17:22:00,Card
T002870,S010,P0097,C01843,4,1527.35,2026-02-12 13:33:00,Cash
T002871,S025,P0077,C01980,4,2207.23,2026-02-24 05:11:00,UPI
T002872,S018,P0133,C00625,2,7293.41,2026-05-18 00:15:00,UPI
T002873,S008,P0258,C02884,3,2488.26,2026-06-10 21:15:00,Cash
T002874,S015,P0463,C02068,2,7009.64,2026-03-14 09:04:00,Wallet
T002875,S007,P0673,C00557,3,7405.45,2026-05-23 12:46:00,Card
T002876,S021,P0061,C02529,3,6610.9,2026-05-11 13:15:00,Card
T002877,S019,P0545,C01097,5,790.43,2026-02-10 06:52:00,Wallet
T002878,S016,P0242,C01478,5,1599.95,2026-06-05 08:44:00,Card
T002879,S020,P0470,C00703,5,205.3,2026-03-27 06:40:00,Card
T002880,S023,P0221,C02575,3,6255.24,2026-03-25 08:53:00,Wallet
T002881,S006,P0701,C02569,1,1291.57,2026-04-11 04:04:00,Cash
T002882,S019,P0031,C02509,2,739.63,2026-06-16 09:44:00,Wallet
T002883,S023,P0682,C01736,2,4013.05,2026-04-26 00:59:00,Cash
T002884,S018,P0785,C01574,3,9579.4,2026-04-25 20:35:00,Cash
T002885,S008,P0273,C00555,4,1379.91,2026-06-16 22:55:00,Card
T002886,S022,P0327,C02961,4,4651.01,2026-05-12 13:50:00,Cash
T002887,S020,P0135,C02909,2,9762.67,2026-02-22 06:18:00,UPI
T002888,S022,P0567,C02265,4,2411.23,2026-01-29 01:25:00,Wallet
T002889,S016,P0415,C00681,2,5235.33,2026-04-10 03:38:00,Card
T002890,S010,P0342,C00925,2,6631.4,2026-02-22 06:49:00,UPI
T002891,S002,P0400,C02584,2,8795.04,2026-05-26 10:11:00,UPI
T002892,S008,P0421,C01738,2,8440.77,2026-06-26 23:00:00,Cash
T002893,S009,P0799,C00243,1,206.59,2026-02-24 20:14:00,Card
T002894,S023,P0095,C01534,4,7753.59,2026-03-19 12:19:00,Card
T002895,S006,P0262,C02823,3,9830.21,2026-04-29 01:51:00,Wallet
T002896,S017,P0217,C01644,2,3503.09,2026-06-15 21:22:00,Wallet
T002897,S012,P0187,C00890,2,5154.45,2026-02-28 19:20:00,Wallet
T002898,S009,P0033,C01161,3,8396.28,2026-03-06 07:24:00,Cash
T002899,S024,P0372,C02936,1,5991.23,2026-05-11 00:48:00,Cash
T002900,S005,P0209,C01110,3,3404.12,2026-03-21 00:25:00,UPI
T002901,S011,P0080,C00432,4,7488.69,2026-02-25 06:10:00,Cash
T002902,S019,P0590,C01086,3,3157.03,2026-03-27 07:02:00,Cash
T002903,S006,P0490,C02628,3,1817.85,2026-05-08 13:15:00,UPI
T002904,S023,P0647,C02271,5,7033.51,2026-03-25 15:37:00,Cash
T002905,S013,P0184,C02562,3,1570.2,2026-04-11 20:32:00,Card
T002906,S003,P0518,C00450,3,891.16,2026-02-12 16:46:00,Card
T002907,S014,P0640,C00456,1,3850.52,2026-05-03 19:08:00,Cash
T002908,S006,P0771,C02012,5,3548.02,2026-06-02 09:44:00,Cash
T002909,S006,P0677,C01587,3,3602.54,2026-06-20 08:28:00,Wallet
T002910,S024,P0178,C01038,4,5673.27,2026-01-20 21:02:00,Card
T002911,S020,P0331,C00879,5,7893.32,2026-01-28 00:00:00,Wallet
T002912,S004,P0384,C02643,5,8533.89,2026-01-08 21:08:00,Cash
T002913,S015,P0246,C00009,1,938.3,2026-01-13 00:22:00,Cash
T002914,S021,P0123,C01070,3,9485.28,2026-03-12 00:00:00,UPI
T002915,S016,P0542,C00903,3,6397.18,2026-03-19 15:11:00,Card
T002916,S011,P0704,C00961,1,4131.24,2026-04-08 19:23:00,Wallet
T002917,S011,P0572,C00703,3,6659.16,2026-02-10 03:19:00,Card
T002918,S003,P0079,C00106,5,3705.32,2026-01-14 12:33:00,Card
T002919,S008,P0258,C01657,3,2488.26,2026-02-25 22:02:00,Wallet
T002920,S006,P0548,C02622,4,1900.64,2026-02-18 14:26:00,Cash
T002921,S009,P0211,C00195,1,465.47,2026-04-06 02:35:00,Wallet
T002922,S024,P0014,C01744,4,5097.6,2026-03-13 14:15:00,Wallet
T002923,S013,P0117,C02972,1,1196.2,2026-06-17 00:45:00,Wallet
T002924,S020,P0249,C01827,3,4250.12,2026-03-18 01:11:00,UPI
T002925,S016,P0151,C00262,5,5217.03,2026-01-31 10:18:00,UPI
T002926,S014,P0396,C01386,1,2039.28,2026-02-06 08:58:00,UPI
T002927,S003,P0792,C01091,4,8389.63,2026-04-27 06:59:00,Cash
T002928,S004,P0596,C00037,1,3439.36,2026-01-31 21:43:00,Card
T002929,S024,P0327,C00010,2,4651.01,2026-06-24 01:02:00,Card
T002930,S001,P0084,C01702,1,1223.23,2026-05-02 05:57:00,Cash
T002931,S016,P0780,C00216,2,5537.46,2026-01-04 03:50:00,Card
T002932,S014,P0572,C02544,5,6659.16,2026-01-23 08:00:00,Card
T002933,S006,P0655,C00548,1,7096.19,2026-04-27 19:47:00,UPI
T002934,S009,P0568,C01602,1,3547.51,2026-06-27 19:01:00,Cash
T002935,S015,P0145,C01524,1,2675.89,2026-03-11 09:13:00,Wallet
T002936,S020,P0782,C01560,5,5850.54,2026-01-06 23:59:00,Wallet
T002937,S002,P0518,C01071,2,891.16,2026-05-25 16:22:00,UPI
T002938,S003,P0663,C00277,3,4847.59,2026-01-17 23:36:00,Cash
T002939,S013,P0277,C00559,3,3757.9,2026-02-09 07:21:00,UPI
T002940,S016,P0658,C01949,2,6391.79,2026-01-17 13:34:00,Card
T002941,S014,P0253,C02890,5,933.38,2026-06-23 12:52:00,UPI
T002942,S012,P0736,C01450,5,3312.16,2026-01-08 01:16:00,Card
T002943,S024,P0532,C02887,3,6385.3,2026-05-08 14:45:00,Cash
T002944,S023,P0468,C01326,4,6423.78,2026-04-30 14:04:00,Wallet
T002945,S017,P0219,C02007,5,1397.47,2026-02-14 00:27:00,Card
T002946,S011,P0608,C00941,1,9699.3,2026-05-28 01:30:00,Cash
T002947,S016,P0511,C01958,5,791.85,2026-06-18 02:09:00,Card
T002948,S001,P0400,C01817,4,8795.04,2026-03-13 09:36:00,Wallet
T002949,S002,P0320,C02949,1,5892.08,2026-05-03 06:55:00,Cash
T002950,S009,P0601,C00895,5,5812.86,2026-03-10 00:49:00,UPI
T002951,S008,P0325,C00019,3,9797.44,2026-06-21 09:16:00,UPI
T002952,S024,P0243,C01397,4,1465.14,2026-02-18 08:00:00,UPI
T002953,S025,P0137,C02174,3,947.81,2026-06-26 15:17:00,Wallet
T002954,S014,P0634,C02592,4,5542.5,2026-01-01 22:11:00,UPI
T002955,S012,P0633,C01717,2,2845.22,2026-01-12 19:13:00,Cash
T002956,S001,P0693,C01917,4,1638.87,2026-04-22 19:04:00,Wallet
T002957,S003,P0335,C00336,2,3766.76,2026-06-29 16:40:00,UPI
T002958,S005,P0091,C02050,3,8684.0,2026-03-01 01:36:00,Wallet
T002959,S013,P0170,C02717,2,7462.62,2026-03-15 12:25:00,Cash
T002960,S017,P0672,C01171,1,4881.93,2026-01-23 20:24:00,UPI
T002961,S019,P0134,C01137,3,4143.39,2026-04-05 15:34:00,Cash
T002962,S020,P0063,C02056,3,9858.07,2026-05-01 18:35:00,Card
T002963,S008,P0330,C01661,3,5601.33,2026-02-11 12:44:00,Cash
T002964,S016,P0162,C01133,2,6800.39,2026-06-18 12:40:00,Wallet
T002965,S011,P0783,C02990,5,7059.62,2026-05-22 18:27:00,UPI
T002966,S022,P0458,C02961,4,3532.14,2026-02-07 10:56:00,Cash
T002967,S008,P0793,C01322,4,3714.92,2026-06-13 11:50:00,Wallet
T002968,S024,P0259,C02295,3,7345.66,2026-04-15 05:56:00,Card
T002969,S006,P0339,C00312,2,2878.49,2026-05-29 13:42:00,Cash
T002970,S014,P0763,C02257,3,3914.29,2026-04-06 15:57:00,Wallet
T002971,S003,P0607,C02623,1,1260.73,2026-03-30 09:58:00,Wallet
T002972,S016,P0333,C00696,2,9722.19,2026-02-07 22:57:00,Card
T002973,S022,P0637,C01122,5,797.52,2026-05-07 23:03:00,Wallet
T002974,S020,P0336,C00664,2,2292.06,2026-05-19 13:55:00,Wallet
T002975,S019,P0509,C01044,5,6118.83,2026-04-03 14:44:00,UPI
T002976,S022,P0146,C00247,2,8790.18,2026-01-23 20:33:00,Cash
T002977,S001,P0276,C00156,4,6054.84,2026-03-06 04:41:00,UPI
T002978,S011,P0574,C01075,1,9933.28,2026-03-27 12:14:00,UPI
T002979,S014,P0132,C01159,2,8576.74,2026-06-15 15:55:00,Cash
T002980,S023,P0482,C01312,2,3807.98,2026-04-26 18:24:00,Cash
T002981,S022,P0071,C02897,2,5958.46,2026-06-24 05:36:00,Wallet
T002982,S011,P0385,C02890,2,4244.08,2026-01-11 11:43:00,Card
T002983,S003,P0630,C01165,4,6658.91,2026-05-10 21:20:00,Cash
T002984,S024,P0134,C02962,4,4143.39,2026-02-07 20:26:00,Card
T002985,S017,P0023,C01111,1,7075.84,2026-03-29 18:26:00,Cash
T002986,S008,P0145,C00092,4,2675.89,2026-06-11 05:26:00,Card
T002987,S003,P0270,C01670,1,8731.95,2026-05-27 04:45:00,Wallet
T002988,S015,P0539,C02032,2,8771.46,2026-02-22 23:39:00,Card
T002989,S012,P0534,C00736,4,440.62,2026-04-12 02:47:00,Card
T002990,S002,P0675,C00896,5,8934.69,2026-04-18 03:49:00,Cash
T002991,S003,P0105,C02916,5,5394.62,2026-05-09 18:34:00,Wallet
T002992,S008,P0088,C01576,1,2657.13,2026-01-11 17:44:00,Card
T002993,S002,P0756,C02775,2,8540.93,2026-01-27 19:38:00,Cash
T002994,S017,P0299,C01153,1,4425.47,2026-01-02 08:41:00,Cash
T002995,S002,P0256,C01719,4,5260.23,2026-05-21 22:41:00,Card
T002996,S007,P0694,C00066,5,614.19,2026-02-12 07:44:00,UPI
T002997,S018,P0228,C01931,5,1293.81,2026-06-25 11:25:00,UPI
T002998,S002,P0749,C00649,1,786.6,2026-05-06 03:59:00,Card
T002999,S016,P0426,C01989,4,9983.21,2026-03-25 12:44:00,Wallet
T003000,S014,P0475,C01864,2,3011.03,2026-05-21 13:28:00,Cash
T003001,S010,P0784,C01869,4,2111.47,2026-05-14 22:25:00,Cash
T003002,S020,P0357,C01224,3,4375.29,2026-04-11 07:28:00,UPI
T003003,S004,P0214,C01025,5,2750.7,2026-05-28 11:59:00,Cash
T003004,S012,P0713,C01025,2,3378.0,2026-04-15 23:28:00,UPI
T003005,S013,P0111,C00207,2,9271.32,2026-01-28 07:42:00,Card
T003006,S007,P0588,C01291,3,6830.81,2026-06-13 21:58:00,Card
T003007,S024,P0051,C02202,5,3973.71,2026-04-27 05:18:00,Card
T003008,S007,P0197,C02831,2,1254.11,2026-06-27 06:25:00,UPI
T003009,S010,P0211,C01496,1,465.47,2026-01-01 17:13:00,Cash
T003010,S001,P0345,C00117,4,1998.33,2026-01-28 16:54:00,Card
T003011,S014,P0386,C01026,1,8772.44,2026-02-06 02:27:00,Card
T003012,S015,P0433,C00059,4,4344.05,2026-06-27 10:27:00,Cash
T003013,S021,P0735,C00435,3,5391.49,2026-03-03 13:51:00,UPI
T003014,S017,P0765,C01217,3,1777.63,2026-03-19 07:08:00,Wallet
T003015,S014,P0448,C00644,1,1800.07,2026-05-19 21:47:00,Cash
T003016,S022,P0576,C01003,3,6691.73,2026-01-25 06:31:00,Card
T003017,S015,P0465,C02856,5,856.68,2026-01-07 00:33:00,Card
T003018,S010,P0056,C00714,5,4337.67,2026-01-08 10:05:00,UPI
T003019,S016,P0448,C02322,3,1800.07,2026-01-31 07:04:00,Card
T003020,S006,P0354,C00688,1,9782.15,2026-02-17 23:13:00,Card
T003021,S020,P0759,C01480,5,652.17,2026-01-19 02:17:00,Card
T003022,S006,P0465,C01893,1,856.68,2026-03-06 15:26:00,Cash
T003023,S009,P0560,C00741,5,9414.81,2026-01-31 14:24:00,UPI
T003024,S010,P0606,C02744,5,3619.28,2026-04-02 22:34:00,Cash
T003025,S020,P0085,C01574,3,7989.74,2026-04-14 00:21:00,UPI
T003026,S009,P0768,C02896,5,8965.31,2026-06-28 20:23:00,Cash
T003027,S010,P0404,C02691,3,8557.91,2026-03-18 11:42:00,Wallet
T003028,S008,P0258,C01317,2,2488.26,2026-04-10 12:47:00,UPI
T003029,S012,P0031,C01057,1,739.63,2026-02-23 10:22:00,Card
T003030,S013,P0311,C00640,5,9144.98,2026-04-20 21:08:00,Wallet
T003031,S009,P0552,C01497,3,947.5,2026-05-31 16:19:00,Wallet
T003032,S019,P0010,C00284,5,9207.97,2026-06-12 20:59:00,Wallet
T003033,S022,P0781,C02000,5,5370.5,2026-06-01 01:25:00,Cash
T003034,S022,P0783,C00185,1,7059.62,2026-06-23 16:46:00,Cash
T003035,S024,P0385,C01850,1,4244.08,2026-01-09 17:03:00,Card
T003036,S025,P0434,C02008,2,4553.72,2026-03-23 11:59:00,Cash
T003037,S023,P0046,C00526,5,4649.6,2026-01-08 08:43:00,UPI
T003038,S022,P0059,C02832,3,8701.51,2026-06-29 16:09:00,UPI
T003039,S021,P0473,C01981,1,1487.53,2026-04-09 18:23:00,Wallet
T003040,S002,P0248,C01106,4,9033.86,2026-01-26 14:25:00,Card
T003041,S008,P0109,C01695,1,8805.73,2026-06-26 20:02:00,Cash
T003042,S020,P0013,C01997,5,3585.81,2026-06-08 11:58:00,Card
T003043,S009,P0702,C00360,4,9903.95,2026-06-25 16:44:00,Cash
T003044,S016,P0493,C01326,2,534.0,2026-01-07 12:58:00,Cash
T003045,S023,P0296,C02653,2,8312.94,2026-01-10 16:38:00,Card
T003046,S016,P0129,C02301,4,8288.85,2026-01-23 16:12:00,Cash
T003047,S014,P0093,C01455,1,5751.64,2026-03-06 18:33:00,Wallet
T003048,S012,P0534,C02082,1,440.62,2026-01-24 02:49:00,Cash
T003049,S023,P0761,C01918,1,1114.4,2026-03-04 21:32:00,Cash
T003050,S003,P0374,C01704,4,3617.37,2026-01-25 15:31:00,Wallet
T003051,S010,P0425,C02293,5,7476.59,2026-04-08 11:30:00,UPI
T003052,S024,P0580,C00982,4,2979.67,2026-03-03 20:36:00,Card
T003053,S021,P0398,C01028,4,3448.99,2026-05-01 01:10:00,UPI
T003054,S011,P0350,C02330,3,5219.84,2026-03-24 10:34:00,UPI
T003055,S003,P0713,C01693,1,3378.0,2026-05-22 15:24:00,Card
T003056,S014,P0213,C02405,3,4276.85,2026-02-25 20:56:00,Card
T003057,S012,P0192,C00540,3,8778.88,2026-04-16 03:14:00,UPI
T003058,S013,P0524,C00609,3,5664.21,2026-01-03 23:20:00,Wallet
T003059,S003,P0069,C02431,2,2943.82,2026-02-02 20:15:00,Card
T003060,S019,P0657,C02905,4,9529.9,2026-06-22 00:57:00,Wallet
T003061,S025,P0757,C01278,5,4855.21,2026-05-10 15:10:00,Wallet
T003062,S010,P0594,C01992,5,9238.26,2026-01-18 17:08:00,Wallet
T003063,S014,P0585,C02079,5,7994.43,2026-02-16 15:48:00,Card
T003064,S008,P0088,C02342,4,2657.13,2026-03-12 23:47:00,UPI
T003065,S021,P0356,C00664,4,6296.35,2026-05-25 13:14:00,UPI
T003066,S013,P0267,C02903,2,910.28,2026-05-18 22:18:00,Card
T003067,S024,P0185,C01424,5,5277.61,2026-01-13 08:38:00,UPI
T003068,S008,P0433,C01026,2,4344.05,2026-05-30 04:00:00,UPI
T003069,S010,P0124,C00550,4,9076.76,2026-06-28 17:38:00,Wallet
T003070,S004,P0601,C02943,1,5812.86,2026-05-06 05:56:00,Wallet
T003071,S025,P0400,C00835,1,8795.04,2026-04-26 10:00:00,UPI
T003072,S008,P0585,C02058,4,7994.43,2026-02-11 01:21:00,Wallet
T003073,S017,P0699,C02669,1,2063.28,2026-03-16 20:31:00,Cash
T003074,S013,P0684,C01417,2,9893.76,2026-03-26 14:33:00,UPI
T003075,S007,P0431,C00615,2,5205.67,2026-01-29 23:26:00,UPI
T003076,S014,P0424,C00773,3,3403.2,2026-02-09 02:37:00,Wallet
T003077,S016,P0212,C02627,3,2394.87,2026-02-20 16:27:00,Wallet
T003078,S024,P0383,C01604,5,6977.34,2026-05-05 08:30:00,Cash
T003079,S010,P0171,C02491,5,1015.26,2026-01-02 13:13:00,UPI
T003080,S023,P0002,C01221,1,1803.85,2026-06-17 06:01:00,UPI
T003081,S007,P0223,C00653,4,1097.95,2026-04-07 01:29:00,UPI
T003082,S025,P0224,C00523,3,2422.72,2026-03-19 06:14:00,Card
T003083,S023,P0727,C01821,3,4067.4,2026-02-27 11:36:00,Wallet
T003084,S022,P0212,C01331,2,2394.87,2026-06-24 19:55:00,Card
T003085,S004,P0350,C01693,1,5219.84,2026-05-07 07:48:00,Card
T003086,S001,P0014,C00995,5,5097.6,2026-04-24 23:55:00,Wallet
T003087,S011,P0689,C02882,5,9487.92,2026-01-30 03:27:00,Wallet
T003088,S018,P0143,C02709,1,3093.82,2026-02-12 04:45:00,Cash
T003089,S023,P0205,C02661,1,4275.6,2026-02-03 20:39:00,UPI
T003090,S017,P0097,C02687,2,1527.35,2026-05-25 00:48:00,UPI
T003091,S001,P0478,C01985,5,8936.61,2026-04-23 16:56:00,Card
T003092,S013,P0653,C01603,4,3849.13,2026-04-04 23:51:00,Wallet
T003093,S010,P0235,C01607,5,1653.62,2026-04-21 00:42:00,Wallet
T003094,S021,P0180,C02078,1,6342.79,2026-05-15 23:40:00,Card
T003095,S019,P0163,C01697,3,6843.99,2026-04-05 21:40:00,Cash
T003096,S007,P0345,C00042,2,1998.33,2026-05-20 03:37:00,Wallet
T003097,S022,P0626,C00202,2,4287.21,2026-04-18 16:10:00,Cash
T003098,S012,P0032,C00922,4,5989.11,2026-01-09 09:31:00,Card
T003099,S022,P0354,C02593,2,9782.15,2026-04-22 19:01:00,UPI
T003100,S023,P0676,C00823,2,157.32,2026-06-29 14:24:00,Cash
T003101,S023,P0758,C01405,2,3142.11,2026-01-18 02:13:00,Wallet
T003102,S015,P0706,C01352,4,6473.34,2026-01-23 08:58:00,UPI
T003103,S002,P0597,C02587,3,3970.52,2026-06-20 12:12:00,Card
T003104,S017,P0056,C01513,4,4337.67,2026-05-02 13:41:00,Wallet
T003105,S003,P0569,C00253,4,3008.24,2026-05-10 08:18:00,Card
T003106,S005,P0718,C01631,3,3083.62,2026-02-05 04:07:00,Cash
T003107,S020,P0638,C01197,5,5679.06,2026-01-07 05:31:00,UPI
T003108,S024,P0513,C01457,2,5966.04,2026-01-23 19:28:00,Card
T003109,S001,P0520,C02060,2,7626.21,2026-02-17 22:41:00,UPI
T003110,S019,P0336,C00495,3,2292.06,2026-02-20 15:13:00,Wallet
T003111,S009,P0453,C02035,4,5915.17,2026-06-18 18:38:00,UPI
T003112,S014,P0252,C01639,1,7003.96,2026-04-06 19:01:00,Cash
T003113,S005,P0452,C01696,3,8196.17,2026-03-09 16:18:00,Card
T003114,S004,P0138,C02881,4,9745.55,2026-01-18 22:24:00,Cash
T003115,S022,P0673,C01102,5,7405.45,2026-02-17 19:52:00,UPI
T003116,S018,P0135,C02305,3,9762.67,2026-04-16 03:57:00,Cash
T003117,S022,P0595,C01215,2,3060.11,2026-05-24 01:21:00,Cash
T003118,S016,P0759,C01311,4,652.17,2026-03-01 06:54:00,Wallet
T003119,S018,P0405,C00315,2,2546.0,2026-02-07 10:15:00,Wallet
T003120,S001,P0352,C02562,3,3229.8,2026-02-04 23:56:00,UPI
T003121,S023,P0725,C02387,1,7432.08,2026-04-11 00:22:00,Cash
T003122,S024,P0609,C01420,4,1275.15,2026-04-06 02:02:00,Wallet
T003123,S007,P0528,C00769,2,3900.97,2026-05-11 00:24:00,Cash
T003124,S013,P0775,C02422,2,1219.32,2026-01-29 17:54:00,UPI
T003125,S003,P0120,C02373,3,6904.92,2026-06-20 09:04:00,Card
T003126,S014,P0653,C01883,1,3849.13,2026-05-30 18:06:00,Wallet
T003127,S022,P0109,C02302,3,8805.73,2026-01-03 10:21:00,Card
T003128,S016,P0420,C00141,5,6488.01,2026-02-05 10:54:00,UPI
T003129,S022,P0449,C00557,1,9895.99,2026-03-04 16:23:00,Card
T003130,S018,P0030,C00916,2,4007.63,2026-02-24 06:26:00,UPI
T003131,S025,P0069,C00647,1,2943.82,2026-06-19 16:12:00,Wallet
T003132,S008,P0406,C01953,4,2170.45,2026-05-03 16:20:00,Wallet
T003133,S021,P0168,C00072,2,3315.66,2026-02-24 03:22:00,Wallet
T003134,S017,P0229,C01210,3,9936.26,2026-02-14 13:14:00,Card
T003135,S016,P0385,C01482,4,4244.08,2026-05-22 21:37:00,UPI
T003136,S019,P0472,C02624,1,774.55,2026-06-10 18:28:00,UPI
T003137,S016,P0356,C01662,3,6296.35,2026-01-19 04:59:00,Cash
T003138,S016,P0199,C02413,4,6222.14,2026-06-20 04:20:00,Wallet
T003139,S013,P0035,C01302,3,6699.1,2026-05-11 04:57:00,Wallet
T003140,S003,P0207,C02462,2,293.32,2026-01-18 16:18:00,Wallet
T003141,S001,P0258,C02973,5,2488.26,2026-05-12 02:28:00,Cash
T003142,S021,P0278,C01744,5,1264.65,2026-05-25 05:37:00,Wallet
T003143,S025,P0765,C00988,1,1777.63,2026-03-05 21:23:00,Cash
T003144,S018,P0530,C02059,4,9327.08,2026-04-16 21:21:00,UPI
T003145,S007,P0060,C00659,3,294.15,2026-04-03 07:41:00,UPI
T003146,S014,P0140,C02416,2,1042.27,2026-03-09 13:52:00,Wallet
T003147,S016,P0131,C01296,3,7488.79,2026-01-16 14:44:00,UPI
T003148,S011,P0703,C00134,5,6202.03,2026-01-11 10:56:00,UPI
T003149,S025,P0314,C00058,1,7849.53,2026-04-12 00:56:00,Cash
T003150,S020,P0396,C00501,3,2039.28,2026-02-19 22:55:00,Wallet
T003151,S001,P0788,C00054,1,2185.3,2026-04-06 13:20:00,UPI
T003152,S002,P0594,C02751,1,9238.26,2026-04-26 20:41:00,Wallet
T003153,S011,P0215,C02127,5,4997.41,2026-02-27 04:20:00,Cash
T003154,S021,P0402,C01807,2,5371.29,2026-05-03 20:59:00,Cash
T003155,S008,P0746,C02033,3,4646.96,2026-05-11 13:52:00,Wallet
T003156,S019,P0772,C02345,2,6650.14,2026-06-15 21:41:00,UPI
T003157,S004,P0568,C02476,3,3547.51,2026-02-10 08:14:00,Card
T003158,S011,P0110,C02353,5,8676.8,2026-06-03 17:47:00,Wallet
T003159,S008,P0510,C00278,5,1916.1,2026-03-15 16:58:00,Card
T003160,S012,P0112,C00824,1,8260.57,2026-01-20 14:46:00,Cash
T003161,S021,P0129,C02705,5,8288.85,2026-06-03 01:03:00,Cash
T003162,S012,P0671,C02908,2,8333.09,2026-04-17 02:15:00,UPI
T003163,S021,P0107,C00355,5,992.48,2026-05-24 02:53:00,UPI
T003164,S010,P0202,C01448,5,8603.22,2026-06-30 04:58:00,UPI
T003165,S022,P0592,C01204,2,7069.99,2026-06-14 01:21:00,Cash
T003166,S019,P0065,C00744,3,6938.55,2026-04-05 09:28:00,Wallet
T003167,S002,P0637,C02560,5,797.52,2026-04-11 09:35:00,Card
T003168,S018,P0779,C00572,2,1467.39,2026-04-29 22:11:00,Wallet
T003169,S013,P0696,C01716,4,916.89,2026-03-29 10:21:00,Wallet
T003170,S006,P0038,C02592,4,393.26,2026-05-18 20:39:00,Cash
T003171,S001,P0073,C00828,3,5094.93,2026-03-25 10:31:00,Card
T003172,S018,P0578,C02507,4,6474.47,2026-05-01 17:27:00,Card
T003173,S010,P0547,C01889,3,3808.05,2026-05-05 13:10:00,Card
T003174,S017,P0022,C02163,1,1191.13,2026-06-26 20:07:00,Card
T003175,S023,P0418,C00979,2,8063.59,2026-06-27 19:07:00,Card
T003176,S023,P0649,C02554,4,9469.45,2026-06-24 20:39:00,UPI
T003177,S008,P0185,C01577,4,5277.61,2026-06-03 22:33:00,Card
T003178,S012,P0005,C01933,1,6938.1,2026-05-27 04:41:00,Cash
T003179,S011,P0573,C00328,5,1786.29,2026-05-01 11:30:00,UPI
T003180,S003,P0228,C00915,1,1293.81,2026-01-24 23:36:00,Wallet
T003181,S011,P0522,C01700,1,5572.24,2026-05-06 11:41:00,Wallet
T003182,S016,P0460,C01663,4,4631.5,2026-05-17 17:38:00,UPI
T003183,S018,P0608,C00560,5,9699.3,2026-06-07 21:33:00,Card
T003184,S002,P0782,C00137,2,5850.54,2026-01-17 08:35:00,Card
T003185,S015,P0544,C01819,3,9870.55,2026-06-11 09:09:00,Cash
T003186,S020,P0035,C01465,5,6699.1,2026-03-11 09:51:00,Card
T003187,S007,P0244,C02784,1,8989.85,2026-06-02 17:31:00,Wallet
T003188,S016,P0014,C01549,4,5097.6,2026-02-28 10:41:00,Wallet
T003189,S009,P0114,C02436,2,4586.29,2026-03-24 08:10:00,Wallet
T003190,S011,P0679,C00717,4,4970.26,2026-05-25 06:31:00,Cash
T003191,S007,P0769,C01907,1,4342.42,2026-03-31 10:27:00,Wallet
T003192,S016,P0289,C02361,4,9583.99,2026-02-19 11:26:00,Cash
T003193,S023,P0715,C01489,1,962.59,2026-05-13 23:04:00,Cash
T003194,S012,P0324,C00938,4,6142.41,2026-04-16 09:30:00,Card
T003195,S010,P0364,C01817,3,9198.25,2026-03-09 20:24:00,Card
T003196,S021,P0331,C00572,4,7893.32,2026-04-19 22:51:00,UPI
T003197,S012,P0725,C00461,5,7432.08,2026-06-18 06:25:00,UPI
T003198,S011,P0781,C00422,1,5370.5,2026-06-06 04:45:00,Wallet
T003199,S018,P0488,C01023,2,9348.84,2026-06-26 10:04:00,Cash
T003200,S014,P0077,C01310,4,2207.23,2026-02-18 23:27:00,Cash
T003201,S002,P0754,C01723,4,7723.16,2026-06-25 12:20:00,Cash
T003202,S025,P0062,C02708,4,2738.53,2026-05-19 18:52:00,UPI
T003203,S017,P0624,C02231,2,8528.36,2026-03-24 06:58:00,Card
T003204,S009,P0070,C02388,2,8064.57,2026-04-29 19:51:00,Wallet
T003205,S006,P0332,C02878,1,8935.46,2026-05-14 05:55:00,Wallet
T003206,S002,P0328,C02086,4,9147.78,2026-01-31 09:56:00,Card
T003207,S013,P0641,C01226,3,2773.24,2026-06-13 08:25:00,Card
T003208,S025,P0705,C00988,2,3427.16,2026-02-22 20:24:00,Card
T003209,S012,P0251,C01232,5,7031.92,2026-06-12 11:30:00,Card
T003210,S002,P0286,C01315,4,5096.16,2026-02-16 22:06:00,Cash
T003211,S024,P0079,C01298,3,3705.32,2026-05-08 12:47:00,Wallet
T003212,S013,P0544,C02614,2,9870.55,2026-03-04 13:22:00,Card
T003213,S021,P0549,C02228,1,1936.82,2026-05-04 09:14:00,Card
T003214,S015,P0171,C01104,2,1015.26,2026-05-26 15:40:00,UPI
T003215,S024,P0387,C00451,5,9206.54,2026-05-18 11:39:00,Wallet
T003216,S021,P0792,C00659,5,8389.63,2026-02-07 08:41:00,Wallet
T003217,S016,P0594,C01896,3,9238.26,2026-06-05 02:27:00,Wallet
T003218,S021,P0741,C00737,2,7252.76,2026-03-06 04:14:00,Wallet
T003219,S012,P0026,C00857,5,5582.77,2026-04-07 18:47:00,Cash
T003220,S025,P0481,C02295,4,580.78,2026-04-11 00:06:00,Card
T003221,S019,P0424,C02157,1,3403.2,2026-01-18 06:26:00,Card
T003222,S006,P0126,C02502,2,6217.24,2026-03-07 16:53:00,Cash
T003223,S023,P0093,C02920,2,5751.64,2026-04-27 18:47:00,Card
T003224,S025,P0143,C02091,1,3093.82,2026-05-30 09:27:00,Wallet
T003225,S022,P0190,C01428,2,1226.96,2026-05-11 19:22:00,Cash
T003226,S012,P0750,C00389,5,4603.74,2026-04-18 06:47:00,Cash
T003227,S003,P0350,C01508,3,5219.84,2026-03-10 01:44:00,Card
T003228,S008,P0326,C02207,5,6655.54,2026-04-20 21:26:00,UPI
T003229,S008,P0268,C00015,1,4813.91,2026-05-06 20:19:00,Cash
T003230,S007,P0412,C00921,1,4018.41,2026-01-28 16:15:00,Card
T003231,S016,P0518,C00618,4,891.16,2026-04-22 13:12:00,Card
T003232,S020,P0335,C02736,3,3766.76,2026-03-22 04:04:00,UPI
T003233,S025,P0316,C01830,5,512.74,2026-02-05 06:10:00,Wallet
T003234,S014,P0369,C01815,1,4587.77,2026-02-01 12:20:00,Wallet
T003235,S007,P0670,C00571,1,1786.79,2026-01-14 01:24:00,Card
T003236,S017,P0799,C01502,1,206.59,2026-01-18 09:28:00,Wallet
T003237,S018,P0177,C02212,4,4946.27,2026-01-28 18:43:00,Cash
T003238,S010,P0396,C01197,2,2039.28,2026-05-18 09:09:00,Wallet
T003239,S018,P0396,C00208,5,2039.28,2026-02-02 03:16:00,Card
T003240,S006,P0216,C00084,5,304.99,2026-06-25 14:26:00,Cash
T003241,S017,P0558,C01800,2,7592.43,2026-02-22 01:21:00,Cash
T003242,S013,P0405,C01913,2,2546.0,2026-06-19 19:20:00,Card
T003243,S008,P0080,C01625,2,7488.69,2026-01-16 00:20:00,UPI
T003244,S002,P0568,C01203,4,3547.51,2026-01-29 11:31:00,UPI
T003245,S005,P0481,C00646,4,580.78,2026-06-09 09:27:00,UPI
T003246,S010,P0242,C00850,4,1599.95,2026-03-14 14:40:00,UPI
T003247,S010,P0528,C01164,4,3900.97,2026-03-03 07:52:00,UPI
T003248,S008,P0647,C00370,4,7033.51,2026-02-26 21:06:00,Cash
T003249,S022,P0668,C02898,2,1829.66,2026-06-04 19:28:00,UPI
T003250,S023,P0235,C00390,1,1653.62,2026-03-10 18:51:00,UPI
T003251,S025,P0398,C01688,2,3448.99,2026-04-01 08:04:00,Wallet
T003252,S017,P0442,C00733,2,3354.53,2026-02-08 00:47:00,Cash
T003253,S003,P0372,C01304,3,5991.23,2026-05-22 19:56:00,Cash
T003254,S021,P0769,C00011,5,4342.42,2026-03-23 07:30:00,Cash
T003255,S005,P0465,C02521,4,856.68,2026-02-13 13:04:00,Card
T003256,S025,P0589,C01442,1,1543.12,2026-02-22 18:29:00,UPI
T003257,S010,P0650,C00008,5,8079.24,2026-06-07 00:35:00,Wallet
T003258,S024,P0082,C00150,4,2741.65,2026-02-11 03:06:00,Wallet
T003259,S006,P0766,C00180,1,9568.02,2026-05-27 20:57:00,Wallet
T003260,S019,P0007,C01214,4,1166.39,2026-03-11 16:35:00,UPI
T003261,S009,P0653,C00426,4,3849.13,2026-02-01 03:15:00,Cash
T003262,S004,P0205,C02094,5,4275.6,2026-03-05 13:52:00,Wallet
T003263,S003,P0138,C01280,3,9745.55,2026-02-26 08:15:00,UPI
T003264,S018,P0427,C01593,4,7722.75,2026-04-28 20:48:00,Cash
T003265,S005,P0328,C01928,2,9147.78,2026-02-12 05:55:00,UPI
T003266,S006,P0441,C01431,1,5390.46,2026-02-26 09:32:00,Cash
T003267,S019,P0157,C00867,5,4630.82,2026-01-28 00:06:00,Card
T003268,S001,P0355,C01090,3,2048.08,2026-03-03 22:54:00,Wallet
T003269,S022,P0079,C00278,1,3705.32,2026-03-20 14:51:00,Wallet
T003270,S017,P0775,C00703,5,1219.32,2026-05-29 20:28:00,Cash
T003271,S022,P0025,C00692,2,4622.76,2026-04-09 15:13:00,UPI
T003272,S014,P0355,C02617,1,2048.08,2026-02-24 07:55:00,Wallet
T003273,S018,P0456,C00387,3,9111.0,2026-01-26 02:47:00,Cash
T003274,S025,P0240,C00911,2,5098.73,2026-04-15 15:09:00,UPI
T003275,S015,P0512,C00331,3,9387.92,2026-04-24 05:07:00,Cash
T003276,S006,P0366,C01047,1,6806.89,2026-04-09 20:59:00,Card
T003277,S006,P0300,C02372,2,3880.91,2026-04-08 00:47:00,UPI
T003278,S003,P0185,C02080,5,5277.61,2026-05-19 09:16:00,Cash
T003279,S017,P0670,C00742,1,1786.79,2026-02-22 22:58:00,Cash
T003280,S013,P0143,C00454,4,3093.82,2026-05-06 14:54:00,UPI
T003281,S020,P0124,C00647,4,9076.76,2026-05-15 11:41:00,Wallet
T003282,S011,P0171,C01369,1,1015.26,2026-03-24 00:42:00,UPI
T003283,S009,P0489,C00934,2,2399.84,2026-05-08 17:19:00,UPI
T003284,S008,P0238,C02461,3,4446.17,2026-06-07 13:14:00,UPI
T003285,S012,P0253,C02819,2,933.38,2026-04-24 20:42:00,UPI
T003286,S009,P0760,C00690,4,308.96,2026-02-22 12:43:00,Wallet
T003287,S008,P0156,C00982,5,502.84,2026-02-06 02:38:00,Cash
T003288,S016,P0303,C00194,2,9525.43,2026-06-03 23:51:00,Wallet
T003289,S020,P0364,C01053,2,9198.25,2026-06-24 12:53:00,Cash
T003290,S025,P0159,C02996,5,8365.04,2026-02-13 13:47:00,Cash
T003291,S007,P0756,C02149,1,8540.93,2026-02-23 07:26:00,Card
T003292,S021,P0027,C02142,4,8581.06,2026-03-22 12:03:00,Cash
T003293,S014,P0099,C01178,5,4953.55,2026-04-14 09:21:00,Card
T003294,S017,P0132,C02420,1,8576.74,2026-03-05 09:55:00,Cash
T003295,S025,P0021,C01363,1,7636.95,2026-03-01 12:57:00,Cash
T003296,S022,P0688,C02094,4,7463.85,2026-06-03 16:01:00,UPI
T003297,S011,P0343,C02395,1,746.07,2026-01-07 23:25:00,UPI
T003298,S015,P0571,C00514,2,1762.72,2026-05-25 08:19:00,Wallet
T003299,S020,P0175,C00430,1,4958.37,2026-06-15 23:48:00,UPI
T003300,S009,P0495,C01037,3,2593.21,2026-01-17 15:26:00,Wallet
T003301,S019,P0587,C02830,2,3226.67,2026-01-06 13:16:00,UPI
T003302,S004,P0709,C00294,4,104.31,2026-05-27 11:46:00,Wallet
T003303,S001,P0258,C02926,1,2488.26,2026-04-03 13:00:00,Card
T003304,S013,P0728,C01050,3,134.65,2026-01-06 16:45:00,Cash
T003305,S022,P0543,C01623,3,7511.43,2026-04-22 15:12:00,Wallet
T003306,S010,P0773,C00853,4,8629.97,2026-04-19 03:03:00,Cash
T003307,S013,P0614,C01550,4,5908.82,2026-04-22 08:42:00,UPI
T003308,S013,P0454,C00554,2,2095.86,2026-03-31 07:48:00,Wallet
T003309,S016,P0748,C00238,3,3169.59,2026-03-10 12:30:00,Cash
T003310,S018,P0107,C00607,1,992.48,2026-03-08 16:20:00,UPI
T003311,S014,P0557,C00007,2,6068.55,2026-02-10 05:45:00,Card
T003312,S012,P0514,C02620,2,4318.77,2026-02-26 19:59:00,Card
T003313,S021,P0547,C02779,5,3808.05,2026-06-15 17:39:00,Cash
T003314,S019,P0005,C01254,2,6938.1,2026-06-03 18:07:00,Card
T003315,S013,P0793,C01496,1,3714.92,2026-02-20 01:14:00,UPI
T003316,S025,P0141,C01622,5,9316.54,2026-04-08 12:26:00,Cash
T003317,S005,P0495,C01807,3,2593.21,2026-01-13 07:48:00,Wallet
T003318,S018,P0429,C02297,3,6574.5,2026-01-24 05:25:00,UPI
T003319,S014,P0223,C02730,1,1097.95,2026-01-24 21:00:00,Card
T003320,S003,P0410,C01925,5,4789.21,2026-06-28 18:52:00,Wallet
T003321,S021,P0323,C00613,3,7277.23,2026-01-13 08:32:00,UPI
T003322,S016,P0255,C01386,2,2214.97,2026-01-21 17:55:00,Wallet
T003323,S017,P0275,C00642,5,7489.31,2026-03-07 15:27:00,Card
T003324,S001,P0775,C02512,2,1219.32,2026-02-08 10:00:00,Card
T003325,S020,P0640,C01466,2,3850.52,2026-02-06 14:52:00,Cash
T003326,S002,P0139,C02860,4,7112.69,2026-03-13 06:20:00,Cash
T003327,S018,P0193,C00741,5,7596.81,2026-02-28 13:58:00,Wallet
T003328,S003,P0243,C01189,1,1465.14,2026-03-21 05:41:00,UPI
T003329,S016,P0261,C02538,5,5766.11,2026-05-14 02:16:00,Cash
T003330,S024,P0467,C01348,3,5109.04,2026-03-01 03:08:00,Wallet
T003331,S015,P0207,C02753,4,293.32,2026-06-08 01:46:00,UPI
T003332,S002,P0283,C02411,5,8716.22,2026-05-27 22:20:00,Wallet
T003333,S020,P0470,C02188,1,205.3,2026-02-15 09:50:00,Cash
T003334,S019,P0374,C01595,3,3617.37,2026-05-21 16:03:00,Wallet
T003335,S013,P0462,C00955,5,2809.39,2026-04-19 05:43:00,UPI
T003336,S025,P0799,C00129,2,206.59,2026-03-02 00:35:00,Cash
T003337,S007,P0022,C01406,4,1191.13,2026-02-20 20:34:00,Wallet
T003338,S004,P0555,C02988,5,2733.2,2026-01-20 02:17:00,UPI
T003339,S004,P0532,C00083,3,6385.3,2026-01-26 09:11:00,Wallet
T003340,S021,P0322,C01759,5,3075.32,2026-02-15 18:13:00,Cash
T003341,S023,P0220,C00130,4,8346.5,2026-02-01 15:47:00,Card
T003342,S022,P0107,C02805,5,992.48,2026-05-22 12:35:00,Wallet
T003343,S022,P0678,C01860,1,4079.47,2026-02-15 05:12:00,Wallet
T003344,S013,P0591,C02410,1,6346.66,2026-05-17 06:22:00,Cash
T003345,S008,P0519,C01895,2,1759.88,2026-03-04 00:17:00,Wallet
T003346,S004,P0254,C01263,1,7277.48,2026-03-25 05:51:00,UPI
T003347,S015,P0271,C02204,3,9964.47,2026-03-11 17:31:00,Wallet
T003348,S013,P0461,C00453,2,3995.16,2026-01-06 17:05:00,Cash
T003349,S018,P0489,C02844,2,2399.84,2026-05-10 01:56:00,UPI
T003350,S004,P0567,C00589,5,2411.23,2026-04-11 04:36:00,Card
T003351,S021,P0503,C02303,5,2098.92,2026-02-12 01:39:00,Cash
T003352,S019,P0665,C00675,3,7169.18,2026-05-01 05:19:00,UPI
T003353,S021,P0640,C01657,1,3850.52,2026-02-03 08:15:00,Cash
T003354,S022,P0103,C02946,3,8429.58,2026-06-05 12:32:00,Cash
T003355,S023,P0377,C00792,4,3179.76,2026-05-27 09:31:00,Card
T003356,S007,P0064,C02893,3,3290.97,2026-04-29 08:23:00,Wallet
T003357,S017,P0427,C00833,1,7722.75,2026-04-27 05:58:00,Cash
T003358,S016,P0378,C02317,4,4747.29,2026-01-29 08:28:00,UPI
T003359,S025,P0505,C00505,4,1428.24,2026-02-11 21:50:00,Cash
T003360,S009,P0262,C02243,1,9830.21,2026-06-05 01:26:00,Cash
T003361,S024,P0003,C00020,1,2300.34,2026-01-18 12:52:00,Cash
T003362,S014,P0038,C01821,3,393.26,2026-02-04 00:01:00,UPI
T003363,S002,P0153,C00977,1,625.9,2026-03-15 15:43:00,Wallet
T003364,S025,P0320,C00166,4,5892.08,2026-05-16 16:43:00,Wallet
T003365,S017,P0163,C02394,4,6843.99,2026-06-23 13:28:00,Card
T003366,S022,P0181,C02302,5,9734.39,2026-05-21 18:28:00,Cash
T003367,S015,P0768,C01252,2,8965.31,2026-04-14 17:55:00,Card
T003368,S019,P0761,C01096,3,1114.4,2026-04-30 22:05:00,Wallet
T003369,S012,P0590,C02455,2,3157.03,2026-05-14 12:04:00,UPI
T003370,S023,P0658,C02444,4,6391.79,2026-06-05 19:42:00,Card
T003371,S009,P0421,C01671,3,8440.77,2026-04-14 08:34:00,Wallet
T003372,S015,P0751,C01501,5,7293.97,2026-05-15 13:54:00,Card
T003373,S002,P0683,C01984,1,8931.71,2026-02-12 17:10:00,Cash
T003374,S012,P0193,C02405,2,7596.81,2026-05-08 04:18:00,UPI
T003375,S015,P0441,C02840,4,5390.46,2026-01-10 07:03:00,UPI
T003376,S023,P0572,C01327,2,6659.16,2026-01-19 20:28:00,Wallet
T003377,S016,P0003,C02602,1,2300.34,2026-04-05 10:11:00,Cash
T003378,S009,P0230,C02870,1,8972.55,2026-01-30 20:37:00,UPI
T003379,S002,P0162,C01435,4,6800.39,2026-04-16 13:03:00,UPI
T003380,S004,P0301,C00496,2,5462.61,2026-04-07 10:13:00,Wallet
T003381,S015,P0699,C01626,4,2063.28,2026-04-06 00:48:00,Cash
T003382,S015,P0152,C01968,1,7394.01,2026-03-22 16:37:00,UPI
T003383,S023,P0160,C01835,5,5876.12,2026-02-20 00:32:00,Wallet
T003384,S007,P0106,C01799,4,176.87,2026-02-25 14:51:00,Cash
T003385,S006,P0010,C01682,3,9207.97,2026-06-13 05:01:00,Wallet
T003386,S001,P0162,C02333,5,6800.39,2026-04-26 20:09:00,Cash
T003387,S021,P0216,C02097,5,304.99,2026-02-05 22:09:00,UPI
T003388,S015,P0499,C02947,4,3884.48,2026-03-19 13:31:00,Wallet
T003389,S002,P0139,C00688,4,7112.69,2026-03-04 04:51:00,Card
T003390,S008,P0756,C01425,3,8540.93,2026-01-05 07:45:00,UPI
T003391,S019,P0406,C02623,2,2170.45,2026-04-23 08:37:00,UPI
T003392,S014,P0327,C02091,3,4651.01,2026-05-05 13:37:00,Cash
T003393,S014,P0495,C00517,3,2593.21,2026-04-30 15:52:00,UPI
T003394,S017,P0290,C01573,4,8671.94,2026-04-06 06:59:00,Card
T003395,S014,P0670,C00184,2,1786.79,2026-04-29 04:27:00,UPI
T003396,S011,P0401,C02842,1,8837.96,2026-04-17 01:45:00,Cash
T003397,S013,P0034,C02717,2,7586.4,2026-03-04 04:58:00,UPI
T003398,S023,P0244,C01055,1,8989.85,2026-06-13 03:27:00,Wallet
T003399,S005,P0232,C00384,2,9748.13,2026-03-17 12:46:00,UPI
T003400,S015,P0730,C01770,4,3102.76,2026-01-14 11:57:00,Wallet
T003401,S021,P0416,C01323,3,4705.01,2026-04-30 13:11:00,UPI
T003402,S009,P0333,C00960,2,9722.19,2026-06-17 14:47:00,Card
T003403,S023,P0643,C02671,1,7801.9,2026-01-20 20:25:00,Wallet
T003404,S011,P0579,C01137,2,8102.63,2026-03-17 12:06:00,Card
T003405,S024,P0719,C00683,5,532.73,2026-05-12 18:49:00,Wallet
T003406,S022,P0076,C01911,5,6314.65,2026-05-03 01:22:00,UPI
T003407,S008,P0375,C02270,1,1939.64,2026-05-03 02:18:00,UPI
T003408,S006,P0341,C01856,2,5733.11,2026-04-01 11:18:00,UPI
T003409,S018,P0229,C01549,4,9936.26,2026-02-19 10:35:00,Wallet
T003410,S012,P0304,C01462,3,1895.43,2026-05-10 05:39:00,Card
T003411,S004,P0419,C00452,3,343.71,2026-01-03 03:27:00,UPI
T003412,S022,P0452,C00046,3,8196.17,2026-02-07 19:10:00,Cash
T003413,S006,P0510,C00035,3,1916.1,2026-03-11 02:02:00,Cash
T003414,S018,P0037,C02303,4,2580.83,2026-01-07 17:23:00,Wallet
T003415,S005,P0274,C01185,1,6974.26,2026-02-25 21:31:00,Card
T003416,S019,P0352,C02760,5,3229.8,2026-05-14 12:40:00,Wallet
T003417,S018,P0672,C00710,3,4881.93,2026-01-07 15:18:00,Wallet
T003418,S008,P0612,C00617,4,3735.5,2026-04-14 11:24:00,Cash
T003419,S013,P0442,C00103,1,3354.53,2026-06-06 15:42:00,Card
T003420,S003,P0343,C02726,3,746.07,2026-03-30 21:13:00,Cash
T003421,S025,P0090,C01977,5,646.74,2026-03-25 09:43:00,Wallet
T003422,S019,P0712,C01488,1,3112.13,2026-04-05 01:44:00,Card
T003423,S019,P0487,C02134,3,5663.34,2026-05-13 19:59:00,Cash
T003424,S015,P0224,C00275,2,2422.72,2026-02-01 14:57:00,Card
T003425,S017,P0274,C01029,3,6974.26,2026-05-05 14:47:00,UPI
T003426,S016,P0686,C00271,5,8846.41,2026-05-12 01:14:00,Wallet
T003427,S007,P0705,C00654,1,3427.16,2026-06-20 18:42:00,Cash
T003428,S009,P0427,C00366,4,7722.75,2026-05-25 17:16:00,Wallet
T003429,S023,P0079,C01311,2,3705.32,2026-01-18 05:14:00,Wallet
T003430,S005,P0789,C01374,2,1259.63,2026-04-07 11:16:00,Card
T003431,S025,P0131,C02766,3,7488.79,2026-06-19 15:00:00,Wallet
T003432,S004,P0041,C02771,5,7624.7,2026-06-12 09:07:00,UPI
T003433,S023,P0110,C01105,5,8676.8,2026-02-06 04:51:00,UPI
T003434,S003,P0172,C02388,4,9652.99,2026-02-20 03:10:00,Cash
T003435,S022,P0045,C02276,5,3896.94,2026-06-07 13:06:00,Cash
T003436,S018,P0253,C01833,3,933.38,2026-03-12 13:27:00,UPI
T003437,S004,P0140,C01646,5,1042.27,2026-02-26 01:25:00,Wallet
T003438,S001,P0773,C02464,2,8629.97,2026-01-12 10:20:00,UPI
T003439,S017,P0534,C00075,3,440.62,2026-01-04 04:32:00,UPI
T003440,S002,P0338,C02681,5,2418.15,2026-02-19 14:16:00,UPI
T003441,S007,P0275,C00066,2,7489.31,2026-05-26 06:36:00,Cash
T003442,S002,P0730,C00104,3,3102.76,2026-04-17 05:10:00,UPI
T003443,S011,P0712,C02957,1,3112.13,2026-04-20 18:40:00,Wallet
T003444,S021,P0728,C00907,3,134.65,2026-05-26 08:42:00,Wallet
T003445,S021,P0606,C02418,1,3619.28,2026-02-23 00:01:00,Card
T003446,S004,P0109,C00967,1,8805.73,2026-01-17 05:34:00,Wallet
T003447,S010,P0719,C01700,5,532.73,2026-01-10 09:03:00,Wallet
T003448,S006,P0023,C00562,1,7075.84,2026-05-04 02:15:00,Cash
T003449,S025,P0441,C01836,4,5390.46,2026-02-26 15:59:00,Cash
T003450,S005,P0148,C02072,1,1255.74,2026-02-12 22:57:00,Cash
T003451,S013,P0580,C02146,2,2979.67,2026-05-07 03:53:00,Card
T003452,S020,P0053,C01873,3,707.1,2026-01-21 22:50:00,Cash
T003453,S020,P0599,C02828,3,1062.46,2026-04-28 11:41:00,UPI
T003454,S019,P0177,C01593,1,4946.27,2026-06-07 12:42:00,Card
T003455,S003,P0001,C01003,2,8187.68,2026-05-01 08:48:00,Cash
T003456,S014,P0763,C01773,3,3914.29,2026-05-28 19:03:00,Cash
T003457,S025,P0508,C02931,1,2136.59,2026-05-21 11:17:00,Wallet
T003458,S017,P0401,C01452,4,8837.96,2026-06-11 22:41:00,UPI
T003459,S019,P0217,C00093,3,3503.09,2026-03-25 17:58:00,Cash
T003460,S017,P0059,C01242,2,8701.51,2026-02-09 22:47:00,Wallet
T003461,S013,P0298,C02660,1,5929.04,2026-06-24 20:07:00,Cash
T003462,S013,P0361,C00162,5,7663.58,2026-05-14 23:17:00,Card
T003463,S011,P0742,C02894,5,8185.79,2026-03-13 20:16:00,Card
T003464,S001,P0134,C00521,2,4143.39,2026-03-04 07:43:00,Wallet
T003465,S016,P0152,C01111,5,7394.01,2026-01-06 14:48:00,Wallet
T003466,S014,P0261,C00386,2,5766.11,2026-05-04 09:17:00,UPI
T003467,S012,P0223,C02743,5,1097.95,2026-03-26 17:22:00,Cash
T003468,S018,P0502,C01030,3,692.24,2026-03-18 17:01:00,Wallet
T003469,S023,P0122,C02065,1,8775.26,2026-04-14 01:45:00,Cash
T003470,S008,P0517,C00820,5,9679.49,2026-06-01 10:15:00,Cash
T003471,S012,P0038,C02123,2,393.26,2026-03-07 03:38:00,Cash
T003472,S022,P0649,C01144,2,9469.45,2026-02-07 18:56:00,Wallet
T003473,S019,P0528,C02173,3,3900.97,2026-02-27 07:28:00,UPI
T003474,S014,P0604,C00705,1,6814.35,2026-03-05 15:50:00,Wallet
T003475,S007,P0382,C01561,5,7873.11,2026-02-09 03:21:00,Card
T003476,S014,P0380,C02721,5,666.44,2026-06-28 18:30:00,Card
T003477,S005,P0470,C01785,2,205.3,2026-05-10 12:23:00,Card
T003478,S003,P0425,C02208,2,7476.59,2026-04-16 13:38:00,Card
T003479,S009,P0482,C01395,2,3807.98,2026-04-18 19:20:00,UPI
T003480,S024,P0546,C00844,5,6578.76,2026-03-26 10:12:00,Cash
T003481,S018,P0348,C02601,4,8457.98,2026-01-21 08:16:00,UPI
T003482,S001,P0165,C00550,5,384.86,2026-02-11 21:16:00,UPI
T003483,S022,P0466,C02037,1,4158.95,2026-05-04 22:37:00,UPI
T003484,S010,P0431,C00533,5,5205.67,2026-01-17 10:42:00,Cash
T003485,S022,P0019,C00547,4,1889.4,2026-01-15 14:52:00,Cash
T003486,S025,P0274,C01863,2,6974.26,2026-04-14 14:45:00,Cash
T003487,S004,P0683,C00875,3,8931.71,2026-02-09 14:08:00,Cash
T003488,S003,P0714,C01011,5,2457.7,2026-05-02 01:02:00,UPI
T003489,S008,P0761,C00889,2,1114.4,2026-03-27 12:38:00,UPI
T003490,S015,P0542,C01767,4,6397.18,2026-01-31 10:30:00,UPI
T003491,S024,P0435,C01729,4,1474.61,2026-03-02 16:36:00,Cash
T003492,S025,P0482,C01975,2,3807.98,2026-05-06 13:31:00,UPI
T003493,S022,P0730,C00400,1,3102.76,2026-05-31 07:18:00,UPI
T003494,S008,P0303,C00007,5,9525.43,2026-04-14 14:40:00,Cash
T003495,S006,P0253,C01919,5,933.38,2026-03-02 09:46:00,Wallet
T003496,S015,P0019,C00348,5,1889.4,2026-03-04 20:50:00,Wallet
T003497,S025,P0729,C01949,5,8802.63,2026-02-12 11:28:00,Cash
T003498,S024,P0660,C00909,2,7325.53,2026-02-10 20:24:00,Cash
T003499,S007,P0146,C00546,3,8790.18,2026-03-25 20:15:00,Card
T003500,S009,P0631,C00532,2,1960.93,2026-04-07 02:49:00,Card
T003501,S015,P0369,C02018,4,4587.77,2026-01-26 02:48:00,Card
T003502,S012,P0467,C01869,3,5109.04,2026-01-22 00:17:00,Wallet
T003503,S006,P0691,C01389,1,7534.79,2026-02-08 18:26:00,UPI
T003504,S012,P0675,C02135,5,8934.69,2026-04-20 16:48:00,Card
T003505,S017,P0096,C00409,3,8076.83,2026-01-24 23:48:00,Cash
T003506,S023,P0443,C00143,2,1796.09,2026-06-15 05:11:00,Wallet
T003507,S019,P0195,C02176,2,873.38,2026-01-14 00:04:00,Wallet
T003508,S018,P0729,C02189,4,8802.63,2026-05-01 06:03:00,Cash
T003509,S015,P0181,C00065,3,9734.39,2026-01-09 04:33:00,Cash
T003510,S025,P0705,C02564,5,3427.16,2026-03-16 12:31:00,Card
T003511,S020,P0378,C02718,5,4747.29,2026-06-23 23:24:00,Cash
T003512,S013,P0458,C01945,1,3532.14,2026-06-29 12:11:00,Card
T003513,S017,P0699,C02416,2,2063.28,2026-06-20 19:31:00,Cash
T003514,S005,P0248,C00536,1,9033.86,2026-01-23 01:22:00,Cash
T003515,S014,P0318,C01669,1,9340.72,2026-02-12 10:34:00,Wallet
T003516,S024,P0607,C01188,4,1260.73,2026-03-26 03:24:00,Wallet
T003517,S022,P0661,C01853,5,936.39,2026-01-10 19:53:00,UPI
T003518,S014,P0533,C02333,5,9271.54,2026-01-22 01:20:00,Card
T003519,S008,P0735,C01697,1,5391.49,2026-06-07 00:00:00,Cash
T003520,S025,P0634,C02944,3,5542.5,2026-02-19 05:48:00,Cash
T003521,S004,P0600,C00554,1,8512.12,2026-04-11 16:44:00,Cash
T003522,S008,P0767,C01795,2,6194.4,2026-01-28 09:07:00,Cash
T003523,S020,P0646,C00212,1,5928.39,2026-06-01 09:56:00,Cash
T003524,S016,P0472,C00876,4,774.55,2026-06-07 17:57:00,Wallet
T003525,S017,P0141,C01643,2,9316.54,2026-01-19 20:54:00,Wallet
T003526,S020,P0362,C01197,5,945.79,2026-03-14 04:43:00,Wallet
T003527,S003,P0696,C01904,5,916.89,2026-01-17 15:46:00,Wallet
T003528,S005,P0568,C02569,2,3547.51,2026-06-05 08:52:00,UPI
T003529,S001,P0046,C02254,1,4649.6,2026-02-10 21:57:00,UPI
T003530,S017,P0100,C01047,2,5501.88,2026-06-29 17:34:00,Wallet
T003531,S002,P0684,C01705,5,9893.76,2026-01-25 16:56:00,Wallet
T003532,S011,P0187,C01310,1,5154.45,2026-06-05 07:38:00,Wallet
T003533,S004,P0332,C02401,3,8935.46,2026-06-26 09:41:00,Cash
T003534,S023,P0597,C00176,5,3970.52,2026-01-09 13:25:00,Wallet
T003535,S022,P0456,C00403,1,9111.0,2026-03-28 22:41:00,UPI
T003536,S021,P0002,C02922,3,1803.85,2026-02-11 23:43:00,Cash
T003537,S006,P0528,C02846,4,3900.97,2026-05-02 15:26:00,Cash
T003538,S016,P0161,C02700,2,4221.55,2026-04-02 17:22:00,Cash
T003539,S013,P0738,C02836,5,9853.09,2026-03-20 10:01:00,Wallet
T003540,S020,P0358,C02883,2,8420.03,2026-06-17 13:41:00,Cash
T003541,S012,P0529,C00813,1,4146.0,2026-04-18 08:01:00,UPI
T003542,S015,P0468,C00510,5,6423.78,2026-03-21 22:44:00,Card
T003543,S006,P0761,C01360,1,1114.4,2026-03-25 07:11:00,Card
T003544,S011,P0263,C00843,2,3567.34,2026-03-03 15:44:00,Card
T003545,S022,P0443,C01898,3,1796.09,2026-02-08 05:17:00,Wallet
T003546,S015,P0697,C01983,4,7318.56,2026-01-10 02:42:00,Card
T003547,S013,P0257,C02959,2,8913.16,2026-01-16 20:03:00,Cash
T003548,S002,P0545,C01975,3,790.43,2026-01-31 05:02:00,Card
T003549,S010,P0682,C00286,1,4013.05,2026-01-28 15:19:00,Wallet
T003550,S001,P0614,C00378,3,5908.82,2026-02-02 05:05:00,Wallet
T003551,S017,P0489,C00308,2,2399.84,2026-01-19 09:38:00,UPI
T003552,S020,P0423,C00350,5,805.35,2026-03-27 23:28:00,UPI
T003553,S013,P0493,C01083,4,534.0,2026-03-23 19:46:00,Wallet
T003554,S016,P0619,C02038,3,731.92,2026-03-03 16:26:00,Card
T003555,S004,P0768,C00370,4,8965.31,2026-04-22 13:59:00,Card
T003556,S013,P0297,C00944,3,8087.52,2026-02-01 21:59:00,Wallet
T003557,S024,P0513,C02689,2,5966.04,2026-06-21 22:55:00,UPI
T003558,S025,P0224,C00630,3,2422.72,2026-05-22 20:03:00,Card
T003559,S023,P0397,C02347,3,306.84,2026-03-19 07:09:00,Card
T003560,S015,P0372,C01335,5,5991.23,2026-05-02 22:23:00,Wallet
T003561,S024,P0502,C00848,3,692.24,2026-01-09 12:25:00,UPI
T003562,S024,P0486,C02295,1,4214.23,2026-02-10 13:20:00,UPI
T003563,S017,P0678,C02045,2,4079.47,2026-02-19 11:46:00,Card
T003564,S015,P0669,C02439,3,9528.59,2026-01-17 01:40:00,Wallet
T003565,S024,P0275,C02974,4,7489.31,2026-01-09 08:36:00,UPI
T003566,S003,P0188,C02785,4,6641.47,2026-04-10 06:22:00,Cash
T003567,S007,P0625,C02858,5,5109.87,2026-05-08 15:49:00,Wallet
T003568,S025,P0687,C00969,1,2919.51,2026-06-18 13:34:00,Wallet
T003569,S013,P0181,C01808,3,9734.39,2026-03-24 15:20:00,Cash
T003570,S025,P0262,C00914,5,9830.21,2026-02-04 11:09:00,UPI
T003571,S021,P0598,C01305,1,6993.13,2026-04-19 22:28:00,Cash
T003572,S001,P0403,C01643,2,9771.12,2026-03-22 19:20:00,UPI
T003573,S013,P0668,C01614,2,1829.66,2026-06-29 06:16:00,Card
T003574,S012,P0729,C00484,1,8802.63,2026-01-02 05:36:00,UPI
T003575,S015,P0399,C01061,1,2476.48,2026-03-06 14:11:00,Wallet
T003576,S010,P0759,C02918,1,652.17,2026-01-24 16:37:00,UPI
T003577,S025,P0093,C00838,3,5751.64,2026-03-27 05:03:00,Card
T003578,S024,P0705,C02988,4,3427.16,2026-01-11 04:47:00,Card
T003579,S006,P0619,C01703,3,731.92,2026-03-03 17:30:00,Wallet
T003580,S011,P0644,C00669,5,196.65,2026-06-04 16:54:00,Wallet
T003581,S023,P0452,C01888,4,8196.17,2026-03-13 06:54:00,UPI
T003582,S017,P0343,C01477,3,746.07,2026-02-16 14:15:00,UPI
T003583,S023,P0486,C00366,2,4214.23,2026-01-10 00:18:00,Wallet
T003584,S011,P0624,C02464,1,8528.36,2026-06-11 12:18:00,Cash
T003585,S016,P0721,C02250,2,4538.97,2026-03-29 20:59:00,UPI
T003586,S019,P0051,C02691,2,3973.71,2026-04-06 11:30:00,Card
T003587,S007,P0223,C02849,1,1097.95,2026-01-01 03:34:00,Card
T003588,S007,P0401,C02087,5,8837.96,2026-05-04 17:06:00,Wallet
T003589,S006,P0269,C01724,1,6799.54,2026-02-21 07:12:00,UPI
T003590,S018,P0256,C01780,5,5260.23,2026-02-07 11:20:00,Cash
T003591,S016,P0078,C01474,4,9351.9,2026-06-24 22:28:00,UPI
T003592,S003,P0710,C00555,5,4772.38,2026-05-10 09:20:00,Cash
T003593,S003,P0177,C02869,3,4946.27,2026-05-16 13:20:00,Cash
T003594,S014,P0424,C00349,4,3403.2,2026-05-16 20:09:00,Cash
T003595,S006,P0345,C02286,5,1998.33,2026-06-06 20:53:00,Card
T003596,S012,P0226,C02838,3,1828.68,2026-02-20 14:50:00,Card
T003597,S018,P0708,C02240,3,3265.42,2026-01-11 15:31:00,Wallet
T003598,S007,P0685,C00106,4,3601.0,2026-06-01 18:40:00,UPI
T003599,S018,P0683,C00620,2,8931.71,2026-03-16 18:23:00,Card
T003600,S012,P0623,C00913,2,5792.3,2026-04-27 01:31:00,Card
T003601,S020,P0557,C01798,5,6068.55,2026-03-14 11:21:00,Wallet
T003602,S012,P0107,C01535,2,992.48,2026-01-05 13:54:00,Wallet
T003603,S014,P0308,C01985,2,4979.5,2026-05-31 21:24:00,Cash
T003604,S014,P0756,C02044,3,8540.93,2026-01-17 16:11:00,Cash
T003605,S002,P0693,C01475,3,1638.87,2026-04-17 15:49:00,Wallet
T003606,S008,P0701,C00619,5,1291.57,2026-06-05 19:31:00,UPI
T003607,S018,P0777,C00041,1,3589.83,2026-03-01 10:45:00,Cash
T003608,S017,P0744,C02803,1,2393.06,2026-06-01 07:36:00,UPI
T003609,S013,P0553,C01967,3,3486.3,2026-04-26 09:02:00,Cash
T003610,S018,P0360,C00105,3,5243.78,2026-03-18 22:15:00,UPI
T003611,S017,P0667,C00050,3,6112.0,2026-01-10 07:49:00,UPI
T003612,S021,P0112,C00007,5,8260.57,2026-06-21 19:46:00,Wallet
T003613,S009,P0499,C02436,4,3884.48,2026-03-07 13:28:00,Cash
T003614,S019,P0512,C01783,1,9387.92,2026-03-09 00:08:00,Card
T003615,S014,P0458,C02177,5,3532.14,2026-05-16 07:49:00,Wallet
T003616,S013,P0199,C01574,3,6222.14,2026-01-11 07:34:00,Cash
T003617,S010,P0249,C00899,2,4250.12,2026-04-26 08:09:00,Wallet
T003618,S014,P0454,C01133,5,2095.86,2026-04-12 00:04:00,Card
T003619,S005,P0204,C01965,5,951.33,2026-04-21 01:37:00,Card
T003620,S017,P0710,C01763,2,4772.38,2026-01-20 09:20:00,UPI
T003621,S001,P0631,C00305,3,1960.93,2026-05-18 18:39:00,Card
T003622,S007,P0224,C01987,3,2422.72,2026-04-17 00:33:00,Wallet
T003623,S002,P0251,C01181,3,7031.92,2026-05-09 21:50:00,Cash
T003624,S010,P0169,C00473,5,8645.46,2026-03-20 20:29:00,UPI
T003625,S009,P0328,C02595,1,9147.78,2026-06-19 01:44:00,Wallet
T003626,S020,P0134,C01707,1,4143.39,2026-05-08 19:48:00,Wallet
T003627,S006,P0657,C02309,4,9529.9,2026-02-24 18:13:00,UPI
T003628,S016,P0277,C01456,5,3757.9,2026-06-19 18:51:00,Wallet
T003629,S001,P0242,C01679,4,1599.95,2026-03-15 03:57:00,Cash
T003630,S018,P0595,C00471,5,3060.11,2026-03-02 13:16:00,UPI
T003631,S024,P0450,C01221,4,4833.69,2026-05-24 11:12:00,Card
T003632,S007,P0399,C01786,3,2476.48,2026-02-15 18:36:00,Wallet
T003633,S012,P0662,C02166,5,8101.63,2026-06-17 06:50:00,Wallet
T003634,S022,P0307,C02073,5,2471.27,2026-01-04 23:23:00,Cash
T003635,S004,P0671,C01484,4,8333.09,2026-04-20 02:43:00,Card
T003636,S018,P0116,C02588,5,2079.75,2026-03-26 22:04:00,Cash
T003637,S013,P0269,C01082,5,6799.54,2026-03-04 16:22:00,UPI
T003638,S011,P0446,C00996,5,2137.33,2026-01-06 03:23:00,Card
T003639,S016,P0348,C01962,3,8457.98,2026-02-03 08:48:00,Wallet
T003640,S015,P0495,C01138,2,2593.21,2026-02-13 22:26:00,Card
T003641,S017,P0082,C00581,2,2741.65,2026-03-16 22:55:00,Cash
T003642,S012,P0528,C01865,4,3900.97,2026-03-07 14:11:00,Wallet
T003643,S018,P0075,C02543,1,6747.45,2026-02-11 14:33:00,Wallet
T003644,S019,P0341,C01530,4,5733.11,2026-02-22 05:35:00,Card
T003645,S020,P0130,C02993,2,7163.28,2026-04-03 03:19:00,UPI
T003646,S011,P0655,C00117,1,7096.19,2026-03-15 10:33:00,UPI
T003647,S024,P0328,C01175,3,9147.78,2026-05-19 23:36:00,UPI
T003648,S011,P0449,C00943,4,9895.99,2026-05-21 21:48:00,Cash
T003649,S024,P0292,C00133,3,2004.02,2026-01-18 02:36:00,UPI
T003650,S010,P0586,C00918,3,1154.2,2026-02-09 04:08:00,Card
T003651,S022,P0298,C01675,2,5929.04,2026-01-01 08:10:00,Wallet
T003652,S020,P0106,C00552,2,176.87,2026-01-17 09:13:00,Card
T003653,S011,P0253,C00227,4,933.38,2026-02-15 03:52:00,Card
T003654,S023,P0208,C01524,2,2092.25,2026-04-26 11:31:00,Cash
T003655,S019,P0628,C01935,3,1483.56,2026-02-01 17:04:00,UPI
T003656,S017,P0585,C01622,2,7994.43,2026-05-17 15:52:00,Card
T003657,S020,P0748,C02884,1,3169.59,2026-05-11 04:10:00,Wallet
T003658,S018,P0001,C02152,4,8187.68,2026-05-04 22:48:00,Wallet
T003659,S021,P0783,C02578,3,7059.62,2026-06-07 09:29:00,Wallet
T003660,S005,P0517,C02670,5,9679.49,2026-01-22 12:09:00,Wallet
T003661,S008,P0195,C01905,4,873.38,2026-01-24 12:03:00,UPI
T003662,S008,P0603,C01921,4,7378.66,2026-02-15 13:14:00,Card
T003663,S001,P0448,C01577,4,1800.07,2026-02-18 18:36:00,Wallet
T003664,S017,P0674,C02333,4,9237.26,2026-03-06 00:37:00,Cash
T003665,S022,P0344,C00046,1,2669.28,2026-06-08 02:56:00,Cash
T003666,S015,P0285,C01491,1,8360.15,2026-01-17 05:32:00,Card
T003667,S020,P0616,C01638,2,3900.2,2026-02-07 11:40:00,UPI
T003668,S015,P0703,C00335,1,6202.03,2026-02-11 17:49:00,Card
T003669,S013,P0728,C00746,2,134.65,2026-06-26 18:15:00,Cash
T003670,S006,P0152,C01838,5,7394.01,2026-02-19 16:20:00,Cash
T003671,S001,P0297,C01581,2,8087.52,2026-06-11 11:59:00,Cash
T003672,S024,P0637,C01247,1,797.52,2026-01-08 11:36:00,Cash
T003673,S003,P0436,C02048,1,5047.02,2026-04-10 14:45:00,Wallet
T003674,S019,P0453,C01309,2,5915.17,2026-01-27 17:29:00,Wallet
T003675,S018,P0169,C01139,3,8645.46,2026-04-14 07:14:00,UPI
T003676,S015,P0734,C02418,5,8745.49,2026-02-12 06:29:00,UPI
T003677,S010,P0519,C02750,5,1759.88,2026-06-08 21:45:00,UPI
T003678,S025,P0507,C01349,3,8483.65,2026-05-04 20:00:00,Card
T003679,S012,P0708,C02256,1,3265.42,2026-06-28 02:17:00,Card
T003680,S020,P0760,C01606,3,308.96,2026-02-28 22:25:00,Wallet
T003681,S007,P0146,C01792,5,8790.18,2026-05-07 19:01:00,Cash
T003682,S012,P0035,C01858,1,6699.1,2026-04-28 13:13:00,UPI
T003683,S020,P0195,C00187,4,873.38,2026-03-24 21:55:00,Wallet
T003684,S025,P0460,C00745,1,4631.5,2026-04-05 06:47:00,Card
T003685,S013,P0548,C00438,3,1900.64,2026-01-11 01:14:00,Card
T003686,S006,P0567,C01843,1,2411.23,2026-04-26 06:25:00,Wallet
T003687,S015,P0534,C01367,2,440.62,2026-01-01 19:29:00,Card
T003688,S006,P0115,C01183,5,6337.55,2026-04-01 00:35:00,Cash
T003689,S004,P0087,C00913,4,2098.71,2026-06-20 12:42:00,Wallet
T003690,S023,P0248,C00011,4,9033.86,2026-06-16 11:33:00,Card
T003691,S012,P0580,C00145,5,2979.67,2026-04-17 00:15:00,Card
T003692,S009,P0035,C01672,5,6699.1,2026-03-22 15:49:00,Card
T003693,S014,P0436,C02114,1,5047.02,2026-01-22 04:34:00,Wallet
T003694,S013,P0166,C00815,5,6319.73,2026-01-25 20:17:00,Wallet
T003695,S002,P0345,C02731,4,1998.33,2026-05-14 19:09:00,Wallet
T003696,S012,P0487,C01970,3,5663.34,2026-01-30 20:14:00,Cash
T003697,S010,P0460,C00998,3,4631.5,2026-02-04 16:09:00,UPI
T003698,S016,P0004,C01305,4,1339.91,2026-05-07 18:53:00,Card
T003699,S002,P0363,C00049,3,3200.47,2026-05-22 11:37:00,Card
T003700,S021,P0337,C02820,5,1994.97,2026-01-31 21:19:00,UPI
T003701,S011,P0027,C02574,5,8581.06,2026-01-09 21:46:00,Cash
T003702,S007,P0542,C01834,2,6397.18,2026-03-23 08:23:00,Cash
T003703,S025,P0497,C02064,3,1834.78,2026-03-21 18:19:00,Cash
T003704,S002,P0484,C02578,2,8222.21,2026-04-19 10:00:00,UPI
T003705,S001,P0157,C01181,1,4630.82,2026-01-10 03:38:00,Cash
T003706,S015,P0088,C01515,1,2657.13,2026-01-15 10:14:00,Cash
T003707,S013,P0594,C01003,1,9238.26,2026-06-20 04:40:00,Wallet
T003708,S014,P0015,C02143,1,5334.5,2026-06-28 08:48:00,UPI
T003709,S021,P0089,C01407,3,6477.51,2026-04-08 05:13:00,Wallet
T003710,S021,P0448,C00366,2,1800.07,2026-03-13 11:36:00,Cash
T003711,S015,P0018,C02887,3,7010.52,2026-04-16 02:32:00,Cash
T003712,S010,P0047,C00173,1,8857.53,2026-05-16 12:25:00,Cash
T003713,S021,P0566,C01233,1,6373.4,2026-01-20 17:00:00,Card
T003714,S001,P0134,C02565,4,4143.39,2026-03-20 10:14:00,Wallet
T003715,S021,P0585,C02552,1,7994.43,2026-04-15 00:46:00,Wallet
T003716,S020,P0318,C02487,3,9340.72,2026-01-07 09:43:00,Card
T003717,S024,P0341,C01791,3,5733.11,2026-03-25 06:18:00,UPI
T003718,S007,P0695,C00923,4,4398.85,2026-01-24 04:41:00,Card
T003719,S005,P0414,C01200,4,1428.87,2026-05-15 20:34:00,Card
T003720,S025,P0312,C01487,3,2537.53,2026-06-03 03:25:00,UPI
T003721,S024,P0497,C00158,5,1834.78,2026-04-03 03:52:00,Card
T003722,S025,P0242,C01432,1,1599.95,2026-01-25 09:01:00,Cash
T003723,S009,P0659,C02736,2,7727.73,2026-03-27 10:51:00,Cash
T003724,S021,P0663,C02606,5,4847.59,2026-02-01 06:14:00,Wallet
T003725,S022,P0412,C02877,2,4018.41,2026-05-28 07:14:00,UPI
T003726,S009,P0789,C00167,1,1259.63,2026-05-30 02:41:00,Cash
T003727,S001,P0217,C02424,5,3503.09,2026-03-01 01:40:00,Cash
T003728,S025,P0719,C02967,5,532.73,2026-03-12 10:37:00,Wallet
T003729,S011,P0508,C02589,2,2136.59,2026-05-21 18:28:00,UPI
T003730,S013,P0309,C00042,5,2764.95,2026-01-21 18:44:00,UPI
T003731,S019,P0757,C01793,1,4855.21,2026-05-28 23:34:00,Wallet
T003732,S001,P0216,C00302,4,304.99,2026-05-20 10:08:00,UPI
T003733,S018,P0408,C01665,5,5035.02,2026-05-22 22:27:00,UPI
T003734,S021,P0229,C00073,2,9936.26,2026-03-18 03:25:00,Cash
T003735,S022,P0389,C02469,1,8090.99,2026-04-14 01:23:00,Card
T003736,S002,P0563,C00393,3,6057.9,2026-03-21 14:20:00,UPI
T003737,S009,P0391,C01034,3,828.94,2026-01-24 22:27:00,Wallet
T003738,S015,P0395,C00629,3,3463.19,2026-03-27 09:11:00,Card
T003739,S008,P0115,C00635,3,6337.55,2026-01-14 04:40:00,Wallet
T003740,S013,P0111,C00522,4,9271.32,2026-01-18 03:13:00,Wallet
T003741,S025,P0405,C00706,2,2546.0,2026-05-31 00:08:00,Cash
T003742,S010,P0511,C02617,5,791.85,2026-01-28 16:16:00,Wallet
T003743,S018,P0287,C01491,1,1573.93,2026-01-11 16:00:00,UPI
T003744,S020,P0647,C02311,5,7033.51,2026-04-03 13:51:00,Wallet
T003745,S021,P0123,C01910,2,9485.28,2026-05-19 03:38:00,Card
T003746,S004,P0092,C01380,4,4028.26,2026-03-09 05:25:00,Wallet
T003747,S013,P0038,C01138,2,393.26,2026-06-01 19:09:00,UPI
T003748,S003,P0272,C01035,4,1528.03,2026-03-05 02:47:00,Wallet
T003749,S009,P0341,C00152,3,5733.11,2026-03-27 05:44:00,UPI
T003750,S009,P0379,C00760,4,3750.42,2026-02-17 22:08:00,Cash
T003751,S024,P0354,C02795,5,9782.15,2026-05-26 23:55:00,Card
T003752,S010,P0614,C01697,5,5908.82,2026-01-27 21:31:00,Cash
T003753,S004,P0264,C00354,5,7171.07,2026-01-05 16:03:00,Card
T003754,S002,P0748,C01897,5,3169.59,2026-02-25 04:19:00,Cash
T003755,S014,P0610,C02073,4,6910.04,2026-02-13 23:17:00,Card
T003756,S018,P0022,C02470,2,1191.13,2026-05-11 08:08:00,Card
T003757,S013,P0455,C01010,5,8262.37,2026-04-15 00:10:00,Cash
T003758,S006,P0754,C00675,3,7723.16,2026-06-24 17:51:00,Wallet
T003759,S023,P0687,C01708,1,2919.51,2026-03-11 19:41:00,Wallet
T003760,S010,P0289,C02703,1,9583.99,2026-02-18 16:48:00,Wallet
T003761,S006,P0268,C01107,1,4813.91,2026-05-21 08:07:00,Wallet
T003762,S012,P0711,C00508,2,1928.92,2026-01-16 14:40:00,Card
T003763,S012,P0290,C00635,3,8671.94,2026-02-24 20:55:00,Cash
T003764,S007,P0395,C00354,5,3463.19,2026-06-20 13:15:00,Card
T003765,S003,P0441,C02949,2,5390.46,2026-02-19 18:00:00,Card
T003766,S023,P0547,C01048,1,3808.05,2026-03-16 11:45:00,Cash
T003767,S019,P0353,C00297,1,908.91,2026-02-04 13:48:00,Cash
T003768,S025,P0280,C00543,3,7858.55,2026-06-01 14:02:00,Card
T003769,S012,P0493,C01390,1,534.0,2026-05-29 09:49:00,Wallet
T003770,S017,P0555,C02062,1,2733.2,2026-03-10 08:30:00,Cash
T003771,S023,P0663,C02153,2,4847.59,2026-06-07 04:15:00,UPI
T003772,S003,P0450,C00641,4,4833.69,2026-06-30 14:20:00,Card
T003773,S010,P0401,C00771,2,8837.96,2026-03-07 22:07:00,UPI
T003774,S022,P0709,C02720,2,104.31,2026-06-04 16:59:00,Card
T003775,S024,P0501,C02169,1,2439.32,2026-01-01 03:54:00,Card
T003776,S006,P0156,C01666,4,502.84,2026-04-14 20:09:00,Wallet
T003777,S014,P0254,C00999,2,7277.48,2026-02-18 08:38:00,Card
T003778,S015,P0460,C01832,4,4631.5,2026-06-26 04:22:00,Cash
T003779,S017,P0445,C02517,3,1947.25,2026-05-28 06:17:00,UPI
T003780,S025,P0595,C02600,3,3060.11,2026-06-14 19:48:00,Wallet
T003781,S025,P0551,C01829,4,8695.78,2026-01-31 22:54:00,Cash
T003782,S019,P0598,C02810,2,6993.13,2026-03-05 04:31:00,Cash
T003783,S007,P0275,C02487,5,7489.31,2026-01-11 07:52:00,UPI
T003784,S012,P0207,C01709,4,293.32,2026-03-05 01:35:00,Wallet
T003785,S014,P0161,C02981,4,4221.55,2026-01-19 23:20:00,Cash
T003786,S022,P0727,C02473,1,4067.4,2026-04-12 04:32:00,Cash
T003787,S015,P0236,C01657,4,7351.26,2026-02-25 09:26:00,Card
T003788,S007,P0782,C00765,1,5850.54,2026-01-29 19:36:00,UPI
T003789,S004,P0407,C00506,2,1756.59,2026-01-01 22:14:00,Wallet
T003790,S011,P0461,C02445,1,3995.16,2026-02-23 03:46:00,Card
T003791,S018,P0310,C00169,2,747.04,2026-06-28 00:28:00,Card
T003792,S021,P0194,C00818,1,3478.21,2026-04-16 03:39:00,Cash
T003793,S017,P0681,C02983,1,7716.53,2026-03-29 07:02:00,UPI
T003794,S009,P0108,C01631,4,8607.23,2026-04-25 04:55:00,UPI
T003795,S005,P0162,C01023,4,6800.39,2026-02-07 22:07:00,UPI
T003796,S017,P0123,C02446,2,9485.28,2026-02-01 12:35:00,Cash
T003797,S012,P0199,C00295,1,6222.14,2026-03-25 14:01:00,Cash
T003798,S019,P0794,C02737,2,222.53,2026-04-07 22:30:00,Wallet
T003799,S016,P0558,C00387,3,7592.43,2026-05-13 23:13:00,Card
T003800,S019,P0267,C00355,3,910.28,2026-03-12 15:08:00,UPI
T003801,S025,P0023,C02760,4,7075.84,2026-06-19 06:52:00,Wallet
T003802,S006,P0013,C02049,4,3585.81,2026-06-12 04:58:00,Card
T003803,S002,P0733,C01557,3,9425.26,2026-02-22 13:17:00,Cash
T003804,S014,P0407,C00156,2,1756.59,2026-04-01 06:25:00,Card
T003805,S018,P0147,C01274,4,7130.53,2026-06-20 22:36:00,Card
T003806,S021,P0149,C01380,1,8728.63,2026-03-04 16:43:00,Card
T003807,S025,P0437,C02627,1,4248.56,2026-05-06 09:20:00,Card
T003808,S005,P0346,C00177,4,6837.74,2026-04-22 01:40:00,UPI
T003809,S002,P0062,C02169,3,2738.53,2026-03-06 00:06:00,UPI
T003810,S019,P0331,C01967,5,7893.32,2026-04-21 15:49:00,Wallet
T003811,S005,P0668,C00073,4,1829.66,2026-02-10 02:05:00,UPI
T003812,S016,P0039,C02312,5,6812.26,2026-01-16 15:39:00,Cash
T003813,S013,P0189,C01732,5,2622.12,2026-05-15 09:52:00,Wallet
T003814,S007,P0384,C00204,5,8533.89,2026-02-22 14:06:00,Wallet
T003815,S018,P0566,C00381,4,6373.4,2026-01-29 09:48:00,Card
T003816,S015,P0117,C01192,1,1196.2,2026-02-06 09:40:00,Card
T003817,S017,P0483,C00803,1,257.78,2026-03-13 06:02:00,Wallet
T003818,S019,P0085,C01150,2,7989.74,2026-04-20 00:28:00,UPI
T003819,S020,P0200,C02536,1,8064.94,2026-05-02 18:04:00,Card
T003820,S024,P0027,C00214,3,8581.06,2026-01-17 20:01:00,Wallet
T003821,S016,P0182,C01630,1,5319.06,2026-04-27 11:52:00,UPI
T003822,S016,P0648,C00727,3,6112.92,2026-03-19 21:59:00,Cash
T003823,S020,P0526,C01337,4,9168.71,2026-02-27 15:20:00,Card
T003824,S015,P0065,C00947,2,6938.55,2026-02-21 23:29:00,Card
T003825,S006,P0546,C00481,3,6578.76,2026-03-12 16:16:00,Card
T003826,S005,P0611,C00849,2,7798.54,2026-04-10 09:12:00,Wallet
T003827,S025,P0687,C02782,2,2919.51,2026-02-11 16:23:00,Cash
T003828,S010,P0263,C00153,1,3567.34,2026-02-26 14:57:00,Card
T003829,S016,P0564,C02802,3,3746.46,2026-02-04 00:35:00,Cash
T003830,S017,P0299,C00962,1,4425.47,2026-03-02 22:01:00,Wallet
T003831,S009,P0319,C01479,5,8409.93,2026-05-05 13:07:00,Wallet
T003832,S016,P0560,C00214,1,9414.81,2026-02-26 18:49:00,Card
T003833,S007,P0755,C01105,4,7943.76,2026-05-11 21:54:00,Wallet
T003834,S008,P0421,C02453,5,8440.77,2026-02-07 03:44:00,Wallet
T003835,S021,P0359,C01473,3,2458.76,2026-03-10 12:39:00,UPI
T003836,S008,P0287,C01378,5,1573.93,2026-05-14 08:41:00,Wallet
T003837,S024,P0370,C00159,1,3461.2,2026-06-26 03:22:00,Wallet
T003838,S020,P0766,C01904,1,9568.02,2026-03-11 22:28:00,UPI
T003839,S015,P0750,C00772,1,4603.74,2026-05-13 10:35:00,Card
T003840,S008,P0098,C02582,1,4449.81,2026-04-14 00:41:00,Cash
T003841,S001,P0602,C02895,5,8981.46,2026-01-17 19:21:00,Cash
T003842,S004,P0198,C00859,2,6947.88,2026-01-28 08:14:00,Cash
T003843,S014,P0690,C01723,5,4940.77,2026-03-14 08:36:00,Cash
T003844,S003,P0019,C00474,1,1889.4,2026-03-04 22:48:00,Cash
T003845,S020,P0416,C00127,1,4705.01,2026-05-23 20:56:00,Card
T003846,S001,P0214,C01339,2,2750.7,2026-05-28 18:05:00,Wallet
T003847,S002,P0171,C00714,4,1015.26,2026-02-16 21:25:00,Card
T003848,S005,P0080,C01589,3,7488.69,2026-05-08 18:02:00,Wallet
T003849,S004,P0409,C00929,2,7152.62,2026-01-01 05:05:00,Wallet
T003850,S018,P0097,C01200,1,1527.35,2026-01-06 11:10:00,Card
T003851,S003,P0195,C00432,1,873.38,2026-06-26 18:54:00,Wallet
T003852,S004,P0088,C02831,4,2657.13,2026-04-18 19:23:00,Cash
T003853,S002,P0325,C01906,3,9797.44,2026-03-29 00:02:00,Cash
T003854,S022,P0781,C00452,5,5370.5,2026-05-04 06:36:00,Cash
T003855,S020,P0030,C02270,1,4007.63,2026-02-17 03:42:00,UPI
T003856,S025,P0006,C01363,4,7768.45,2026-03-20 14:30:00,Wallet
T003857,S006,P0239,C02612,3,8363.65,2026-03-06 23:45:00,Wallet
T003858,S012,P0232,C01495,5,9748.13,2026-03-11 20:00:00,UPI
T003859,S012,P0484,C01771,2,8222.21,2026-02-21 21:27:00,Card
T003860,S021,P0271,C00449,2,9964.47,2026-04-13 22:51:00,UPI
T003861,S017,P0154,C02886,2,1912.1,2026-06-04 19:17:00,Wallet
T003862,S013,P0491,C00401,1,3951.95,2026-05-25 12:10:00,Wallet
T003863,S006,P0335,C01735,1,3766.76,2026-01-25 12:58:00,Cash
T003864,S012,P0596,C00687,2,3439.36,2026-05-01 21:19:00,Wallet
T003865,S003,P0451,C01818,3,1385.33,2026-02-20 08:21:00,Cash
T003866,S016,P0594,C00180,3,9238.26,2026-03-25 01:33:00,UPI
T003867,S005,P0511,C01381,2,791.85,2026-03-28 12:10:00,Card
T003868,S020,P0731,C02032,5,5565.29,2026-05-01 08:13:00,Wallet
T003869,S006,P0711,C02776,3,1928.92,2026-05-17 11:22:00,Wallet
T003870,S015,P0125,C01294,5,7041.49,2026-05-07 07:46:00,UPI
T003871,S008,P0411,C02985,5,2150.28,2026-04-21 19:11:00,UPI
T003872,S004,P0489,C00434,3,2399.84,2026-01-05 23:32:00,UPI
T003873,S024,P0069,C01058,2,2943.82,2026-01-20 03:31:00,Cash
T003874,S023,P0119,C00644,3,4834.82,2026-05-25 04:40:00,Cash
T003875,S015,P0374,C01251,4,3617.37,2026-03-01 14:01:00,Card
T003876,S015,P0077,C02756,2,2207.23,2026-01-12 06:59:00,UPI
T003877,S003,P0759,C01925,3,652.17,2026-04-30 14:04:00,UPI
T003878,S020,P0699,C01679,4,2063.28,2026-05-17 02:28:00,Cash
T003879,S018,P0318,C01301,1,9340.72,2026-01-27 23:14:00,Cash
T003880,S009,P0488,C00021,2,9348.84,2026-05-21 15:03:00,UPI
T003881,S016,P0126,C02661,1,6217.24,2026-02-04 07:32:00,Wallet
T003882,S013,P0092,C01891,1,4028.26,2026-02-24 07:27:00,UPI
T003883,S004,P0212,C02664,1,2394.87,2026-04-05 03:18:00,UPI
T003884,S007,P0689,C00515,4,9487.92,2026-01-10 08:45:00,Card
T003885,S021,P0093,C02723,5,5751.64,2026-01-03 20:03:00,UPI
T003886,S008,P0466,C00665,1,4158.95,2026-04-15 04:06:00,Cash
T003887,S012,P0482,C02405,4,3807.98,2026-03-13 21:56:00,Wallet
T003888,S003,P0266,C00051,1,4596.66,2026-05-31 15:21:00,UPI
T003889,S010,P0682,C02663,3,4013.05,2026-02-23 03:11:00,Card
T003890,S023,P0800,C01634,1,9198.59,2026-03-29 08:04:00,Wallet
T003891,S003,P0567,C00609,3,2411.23,2026-06-06 04:03:00,UPI
T003892,S009,P0432,C01148,2,3471.53,2026-01-24 08:32:00,Card
T003893,S004,P0311,C02707,1,9144.98,2026-06-03 18:19:00,Cash
T003894,S022,P0485,C01299,3,7988.55,2026-06-11 08:13:00,Wallet
T003895,S025,P0447,C00592,3,4600.17,2026-01-12 16:14:00,Card
T003896,S021,P0130,C00938,1,7163.28,2026-06-26 09:27:00,Wallet
T003897,S003,P0301,C00518,1,5462.61,2026-05-19 05:42:00,Wallet
T003898,S002,P0524,C01072,4,5664.21,2026-06-18 23:45:00,Card
T003899,S004,P0531,C02448,3,9574.26,2026-01-02 16:42:00,Cash
T003900,S009,P0629,C00610,2,6100.1,2026-02-25 14:03:00,Wallet
T003901,S003,P0401,C01305,2,8837.96,2026-03-26 03:24:00,Wallet
T003902,S011,P0294,C01740,3,5075.12,2026-01-23 17:11:00,Card
T003903,S014,P0780,C00957,1,5537.46,2026-05-30 07:49:00,Cash
T003904,S014,P0595,C01289,1,3060.11,2026-05-28 09:28:00,UPI
T003905,S004,P0798,C01326,3,6080.32,2026-01-01 14:34:00,UPI
T003906,S021,P0708,C00874,4,3265.42,2026-06-28 11:54:00,UPI
T003907,S021,P0230,C02630,3,8972.55,2026-04-02 15:26:00,Wallet
T003908,S025,P0761,C00992,1,1114.4,2026-05-23 23:45:00,UPI
T003909,S022,P0509,C02226,5,6118.83,2026-02-12 00:55:00,UPI
T003910,S014,P0655,C01981,5,7096.19,2026-01-25 21:24:00,Cash
T003911,S004,P0464,C01540,1,9923.66,2026-05-27 00:43:00,Card
T003912,S023,P0015,C01124,1,5334.5,2026-06-20 09:23:00,Cash
T003913,S016,P0650,C01140,3,8079.24,2026-02-19 05:52:00,Cash
T003914,S009,P0511,C00985,2,791.85,2026-02-10 07:59:00,Card
T003915,S016,P0381,C02681,5,4277.41,2026-01-12 06:07:00,Card
T003916,S002,P0443,C02470,4,1796.09,2026-02-20 07:08:00,UPI
T003917,S025,P0681,C01748,5,7716.53,2026-02-20 04:31:00,Cash
T003918,S003,P0160,C01487,2,5876.12,2026-03-17 15:43:00,Wallet
T003919,S001,P0328,C00200,3,9147.78,2026-01-16 22:35:00,Card
T003920,S024,P0486,C00076,1,4214.23,2026-04-26 07:42:00,UPI
T003921,S013,P0531,C01342,5,9574.26,2026-06-08 04:35:00,Wallet
T003922,S024,P0276,C02639,1,6054.84,2026-01-09 04:01:00,Cash
T003923,S011,P0174,C02313,1,2919.87,2026-02-22 12:30:00,Cash
T003924,S016,P0034,C02454,3,7586.4,2026-06-10 10:13:00,Card
T003925,S009,P0515,C00277,5,7243.57,2026-06-25 14:44:00,Wallet
T003926,S013,P0748,C00628,4,3169.59,2026-02-09 23:28:00,UPI
T003927,S020,P0407,C00842,5,1756.59,2026-01-17 05:25:00,Card
T003928,S021,P0295,C00316,4,9626.53,2026-05-02 12:54:00,UPI
T003929,S009,P0093,C02445,3,5751.64,2026-01-02 05:50:00,UPI
T003930,S006,P0707,C02954,4,3698.4,2026-04-06 01:11:00,Wallet
T003931,S001,P0526,C02647,5,9168.71,2026-05-17 05:58:00,UPI
T003932,S003,P0404,C02058,2,8557.91,2026-06-25 14:20:00,UPI
T003933,S015,P0154,C02736,1,1912.1,2026-01-28 02:53:00,Cash
T003934,S005,P0618,C00572,5,4111.77,2026-02-10 07:13:00,Card
T003935,S006,P0215,C00989,1,4997.41,2026-01-19 05:14:00,Cash
T003936,S005,P0400,C01991,4,8795.04,2026-04-17 03:42:00,Cash
T003937,S017,P0003,C02827,2,2300.34,2026-04-22 07:49:00,Cash
T003938,S014,P0775,C01757,1,1219.32,2026-06-29 05:40:00,Card
T003939,S009,P0706,C01887,1,6473.34,2026-03-10 17:45:00,UPI
T003940,S016,P0195,C01144,2,873.38,2026-05-23 23:06:00,Wallet
T003941,S011,P0194,C00590,2,3478.21,2026-05-16 20:11:00,Wallet
T003942,S009,P0239,C02866,4,8363.65,2026-05-30 11:15:00,Card
T003943,S024,P0104,C02770,3,5571.01,2026-04-26 05:22:00,Card
T003944,S006,P0013,C02496,3,3585.81,2026-06-02 18:11:00,UPI
T003945,S016,P0450,C02433,2,4833.69,2026-06-19 19:21:00,Cash
T003946,S015,P0115,C01514,5,6337.55,2026-02-25 15:19:00,UPI
T003947,S010,P0633,C02904,5,2845.22,2026-04-19 05:52:00,Card
T003948,S019,P0351,C00207,3,2850.54,2026-06-06 15:11:00,Card
T003949,S021,P0680,C01352,2,4165.12,2026-03-13 10:46:00,UPI
T003950,S012,P0785,C02354,3,9579.4,2026-03-08 20:41:00,Wallet
T003951,S008,P0507,C02490,5,8483.65,2026-02-24 00:41:00,Wallet
T003952,S016,P0303,C02751,2,9525.43,2026-02-20 13:51:00,Card
T003953,S015,P0472,C02397,3,774.55,2026-03-17 12:49:00,Card
T003954,S014,P0228,C02133,1,1293.81,2026-05-18 15:52:00,UPI
T003955,S003,P0131,C02388,2,7488.79,2026-01-24 19:50:00,Card
T003956,S022,P0329,C00425,1,141.36,2026-01-30 23:42:00,UPI
T003957,S002,P0246,C02686,2,938.3,2026-02-02 01:50:00,UPI
T003958,S007,P0031,C01948,3,739.63,2026-02-28 23:54:00,Cash
T003959,S006,P0784,C02771,1,2111.47,2026-05-17 03:51:00,Cash
T003960,S017,P0415,C02363,3,5235.33,2026-05-24 16:21:00,Cash
T003961,S006,P0729,C02998,1,8802.63,2026-04-12 22:10:00,Card
T003962,S006,P0143,C02988,2,3093.82,2026-05-29 04:36:00,Card
T003963,S016,P0175,C00137,5,4958.37,2026-01-14 17:40:00,Card
T003964,S002,P0537,C01318,4,1254.63,2026-02-16 18:23:00,Cash
T003965,S008,P0213,C02396,1,4276.85,2026-03-01 04:18:00,Wallet
T003966,S018,P0013,C02158,3,3585.81,2026-03-03 01:43:00,Wallet
T003967,S020,P0532,C00841,4,6385.3,2026-05-11 20:42:00,Card
T003968,S014,P0127,C00923,1,980.71,2026-05-20 02:31:00,Card
T003969,S017,P0144,C01540,1,9682.77,2026-03-03 18:23:00,UPI
T003970,S015,P0633,C02442,2,2845.22,2026-05-22 02:51:00,UPI
T003971,S008,P0382,C00438,5,7873.11,2026-03-28 17:55:00,UPI
T003972,S009,P0460,C02226,3,4631.5,2026-05-18 03:11:00,Card
T003973,S015,P0554,C00013,2,4902.42,2026-03-08 08:54:00,Cash
T003974,S018,P0666,C01793,2,9941.8,2026-03-27 18:44:00,UPI
T003975,S015,P0099,C00915,2,4953.55,2026-02-04 06:05:00,UPI
T003976,S009,P0688,C01025,5,7463.85,2026-01-12 14:35:00,Wallet
T003977,S011,P0174,C01255,3,2919.87,2026-05-06 07:00:00,Cash
T003978,S001,P0032,C01801,4,5989.11,2026-02-05 07:31:00,UPI
T003979,S011,P0329,C00953,3,141.36,2026-06-28 21:43:00,Card
T003980,S024,P0210,C01081,5,8500.3,2026-01-23 17:40:00,UPI
T003981,S001,P0684,C00510,5,9893.76,2026-02-07 21:19:00,Card
T003982,S017,P0579,C02671,2,8102.63,2026-04-24 02:26:00,Cash
T003983,S009,P0060,C00559,5,294.15,2026-04-19 21:38:00,Wallet
T003984,S025,P0493,C02424,5,534.0,2026-05-20 02:44:00,Card
T003985,S024,P0349,C02112,4,6832.72,2026-03-24 15:43:00,Cash
T003986,S012,P0225,C01903,1,3650.99,2026-02-12 23:15:00,Wallet
T003987,S011,P0789,C01208,1,1259.63,2026-03-12 11:31:00,Card
T003988,S025,P0222,C00137,4,1377.06,2026-01-08 01:07:00,UPI
T003989,S022,P0391,C01684,4,828.94,2026-01-03 00:55:00,Wallet
T003990,S007,P0063,C02641,4,9858.07,2026-06-20 23:34:00,Card
T003991,S003,P0093,C00410,5,5751.64,2026-01-07 01:02:00,Wallet
T003992,S019,P0714,C00383,1,2457.7,2026-01-22 11:00:00,Cash
T003993,S020,P0346,C00903,1,6837.74,2026-02-12 21:44:00,Card
T003994,S007,P0502,C00842,1,692.24,2026-05-30 02:46:00,Cash
T003995,S016,P0702,C00234,2,9903.95,2026-01-22 23:28:00,Wallet
T003996,S001,P0638,C00317,4,5679.06,2026-02-18 16:24:00,Card
T003997,S001,P0498,C02344,2,3416.54,2026-01-26 14:59:00,Wallet
T003998,S005,P0100,C02206,5,5501.88,2026-05-18 22:06:00,UPI
T003999,S017,P0015,C01175,3,5334.5,2026-04-06 01:57:00,Card
T004000,S004,P0047,C01954,2,8857.53,2026-06-11 20:38:00,Wallet
T004001,S023,P0187,C01108,4,5154.45,2026-01-07 05:06:00,Cash
T004002,S018,P0131,C01223,4,7488.79,2026-04-01 10:40:00,Cash
T004003,S012,P0490,C00999,2,1817.85,2026-04-08 22:56:00,Cash
T004004,S005,P0063,C01740,3,9858.07,2026-01-30 17:12:00,UPI
T004005,S013,P0344,C02935,2,2669.28,2026-06-15 09:53:00,Wallet
T004006,S005,P0640,C02604,1,3850.52,2026-03-16 08:54:00,UPI
T004007,S020,P0462,C00651,1,2809.39,2026-02-10 02:54:00,Cash
T004008,S001,P0489,C02248,5,2399.84,2026-05-20 05:02:00,Card
T004009,S001,P0322,C02849,3,3075.32,2026-06-03 22:48:00,UPI
T004010,S018,P0583,C02476,4,3175.91,2026-05-28 18:25:00,Cash
T004011,S011,P0285,C01319,4,8360.15,2026-05-03 09:48:00,Wallet
T004012,S025,P0762,C02856,5,9129.45,2026-05-06 17:49:00,UPI
T004013,S010,P0747,C01832,3,9438.22,2026-01-20 05:08:00,Card
T004014,S002,P0035,C01289,3,6699.1,2026-02-14 09:51:00,Cash
T004015,S014,P0087,C01516,3,2098.71,2026-05-09 21:13:00,Wallet
T004016,S006,P0288,C00040,5,3932.63,2026-01-11 10:43:00,UPI
T004017,S021,P0120,C02988,4,6904.92,2026-04-08 16:00:00,Wallet
T004018,S022,P0324,C02464,5,6142.41,2026-01-11 17:18:00,Card
T004019,S008,P0037,C00099,1,2580.83,2026-04-22 15:57:00,Cash
T004020,S002,P0643,C00322,3,7801.9,2026-01-07 01:30:00,Cash
T004021,S002,P0756,C02577,5,8540.93,2026-06-03 01:40:00,Wallet
T004022,S019,P0646,C01961,1,5928.39,2026-01-01 22:35:00,UPI
T004023,S012,P0261,C01114,4,5766.11,2026-03-08 08:23:00,Cash
T004024,S002,P0532,C01055,1,6385.3,2026-04-07 11:47:00,UPI
T004025,S001,P0042,C01204,1,2098.12,2026-06-12 11:39:00,Cash
T004026,S012,P0731,C01689,3,5565.29,2026-01-23 12:20:00,Cash
T004027,S017,P0639,C01893,4,4253.9,2026-05-13 09:23:00,Card
T004028,S015,P0303,C02998,5,9525.43,2026-05-16 05:07:00,Cash
T004029,S001,P0175,C01480,4,4958.37,2026-04-14 12:53:00,Cash
T004030,S005,P0565,C02380,5,6635.26,2026-05-25 04:11:00,Cash
T004031,S011,P0406,C01741,2,2170.45,2026-03-02 14:05:00,Wallet
T004032,S007,P0433,C00248,1,4344.05,2026-02-08 09:11:00,UPI
T004033,S011,P0714,C01928,5,2457.7,2026-05-11 07:46:00,UPI
T004034,S006,P0092,C02078,1,4028.26,2026-03-24 12:36:00,UPI
T004035,S022,P0394,C01446,2,2911.6,2026-06-19 01:40:00,Cash
T004036,S012,P0062,C02281,1,2738.53,2026-04-04 10:35:00,Cash
T004037,S008,P0617,C00093,3,1083.47,2026-02-13 19:41:00,UPI
T004038,S003,P0347,C00089,4,6444.57,2026-04-07 01:25:00,Wallet
T004039,S022,P0263,C00292,4,3567.34,2026-05-22 01:20:00,Cash
T004040,S007,P0493,C01984,4,534.0,2026-06-10 16:02:00,UPI
T004041,S025,P0641,C00164,2,2773.24,2026-01-14 13:52:00,Card
T004042,S019,P0718,C01014,1,3083.62,2026-02-23 08:12:00,Wallet
T004043,S006,P0412,C01933,1,4018.41,2026-04-16 20:33:00,Cash
T004044,S014,P0315,C01540,1,7841.03,2026-06-07 19:03:00,Cash
T004045,S019,P0300,C01139,4,3880.91,2026-04-28 21:05:00,Wallet
T004046,S020,P0290,C01497,5,8671.94,2026-04-01 00:34:00,Card
T004047,S003,P0258,C02799,3,2488.26,2026-06-09 21:43:00,Card
T004048,S003,P0190,C02083,1,1226.96,2026-05-15 06:18:00,Card
T004049,S009,P0455,C02592,2,8262.37,2026-02-02 02:12:00,Cash
T004050,S023,P0786,C02020,5,3671.5,2026-01-16 09:08:00,Card
T004051,S024,P0800,C02369,4,9198.59,2026-01-13 04:10:00,Cash
T004052,S010,P0589,C00379,3,1543.12,2026-04-11 08:37:00,Cash
T004053,S022,P0021,C00021,5,7636.95,2026-05-16 04:14:00,Cash
T004054,S009,P0394,C01392,5,2911.6,2026-05-23 18:03:00,Wallet
T004055,S021,P0241,C02376,2,7179.48,2026-01-02 08:55:00,Cash
T004056,S018,P0574,C02061,4,9933.28,2026-06-10 08:49:00,UPI
T004057,S016,P0660,C01953,2,7325.53,2026-06-14 06:03:00,Wallet
T004058,S014,P0683,C02616,4,8931.71,2026-05-21 16:10:00,Cash
T004059,S015,P0586,C01926,2,1154.2,2026-05-08 08:29:00,UPI
T004060,S005,P0330,C01017,3,5601.33,2026-05-13 06:37:00,Cash
T004061,S018,P0115,C02306,1,6337.55,2026-04-07 06:24:00,Wallet
T004062,S018,P0126,C01735,2,6217.24,2026-05-16 22:06:00,Wallet
T004063,S015,P0314,C01809,4,7849.53,2026-01-17 13:38:00,Wallet
T004064,S025,P0436,C02844,4,5047.02,2026-03-10 08:16:00,UPI
T004065,S019,P0709,C02502,1,104.31,2026-02-09 22:58:00,UPI
T004066,S006,P0616,C00778,3,3900.2,2026-01-17 04:49:00,Wallet
T004067,S019,P0260,C00517,3,1324.75,2026-06-28 13:39:00,Card
T004068,S019,P0116,C01837,4,2079.75,2026-06-08 23:08:00,Wallet
T004069,S014,P0016,C02175,3,9025.44,2026-03-17 05:49:00,Wallet
T004070,S001,P0327,C02356,1,4651.01,2026-05-14 19:30:00,Cash
T004071,S024,P0669,C01787,2,9528.59,2026-06-15 22:51:00,Wallet
T004072,S009,P0497,C00191,3,1834.78,2026-06-20 10:29:00,Wallet
T004073,S009,P0489,C01972,1,2399.84,2026-04-15 10:09:00,UPI
T004074,S002,P0364,C01845,4,9198.25,2026-02-10 00:42:00,Card
T004075,S012,P0374,C00075,1,3617.37,2026-03-04 14:19:00,Cash
T004076,S010,P0289,C01049,5,9583.99,2026-02-03 12:34:00,UPI
T004077,S018,P0656,C02544,5,8003.84,2026-05-16 14:42:00,Cash
T004078,S012,P0470,C01327,2,205.3,2026-02-24 03:33:00,Wallet
T004079,S009,P0646,C00887,4,5928.39,2026-03-21 08:35:00,Cash
T004080,S012,P0765,C02252,3,1777.63,2026-01-22 15:46:00,Cash
T004081,S013,P0751,C01380,4,7293.97,2026-01-11 13:19:00,Wallet
T004082,S023,P0216,C00992,3,304.99,2026-03-16 21:33:00,Cash
T004083,S001,P0189,C00014,3,2622.12,2026-04-10 05:20:00,Cash
T004084,S006,P0221,C00041,4,6255.24,2026-04-01 12:45:00,Wallet
T004085,S017,P0752,C01926,2,3839.96,2026-03-16 01:26:00,Card
T004086,S011,P0487,C01594,5,5663.34,2026-02-17 13:45:00,Wallet
T004087,S019,P0062,C02939,5,2738.53,2026-02-28 23:03:00,Cash
T004088,S013,P0162,C02643,4,6800.39,2026-04-05 11:36:00,UPI
T004089,S020,P0241,C01679,4,7179.48,2026-05-20 23:19:00,UPI
T004090,S014,P0652,C00768,4,6896.92,2026-02-17 10:01:00,Cash
T004091,S021,P0271,C02216,2,9964.47,2026-02-19 00:47:00,Cash
T004092,S002,P0202,C02835,3,8603.22,2026-06-21 02:53:00,UPI
T004093,S004,P0494,C02471,4,7697.7,2026-05-01 12:52:00,Wallet
T004094,S016,P0364,C00918,4,9198.25,2026-03-20 14:02:00,Wallet
T004095,S005,P0698,C02153,3,7689.6,2026-03-13 09:55:00,Cash
T004096,S010,P0503,C00435,4,2098.92,2026-05-12 19:39:00,UPI
T004097,S007,P0601,C00458,4,5812.86,2026-05-16 17:14:00,Wallet
T004098,S022,P0596,C01367,1,3439.36,2026-01-06 07:42:00,Wallet
T004099,S006,P0178,C01406,5,5673.27,2026-01-28 12:34:00,Cash
T004100,S020,P0037,C00406,4,2580.83,2026-03-03 18:58:00,UPI
T004101,S016,P0358,C01750,5,8420.03,2026-06-28 17:05:00,UPI
T004102,S005,P0492,C02560,5,6612.82,2026-05-13 06:05:00,Card
T004103,S001,P0055,C01959,1,7674.42,2026-03-12 11:19:00,UPI
T004104,S024,P0202,C00884,3,8603.22,2026-02-04 15:53:00,UPI
T004105,S010,P0145,C00855,4,2675.89,2026-06-06 23:47:00,Card
T004106,S023,P0183,C01771,5,4734.37,2026-01-16 22:59:00,Card
T004107,S010,P0777,C01142,5,3589.83,2026-06-26 11:36:00,UPI
T004108,S023,P0566,C00016,1,6373.4,2026-01-10 09:53:00,Wallet
T004109,S020,P0689,C02365,3,9487.92,2026-06-25 21:48:00,UPI
T004110,S019,P0121,C02642,2,934.55,2026-01-15 09:56:00,Cash
T004111,S008,P0431,C01077,1,5205.67,2026-03-03 06:59:00,UPI
T004112,S018,P0110,C02222,2,8676.8,2026-02-25 07:07:00,Wallet
T004113,S014,P0614,C00387,3,5908.82,2026-04-01 06:37:00,Cash
T004114,S003,P0605,C01430,1,6825.51,2026-05-15 08:47:00,Card
T004115,S019,P0029,C00773,2,4435.78,2026-05-31 10:45:00,UPI
T004116,S014,P0377,C02469,4,3179.76,2026-02-01 13:28:00,Wallet
T004117,S005,P0662,C02375,3,8101.63,2026-02-26 04:49:00,Card
T004118,S018,P0588,C01189,2,6830.81,2026-01-27 03:04:00,Card
T004119,S022,P0739,C01973,3,7330.72,2026-01-25 20:28:00,Cash
T004120,S010,P0163,C02171,5,6843.99,2026-04-27 17:57:00,Wallet
T004121,S008,P0249,C01942,4,4250.12,2026-04-30 04:13:00,Cash
T004122,S002,P0643,C02253,3,7801.9,2026-05-20 01:38:00,Card
T004123,S015,P0010,C02995,2,9207.97,2026-06-05 06:46:00,Wallet
T004124,S015,P0140,C02801,1,1042.27,2026-03-03 20:15:00,Card
T004125,S012,P0077,C01643,2,2207.23,2026-01-24 21:32:00,UPI
T004126,S006,P0338,C01444,2,2418.15,2026-06-23 06:45:00,Wallet
T004127,S005,P0455,C02529,5,8262.37,2026-05-07 07:23:00,Cash
T004128,S022,P0671,C02596,3,8333.09,2026-02-04 13:49:00,Card
T004129,S013,P0708,C01909,2,3265.42,2026-06-14 11:01:00,Wallet
T004130,S019,P0781,C02898,4,5370.5,2026-02-27 01:20:00,Card
T004131,S019,P0752,C02090,5,3839.96,2026-04-15 01:11:00,Cash
T004132,S017,P0609,C00325,2,1275.15,2026-01-20 02:51:00,Wallet
T004133,S016,P0454,C00679,5,2095.86,2026-06-06 17:14:00,Wallet
T004134,S013,P0264,C02040,5,7171.07,2026-05-08 11:10:00,UPI
T004135,S015,P0054,C01207,1,8384.65,2026-04-10 03:15:00,Wallet
T004136,S013,P0722,C00678,5,4878.92,2026-04-29 17:05:00,Wallet
T004137,S004,P0322,C00749,3,3075.32,2026-04-15 18:51:00,Cash
T004138,S022,P0498,C00903,1,3416.54,2026-05-15 00:17:00,UPI
T004139,S001,P0145,C00075,3,2675.89,2026-01-03 06:18:00,Cash
T004140,S015,P0080,C02886,1,7488.69,2026-02-23 00:54:00,UPI
T004141,S020,P0581,C00283,2,7430.75,2026-01-08 20:00:00,Cash
T004142,S015,P0256,C02820,2,5260.23,2026-01-28 11:25:00,UPI
T004143,S015,P0185,C01730,3,5277.61,2026-04-17 03:49:00,UPI
T004144,S008,P0299,C02541,4,4425.47,2026-05-21 04:21:00,Cash
T004145,S019,P0326,C00123,1,6655.54,2026-06-02 17:52:00,Card
T004146,S022,P0379,C00857,1,3750.42,2026-01-04 08:20:00,UPI
T004147,S017,P0032,C00467,3,5989.11,2026-06-26 12:52:00,Cash
T004148,S008,P0379,C01621,4,3750.42,2026-03-27 16:07:00,UPI
T004149,S023,P0225,C01955,1,3650.99,2026-06-13 23:59:00,UPI
T004150,S022,P0742,C02857,1,8185.79,2026-05-08 09:00:00,Wallet
T004151,S003,P0282,C02324,2,119.65,2026-03-14 20:20:00,Wallet
T004152,S016,P0369,C01700,1,4587.77,2026-01-31 14:10:00,Card
T004153,S023,P0007,C00758,1,1166.39,2026-01-01 21:11:00,Wallet
T004154,S008,P0219,C01857,2,1397.47,2026-06-24 07:17:00,Wallet
T004155,S003,P0649,C02700,1,9469.45,2026-04-11 12:33:00,UPI
T004156,S019,P0101,C02706,3,8805.39,2026-06-06 11:48:00,Card
T004157,S018,P0424,C00641,1,3403.2,2026-02-04 01:58:00,Card
T004158,S001,P0164,C02974,3,5943.35,2026-01-20 10:37:00,UPI
T004159,S017,P0426,C00317,2,9983.21,2026-06-04 02:25:00,Wallet
T004160,S014,P0343,C01106,5,746.07,2026-02-01 17:57:00,Wallet
T004161,S003,P0055,C00701,3,7674.42,2026-06-13 19:37:00,Cash
T004162,S024,P0256,C01399,5,5260.23,2026-03-15 03:42:00,UPI
T004163,S003,P0284,C01930,1,5700.06,2026-05-19 09:58:00,UPI
T004164,S002,P0034,C01241,3,7586.4,2026-02-27 07:53:00,UPI
T004165,S023,P0324,C00993,1,6142.41,2026-04-12 18:05:00,UPI
T004166,S021,P0586,C01344,5,1154.2,2026-05-03 11:42:00,Wallet
T004167,S013,P0060,C00619,4,294.15,2026-01-07 20:01:00,Card
T004168,S016,P0720,C01123,4,8925.71,2026-02-05 13:54:00,Wallet
T004169,S009,P0428,C00204,3,9462.57,2026-02-19 05:49:00,Cash
T004170,S016,P0386,C00614,3,8772.44,2026-02-10 07:21:00,Cash
T004171,S006,P0009,C01120,2,3085.29,2026-06-05 20:32:00,Cash
T004172,S013,P0411,C01069,1,2150.28,2026-05-10 05:02:00,Cash
T004173,S014,P0679,C02836,5,4970.26,2026-01-19 08:11:00,UPI
T004174,S011,P0800,C02986,4,9198.59,2026-04-26 09:23:00,Cash
T004175,S016,P0109,C02123,2,8805.73,2026-03-27 11:31:00,Wallet
T004176,S018,P0112,C00475,3,8260.57,2026-04-18 02:37:00,UPI
T004177,S018,P0392,C00228,3,1508.78,2026-01-24 08:42:00,UPI
T004178,S022,P0078,C02325,4,9351.9,2026-01-10 23:44:00,Cash
T004179,S018,P0363,C02008,1,3200.47,2026-03-17 04:26:00,Card
T004180,S013,P0412,C02015,5,4018.41,2026-05-14 18:17:00,Cash
T004181,S024,P0048,C01076,3,1430.43,2026-04-15 01:27:00,Cash
T004182,S024,P0094,C01225,3,5013.87,2026-04-04 21:31:00,Card
T004183,S024,P0640,C01068,2,3850.52,2026-01-06 11:31:00,Wallet
T004184,S017,P0506,C02578,1,6514.66,2026-03-02 16:48:00,UPI
T004185,S003,P0717,C01420,1,9261.46,2026-04-12 14:37:00,Cash
T004186,S022,P0127,C00932,4,980.71,2026-04-22 01:34:00,Wallet
T004187,S017,P0790,C00725,4,6990.61,2026-05-13 23:40:00,Cash
T004188,S010,P0633,C01820,1,2845.22,2026-01-25 03:58:00,Card
T004189,S024,P0261,C00258,4,5766.11,2026-02-02 14:33:00,UPI
T004190,S015,P0302,C00614,1,2628.99,2026-01-05 01:26:00,Wallet
T004191,S015,P0676,C02208,1,157.32,2026-02-19 01:53:00,UPI
T004192,S003,P0046,C01758,5,4649.6,2026-05-14 06:56:00,Cash
T004193,S019,P0226,C01745,3,1828.68,2026-04-03 13:19:00,Wallet
T004194,S020,P0158,C02752,2,3560.08,2026-04-12 20:44:00,Wallet
T004195,S022,P0401,C01684,1,8837.96,2026-01-23 00:55:00,UPI
T004196,S015,P0321,C01031,1,1697.02,2026-04-09 05:15:00,UPI
T004197,S016,P0331,C00155,1,7893.32,2026-06-25 15:33:00,Wallet
T004198,S012,P0015,C00330,4,5334.5,2026-01-19 10:56:00,UPI
T004199,S001,P0728,C02200,1,134.65,2026-02-24 03:24:00,Wallet
T004200,S006,P0485,C02268,3,7988.55,2026-02-14 07:27:00,Cash
T004201,S014,P0377,C01486,4,3179.76,2026-03-07 11:37:00,UPI
T004202,S016,P0543,C02561,4,7511.43,2026-04-02 01:46:00,Wallet
T004203,S016,P0047,C01776,4,8857.53,2026-04-21 17:22:00,Card
T004204,S024,P0705,C00379,5,3427.16,2026-05-21 06:15:00,Card
T004205,S010,P0182,C02267,2,5319.06,2026-04-22 19:31:00,UPI
T004206,S021,P0266,C00841,1,4596.66,2026-01-28 16:34:00,Card
T004207,S015,P0114,C01485,2,4586.29,2026-06-10 16:33:00,Card
T004208,S016,P0764,C01490,5,9223.74,2026-04-19 19:09:00,Card
T004209,S009,P0201,C01732,4,236.37,2026-06-14 04:52:00,UPI
T004210,S004,P0537,C02777,5,1254.63,2026-06-09 07:11:00,Card
T004211,S019,P0704,C00185,3,4131.24,2026-05-15 09:00:00,Cash
T004212,S021,P0294,C02819,4,5075.12,2026-03-16 01:22:00,Wallet
T004213,S001,P0606,C02185,5,3619.28,2026-01-30 08:15:00,UPI
T004214,S011,P0181,C02750,2,9734.39,2026-03-19 18:55:00,Wallet
T004215,S007,P0133,C00250,5,7293.41,2026-01-02 18:00:00,Wallet
T004216,S018,P0099,C00060,5,4953.55,2026-04-25 06:37:00,UPI
T004217,S022,P0153,C01466,4,625.9,2026-03-29 10:11:00,UPI
T004218,S023,P0072,C01653,2,4327.35,2026-03-02 16:16:00,UPI
T004219,S023,P0753,C02678,4,7657.11,2026-06-20 18:46:00,Card
T004220,S012,P0469,C00256,2,7483.98,2026-05-16 04:39:00,Cash
T004221,S004,P0634,C01441,5,5542.5,2026-04-15 01:34:00,Cash
T004222,S013,P0127,C01604,4,980.71,2026-02-24 07:58:00,UPI
T004223,S005,P0447,C02889,4,4600.17,2026-06-15 12:46:00,Wallet
T004224,S024,P0356,C02219,4,6296.35,2026-06-07 04:14:00,Card
T004225,S025,P0396,C00223,2,2039.28,2026-01-14 03:29:00,Cash
T004226,S016,P0250,C01539,5,9100.39,2026-06-20 12:38:00,Card
T004227,S005,P0148,C00249,5,1255.74,2026-04-26 23:35:00,Card
T004228,S002,P0335,C01131,3,3766.76,2026-06-27 00:36:00,UPI
T004229,S001,P0397,C02517,3,306.84,2026-06-05 01:37:00,Wallet
T004230,S021,P0573,C01897,2,1786.29,2026-05-10 12:34:00,Wallet
T004231,S021,P0100,C02195,2,5501.88,2026-05-25 19:49:00,Cash
T004232,S021,P0121,C00230,1,934.55,2026-01-17 09:52:00,UPI
T004233,S018,P0448,C01596,3,1800.07,2026-03-15 19:35:00,Cash
T004234,S023,P0528,C01177,2,3900.97,2026-02-16 00:32:00,Card
T004235,S014,P0028,C00024,3,225.58,2026-04-26 08:42:00,UPI
T004236,S021,P0231,C02874,3,7092.41,2026-05-30 05:39:00,Wallet
T004237,S020,P0002,C02904,5,1803.85,2026-04-14 20:24:00,Wallet
T004238,S019,P0040,C01573,3,1611.09,2026-06-30 19:33:00,Card
T004239,S001,P0482,C01528,5,3807.98,2026-06-09 21:21:00,Cash
T004240,S002,P0290,C01915,5,8671.94,2026-04-18 21:18:00,Cash
T004241,S002,P0766,C02272,2,9568.02,2026-05-27 12:49:00,Cash
T004242,S016,P0482,C00061,2,3807.98,2026-06-18 10:07:00,UPI
T004243,S009,P0164,C01866,4,5943.35,2026-05-22 21:54:00,Cash
T004244,S022,P0117,C00771,1,1196.2,2026-06-04 20:29:00,UPI
T004245,S004,P0329,C02583,1,141.36,2026-06-23 23:09:00,Cash
T004246,S016,P0503,C01346,3,2098.92,2026-04-27 03:03:00,Card
T004247,S018,P0556,C02081,1,1057.73,2026-05-14 10:05:00,Cash
T004248,S001,P0185,C01986,3,5277.61,2026-02-07 18:16:00,Wallet
T004249,S017,P0164,C02092,2,5943.35,2026-04-04 19:46:00,Cash
T004250,S012,P0003,C01821,2,2300.34,2026-04-09 21:44:00,Cash
T004251,S012,P0230,C00753,1,8972.55,2026-05-26 08:28:00,Card
T004252,S011,P0550,C01478,1,2666.58,2026-02-07 11:16:00,Cash
T004253,S011,P0058,C00480,2,6515.02,2026-05-25 03:30:00,Card
T004254,S003,P0259,C01918,1,7345.66,2026-03-17 00:43:00,Wallet
T004255,S022,P0567,C02090,4,2411.23,2026-05-09 10:34:00,Cash
T004256,S004,P0014,C02948,3,5097.6,2026-05-26 21:07:00,Card
T004257,S017,P0638,C02833,1,5679.06,2026-02-19 05:58:00,Cash
T004258,S012,P0090,C02101,1,646.74,2026-02-18 03:41:00,UPI
T004259,S001,P0297,C00418,2,8087.52,2026-02-17 07:36:00,UPI
T004260,S009,P0505,C01058,1,1428.24,2026-03-17 04:49:00,Cash
T004261,S019,P0070,C01357,4,8064.57,2026-04-21 13:47:00,Card
T004262,S014,P0222,C00631,4,1377.06,2026-05-25 19:06:00,Card
T004263,S019,P0793,C01568,5,3714.92,2026-01-15 13:55:00,Cash
T004264,S015,P0459,C00927,5,4208.02,2026-06-09 23:52:00,Card
T004265,S022,P0044,C02324,2,9529.55,2026-01-06 19:02:00,Cash
T004266,S002,P0183,C00835,5,4734.37,2026-05-02 05:17:00,Wallet
T004267,S007,P0053,C01504,4,707.1,2026-04-12 21:51:00,Wallet
T004268,S005,P0047,C01798,1,8857.53,2026-01-31 15:36:00,Cash
T004269,S007,P0127,C00834,4,980.71,2026-04-17 01:02:00,Cash
T004270,S021,P0631,C00355,2,1960.93,2026-06-14 15:05:00,Cash
T004271,S008,P0549,C00285,5,1936.82,2026-02-14 07:22:00,Wallet
T004272,S007,P0399,C02370,3,2476.48,2026-03-21 19:10:00,Wallet
T004273,S012,P0305,C00851,4,1076.57,2026-02-28 17:44:00,Card
T004274,S024,P0087,C02695,3,2098.71,2026-06-05 07:31:00,Cash
T004275,S012,P0710,C02442,3,4772.38,2026-03-25 22:52:00,Wallet
T004276,S002,P0566,C00481,3,6373.4,2026-06-19 20:33:00,Cash
T004277,S023,P0112,C01203,4,8260.57,2026-04-03 22:11:00,Card
T004278,S015,P0669,C00442,5,9528.59,2026-03-04 17:45:00,Wallet
T004279,S022,P0421,C00935,2,8440.77,2026-02-05 22:26:00,UPI
T004280,S009,P0132,C00813,1,8576.74,2026-05-24 00:35:00,Card
T004281,S023,P0216,C00986,2,304.99,2026-03-14 00:06:00,Card
T004282,S013,P0107,C02710,5,992.48,2026-03-30 13:54:00,UPI
T004283,S001,P0787,C00595,3,1525.99,2026-06-19 04:01:00,Card
T004284,S001,P0508,C00067,3,2136.59,2026-02-06 23:43:00,UPI
T004285,S025,P0797,C01272,2,2938.01,2026-05-25 20:49:00,Wallet
T004286,S010,P0389,C01757,5,8090.99,2026-04-22 11:39:00,Wallet
T004287,S013,P0042,C02047,2,2098.12,2026-01-08 18:44:00,UPI
T004288,S011,P0756,C00657,4,8540.93,2026-02-07 13:51:00,Wallet
T004289,S014,P0752,C02074,5,3839.96,2026-06-01 12:14:00,Wallet
T004290,S001,P0208,C01693,5,2092.25,2026-05-20 23:05:00,Cash
T004291,S017,P0211,C01989,2,465.47,2026-02-07 14:49:00,UPI
T004292,S007,P0569,C02154,2,3008.24,2026-06-19 09:04:00,Card
T004293,S001,P0045,C02312,4,3896.94,2026-01-24 18:47:00,UPI
T004294,S006,P0624,C02379,5,8528.36,2026-04-08 19:33:00,Cash
T004295,S021,P0476,C02048,1,867.09,2026-04-07 11:45:00,Wallet
T004296,S023,P0371,C00407,5,5918.35,2026-04-15 21:30:00,Wallet
T004297,S019,P0142,C00428,1,152.07,2026-01-19 07:23:00,Wallet
T004298,S017,P0193,C01654,4,7596.81,2026-01-04 19:10:00,Card
T004299,S014,P0518,C02658,1,891.16,2026-05-04 14:32:00,Wallet
T004300,S025,P0012,C00057,4,1540.01,2026-01-26 22:56:00,Wallet
T004301,S003,P0517,C02790,5,9679.49,2026-06-25 04:58:00,Card
T004302,S010,P0499,C02409,1,3884.48,2026-02-18 18:02:00,Card
T004303,S022,P0379,C00704,5,3750.42,2026-03-22 19:30:00,Cash
T004304,S001,P0387,C01322,5,9206.54,2026-03-28 04:06:00,Wallet
T004305,S020,P0560,C00308,4,9414.81,2026-03-06 06:33:00,Card
T004306,S004,P0161,C02586,3,4221.55,2026-03-10 13:36:00,Wallet
T004307,S007,P0620,C01814,1,7558.73,2026-05-19 05:05:00,UPI
T004308,S017,P0043,C02284,1,5469.14,2026-03-03 20:03:00,Card
T004309,S020,P0271,C02289,1,9964.47,2026-03-21 17:22:00,Cash
T004310,S017,P0743,C01059,3,2117.79,2026-03-11 21:22:00,Wallet
T004311,S009,P0565,C02350,1,6635.26,2026-01-11 01:00:00,Card
T004312,S011,P0198,C01045,4,6947.88,2026-02-12 16:19:00,Wallet
T004313,S013,P0709,C01876,2,104.31,2026-02-27 00:02:00,UPI
T004314,S003,P0188,C00410,2,6641.47,2026-01-02 22:47:00,UPI
T004315,S024,P0433,C02881,4,4344.05,2026-05-12 14:49:00,Wallet
T004316,S021,P0305,C00230,3,1076.57,2026-06-03 13:20:00,Wallet
T004317,S008,P0651,C02801,3,4819.93,2026-04-10 02:08:00,UPI
T004318,S001,P0544,C02043,5,9870.55,2026-01-15 03:59:00,Card
T004319,S021,P0456,C02147,2,9111.0,2026-04-10 17:11:00,Cash
T004320,S004,P0723,C00988,4,1751.66,2026-02-21 02:33:00,Card
T004321,S016,P0429,C02155,5,6574.5,2026-01-21 22:48:00,UPI
T004322,S011,P0295,C00329,3,9626.53,2026-02-19 20:53:00,Wallet
T004323,S008,P0554,C02608,1,4902.42,2026-03-27 00:52:00,Wallet
T004324,S010,P0206,C02927,1,7412.93,2026-01-13 02:15:00,Card
T004325,S013,P0123,C01958,3,9485.28,2026-04-07 18:00:00,Card
T004326,S020,P0277,C01969,5,3757.9,2026-01-15 20:53:00,Cash
T004327,S007,P0740,C01033,2,9717.89,2026-06-15 09:31:00,UPI
T004328,S015,P0509,C02231,2,6118.83,2026-01-21 10:00:00,Card
T004329,S021,P0740,C00160,3,9717.89,2026-06-11 20:42:00,Wallet
T004330,S002,P0419,C01781,2,343.71,2026-01-19 10:58:00,Cash
T004331,S009,P0015,C01805,5,5334.5,2026-01-14 15:28:00,Wallet
T004332,S011,P0260,C00056,1,1324.75,2026-04-15 06:02:00,Wallet
T004333,S013,P0460,C01206,4,4631.5,2026-06-11 17:48:00,Card
T004334,S023,P0120,C02458,5,6904.92,2026-02-20 19:52:00,Wallet
T004335,S014,P0524,C02713,3,5664.21,2026-04-24 21:54:00,Cash
T004336,S011,P0647,C00513,3,7033.51,2026-04-16 21:24:00,Cash
T004337,S018,P0154,C01078,3,1912.1,2026-02-06 01:43:00,Wallet
T004338,S020,P0412,C01862,2,4018.41,2026-04-05 07:31:00,Card
T004339,S015,P0587,C02487,1,3226.67,2026-06-13 09:33:00,Card
T004340,S016,P0139,C02944,4,7112.69,2026-03-11 00:34:00,Cash
T004341,S004,P0045,C01776,1,3896.94,2026-05-07 15:02:00,Cash
T004342,S008,P0793,C01065,1,3714.92,2026-04-24 20:26:00,Card
T004343,S018,P0449,C02938,2,9895.99,2026-03-14 13:20:00,Wallet
T004344,S007,P0688,C02202,5,7463.85,2026-02-11 01:59:00,Card
T004345,S018,P0631,C00553,2,1960.93,2026-04-25 04:46:00,Wallet
T004346,S021,P0142,C00636,3,152.07,2026-04-14 14:03:00,Cash
T004347,S024,P0434,C02660,5,4553.72,2026-06-21 04:26:00,Wallet
T004348,S014,P0192,C02307,4,8778.88,2026-06-02 04:40:00,UPI
T004349,S013,P0062,C00929,3,2738.53,2026-03-30 00:39:00,Cash
T004350,S002,P0510,C01101,5,1916.1,2026-05-23 03:08:00,Cash
T004351,S023,P0206,C02010,1,7412.93,2026-05-06 21:20:00,Cash
T004352,S014,P0791,C02375,2,7042.88,2026-05-02 13:07:00,Card
T004353,S001,P0493,C00950,3,534.0,2026-01-13 05:29:00,Wallet
T004354,S005,P0033,C00215,1,8396.28,2026-05-25 23:52:00,Wallet
T004355,S021,P0423,C01169,4,805.35,2026-06-04 02:16:00,UPI
T004356,S010,P0600,C01778,1,8512.12,2026-03-09 00:46:00,UPI
T004357,S002,P0581,C00343,1,7430.75,2026-04-12 17:53:00,UPI
T004358,S022,P0441,C01607,3,5390.46,2026-06-22 18:12:00,Cash
T004359,S024,P0317,C01392,3,6564.28,2026-03-09 02:17:00,Card
T004360,S016,P0040,C00224,1,1611.09,2026-02-19 06:46:00,Cash
T004361,S024,P0410,C00534,4,4789.21,2026-02-21 15:29:00,Cash
T004362,S001,P0778,C02666,2,6963.87,2026-03-01 03:02:00,Cash
T004363,S011,P0186,C02925,2,5553.84,2026-02-03 10:43:00,Wallet
T004364,S016,P0703,C00809,1,6202.03,2026-04-02 05:50:00,Card
T004365,S013,P0162,C00447,4,6800.39,2026-02-21 11:46:00,Cash
T004366,S004,P0793,C01638,5,3714.92,2026-04-13 03:42:00,UPI
T004367,S021,P0768,C01833,1,8965.31,2026-04-30 18:35:00,Wallet
T004368,S016,P0770,C00270,1,6825.39,2026-01-21 15:50:00,UPI
T004369,S001,P0219,C02741,3,1397.47,2026-01-03 06:59:00,Card
T004370,S014,P0367,C00138,1,8513.3,2026-02-12 23:08:00,Cash
T004371,S014,P0181,C00605,4,9734.39,2026-01-27 02:40:00,Cash
T004372,S021,P0252,C01271,5,7003.96,2026-06-04 05:34:00,Cash
T004373,S011,P0782,C02751,4,5850.54,2026-01-01 12:57:00,Card
T004374,S002,P0442,C02760,3,3354.53,2026-01-29 07:28:00,Cash
T004375,S016,P0198,C01166,4,6947.88,2026-04-19 08:07:00,Cash
T004376,S001,P0082,C00335,4,2741.65,2026-05-12 22:51:00,Card
T004377,S012,P0521,C01532,5,4330.23,2026-03-23 04:31:00,Card
T004378,S024,P0735,C02251,5,5391.49,2026-04-30 16:55:00,Wallet
T004379,S021,P0352,C01472,5,3229.8,2026-05-20 19:34:00,Wallet
T004380,S002,P0325,C02310,2,9797.44,2026-03-30 12:50:00,Cash
T004381,S011,P0742,C00286,3,8185.79,2026-02-01 06:29:00,Card
T004382,S002,P0543,C00675,2,7511.43,2026-02-25 15:16:00,UPI
T004383,S001,P0409,C01122,2,7152.62,2026-01-20 22:47:00,Card
T004384,S016,P0643,C00549,5,7801.9,2026-05-20 10:07:00,Wallet
T004385,S021,P0722,C01144,3,4878.92,2026-03-20 09:01:00,Cash
T004386,S019,P0233,C00934,2,8252.74,2026-06-01 01:40:00,Cash
T004387,S017,P0354,C02782,4,9782.15,2026-02-13 19:45:00,Wallet
T004388,S023,P0511,C02840,3,791.85,2026-03-24 01:37:00,UPI
T004389,S005,P0303,C01936,4,9525.43,2026-02-06 13:30:00,Cash
T004390,S024,P0652,C02607,4,6896.92,2026-03-17 17:25:00,Cash
T004391,S024,P0636,C01970,2,9406.97,2026-01-12 03:13:00,Card
T004392,S019,P0678,C01212,1,4079.47,2026-04-21 09:24:00,UPI
T004393,S001,P0420,C01846,1,6488.01,2026-03-14 01:48:00,UPI
T004394,S018,P0611,C02345,4,7798.54,2026-03-02 15:25:00,Cash
T004395,S017,P0299,C00712,5,4425.47,2026-02-22 23:16:00,Card
T004396,S003,P0593,C02335,2,1610.75,2026-03-06 03:28:00,Wallet
T004397,S004,P0652,C01064,2,6896.92,2026-04-12 16:03:00,Card
T004398,S012,P0515,C00519,4,7243.57,2026-05-17 03:41:00,Cash
T004399,S025,P0619,C01925,1,731.92,2026-02-06 15:48:00,Card
T004400,S003,P0292,C02113,5,2004.02,2026-05-08 22:46:00,UPI
T004401,S016,P0351,C02635,3,2850.54,2026-05-12 05:48:00,UPI
T004402,S008,P0371,C02166,3,5918.35,2026-02-17 02:33:00,Cash
T004403,S012,P0695,C01437,4,4398.85,2026-01-04 05:30:00,UPI
T004404,S010,P0667,C00604,2,6112.0,2026-06-13 03:08:00,Card
T004405,S023,P0272,C01128,1,1528.03,2026-05-06 20:06:00,Wallet
T004406,S025,P0709,C00110,5,104.31,2026-05-18 06:13:00,UPI
T004407,S003,P0425,C02672,2,7476.59,2026-01-27 21:26:00,Card
T004408,S021,P0606,C01347,5,3619.28,2026-02-19 08:54:00,Cash
T004409,S018,P0245,C01322,4,4480.53,2026-05-13 14:19:00,Cash
T004410,S024,P0334,C02537,1,3927.84,2026-02-13 19:32:00,Wallet
T004411,S005,P0215,C02831,1,4997.41,2026-05-20 11:36:00,Card
T004412,S003,P0076,C02610,1,6314.65,2026-05-06 23:26:00,Card
T004413,S004,P0403,C01264,2,9771.12,2026-06-05 14:56:00,UPI
T004414,S025,P0328,C01049,3,9147.78,2026-03-01 14:32:00,Wallet
T004415,S007,P0567,C02070,5,2411.23,2026-03-01 18:24:00,Wallet
T004416,S016,P0651,C01867,1,4819.93,2026-03-04 03:55:00,UPI
T004417,S001,P0379,C00116,4,3750.42,2026-05-12 06:02:00,Cash
T004418,S021,P0661,C02956,1,936.39,2026-05-20 23:15:00,Wallet
T004419,S006,P0134,C01577,2,4143.39,2026-03-23 13:56:00,Wallet
T004420,S023,P0415,C00735,3,5235.33,2026-01-08 11:33:00,Card
T004421,S015,P0134,C01751,3,4143.39,2026-02-28 19:32:00,Card
T004422,S017,P0004,C02032,5,1339.91,2026-04-26 00:46:00,UPI
T004423,S016,P0262,C02012,1,9830.21,2026-05-07 23:59:00,Card
T004424,S016,P0452,C02476,5,8196.17,2026-05-31 18:35:00,Wallet
T004425,S023,P0680,C01347,2,4165.12,2026-06-12 14:37:00,Card
T004426,S014,P0636,C02413,5,9406.97,2026-04-14 23:14:00,Card
T004427,S017,P0399,C02318,1,2476.48,2026-01-31 15:28:00,Cash
T004428,S004,P0371,C01136,3,5918.35,2026-05-03 23:53:00,Card
T004429,S023,P0520,C01485,4,7626.21,2026-01-16 13:44:00,Card
T004430,S005,P0540,C00679,4,6948.18,2026-05-08 08:03:00,UPI
T004431,S004,P0104,C01718,3,5571.01,2026-04-14 17:41:00,Cash
T004432,S011,P0618,C02964,5,4111.77,2026-02-07 00:31:00,Card
T004433,S018,P0494,C01164,4,7697.7,2026-04-04 00:04:00,Wallet
T004434,S024,P0102,C01480,3,7184.15,2026-04-07 18:27:00,Card
T004435,S021,P0198,C00839,1,6947.88,2026-02-06 02:52:00,Wallet
T004436,S022,P0588,C00933,1,6830.81,2026-06-18 05:50:00,Card
T004437,S011,P0657,C01224,4,9529.9,2026-02-16 07:38:00,Wallet
T004438,S024,P0066,C02525,4,5076.41,2026-06-11 11:55:00,UPI
T004439,S021,P0476,C01555,3,867.09,2026-03-25 23:00:00,UPI
T004440,S001,P0146,C00462,1,8790.18,2026-02-10 02:56:00,UPI
T004441,S014,P0176,C02043,5,3653.54,2026-04-11 23:10:00,Cash
T004442,S012,P0679,C02502,5,4970.26,2026-06-18 12:29:00,Wallet
T004443,S004,P0058,C00021,3,6515.02,2026-01-04 11:26:00,Card
T004444,S021,P0334,C00932,5,3927.84,2026-05-19 15:16:00,UPI
T004445,S004,P0666,C01728,2,9941.8,2026-01-27 23:26:00,UPI
T004446,S013,P0339,C00884,4,2878.49,2026-03-09 13:49:00,Card
T004447,S015,P0175,C02991,5,4958.37,2026-05-26 05:07:00,Card
T004448,S022,P0726,C02040,3,1737.63,2026-01-19 17:50:00,Wallet
T004449,S013,P0794,C00768,2,222.53,2026-06-16 05:56:00,Wallet
T004450,S003,P0325,C00797,1,9797.44,2026-01-19 19:28:00,Cash
T004451,S025,P0168,C02738,3,3315.66,2026-02-05 11:10:00,Card
T004452,S022,P0552,C02016,2,947.5,2026-05-26 13:34:00,UPI
T004453,S020,P0456,C01332,4,9111.0,2026-04-27 20:16:00,Card
T004454,S021,P0751,C00398,3,7293.97,2026-01-11 19:01:00,Cash
T004455,S009,P0258,C02680,5,2488.26,2026-06-01 18:14:00,UPI
T004456,S013,P0608,C02894,5,9699.3,2026-06-24 09:09:00,Cash
T004457,S025,P0324,C02780,5,6142.41,2026-03-02 14:40:00,Wallet
T004458,S022,P0181,C02593,3,9734.39,2026-06-09 20:47:00,Card
T004459,S019,P0567,C01139,1,2411.23,2026-05-19 09:51:00,Card
T004460,S022,P0786,C02020,4,3671.5,2026-05-20 00:33:00,UPI
T004461,S022,P0364,C01846,2,9198.25,2026-02-10 04:19:00,Wallet
T004462,S021,P0541,C01358,1,5901.19,2026-01-10 11:17:00,Wallet
T004463,S018,P0061,C01313,1,6610.9,2026-01-09 20:39:00,Card
T004464,S001,P0358,C00364,1,8420.03,2026-06-27 07:50:00,Card
T004465,S014,P0092,C02675,5,4028.26,2026-06-19 18:30:00,Wallet
T004466,S012,P0134,C00078,4,4143.39,2026-04-21 20:25:00,UPI
T004467,S014,P0281,C01138,3,8900.67,2026-06-27 08:33:00,Wallet
T004468,S013,P0080,C02537,4,7488.69,2026-05-10 09:57:00,Wallet
T004469,S003,P0703,C01542,1,6202.03,2026-06-15 04:26:00,Cash
T004470,S008,P0056,C02935,3,4337.67,2026-03-18 20:40:00,Cash
T004471,S006,P0002,C00333,1,1803.85,2026-03-28 20:48:00,Wallet
T004472,S015,P0670,C01524,3,1786.79,2026-05-12 18:53:00,Wallet
T004473,S012,P0712,C01246,4,3112.13,2026-06-11 02:15:00,Wallet
T004474,S024,P0658,C01618,3,6391.79,2026-06-15 02:52:00,Wallet
T004475,S019,P0198,C02971,2,6947.88,2026-03-14 11:50:00,Wallet
T004476,S025,P0492,C01233,1,6612.82,2026-04-26 21:22:00,UPI
T004477,S017,P0346,C00012,4,6837.74,2026-05-20 17:19:00,Cash
T004478,S008,P0630,C00087,2,6658.91,2026-04-28 01:13:00,Card
T004479,S014,P0056,C02507,3,4337.67,2026-06-27 22:21:00,Card
T004480,S021,P0121,C01273,4,934.55,2026-04-23 03:07:00,UPI
T004481,S011,P0429,C00401,4,6574.5,2026-04-02 06:06:00,Card
T004482,S011,P0474,C00901,1,8400.11,2026-03-02 18:34:00,Card
T004483,S018,P0795,C01214,2,4749.67,2026-04-13 15:16:00,UPI
T004484,S003,P0503,C02906,5,2098.92,2026-04-10 16:18:00,Wallet
T004485,S002,P0153,C02371,2,625.9,2026-02-20 18:24:00,Wallet
T004486,S016,P0115,C01441,1,6337.55,2026-06-18 06:22:00,UPI
T004487,S004,P0052,C01769,4,6206.7,2026-01-07 21:00:00,Wallet
T004488,S014,P0619,C00224,2,731.92,2026-04-26 09:22:00,Wallet
T004489,S002,P0060,C01359,5,294.15,2026-04-08 02:39:00,Cash
T004490,S022,P0122,C00490,4,8775.26,2026-06-07 02:10:00,Wallet
T004491,S022,P0454,C02494,4,2095.86,2026-06-10 22:39:00,Card
T004492,S010,P0107,C02435,5,992.48,2026-04-29 16:53:00,Wallet
T004493,S020,P0454,C00133,5,2095.86,2026-06-06 18:09:00,Wallet
T004494,S015,P0690,C00200,5,4940.77,2026-05-07 13:07:00,Cash
T004495,S005,P0631,C01722,1,1960.93,2026-05-19 05:07:00,Card
T004496,S001,P0620,C02095,2,7558.73,2026-06-09 19:36:00,Wallet
T004497,S023,P0555,C02118,3,2733.2,2026-04-22 17:15:00,Wallet
T004498,S017,P0464,C02307,5,9923.66,2026-05-08 05:15:00,Card
T004499,S012,P0263,C00888,4,3567.34,2026-02-03 10:55:00,Wallet
T004500,S022,P0544,C01605,5,9870.55,2026-05-13 19:41:00,Wallet
T004501,S017,P0182,C01831,3,5319.06,2026-02-20 16:51:00,Card
T004502,S025,P0713,C00960,1,3378.0,2026-01-10 21:57:00,UPI
T004503,S003,P0584,C02921,4,8485.47,2026-05-17 10:51:00,Cash
T004504,S019,P0264,C02000,3,7171.07,2026-06-24 17:53:00,Cash
T004505,S025,P0017,C00474,2,9248.9,2026-01-01 13:36:00,Card
T004506,S024,P0394,C01853,2,2911.6,2026-06-14 06:21:00,UPI
T004507,S015,P0068,C01342,4,6389.9,2026-06-24 21:20:00,UPI
T004508,S006,P0284,C00073,5,5700.06,2026-03-02 12:35:00,Card
T004509,S020,P0301,C01662,3,5462.61,2026-01-14 23:44:00,UPI
T004510,S003,P0657,C00983,4,9529.9,2026-03-10 01:01:00,Wallet
T004511,S009,P0334,C00230,5,3927.84,2026-06-19 12:18:00,Card
T004512,S012,P0680,C00888,1,4165.12,2026-04-10 13:00:00,Wallet
T004513,S018,P0655,C00966,4,7096.19,2026-06-08 11:19:00,UPI
T004514,S003,P0229,C00484,5,9936.26,2026-06-25 15:35:00,Cash
T004515,S023,P0109,C02100,1,8805.73,2026-05-26 01:18:00,Card
T004516,S001,P0391,C02377,1,828.94,2026-01-08 22:58:00,Cash
T004517,S010,P0451,C02434,1,1385.33,2026-02-01 05:43:00,Wallet
T004518,S020,P0752,C01251,3,3839.96,2026-03-13 18:29:00,Cash
T004519,S003,P0062,C01422,5,2738.53,2026-02-15 11:41:00,Cash
T004520,S020,P0101,C02478,2,8805.39,2026-04-06 09:09:00,Cash
T004521,S019,P0160,C02026,5,5876.12,2026-03-06 06:13:00,UPI
T004522,S020,P0721,C02564,1,4538.97,2026-05-15 13:25:00,Card
T004523,S002,P0445,C02191,5,1947.25,2026-04-28 20:15:00,UPI
T004524,S022,P0639,C02051,4,4253.9,2026-04-11 06:41:00,UPI
T004525,S003,P0656,C01732,5,8003.84,2026-02-05 12:02:00,Cash
T004526,S021,P0316,C00331,4,512.74,2026-06-06 10:02:00,Wallet
T004527,S004,P0740,C01593,1,9717.89,2026-02-17 21:47:00,Wallet
T004528,S020,P0778,C01912,2,6963.87,2026-03-05 21:38:00,Cash
T004529,S016,P0168,C00009,4,3315.66,2026-02-04 23:19:00,UPI
T004530,S024,P0571,C00123,3,1762.72,2026-05-17 19:39:00,Cash
T004531,S022,P0568,C00630,3,3547.51,2026-03-10 13:21:00,UPI
T004532,S016,P0262,C02553,4,9830.21,2026-02-26 06:38:00,Cash
T004533,S010,P0719,C01984,2,532.73,2026-05-20 19:32:00,UPI
T004534,S007,P0035,C00945,1,6699.1,2026-01-27 11:36:00,UPI
T004535,S014,P0375,C00265,5,1939.64,2026-04-14 05:36:00,UPI
T004536,S018,P0459,C01424,5,4208.02,2026-03-08 02:43:00,Wallet
T004537,S020,P0183,C00624,3,4734.37,2026-06-25 23:13:00,Cash
T004538,S009,P0649,C01918,4,9469.45,2026-03-25 06:22:00,UPI
T004539,S012,P0625,C01108,5,5109.87,2026-05-17 11:31:00,Card
T004540,S020,P0186,C01487,1,5553.84,2026-05-04 06:04:00,UPI
T004541,S013,P0085,C00042,2,7989.74,2026-03-29 13:16:00,Card
T004542,S005,P0218,C01075,5,5916.82,2026-02-12 19:38:00,Card
T004543,S002,P0454,C01992,4,2095.86,2026-02-13 13:46:00,Cash
T004544,S014,P0592,C01254,2,7069.99,2026-05-31 07:33:00,Card
T004545,S024,P0241,C02528,3,7179.48,2026-06-27 07:35:00,Cash
T004546,S009,P0271,C00814,3,9964.47,2026-03-29 18:04:00,Card
T004547,S021,P0094,C00988,5,5013.87,2026-06-05 23:25:00,UPI
T004548,S021,P0121,C00495,3,934.55,2026-04-05 03:29:00,Cash
T004549,S009,P0489,C01661,5,2399.84,2026-02-27 17:13:00,UPI
T004550,S007,P0689,C01519,1,9487.92,2026-01-28 19:06:00,Cash
T004551,S007,P0378,C01018,2,4747.29,2026-04-11 12:36:00,Wallet
T004552,S025,P0371,C00058,5,5918.35,2026-04-04 00:52:00,Card
T004553,S004,P0625,C02028,2,5109.87,2026-06-15 16:42:00,Wallet
T004554,S005,P0328,C00684,3,9147.78,2026-05-13 08:58:00,Card
T004555,S009,P0151,C01142,2,5217.03,2026-04-09 19:04:00,Card
T004556,S012,P0099,C00838,5,4953.55,2026-03-25 00:32:00,Wallet
T004557,S014,P0590,C01772,3,3157.03,2026-06-06 10:56:00,Card
T004558,S007,P0565,C00027,4,6635.26,2026-05-05 23:12:00,Card
T004559,S014,P0383,C00078,1,6977.34,2026-03-15 08:55:00,Cash
T004560,S024,P0708,C01335,3,3265.42,2026-02-27 00:15:00,UPI
T004561,S020,P0313,C02124,2,5724.63,2026-02-19 10:27:00,Cash
T004562,S006,P0043,C01950,5,5469.14,2026-06-10 21:16:00,Wallet
T004563,S017,P0192,C01497,3,8778.88,2026-01-31 23:03:00,Wallet
T004564,S007,P0767,C00737,5,6194.4,2026-05-12 19:41:00,Wallet
T004565,S021,P0024,C01753,2,3347.34,2026-01-20 03:51:00,Cash
T004566,S013,P0519,C01897,2,1759.88,2026-05-04 20:26:00,UPI
T004567,S012,P0537,C00248,3,1254.63,2026-05-04 05:37:00,Card
T004568,S005,P0693,C00557,4,1638.87,2026-01-13 06:47:00,Card
T004569,S014,P0724,C02722,1,548.91,2026-05-14 11:23:00,Wallet
T004570,S003,P0383,C00083,1,6977.34,2026-05-29 08:03:00,Cash
T004571,S024,P0203,C00556,4,6531.42,2026-03-10 01:17:00,UPI
T004572,S025,P0795,C00881,3,4749.67,2026-01-23 12:25:00,UPI
T004573,S011,P0293,C01818,4,9576.2,2026-02-23 13:27:00,Wallet
T004574,S023,P0715,C02232,5,962.59,2026-03-20 03:00:00,Wallet
T004575,S008,P0217,C01998,1,3503.09,2026-03-25 10:01:00,Wallet
T004576,S016,P0605,C02408,5,6825.51,2026-04-27 03:40:00,UPI
T004577,S008,P0538,C00128,3,7089.09,2026-03-25 11:11:00,Card
T004578,S024,P0553,C02390,5,3486.3,2026-02-21 03:39:00,UPI
T004579,S021,P0181,C02886,2,9734.39,2026-02-25 05:55:00,Card
T004580,S011,P0675,C02506,4,8934.69,2026-04-04 21:08:00,Wallet
T004581,S025,P0705,C01490,2,3427.16,2026-02-24 14:19:00,Wallet
T004582,S010,P0778,C01594,3,6963.87,2026-05-02 17:54:00,Cash
T004583,S013,P0117,C00650,3,1196.2,2026-01-25 08:07:00,Card
T004584,S018,P0174,C00628,1,2919.87,2026-04-20 15:16:00,Card
T004585,S022,P0288,C01671,3,3932.63,2026-03-23 01:33:00,Cash
T004586,S022,P0135,C02409,5,9762.67,2026-01-05 21:11:00,Wallet
T004587,S002,P0125,C00859,5,7041.49,2026-03-10 05:06:00,Wallet
T004588,S002,P0077,C02290,4,2207.23,2026-06-28 21:57:00,Wallet
T004589,S020,P0584,C02428,2,8485.47,2026-01-28 09:40:00,Cash
T004590,S013,P0349,C00305,1,6832.72,2026-01-23 01:12:00,Card
T004591,S020,P0532,C02951,2,6385.3,2026-04-01 06:03:00,Card
T004592,S019,P0073,C01562,2,5094.93,2026-04-27 13:04:00,Wallet
T004593,S016,P0016,C01254,2,9025.44,2026-06-07 18:03:00,Cash
T004594,S025,P0718,C02030,1,3083.62,2026-02-01 23:45:00,UPI
T004595,S021,P0252,C01727,2,7003.96,2026-06-01 17:52:00,UPI
T004596,S011,P0369,C01543,5,4587.77,2026-05-02 19:09:00,Wallet
T004597,S022,P0181,C01295,1,9734.39,2026-01-16 20:39:00,Wallet
T004598,S005,P0629,C01230,1,6100.1,2026-02-03 16:18:00,Card
T004599,S017,P0327,C00689,5,4651.01,2026-01-02 09:16:00,UPI
T004600,S025,P0694,C02247,5,614.19,2026-04-03 04:25:00,Wallet
T004601,S003,P0781,C00128,5,5370.5,2026-03-02 17:33:00,UPI
T004602,S010,P0004,C01886,1,1339.91,2026-05-15 19:02:00,Card
T004603,S001,P0210,C02884,4,8500.3,2026-03-31 13:43:00,Card
T004604,S001,P0799,C01696,5,206.59,2026-02-11 04:40:00,Cash
T004605,S010,P0572,C02713,5,6659.16,2026-03-26 19:01:00,Cash
T004606,S016,P0789,C01115,2,1259.63,2026-04-20 14:12:00,Card
T004607,S006,P0799,C00463,2,206.59,2026-01-15 11:04:00,Wallet
T004608,S016,P0732,C02912,4,5381.3,2026-05-30 17:17:00,Wallet
T004609,S025,P0218,C02290,2,5916.82,2026-04-17 15:21:00,UPI
T004610,S022,P0733,C02406,1,9425.26,2026-05-18 15:05:00,UPI
T004611,S010,P0312,C00955,5,2537.53,2026-03-13 10:11:00,Card
T004612,S019,P0048,C02422,4,1430.43,2026-02-12 04:43:00,Wallet
T004613,S023,P0338,C01540,5,2418.15,2026-05-07 11:31:00,Cash
T004614,S004,P0181,C00481,5,9734.39,2026-05-11 11:30:00,UPI
T004615,S009,P0068,C02153,4,6389.9,2026-06-21 09:32:00,Wallet
T004616,S023,P0171,C02451,1,1015.26,2026-05-19 21:34:00,Card
T004617,S013,P0108,C00504,2,8607.23,2026-03-28 20:04:00,Cash
T004618,S010,P0634,C02834,4,5542.5,2026-04-19 12:24:00,Wallet
T004619,S005,P0008,C00890,1,4742.92,2026-03-23 20:56:00,Card
T004620,S016,P0110,C00545,1,8676.8,2026-03-15 06:04:00,UPI
T004621,S006,P0459,C00070,3,4208.02,2026-05-09 04:23:00,Card
T004622,S017,P0144,C02024,3,9682.77,2026-03-19 20:58:00,UPI
T004623,S020,P0082,C02184,3,2741.65,2026-01-31 02:49:00,Card
T004624,S001,P0025,C01698,2,4622.76,2026-06-27 14:36:00,Cash
T004625,S005,P0120,C01561,3,6904.92,2026-03-27 00:52:00,Wallet
T004626,S018,P0172,C01624,1,9652.99,2026-02-04 00:12:00,UPI
T004627,S008,P0010,C02355,3,9207.97,2026-01-11 01:27:00,UPI
T004628,S015,P0044,C00077,1,9529.55,2026-02-09 10:28:00,Card
T004629,S008,P0776,C01327,1,994.43,2026-04-06 21:49:00,Wallet
T004630,S007,P0653,C00696,2,3849.13,2026-02-28 20:00:00,UPI
T004631,S002,P0077,C00882,4,2207.23,2026-06-15 07:55:00,Card
T004632,S003,P0031,C02318,5,739.63,2026-01-19 08:04:00,Cash
T004633,S013,P0006,C00307,3,7768.45,2026-02-03 21:56:00,Wallet
T004634,S013,P0085,C02886,2,7989.74,2026-01-30 11:07:00,UPI
T004635,S016,P0477,C02029,2,4461.51,2026-03-23 02:21:00,Card
T004636,S012,P0038,C02592,3,393.26,2026-02-23 00:11:00,UPI
T004637,S018,P0713,C02921,5,3378.0,2026-03-24 11:36:00,UPI
T004638,S008,P0445,C00839,3,1947.25,2026-05-04 01:09:00,Card
T004639,S004,P0212,C01485,1,2394.87,2026-05-14 06:57:00,Wallet
T004640,S005,P0728,C00768,4,134.65,2026-06-12 21:36:00,Cash
T004641,S019,P0070,C00147,3,8064.57,2026-04-19 18:57:00,Cash
T004642,S008,P0387,C00490,4,9206.54,2026-02-16 23:16:00,UPI
T004643,S024,P0372,C02727,1,5991.23,2026-01-26 09:41:00,Cash
T004644,S022,P0103,C00848,2,8429.58,2026-03-19 09:42:00,Card
T004645,S015,P0031,C02424,4,739.63,2026-05-14 17:54:00,Card
T004646,S010,P0057,C02403,2,657.85,2026-06-07 13:04:00,UPI
T004647,S021,P0490,C01268,1,1817.85,2026-04-09 20:01:00,Card
T004648,S014,P0347,C02323,4,6444.57,2026-06-08 16:44:00,Cash
T004649,S002,P0245,C00969,5,4480.53,2026-02-06 17:03:00,Card
T004650,S012,P0394,C00923,5,2911.6,2026-06-26 07:34:00,Wallet
T004651,S020,P0285,C00822,2,8360.15,2026-04-19 15:19:00,UPI
T004652,S001,P0603,C01312,5,7378.66,2026-06-13 15:03:00,UPI
T004653,S004,P0029,C02264,3,4435.78,2026-03-16 21:57:00,Wallet
T004654,S016,P0146,C02793,4,8790.18,2026-04-16 05:06:00,Cash
T004655,S014,P0045,C00379,3,3896.94,2026-01-02 04:25:00,Card
T004656,S013,P0664,C00497,3,4113.17,2026-04-04 17:35:00,Cash
T004657,S019,P0006,C00073,2,7768.45,2026-06-30 05:43:00,Cash
T004658,S012,P0787,C02594,3,1525.99,2026-04-05 09:49:00,Cash
T004659,S002,P0398,C01178,2,3448.99,2026-02-23 02:22:00,UPI
T004660,S001,P0515,C00433,5,7243.57,2026-05-15 07:27:00,Card
T004661,S004,P0219,C00693,1,1397.47,2026-02-14 18:32:00,Wallet
T004662,S017,P0357,C00431,5,4375.29,2026-01-28 04:33:00,UPI
T004663,S004,P0416,C00065,5,4705.01,2026-02-18 02:08:00,Wallet
T004664,S015,P0785,C01430,1,9579.4,2026-02-02 06:49:00,Cash
T004665,S013,P0123,C02370,2,9485.28,2026-06-05 04:53:00,Wallet
T004666,S001,P0485,C02597,3,7988.55,2026-06-15 00:14:00,Cash
T004667,S021,P0411,C00386,4,2150.28,2026-06-10 10:24:00,Card
T004668,S021,P0678,C00596,5,4079.47,2026-06-09 03:09:00,Cash
T004669,S012,P0201,C02475,4,236.37,2026-01-16 12:52:00,Wallet
T004670,S025,P0551,C02607,5,8695.78,2026-01-03 03:04:00,Wallet
T004671,S001,P0169,C00042,2,8645.46,2026-05-14 08:21:00,Cash
T004672,S001,P0570,C01992,1,1364.83,2026-04-17 08:57:00,Card
T004673,S008,P0393,C02760,3,533.66,2026-05-06 05:27:00,Cash
T004674,S003,P0500,C01543,3,2401.8,2026-02-22 18:52:00,Cash
T004675,S004,P0299,C00585,4,4425.47,2026-04-29 11:46:00,Wallet
T004676,S003,P0303,C01381,2,9525.43,2026-01-07 18:10:00,Cash
T004677,S012,P0373,C02378,3,9052.26,2026-02-12 16:05:00,UPI
T004678,S005,P0574,C00209,1,9933.28,2026-04-14 17:42:00,UPI
T004679,S012,P0437,C02945,5,4248.56,2026-06-30 02:58:00,Cash
T004680,S014,P0482,C00802,3,3807.98,2026-06-20 15:33:00,Cash
T004681,S019,P0139,C01840,2,7112.69,2026-02-15 06:10:00,Cash
T004682,S002,P0209,C01691,1,3404.12,2026-03-31 16:23:00,UPI
T004683,S009,P0580,C02133,2,2979.67,2026-04-29 10:57:00,Cash
T004684,S004,P0059,C02642,5,8701.51,2026-03-08 12:23:00,Cash
T004685,S015,P0727,C01764,3,4067.4,2026-05-24 21:25:00,UPI
T004686,S001,P0155,C00812,4,7088.03,2026-03-10 16:30:00,Wallet
T004687,S002,P0303,C00461,4,9525.43,2026-02-04 12:56:00,Wallet
T004688,S012,P0014,C00686,2,5097.6,2026-02-09 19:29:00,Card
T004689,S022,P0344,C01324,2,2669.28,2026-01-09 11:06:00,UPI
T004690,S015,P0193,C01043,1,7596.81,2026-02-06 21:06:00,Wallet
T004691,S001,P0191,C00765,5,8443.81,2026-01-24 17:26:00,Cash
T004692,S012,P0307,C00284,4,2471.27,2026-06-21 15:28:00,Cash
T004693,S013,P0696,C00130,1,916.89,2026-04-08 22:26:00,Card
T004694,S012,P0460,C02516,1,4631.5,2026-05-22 08:13:00,Cash
T004695,S004,P0568,C00675,5,3547.51,2026-01-27 13:23:00,Wallet
T004696,S007,P0193,C02514,2,7596.81,2026-01-14 18:45:00,Wallet
T004697,S001,P0634,C02583,1,5542.5,2026-02-16 15:00:00,Card
T004698,S014,P0600,C01734,3,8512.12,2026-01-31 22:01:00,UPI
T004699,S010,P0140,C00250,4,1042.27,2026-05-01 05:59:00,Wallet
T004700,S016,P0285,C02953,4,8360.15,2026-01-17 15:36:00,Wallet
T004701,S012,P0266,C01899,5,4596.66,2026-06-25 07:20:00,Wallet
T004702,S018,P0174,C01356,1,2919.87,2026-02-20 15:07:00,Cash
T004703,S021,P0362,C00238,1,945.79,2026-02-25 19:16:00,Cash
T004704,S019,P0254,C02350,5,7277.48,2026-06-17 19:53:00,Card
T004705,S019,P0365,C01920,1,6145.31,2026-02-17 00:59:00,Card
T004706,S001,P0527,C01770,1,4964.39,2026-03-25 06:12:00,Card
T004707,S025,P0534,C01411,3,440.62,2026-02-14 05:17:00,UPI
T004708,S022,P0257,C00977,5,8913.16,2026-05-28 19:20:00,Card
T004709,S005,P0331,C02800,3,7893.32,2026-06-07 07:18:00,UPI
T004710,S025,P0253,C00761,5,933.38,2026-04-16 05:50:00,Wallet
T004711,S018,P0346,C02312,1,6837.74,2026-01-26 14:34:00,UPI
T004712,S025,P0577,C02168,1,994.37,2026-03-25 22:26:00,Cash
T004713,S020,P0191,C02172,2,8443.81,2026-05-30 02:34:00,UPI
T004714,S014,P0347,C00798,1,6444.57,2026-06-13 10:20:00,Wallet
T004715,S008,P0225,C00062,5,3650.99,2026-03-02 18:52:00,UPI
T004716,S010,P0233,C02303,5,8252.74,2026-05-21 04:54:00,UPI
T004717,S015,P0108,C01765,4,8607.23,2026-03-02 05:41:00,Wallet
T004718,S019,P0607,C00583,1,1260.73,2026-03-25 22:17:00,UPI
T004719,S001,P0753,C00072,3,7657.11,2026-04-04 23:58:00,Wallet
T004720,S002,P0104,C02371,4,5571.01,2026-03-04 19:42:00,Cash
T004721,S012,P0497,C01202,3,1834.78,2026-05-19 06:56:00,Cash
T004722,S004,P0026,C01788,5,5582.77,2026-03-23 18:58:00,Cash
T004723,S014,P0254,C02089,4,7277.48,2026-03-20 09:06:00,Wallet
T004724,S008,P0213,C02263,3,4276.85,2026-04-17 04:10:00,UPI
T004725,S024,P0791,C02834,3,7042.88,2026-05-06 22:00:00,Cash
T004726,S020,P0424,C02029,4,3403.2,2026-04-29 16:49:00,Cash
T004727,S006,P0614,C01892,5,5908.82,2026-02-26 05:30:00,Wallet
T004728,S006,P0185,C01676,2,5277.61,2026-04-11 09:53:00,Wallet
T004729,S008,P0224,C00686,3,2422.72,2026-03-05 00:40:00,Wallet
T004730,S022,P0775,C00176,2,1219.32,2026-05-27 11:21:00,UPI
T004731,S011,P0585,C02732,1,7994.43,2026-03-08 08:39:00,Wallet
T004732,S009,P0416,C01316,1,4705.01,2026-05-28 17:00:00,UPI
T004733,S007,P0702,C00957,3,9903.95,2026-06-06 03:58:00,UPI
T004734,S021,P0460,C01627,5,4631.5,2026-02-16 15:15:00,Card
T004735,S015,P0154,C02365,5,1912.1,2026-06-04 19:52:00,Wallet
T004736,S021,P0712,C02242,1,3112.13,2026-04-23 00:05:00,Wallet
T004737,S019,P0035,C01451,1,6699.1,2026-02-17 19:29:00,UPI
T004738,S022,P0483,C00031,2,257.78,2026-02-14 15:01:00,Cash
T004739,S024,P0191,C00974,4,8443.81,2026-01-18 05:31:00,Card
T004740,S015,P0453,C01026,2,5915.17,2026-01-15 11:18:00,Card
T004741,S007,P0547,C00186,1,3808.05,2026-03-05 22:45:00,UPI
T004742,S010,P0539,C01077,2,8771.46,2026-06-02 15:59:00,UPI
T004743,S023,P0193,C01411,4,7596.81,2026-05-15 16:59:00,UPI
T004744,S014,P0448,C02301,2,1800.07,2026-01-29 07:18:00,UPI
T004745,S015,P0067,C00446,3,3696.01,2026-05-06 11:09:00,Wallet
T004746,S007,P0175,C00104,4,4958.37,2026-02-05 19:46:00,Cash
T004747,S025,P0473,C02207,4,1487.53,2026-05-23 17:42:00,Card
T004748,S004,P0751,C01409,3,7293.97,2026-03-04 04:27:00,Cash
T004749,S010,P0332,C01430,4,8935.46,2026-02-08 00:57:00,Wallet
T004750,S025,P0199,C00264,1,6222.14,2026-06-22 03:21:00,Wallet
T004751,S019,P0525,C02187,3,1451.9,2026-02-04 12:26:00,Card
T004752,S016,P0415,C01649,2,5235.33,2026-04-12 01:51:00,UPI
T004753,S020,P0015,C02235,5,5334.5,2026-05-21 06:25:00,Cash
T004754,S002,P0229,C02248,2,9936.26,2026-02-14 01:17:00,UPI
T004755,S016,P0306,C02241,3,2652.55,2026-01-12 09:03:00,UPI
T004756,S001,P0415,C01530,4,5235.33,2026-05-22 16:41:00,UPI
T004757,S017,P0695,C01084,1,4398.85,2026-06-05 23:24:00,UPI
T004758,S010,P0770,C02749,2,6825.39,2026-04-30 17:42:00,Cash
T004759,S018,P0412,C02932,2,4018.41,2026-05-09 17:16:00,Card
T004760,S007,P0443,C00269,4,1796.09,2026-05-26 14:57:00,Cash
T004761,S018,P0710,C01547,1,4772.38,2026-03-31 23:20:00,Wallet
T004762,S003,P0223,C01778,2,1097.95,2026-02-23 23:39:00,Cash
T004763,S017,P0578,C00800,1,6474.47,2026-06-30 12:42:00,UPI
T004764,S025,P0195,C01850,2,873.38,2026-06-20 17:33:00,Card
T004765,S024,P0604,C00826,5,6814.35,2026-04-02 06:18:00,UPI
T004766,S021,P0313,C01391,1,5724.63,2026-03-02 21:45:00,Card
T004767,S024,P0004,C02631,5,1339.91,2026-05-17 13:27:00,Card
T004768,S021,P0284,C02326,1,5700.06,2026-01-16 01:22:00,UPI
T004769,S014,P0412,C01173,4,4018.41,2026-02-21 00:35:00,Cash
T004770,S007,P0595,C00758,4,3060.11,2026-03-13 10:18:00,Wallet
T004771,S008,P0569,C00393,2,3008.24,2026-03-02 13:14:00,Wallet
T004772,S021,P0665,C00539,2,7169.18,2026-06-15 02:47:00,Wallet
T004773,S018,P0713,C02288,1,3378.0,2026-05-27 19:35:00,UPI
T004774,S022,P0373,C01415,2,9052.26,2026-03-24 03:44:00,Card
T004775,S018,P0374,C02820,5,3617.37,2026-04-28 02:16:00,Card
T004776,S007,P0035,C00717,1,6699.1,2026-03-30 05:33:00,Wallet
T004777,S002,P0499,C00260,4,3884.48,2026-02-23 19:28:00,Card
T004778,S003,P0251,C02063,3,7031.92,2026-01-24 00:46:00,Wallet
T004779,S013,P0778,C02135,4,6963.87,2026-02-08 21:56:00,UPI
T004780,S010,P0159,C02093,4,8365.04,2026-05-28 05:42:00,UPI
T004781,S023,P0484,C00655,4,8222.21,2026-05-31 11:53:00,Cash
T004782,S001,P0544,C02085,1,9870.55,2026-06-19 00:49:00,Cash
T004783,S019,P0712,C00125,2,3112.13,2026-01-24 10:20:00,UPI
T004784,S003,P0428,C01970,5,9462.57,2026-02-20 16:18:00,Card
T004785,S015,P0544,C02092,2,9870.55,2026-03-12 22:18:00,Card
T004786,S011,P0617,C02655,5,1083.47,2026-05-11 06:34:00,Card
T004787,S005,P0775,C00238,5,1219.32,2026-01-15 20:53:00,Card
T004788,S004,P0459,C02648,5,4208.02,2026-02-20 00:10:00,Cash
T004789,S008,P0436,C02344,3,5047.02,2026-05-28 14:11:00,Cash
T004790,S017,P0251,C01728,5,7031.92,2026-05-01 02:49:00,Card
T004791,S015,P0249,C00715,1,4250.12,2026-02-23 23:26:00,Card
T004792,S014,P0648,C01231,5,6112.92,2026-06-01 17:03:00,UPI
T004793,S014,P0696,C00351,3,916.89,2026-01-24 20:46:00,Card
T004794,S016,P0237,C00213,4,3411.61,2026-01-30 04:57:00,UPI
T004795,S009,P0067,C02782,5,3696.01,2026-04-12 01:39:00,Wallet
T004796,S009,P0504,C00154,1,2455.83,2026-06-12 05:09:00,UPI
T004797,S009,P0155,C02300,1,7088.03,2026-02-08 03:56:00,Cash
T004798,S002,P0449,C00431,2,9895.99,2026-02-23 05:22:00,Card
T004799,S010,P0776,C01720,2,994.43,2026-01-31 23:26:00,Wallet
T004800,S013,P0315,C02064,3,7841.03,2026-06-29 15:42:00,Card
T004801,S021,P0220,C01838,5,8346.5,2026-04-15 15:55:00,Wallet
T004802,S008,P0720,C00288,4,8925.71,2026-06-19 04:45:00,Card
T004803,S001,P0463,C01881,4,7009.64,2026-01-14 03:55:00,Wallet
T004804,S021,P0777,C00772,5,3589.83,2026-06-05 22:59:00,Cash
T004805,S014,P0656,C00272,2,8003.84,2026-01-23 03:57:00,UPI
T004806,S010,P0437,C01474,4,4248.56,2026-01-29 13:03:00,UPI
T004807,S018,P0715,C01692,5,962.59,2026-04-14 03:34:00,Cash
T004808,S013,P0660,C00899,4,7325.53,2026-02-03 06:10:00,Card
T004809,S024,P0692,C01011,4,1400.03,2026-01-11 04:07:00,Cash
T004810,S009,P0427,C00351,5,7722.75,2026-06-08 01:05:00,Cash
T004811,S015,P0227,C01404,4,3442.57,2026-04-25 04:38:00,Wallet
T004812,S012,P0732,C02032,5,5381.3,2026-03-29 22:35:00,Card
T004813,S011,P0705,C02497,3,3427.16,2026-05-16 14:56:00,Card
T004814,S022,P0424,C00302,5,3403.2,2026-03-05 06:45:00,Card
T004815,S018,P0451,C01195,3,1385.33,2026-06-09 07:18:00,Card
T004816,S002,P0195,C02538,4,873.38,2026-01-10 10:01:00,Cash
T004817,S011,P0134,C01101,3,4143.39,2026-05-27 06:34:00,UPI
T004818,S016,P0187,C01440,4,5154.45,2026-04-21 12:58:00,UPI
T004819,S017,P0160,C00494,4,5876.12,2026-03-28 07:06:00,Card
T004820,S018,P0633,C01364,5,2845.22,2026-05-18 00:27:00,UPI
T004821,S008,P0408,C00445,1,5035.02,2026-06-19 06:06:00,Wallet
T004822,S025,P0739,C01684,2,7330.72,2026-04-27 22:12:00,Card
T004823,S008,P0604,C01196,1,6814.35,2026-06-20 10:17:00,UPI
T004824,S009,P0312,C00877,4,2537.53,2026-05-14 03:32:00,UPI
T004825,S020,P0641,C00643,4,2773.24,2026-02-08 09:37:00,UPI
T004826,S011,P0525,C02995,4,1451.9,2026-02-15 03:25:00,Cash
T004827,S014,P0124,C00063,5,9076.76,2026-01-24 09:42:00,UPI
T004828,S001,P0630,C02432,4,6658.91,2026-01-06 19:03:00,Wallet
T004829,S020,P0743,C02058,2,2117.79,2026-06-24 13:28:00,Card
T004830,S005,P0695,C00328,2,4398.85,2026-06-10 17:54:00,Cash
T004831,S012,P0034,C00682,4,7586.4,2026-02-05 11:30:00,Cash
T004832,S003,P0186,C01471,1,5553.84,2026-01-03 19:40:00,Wallet
T004833,S012,P0383,C01837,3,6977.34,2026-06-20 11:08:00,Cash
T004834,S013,P0487,C01235,5,5663.34,2026-02-04 05:07:00,Card
T004835,S003,P0650,C00609,5,8079.24,2026-06-02 09:47:00,UPI
T004836,S022,P0702,C02730,4,9903.95,2026-04-07 04:23:00,UPI
T004837,S011,P0350,C01616,1,5219.84,2026-01-05 20:11:00,Cash
T004838,S023,P0491,C00861,5,3951.95,2026-02-19 23:54:00,Cash
T004839,S013,P0119,C00209,5,4834.82,2026-04-04 11:56:00,UPI
T004840,S013,P0798,C00118,4,6080.32,2026-04-08 02:15:00,UPI
T004841,S022,P0418,C02761,1,8063.59,2026-06-17 00:02:00,Cash
T004842,S013,P0199,C00325,4,6222.14,2026-02-24 22:45:00,Wallet
T004843,S010,P0022,C02839,2,1191.13,2026-05-26 20:21:00,Cash
T004844,S020,P0711,C01535,4,1928.92,2026-03-30 04:22:00,Wallet
T004845,S017,P0720,C02417,1,8925.71,2026-06-27 19:54:00,UPI
T004846,S025,P0301,C00873,2,5462.61,2026-05-08 00:34:00,Wallet
T004847,S015,P0635,C01850,3,4059.59,2026-01-25 07:48:00,Cash
T004848,S001,P0371,C01077,4,5918.35,2026-04-27 04:02:00,Wallet
T004849,S025,P0570,C00781,3,1364.83,2026-02-06 09:24:00,Card
T004850,S007,P0428,C00088,3,9462.57,2026-02-18 14:28:00,Card
T004851,S021,P0538,C02239,2,7089.09,2026-04-02 18:45:00,Cash
T004852,S014,P0623,C02886,5,5792.3,2026-03-25 18:25:00,Wallet
T004853,S018,P0387,C02974,1,9206.54,2026-04-04 13:13:00,UPI
T004854,S017,P0527,C01910,3,4964.39,2026-03-20 04:26:00,UPI
T004855,S021,P0296,C00443,3,8312.94,2026-02-24 00:55:00,UPI
T004856,S010,P0198,C01717,2,6947.88,2026-03-08 02:33:00,Wallet
T004857,S005,P0267,C01367,1,910.28,2026-02-09 00:52:00,Wallet
T004858,S015,P0124,C02310,2,9076.76,2026-02-06 16:26:00,UPI
T004859,S007,P0169,C00648,5,8645.46,2026-01-14 14:25:00,UPI
T004860,S010,P0616,C02649,3,3900.2,2026-02-01 12:21:00,Card
T004861,S003,P0072,C02812,2,4327.35,2026-06-07 05:31:00,Card
T004862,S011,P0282,C02921,3,119.65,2026-05-03 07:52:00,Wallet
T004863,S001,P0622,C02502,5,8024.08,2026-05-23 16:53:00,UPI
T004864,S013,P0487,C00760,3,5663.34,2026-03-13 02:03:00,Wallet
T004865,S005,P0774,C02282,4,1562.02,2026-02-12 20:26:00,Card
T004866,S014,P0059,C01563,2,8701.51,2026-06-08 02:05:00,Cash
T004867,S015,P0458,C02159,2,3532.14,2026-04-24 02:54:00,UPI
T004868,S004,P0663,C02790,3,4847.59,2026-04-21 14:32:00,UPI
T004869,S013,P0292,C00406,2,2004.02,2026-06-01 00:45:00,Wallet
T004870,S016,P0467,C01980,4,5109.04,2026-04-16 07:47:00,Cash
T004871,S024,P0594,C02689,2,9238.26,2026-02-03 04:19:00,Card
T004872,S020,P0737,C00544,3,4141.59,2026-03-14 18:07:00,Wallet
T004873,S003,P0491,C00894,4,3951.95,2026-06-16 03:39:00,Wallet
T004874,S025,P0483,C01285,3,257.78,2026-03-29 10:54:00,Wallet
T004875,S001,P0597,C00485,2,3970.52,2026-03-08 05:24:00,Cash
T004876,S006,P0343,C01082,1,746.07,2026-06-25 21:33:00,Cash
T004877,S024,P0306,C00834,5,2652.55,2026-06-14 00:15:00,Card
T004878,S013,P0387,C02409,4,9206.54,2026-02-26 23:56:00,Cash
T004879,S013,P0124,C00965,4,9076.76,2026-03-15 01:06:00,Wallet
T004880,S014,P0277,C02237,5,3757.9,2026-03-05 02:00:00,Wallet
T004881,S025,P0617,C00034,5,1083.47,2026-02-01 00:34:00,Wallet
T004882,S019,P0531,C01737,2,9574.26,2026-06-07 12:23:00,UPI
T004883,S023,P0305,C00501,5,1076.57,2026-04-14 16:56:00,Card
T004884,S024,P0332,C02393,1,8935.46,2026-05-25 21:50:00,Cash
T004885,S010,P0625,C00217,3,5109.87,2026-04-26 12:34:00,Cash
T004886,S015,P0478,C01143,2,8936.61,2026-04-19 10:31:00,UPI
T004887,S010,P0464,C00565,3,9923.66,2026-06-09 02:12:00,Cash
T004888,S016,P0352,C02976,2,3229.8,2026-04-05 15:06:00,Wallet
T004889,S011,P0066,C00250,5,5076.41,2026-06-01 23:06:00,Cash
T004890,S018,P0472,C02660,2,774.55,2026-03-31 12:41:00,Wallet
T004891,S011,P0284,C00225,4,5700.06,2026-03-14 14:30:00,UPI
T004892,S004,P0629,C01007,5,6100.1,2026-02-14 08:24:00,Cash
T004893,S015,P0391,C00030,2,828.94,2026-03-06 16:22:00,Card
T004894,S011,P0573,C00127,2,1786.29,2026-01-28 04:40:00,Wallet
T004895,S023,P0536,C02451,5,2548.41,2026-03-06 15:45:00,UPI
T004896,S021,P0693,C00077,5,1638.87,2026-04-22 00:05:00,Cash
T004897,S015,P0548,C02027,4,1900.64,2026-01-29 01:30:00,UPI
T004898,S001,P0737,C01924,3,4141.59,2026-05-23 02:01:00,UPI
T004899,S007,P0196,C02359,5,4393.61,2026-01-31 17:33:00,Card
T004900,S020,P0331,C01613,4,7893.32,2026-02-01 01:19:00,Wallet
T004901,S008,P0709,C01248,4,104.31,2026-02-23 00:54:00,UPI
T004902,S003,P0782,C01963,4,5850.54,2026-04-16 18:54:00,Wallet
T004903,S024,P0186,C01665,4,5553.84,2026-02-28 03:25:00,Wallet
T004904,S003,P0753,C02161,4,7657.11,2026-04-26 13:36:00,Wallet
T004905,S013,P0239,C00928,5,8363.65,2026-03-12 03:04:00,Card
T004906,S001,P0547,C00489,2,3808.05,2026-05-06 05:31:00,Card
T004907,S010,P0146,C01680,2,8790.18,2026-04-19 17:37:00,Wallet
T004908,S009,P0311,C00112,5,9144.98,2026-01-11 18:34:00,Wallet
T004909,S019,P0407,C01501,3,1756.59,2026-01-04 17:38:00,Wallet
T004910,S008,P0464,C00125,3,9923.66,2026-01-25 22:52:00,Wallet
T004911,S009,P0305,C01102,2,1076.57,2026-04-04 15:17:00,Cash
T004912,S004,P0295,C00423,2,9626.53,2026-01-28 05:03:00,Wallet
T004913,S018,P0390,C00698,1,1923.02,2026-06-01 01:02:00,UPI
T004914,S017,P0079,C02870,2,3705.32,2026-01-28 11:41:00,Card
T004915,S018,P0261,C02080,2,5766.11,2026-06-30 02:04:00,UPI
T004916,S006,P0025,C02762,5,4622.76,2026-04-29 02:52:00,UPI
T004917,S011,P0364,C01009,4,9198.25,2026-02-20 17:21:00,UPI
T004918,S013,P0296,C02593,3,8312.94,2026-01-11 13:56:00,Wallet
T004919,S002,P0634,C01716,5,5542.5,2026-04-26 03:28:00,UPI
T004920,S007,P0082,C02463,2,2741.65,2026-03-05 01:50:00,Card
T004921,S010,P0092,C01295,2,4028.26,2026-04-29 07:49:00,UPI
T004922,S021,P0279,C00504,3,3009.41,2026-03-27 02:43:00,Wallet
T004923,S023,P0335,C02106,3,3766.76,2026-01-13 09:49:00,Card
T004924,S014,P0474,C01734,5,8400.11,2026-04-03 18:06:00,UPI
T004925,S015,P0668,C00715,4,1829.66,2026-03-12 16:47:00,Card
T004926,S011,P0248,C00927,2,9033.86,2026-03-18 06:48:00,Wallet
T004927,S001,P0631,C01273,2,1960.93,2026-04-13 05:58:00,UPI
T004928,S011,P0565,C01097,3,6635.26,2026-01-30 06:42:00,Wallet
T004929,S014,P0404,C01550,1,8557.91,2026-01-07 00:35:00,Card
T004930,S002,P0590,C02929,3,3157.03,2026-05-25 14:51:00,Wallet
T004931,S007,P0289,C00268,1,9583.99,2026-02-16 11:54:00,UPI
T004932,S021,P0548,C01258,1,1900.64,2026-05-17 18:01:00,Wallet
T004933,S021,P0252,C02738,2,7003.96,2026-06-23 12:07:00,Wallet
T004934,S009,P0378,C00576,2,4747.29,2026-04-25 14:32:00,Wallet
T004935,S010,P0379,C02872,3,3750.42,2026-06-30 14:39:00,Wallet
T004936,S022,P0766,C00261,2,9568.02,2026-06-02 08:39:00,UPI
T004937,S024,P0226,C02219,3,1828.68,2026-05-08 01:00:00,Wallet
T004938,S014,P0466,C02767,2,4158.95,2026-02-22 04:06:00,Cash
T004939,S003,P0310,C02765,1,747.04,2026-05-24 00:11:00,Card
T004940,S004,P0723,C02090,5,1751.66,2026-03-27 06:47:00,Cash
T004941,S007,P0696,C00861,3,916.89,2026-06-21 06:50:00,Cash
T004942,S011,P0656,C01074,2,8003.84,2026-06-05 13:44:00,Wallet
T004943,S024,P0129,C02183,4,8288.85,2026-02-10 15:00:00,UPI
T004944,S003,P0509,C02841,5,6118.83,2026-03-07 14:55:00,Card
T004945,S011,P0519,C01163,4,1759.88,2026-04-11 14:54:00,UPI
T004946,S015,P0251,C01054,1,7031.92,2026-02-08 02:41:00,Cash
T004947,S024,P0634,C00362,5,5542.5,2026-04-01 19:58:00,Cash
T004948,S005,P0019,C01534,5,1889.4,2026-01-17 17:54:00,Cash
T004949,S025,P0054,C01417,3,8384.65,2026-03-03 04:43:00,Cash
T004950,S003,P0428,C02919,3,9462.57,2026-06-29 16:12:00,Card
T004951,S001,P0061,C01645,5,6610.9,2026-01-05 01:05:00,Wallet
T004952,S024,P0112,C00393,5,8260.57,2026-01-15 09:04:00,Cash
T004953,S007,P0790,C02425,4,6990.61,2026-04-14 14:09:00,Wallet
T004954,S001,P0160,C01345,2,5876.12,2026-04-19 03:25:00,Card
T004955,S009,P0122,C01293,5,8775.26,2026-03-21 11:16:00,Wallet
T004956,S009,P0317,C00934,5,6564.28,2026-06-10 20:06:00,Cash
T004957,S001,P0777,C00524,5,3589.83,2026-01-07 02:18:00,Cash
T004958,S002,P0261,C02756,1,5766.11,2026-01-30 01:43:00,Card
T004959,S004,P0799,C02996,2,206.59,2026-04-25 20:05:00,Cash
T004960,S016,P0049,C01935,5,5730.67,2026-05-05 22:45:00,Card
T004961,S019,P0016,C01402,2,9025.44,2026-04-30 04:14:00,UPI
T004962,S021,P0039,C00983,3,6812.26,2026-03-06 01:16:00,Card
T004963,S013,P0191,C02551,2,8443.81,2026-01-06 22:21:00,Card
T004964,S025,P0026,C01356,3,5582.77,2026-03-09 19:59:00,Cash
T004965,S005,P0724,C01419,4,548.91,2026-03-02 18:33:00,Cash
T004966,S013,P0622,C02040,3,8024.08,2026-05-22 02:19:00,Cash
T004967,S023,P0751,C01813,5,7293.97,2026-05-25 23:53:00,Card
T004968,S020,P0235,C02435,2,1653.62,2026-06-11 23:46:00,Cash
T004969,S019,P0213,C00294,1,4276.85,2026-03-11 19:35:00,Cash
T004970,S017,P0082,C02210,5,2741.65,2026-01-01 10:45:00,Cash
T004971,S015,P0781,C01823,5,5370.5,2026-03-05 22:47:00,Card
T004972,S011,P0543,C00062,5,7511.43,2026-01-17 10:48:00,Wallet
T004973,S008,P0185,C02974,5,5277.61,2026-02-14 01:26:00,Wallet
T004974,S022,P0531,C00814,1,9574.26,2026-03-07 20:50:00,UPI
T004975,S014,P0575,C02468,5,9035.22,2026-06-05 17:07:00,Cash
T004976,S025,P0647,C02636,5,7033.51,2026-01-10 20:07:00,Cash
T004977,S015,P0414,C02602,1,1428.87,2026-03-18 22:04:00,Cash
T004978,S022,P0350,C01719,2,5219.84,2026-06-03 16:57:00,Cash
T004979,S001,P0696,C01545,4,916.89,2026-04-12 20:41:00,Card
T004980,S018,P0161,C01833,1,4221.55,2026-05-16 16:49:00,Wallet
T004981,S011,P0366,C02132,4,6806.89,2026-06-13 07:38:00,UPI
T004982,S022,P0594,C02262,1,9238.26,2026-06-15 02:13:00,Card
T004983,S022,P0036,C01990,3,1558.0,2026-02-20 15:48:00,Card
T004984,S019,P0047,C01033,4,8857.53,2026-06-01 14:59:00,UPI
T004985,S019,P0474,C01178,2,8400.11,2026-06-25 04:06:00,UPI
T004986,S018,P0648,C01634,3,6112.92,2026-04-17 13:02:00,Cash
T004987,S020,P0492,C02028,2,6612.82,2026-06-04 18:59:00,Card
T004988,S021,P0043,C00611,3,5469.14,2026-03-16 03:29:00,Cash
T004989,S022,P0798,C01102,1,6080.32,2026-04-16 13:02:00,Wallet
T004990,S019,P0242,C02603,1,1599.95,2026-01-26 05:04:00,Wallet
T004991,S024,P0083,C02218,5,6898.86,2026-02-25 16:33:00,UPI
T004992,S002,P0124,C00277,2,9076.76,2026-03-15 01:40:00,Card
T004993,S006,P0776,C01629,4,994.43,2026-05-05 16:22:00,UPI
T004994,S021,P0753,C01618,5,7657.11,2026-05-27 09:05:00,Cash
T004995,S021,P0129,C01776,1,8288.85,2026-03-05 07:57:00,Wallet
T004996,S009,P0426,C02713,4,9983.21,2026-02-14 11:00:00,Wallet
T004997,S023,P0068,C00120,4,6389.9,2026-04-22 06:14:00,Card
T004998,S011,P0355,C00750,4,2048.08,2026-02-23 23:30:00,Wallet
T004999,S018,P0376,C00554,1,1363.04,2026-05-12 22:51:00,Card
T005000,S001,P0109,C02805,2,8805.73,2026-06-01 20:18:00,UPI
T005001,S021,P0078,C01583,1,9351.9,2026-03-16 19:53:00,Card
T005002,S006,P0183,C00372,3,4734.37,2026-05-26 03:53:00,UPI
T005003,S003,P0061,C02017,3,6610.9,2026-06-06 15:13:00,Wallet
T005004,S007,P0387,C02914,3,9206.54,2026-01-04 02:17:00,UPI
T005005,S010,P0564,C01548,1,3746.46,2026-03-09 05:38:00,Card
T005006,S004,P0570,C02718,2,1364.83,2026-04-21 22:32:00,Wallet
T005007,S005,P0503,C00575,2,2098.92,2026-02-05 00:53:00,Cash
T005008,S016,P0392,C01033,3,1508.78,2026-02-24 15:56:00,UPI
T005009,S013,P0040,C01560,1,1611.09,2026-01-14 17:35:00,UPI
T005010,S016,P0441,C01861,2,5390.46,2026-04-28 18:27:00,Wallet
T005011,S006,P0542,C02178,5,6397.18,2026-02-13 03:36:00,UPI
T005012,S004,P0262,C00501,5,9830.21,2026-01-23 14:01:00,UPI
T005013,S020,P0062,C01881,2,2738.53,2026-01-15 05:24:00,UPI
T005014,S016,P0516,C02707,3,6096.93,2026-06-19 22:42:00,UPI
T005015,S015,P0744,C00429,1,2393.06,2026-06-18 00:56:00,UPI
T005016,S009,P0753,C01413,4,7657.11,2026-06-11 22:32:00,Wallet
T005017,S024,P0654,C02778,4,7103.27,2026-06-10 08:51:00,Cash
T005018,S015,P0553,C02580,3,3486.3,2026-01-25 18:37:00,Cash
T005019,S008,P0461,C02428,1,3995.16,2026-01-22 08:01:00,Card
T005020,S024,P0409,C02575,4,7152.62,2026-04-05 23:21:00,Cash
T005021,S025,P0649,C02413,3,9469.45,2026-06-29 20:59:00,Wallet
T005022,S019,P0618,C00341,1,4111.77,2026-05-27 17:30:00,Card
T005023,S010,P0761,C01979,5,1114.4,2026-06-02 17:13:00,Wallet
T005024,S025,P0323,C00665,2,7277.23,2026-05-30 15:18:00,UPI
T005025,S011,P0551,C00019,3,8695.78,2026-02-07 03:49:00,Card
T005026,S001,P0199,C01084,2,6222.14,2026-01-22 15:10:00,Cash
T005027,S001,P0627,C02231,2,556.05,2026-01-06 18:20:00,Wallet
T005028,S005,P0034,C00009,1,7586.4,2026-05-09 21:21:00,Wallet
T005029,S011,P0788,C01920,3,2185.3,2026-05-31 09:53:00,Cash
T005030,S023,P0458,C01423,2,3532.14,2026-06-19 17:20:00,Wallet
T005031,S014,P0298,C02914,1,5929.04,2026-01-08 02:24:00,Card
T005032,S003,P0542,C00572,3,6397.18,2026-05-20 13:37:00,UPI
T005033,S002,P0483,C00578,2,257.78,2026-03-08 10:22:00,Card
T005034,S003,P0358,C02077,2,8420.03,2026-05-17 04:43:00,Wallet
T005035,S022,P0180,C01591,2,6342.79,2026-02-11 04:06:00,Card
T005036,S024,P0030,C02229,1,4007.63,2026-04-26 12:09:00,Cash
T005037,S018,P0567,C02611,1,2411.23,2026-05-14 17:30:00,Wallet
T005038,S006,P0712,C00324,1,3112.13,2026-03-01 19:29:00,Cash
T005039,S010,P0515,C00085,3,7243.57,2026-04-23 17:18:00,Card
T005040,S022,P0062,C01630,3,2738.53,2026-04-06 14:56:00,Wallet
T005041,S004,P0496,C00520,1,9815.02,2026-01-03 18:24:00,Card
T005042,S017,P0456,C00439,4,9111.0,2026-02-14 02:06:00,UPI
T005043,S004,P0001,C02313,5,8187.68,2026-01-07 08:51:00,Wallet
T005044,S012,P0426,C01757,2,9983.21,2026-05-19 01:35:00,Card
T005045,S014,P0088,C01368,2,2657.13,2026-04-18 16:11:00,Wallet
T005046,S004,P0207,C02677,4,293.32,2026-03-23 16:09:00,UPI
T005047,S013,P0013,C01852,1,3585.81,2026-06-20 03:11:00,Wallet
T005048,S009,P0539,C02642,4,8771.46,2026-02-16 06:26:00,Wallet
T005049,S010,P0756,C01259,1,8540.93,2026-04-08 19:13:00,Wallet
T005050,S010,P0241,C01434,5,7179.48,2026-01-22 10:13:00,Wallet
T005051,S007,P0563,C02332,3,6057.9,2026-06-02 13:45:00,Wallet
T005052,S006,P0299,C00761,3,4425.47,2026-01-24 22:07:00,Cash
T005053,S018,P0471,C01820,4,6734.93,2026-06-21 02:52:00,Wallet
T005054,S022,P0735,C01976,2,5391.49,2026-02-10 17:26:00,Cash
T005055,S002,P0091,C01590,4,8684.0,2026-05-08 23:01:00,Card
T005056,S022,P0743,C00660,2,2117.79,2026-06-01 09:13:00,Wallet
T005057,S009,P0758,C00124,1,3142.11,2026-02-12 20:28:00,UPI
T005058,S022,P0630,C01446,1,6658.91,2026-06-21 14:27:00,Wallet
T005059,S021,P0662,C00315,3,8101.63,2026-05-24 17:13:00,UPI
T005060,S024,P0636,C02499,4,9406.97,2026-02-08 15:48:00,Card
T005061,S021,P0145,C00916,1,2675.89,2026-04-11 19:44:00,Cash
T005062,S011,P0500,C02013,2,2401.8,2026-06-21 16:17:00,Wallet
T005063,S012,P0078,C02876,1,9351.9,2026-06-20 21:41:00,Cash
T005064,S008,P0704,C02805,2,4131.24,2026-01-13 09:07:00,Cash
T005065,S025,P0094,C01612,2,5013.87,2026-01-12 20:05:00,UPI
T005066,S024,P0445,C00759,5,1947.25,2026-04-01 07:49:00,UPI
T005067,S013,P0329,C02948,4,141.36,2026-01-31 08:49:00,UPI
T005068,S019,P0678,C00791,1,4079.47,2026-01-23 19:49:00,UPI
T005069,S007,P0360,C00344,5,5243.78,2026-04-19 03:50:00,Cash
T005070,S007,P0205,C01123,5,4275.6,2026-04-01 14:34:00,Wallet
T005071,S017,P0256,C01318,4,5260.23,2026-01-12 16:52:00,UPI
T005072,S015,P0710,C02140,4,4772.38,2026-05-22 21:55:00,Card
T005073,S010,P0292,C01996,2,2004.02,2026-03-05 06:02:00,Cash
T005074,S015,P0097,C02883,4,1527.35,2026-05-05 09:41:00,Wallet
T005075,S016,P0148,C00387,5,1255.74,2026-06-22 23:35:00,Cash
T005076,S014,P0248,C00085,5,9033.86,2026-05-22 19:03:00,Cash
T005077,S020,P0512,C01235,2,9387.92,2026-02-27 11:22:00,Card
T005078,S008,P0144,C01601,5,9682.77,2026-04-07 12:05:00,Cash
T005079,S020,P0536,C01979,1,2548.41,2026-01-28 15:42:00,Card
T005080,S014,P0598,C01375,1,6993.13,2026-05-29 22:28:00,Card
T005081,S002,P0574,C02907,5,9933.28,2026-06-21 21:53:00,Cash
T005082,S005,P0357,C01085,5,4375.29,2026-04-12 06:12:00,Wallet
T005083,S007,P0144,C01795,4,9682.77,2026-03-16 21:50:00,Card
T005084,S017,P0105,C00767,3,5394.62,2026-01-12 20:38:00,UPI
T005085,S015,P0134,C02746,5,4143.39,2026-04-18 23:57:00,Wallet
T005086,S001,P0413,C00914,3,5755.57,2026-06-13 09:39:00,Cash
T005087,S024,P0107,C02552,4,992.48,2026-06-06 12:50:00,Cash
T005088,S011,P0268,C01916,4,4813.91,2026-04-09 18:39:00,Card
T005089,S013,P0788,C00529,3,2185.3,2026-03-05 09:02:00,Wallet
T005090,S014,P0529,C01357,1,4146.0,2026-06-06 14:39:00,Card
T005091,S003,P0069,C01953,3,2943.82,2026-01-07 09:04:00,Wallet
T005092,S023,P0107,C01014,3,992.48,2026-04-26 17:27:00,Card
T005093,S011,P0645,C02267,3,9521.65,2026-03-21 05:10:00,Cash
T005094,S023,P0658,C01861,1,6391.79,2026-01-17 15:09:00,Cash
T005095,S012,P0008,C02563,1,4742.92,2026-01-03 05:13:00,Wallet
T005096,S023,P0267,C02798,3,910.28,2026-05-24 11:32:00,UPI
T005097,S010,P0497,C01704,4,1834.78,2026-01-27 13:10:00,Wallet
T005098,S008,P0531,C01222,1,9574.26,2026-02-06 05:27:00,Card
T005099,S014,P0122,C00733,4,8775.26,2026-04-02 19:47:00,UPI
T005100,S007,P0508,C02195,2,2136.59,2026-03-04 21:30:00,Cash
T005101,S006,P0622,C01173,5,8024.08,2026-04-15 09:23:00,Card
T005102,S010,P0263,C01485,2,3567.34,2026-05-19 18:39:00,UPI
T005103,S012,P0397,C00064,2,306.84,2026-02-02 00:00:00,Card
T005104,S014,P0317,C00442,4,6564.28,2026-05-09 19:35:00,Cash
T005105,S009,P0319,C01669,1,8409.93,2026-02-26 09:04:00,UPI
T005106,S021,P0106,C02641,5,176.87,2026-05-17 13:39:00,UPI
T005107,S010,P0034,C02680,1,7586.4,2026-05-17 23:46:00,Wallet
T005108,S021,P0228,C02328,1,1293.81,2026-05-09 07:46:00,Card
T005109,S011,P0591,C02075,2,6346.66,2026-06-07 01:24:00,Cash
T005110,S022,P0289,C02294,1,9583.99,2026-04-22 04:41:00,UPI
T005111,S003,P0138,C01879,4,9745.55,2026-03-08 13:29:00,Card
T005112,S011,P0454,C02007,1,2095.86,2026-05-03 05:09:00,Wallet
T005113,S007,P0663,C02056,3,4847.59,2026-05-15 15:11:00,UPI
T005114,S010,P0605,C00394,4,6825.51,2026-06-04 19:39:00,Cash
T005115,S001,P0500,C02335,3,2401.8,2026-01-18 14:30:00,UPI
T005116,S025,P0673,C00788,1,7405.45,2026-01-06 21:16:00,Card
T005117,S013,P0171,C02320,1,1015.26,2026-01-17 03:02:00,Cash
T005118,S025,P0100,C02479,5,5501.88,2026-03-18 02:31:00,Wallet
T005119,S002,P0334,C02277,3,3927.84,2026-02-24 03:51:00,Card
T005120,S015,P0712,C02315,2,3112.13,2026-05-31 08:28:00,Wallet
T005121,S014,P0258,C01319,2,2488.26,2026-04-02 22:34:00,Cash
T005122,S017,P0569,C01855,2,3008.24,2026-06-03 21:50:00,UPI
T005123,S013,P0173,C00975,5,8537.22,2026-02-11 06:58:00,Cash
T005124,S002,P0430,C00731,4,2345.57,2026-04-15 03:41:00,UPI
T005125,S019,P0568,C00034,3,3547.51,2026-03-01 07:16:00,UPI
T005126,S025,P0686,C00493,5,8846.41,2026-05-02 13:54:00,UPI
T005127,S001,P0008,C02864,2,4742.92,2026-01-01 11:39:00,UPI
T005128,S018,P0341,C00800,4,5733.11,2026-02-17 08:29:00,Card
T005129,S024,P0560,C01628,5,9414.81,2026-01-12 08:41:00,Wallet
T005130,S002,P0645,C00657,2,9521.65,2026-03-24 18:59:00,Card
T005131,S002,P0011,C01861,1,1928.34,2026-05-11 03:13:00,UPI
T005132,S024,P0782,C01738,5,5850.54,2026-04-13 11:20:00,Card
T005133,S015,P0171,C00840,5,1015.26,2026-06-29 00:44:00,Wallet
T005134,S004,P0664,C01604,2,4113.17,2026-02-12 12:17:00,Cash
T005135,S023,P0276,C00284,3,6054.84,2026-03-13 10:18:00,UPI
T005136,S015,P0593,C02300,1,1610.75,2026-05-07 04:56:00,UPI
T005137,S015,P0798,C02782,2,6080.32,2026-03-09 04:15:00,Card
T005138,S023,P0635,C02717,2,4059.59,2026-06-07 03:19:00,Cash
T005139,S014,P0159,C02713,5,8365.04,2026-04-20 10:51:00,Card
T005140,S010,P0341,C02204,2,5733.11,2026-06-16 01:04:00,Card
T005141,S018,P0721,C01600,2,4538.97,2026-02-19 23:47:00,Wallet
T005142,S020,P0661,C02683,3,936.39,2026-03-16 09:20:00,Cash
T005143,S002,P0360,C02495,1,5243.78,2026-01-08 19:21:00,Card
T005144,S012,P0790,C00941,2,6990.61,2026-04-17 13:43:00,Cash
T005145,S015,P0538,C02066,3,7089.09,2026-01-17 16:02:00,Card
T005146,S009,P0528,C02661,2,3900.97,2026-05-04 02:13:00,Wallet
T005147,S020,P0671,C00883,5,8333.09,2026-05-13 04:19:00,UPI
T005148,S001,P0446,C00335,5,2137.33,2026-06-29 08:49:00,Cash
T005149,S012,P0329,C02274,4,141.36,2026-06-02 18:22:00,Card
T005150,S019,P0019,C02860,2,1889.4,2026-05-27 18:39:00,Wallet
T005151,S020,P0089,C01114,5,6477.51,2026-06-11 01:25:00,UPI
T005152,S003,P0693,C02498,3,1638.87,2026-05-20 18:28:00,Wallet
T005153,S021,P0480,C02320,3,6933.43,2026-01-01 13:40:00,Card
T005154,S015,P0668,C00173,2,1829.66,2026-04-29 18:48:00,UPI
T005155,S018,P0282,C01345,3,119.65,2026-02-07 03:18:00,UPI
T005156,S004,P0073,C02304,5,5094.93,2026-03-11 02:43:00,Wallet
T005157,S009,P0642,C00663,5,752.0,2026-04-24 09:14:00,Cash
T005158,S024,P0529,C01233,5,4146.0,2026-04-16 17:38:00,Wallet
T005159,S002,P0277,C02404,3,3757.9,2026-01-27 07:43:00,UPI
T005160,S006,P0591,C00714,4,6346.66,2026-03-25 21:14:00,Wallet
T005161,S016,P0355,C02213,1,2048.08,2026-02-17 13:27:00,Card
T005162,S021,P0022,C00229,5,1191.13,2026-06-10 12:51:00,UPI
T005163,S003,P0365,C01872,1,6145.31,2026-03-09 18:38:00,Wallet
T005164,S015,P0293,C00862,3,9576.2,2026-04-19 21:02:00,Cash
T005165,S005,P0703,C00602,5,6202.03,2026-06-19 18:22:00,Cash
T005166,S021,P0353,C02857,3,908.91,2026-06-08 08:29:00,Wallet
T005167,S009,P0513,C00101,5,5966.04,2026-06-28 19:51:00,Wallet
T005168,S001,P0615,C02986,1,6966.89,2026-04-12 23:46:00,UPI
T005169,S004,P0348,C02845,5,8457.98,2026-06-08 18:45:00,Card
T005170,S005,P0800,C00865,4,9198.59,2026-04-23 10:38:00,Cash
T005171,S020,P0721,C00767,3,4538.97,2026-05-10 13:00:00,Cash
T005172,S001,P0496,C02779,1,9815.02,2026-05-26 10:39:00,Card
T005173,S023,P0354,C00476,5,9782.15,2026-06-26 03:04:00,UPI
T005174,S005,P0403,C02666,4,9771.12,2026-03-25 11:36:00,Cash
T005175,S002,P0712,C01104,4,3112.13,2026-05-31 08:54:00,Cash
T005176,S006,P0485,C02823,4,7988.55,2026-03-22 22:31:00,Cash
T005177,S010,P0546,C01963,4,6578.76,2026-01-13 03:46:00,Wallet
T005178,S022,P0396,C00995,1,2039.28,2026-02-01 20:56:00,Card
T005179,S022,P0342,C01801,2,6631.4,2026-02-04 20:26:00,UPI
T005180,S002,P0633,C00388,1,2845.22,2026-06-23 06:09:00,Wallet
T005181,S010,P0256,C01094,4,5260.23,2026-01-15 23:27:00,UPI
T005182,S025,P0518,C00059,3,891.16,2026-05-03 12:19:00,Card
T005183,S006,P0047,C02777,2,8857.53,2026-03-05 23:47:00,Card
T005184,S016,P0016,C01295,5,9025.44,2026-04-08 23:42:00,Cash
T005185,S025,P0468,C01021,2,6423.78,2026-01-12 11:59:00,Wallet
T005186,S017,P0569,C02673,2,3008.24,2026-01-30 02:24:00,Wallet
T005187,S012,P0388,C01410,4,6275.81,2026-05-02 02:40:00,Cash
T005188,S017,P0356,C00569,3,6296.35,2026-04-19 23:18:00,Wallet
T005189,S018,P0571,C01327,4,1762.72,2026-01-16 07:45:00,Cash
T005190,S025,P0026,C02969,4,5582.77,2026-06-02 18:21:00,Wallet
T005191,S017,P0274,C02052,4,6974.26,2026-05-23 13:28:00,Card
T005192,S017,P0674,C01642,3,9237.26,2026-02-23 14:22:00,Wallet
T005193,S002,P0115,C00919,1,6337.55,2026-03-22 08:29:00,UPI
T005194,S009,P0180,C01407,3,6342.79,2026-04-16 22:06:00,Wallet
T005195,S008,P0657,C01086,3,9529.9,2026-02-02 03:24:00,Card
T005196,S017,P0293,C01822,5,9576.2,2026-05-12 19:46:00,Cash
T005197,S021,P0140,C02397,3,1042.27,2026-03-08 11:11:00,Cash
T005198,S010,P0295,C01865,1,9626.53,2026-04-06 20:27:00,UPI
T005199,S012,P0706,C02864,3,6473.34,2026-01-15 12:56:00,UPI
T005200,S007,P0337,C02730,4,1994.97,2026-05-05 00:15:00,Card
T005201,S020,P0494,C00166,4,7697.7,2026-01-13 00:50:00,Cash
T005202,S017,P0665,C00434,1,7169.18,2026-06-02 22:23:00,UPI
T005203,S007,P0605,C01614,1,6825.51,2026-06-16 19:32:00,Wallet
T005204,S012,P0373,C02683,5,9052.26,2026-03-19 04:38:00,Cash
T005205,S006,P0578,C01145,2,6474.47,2026-03-18 18:06:00,UPI
T005206,S021,P0682,C00783,2,4013.05,2026-05-29 08:32:00,Card
T005207,S022,P0296,C00314,5,8312.94,2026-02-15 01:36:00,Wallet
T005208,S003,P0474,C02945,1,8400.11,2026-03-17 12:50:00,UPI
T005209,S015,P0111,C02924,4,9271.32,2026-04-07 23:17:00,Wallet
T005210,S002,P0302,C00794,4,2628.99,2026-03-12 19:00:00,Cash
T005211,S019,P0559,C02555,1,3769.77,2026-06-07 14:50:00,Cash
T005212,S004,P0619,C00636,4,731.92,2026-04-21 16:58:00,Cash
T005213,S019,P0229,C02804,4,9936.26,2026-04-16 01:42:00,Cash
T005214,S007,P0482,C01036,5,3807.98,2026-03-25 14:52:00,Cash
T005215,S023,P0795,C01966,4,4749.67,2026-03-09 05:31:00,Card
T005216,S003,P0733,C02072,4,9425.26,2026-01-04 10:36:00,Wallet
T005217,S022,P0648,C00372,5,6112.92,2026-03-22 14:27:00,Wallet
T005218,S024,P0471,C01570,3,6734.93,2026-04-04 16:43:00,Cash
T005219,S018,P0537,C02761,1,1254.63,2026-04-24 11:36:00,Cash
T005220,S014,P0194,C00333,5,3478.21,2026-05-18 00:59:00,Cash
T005221,S023,P0167,C02973,1,3360.33,2026-05-27 15:22:00,Wallet
T005222,S011,P0578,C00149,1,6474.47,2026-03-20 10:53:00,Card
T005223,S014,P0680,C00266,2,4165.12,2026-02-26 06:33:00,UPI
T005224,S010,P0380,C01305,4,666.44,2026-05-10 20:46:00,UPI
T005225,S025,P0144,C02574,5,9682.77,2026-01-08 14:30:00,Cash
T005226,S018,P0345,C02545,3,1998.33,2026-02-03 08:16:00,Wallet
T005227,S012,P0434,C02348,3,4553.72,2026-04-05 08:48:00,UPI
T005228,S017,P0656,C00699,4,8003.84,2026-04-14 13:00:00,UPI
T005229,S017,P0233,C00143,4,8252.74,2026-02-03 21:37:00,Card
T005230,S017,P0462,C00859,1,2809.39,2026-02-17 14:17:00,Card
T005231,S004,P0357,C02382,3,4375.29,2026-03-28 23:54:00,Card
T005232,S011,P0755,C00967,3,7943.76,2026-03-16 01:50:00,Card
T005233,S023,P0207,C00723,3,293.32,2026-01-28 13:32:00,UPI
T005234,S012,P0768,C00742,3,8965.31,2026-06-11 11:24:00,Cash
T005235,S025,P0512,C00318,1,9387.92,2026-06-04 20:45:00,Wallet
T005236,S009,P0184,C02865,4,1570.2,2026-03-30 07:48:00,Card
T005237,S020,P0341,C00421,3,5733.11,2026-01-14 00:18:00,Card
T005238,S005,P0527,C01687,2,4964.39,2026-06-27 23:02:00,Wallet
T005239,S007,P0718,C00225,2,3083.62,2026-04-19 05:28:00,UPI
T005240,S005,P0476,C01051,1,867.09,2026-02-17 04:02:00,UPI
T005241,S025,P0046,C01558,1,4649.6,2026-02-14 05:11:00,Wallet
T005242,S009,P0398,C00952,3,3448.99,2026-03-17 06:10:00,Card
T005243,S001,P0213,C01147,4,4276.85,2026-04-26 14:36:00,Card
T005244,S008,P0666,C01538,2,9941.8,2026-05-03 23:41:00,Cash
T005245,S023,P0408,C01138,1,5035.02,2026-06-18 16:10:00,Wallet
T005246,S018,P0654,C00735,5,7103.27,2026-03-21 13:41:00,Wallet
T005247,S005,P0039,C00701,3,6812.26,2026-02-04 10:47:00,UPI
T005248,S009,P0369,C02954,1,4587.77,2026-06-06 02:17:00,Card
T005249,S005,P0360,C00391,4,5243.78,2026-04-10 00:56:00,Card
T005250,S012,P0685,C01562,5,3601.0,2026-01-27 02:41:00,UPI
T005251,S018,P0270,C02991,3,8731.95,2026-02-15 09:35:00,Cash
T005252,S021,P0174,C01592,1,2919.87,2026-01-26 03:09:00,Card
T005253,S010,P0740,C01007,3,9717.89,2026-04-06 17:10:00,Wallet
T005254,S002,P0158,C00691,3,3560.08,2026-03-06 18:12:00,Cash
T005255,S002,P0742,C01476,2,8185.79,2026-05-13 21:49:00,Wallet
T005256,S020,P0079,C00475,2,3705.32,2026-04-10 02:02:00,UPI
T005257,S021,P0005,C01091,3,6938.1,2026-01-02 18:19:00,Card
T005258,S007,P0485,C01491,2,7988.55,2026-01-04 03:41:00,Cash
T005259,S002,P0053,C02075,4,707.1,2026-05-02 20:05:00,Cash
T005260,S008,P0429,C02304,2,6574.5,2026-05-13 13:31:00,Cash
T005261,S008,P0375,C01466,4,1939.64,2026-05-04 16:52:00,Cash
T005262,S017,P0605,C02273,1,6825.51,2026-05-24 04:21:00,Card
T005263,S020,P0570,C01068,2,1364.83,2026-02-20 02:42:00,Wallet
T005264,S019,P0305,C02171,4,1076.57,2026-02-14 19:43:00,UPI
T005265,S016,P0045,C01415,3,3896.94,2026-06-02 12:13:00,Card
T005266,S015,P0208,C02149,1,2092.25,2026-04-24 00:27:00,Card
T005267,S001,P0416,C02580,4,4705.01,2026-03-11 15:13:00,Cash
T005268,S015,P0011,C01246,3,1928.34,2026-02-04 13:56:00,Cash
T005269,S011,P0027,C00421,4,8581.06,2026-03-09 05:36:00,UPI
T005270,S012,P0342,C01690,4,6631.4,2026-06-13 14:30:00,Cash
T005271,S021,P0529,C02439,5,4146.0,2026-01-20 05:01:00,UPI
T005272,S018,P0662,C01630,3,8101.63,2026-01-29 05:37:00,Wallet
T005273,S006,P0605,C02036,2,6825.51,2026-01-14 06:57:00,Card
T005274,S002,P0174,C01186,2,2919.87,2026-05-16 08:34:00,Cash
T005275,S013,P0246,C00075,1,938.3,2026-02-28 16:20:00,Card
T005276,S004,P0707,C00263,5,3698.4,2026-03-29 07:46:00,UPI
T005277,S004,P0440,C02309,4,9802.7,2026-04-21 11:48:00,Card
T005278,S019,P0391,C00992,3,828.94,2026-06-28 20:05:00,UPI
T005279,S010,P0781,C02752,1,5370.5,2026-04-09 18:10:00,Card
T005280,S013,P0051,C00631,5,3973.71,2026-01-13 15:44:00,UPI
T005281,S006,P0137,C00592,2,947.81,2026-05-22 11:57:00,Wallet
T005282,S001,P0696,C00495,3,916.89,2026-06-12 05:45:00,Card
T005283,S010,P0652,C01178,3,6896.92,2026-04-05 09:02:00,Card
T005284,S005,P0150,C01071,5,2899.96,2026-05-12 05:58:00,Card
T005285,S005,P0295,C00983,1,9626.53,2026-03-21 04:21:00,Card
T005286,S001,P0708,C00539,1,3265.42,2026-02-01 22:55:00,UPI
T005287,S015,P0099,C00782,2,4953.55,2026-05-23 23:42:00,Card
T005288,S009,P0558,C02701,2,7592.43,2026-03-01 17:11:00,Card
T005289,S016,P0341,C00252,5,5733.11,2026-03-25 08:38:00,UPI
T005290,S008,P0732,C00956,3,5381.3,2026-04-03 09:09:00,Card
T005291,S004,P0619,C01322,4,731.92,2026-01-13 01:04:00,Wallet
T005292,S009,P0421,C00753,5,8440.77,2026-06-23 14:39:00,Cash
T005293,S010,P0418,C02000,4,8063.59,2026-03-07 10:25:00,UPI
T005294,S015,P0787,C02202,5,1525.99,2026-06-17 12:32:00,Wallet
T005295,S013,P0594,C01487,2,9238.26,2026-03-15 22:15:00,UPI
T005296,S007,P0282,C00015,5,119.65,2026-04-30 11:33:00,UPI
T005297,S020,P0658,C01905,1,6391.79,2026-02-07 06:43:00,UPI
T005298,S013,P0402,C01008,2,5371.29,2026-01-20 03:48:00,UPI
T005299,S004,P0132,C01988,2,8576.74,2026-02-05 06:36:00,Cash
T005300,S014,P0434,C01925,2,4553.72,2026-02-09 15:16:00,UPI
T005301,S006,P0502,C00811,4,692.24,2026-03-15 18:20:00,Card
T005302,S022,P0299,C01316,5,4425.47,2026-06-07 16:46:00,Wallet
T005303,S007,P0725,C01846,4,7432.08,2026-06-24 21:11:00,Card
T005304,S017,P0708,C01232,2,3265.42,2026-01-22 15:23:00,Card
T005305,S006,P0066,C01145,4,5076.41,2026-04-23 13:35:00,Card
T005306,S017,P0170,C00763,2,7462.62,2026-02-22 08:17:00,Card
T005307,S007,P0202,C02139,1,8603.22,2026-06-20 10:01:00,Cash
T005308,S007,P0181,C02957,2,9734.39,2026-06-15 21:53:00,Cash
T005309,S005,P0616,C00115,4,3900.2,2026-06-23 05:40:00,Wallet
T005310,S023,P0698,C00113,5,7689.6,2026-05-06 05:47:00,Cash
T005311,S009,P0044,C02946,1,9529.55,2026-01-08 06:32:00,Cash
T005312,S011,P0077,C00704,3,2207.23,2026-05-23 18:23:00,Card
T005313,S009,P0190,C02418,2,1226.96,2026-04-08 23:23:00,Cash
T005314,S017,P0398,C01814,1,3448.99,2026-02-13 02:29:00,Card
T005315,S023,P0590,C02893,2,3157.03,2026-05-02 12:04:00,Cash
T005316,S006,P0036,C01146,4,1558.0,2026-01-04 22:21:00,Card
T005317,S009,P0202,C02633,4,8603.22,2026-05-19 02:04:00,UPI
T005318,S018,P0361,C00806,3,7663.58,2026-01-18 20:42:00,Card
T005319,S015,P0213,C02932,5,4276.85,2026-04-10 08:25:00,Cash
T005320,S001,P0640,C00327,5,3850.52,2026-01-11 08:42:00,Cash
T005321,S021,P0249,C00133,5,4250.12,2026-03-26 21:41:00,Cash
T005322,S012,P0349,C02300,4,6832.72,2026-02-19 01:07:00,Cash
T005323,S012,P0061,C02084,2,6610.9,2026-04-09 20:46:00,Wallet
T005324,S024,P0133,C00922,2,7293.41,2026-02-28 11:05:00,Card
T005325,S001,P0015,C00024,4,5334.5,2026-05-20 17:10:00,Wallet
T005326,S020,P0072,C02284,4,4327.35,2026-02-07 09:06:00,Cash
T005327,S022,P0516,C01221,4,6096.93,2026-06-09 07:49:00,Wallet
T005328,S006,P0292,C01911,3,2004.02,2026-03-26 07:50:00,UPI
T005329,S024,P0276,C02244,2,6054.84,2026-03-20 00:24:00,Cash
T005330,S002,P0662,C01560,3,8101.63,2026-01-10 23:53:00,Wallet
T005331,S015,P0586,C00559,2,1154.2,2026-06-12 03:32:00,UPI
T005332,S005,P0765,C00708,3,1777.63,2026-05-12 02:21:00,Cash
T005333,S021,P0651,C02737,3,4819.93,2026-04-12 15:02:00,UPI
T005334,S025,P0114,C02736,1,4586.29,2026-05-02 17:14:00,Cash
T005335,S021,P0364,C01682,2,9198.25,2026-03-15 17:33:00,Cash
T005336,S022,P0074,C00586,4,2079.76,2026-01-18 14:30:00,Wallet
T005337,S001,P0457,C01724,5,5802.71,2026-03-30 05:52:00,Cash
T005338,S013,P0051,C01283,5,3973.71,2026-03-13 08:40:00,Cash
T005339,S007,P0496,C00146,2,9815.02,2026-03-07 22:52:00,Wallet
T005340,S025,P0274,C00699,3,6974.26,2026-04-03 08:55:00,Cash
T005341,S001,P0778,C00814,2,6963.87,2026-03-09 14:35:00,Wallet
T005342,S005,P0328,C01109,2,9147.78,2026-01-14 18:08:00,Wallet
T005343,S008,P0650,C00276,3,8079.24,2026-02-23 18:15:00,Cash
T005344,S016,P0061,C02849,2,6610.9,2026-04-03 23:29:00,UPI
T005345,S007,P0354,C00612,3,9782.15,2026-01-17 16:13:00,UPI
T005346,S011,P0045,C02494,1,3896.94,2026-06-04 21:08:00,Wallet
T005347,S020,P0547,C01014,1,3808.05,2026-02-25 15:22:00,Cash
T005348,S024,P0247,C02977,1,4396.32,2026-06-30 18:51:00,Card
T005349,S024,P0168,C01489,2,3315.66,2026-01-28 00:31:00,Wallet
T005350,S010,P0283,C02403,4,8716.22,2026-06-14 23:25:00,Wallet
T005351,S014,P0563,C01899,1,6057.9,2026-06-16 22:51:00,Wallet
T005352,S010,P0667,C02565,4,6112.0,2026-03-24 08:13:00,Cash
T005353,S021,P0168,C02074,4,3315.66,2026-06-14 20:20:00,Card
T005354,S015,P0038,C01912,1,393.26,2026-02-01 05:01:00,UPI
T005355,S024,P0753,C00163,1,7657.11,2026-05-18 15:34:00,UPI
T005356,S010,P0112,C00554,3,8260.57,2026-05-09 17:29:00,UPI
T005357,S021,P0381,C01605,5,4277.41,2026-06-19 08:43:00,Cash
T005358,S024,P0132,C00430,1,8576.74,2026-05-18 13:10:00,Wallet
T005359,S021,P0315,C02935,5,7841.03,2026-06-09 19:23:00,UPI
T005360,S019,P0027,C01145,3,8581.06,2026-05-29 14:31:00,UPI
T005361,S015,P0056,C02695,1,4337.67,2026-05-31 18:00:00,Card
T005362,S024,P0716,C00788,1,505.29,2026-05-12 05:17:00,Cash
T005363,S010,P0584,C00709,1,8485.47,2026-06-26 20:26:00,Card
T005364,S010,P0017,C02921,4,9248.9,2026-01-16 10:26:00,UPI
T005365,S003,P0272,C00351,2,1528.03,2026-03-22 16:25:00,UPI
T005366,S022,P0470,C00165,3,205.3,2026-05-29 23:59:00,Card
T005367,S012,P0077,C00120,3,2207.23,2026-02-04 16:21:00,UPI
T005368,S024,P0223,C00362,3,1097.95,2026-01-27 09:21:00,Wallet
T005369,S013,P0563,C01297,1,6057.9,2026-04-26 23:14:00,Wallet
T005370,S012,P0016,C01764,4,9025.44,2026-02-05 08:39:00,UPI
T005371,S017,P0274,C00476,3,6974.26,2026-04-07 07:56:00,Card
T005372,S013,P0354,C00295,3,9782.15,2026-01-10 03:03:00,UPI
T005373,S009,P0581,C01439,1,7430.75,2026-06-03 18:26:00,Card
T005374,S022,P0469,C01943,1,7483.98,2026-04-08 08:37:00,Card
T005375,S018,P0067,C01404,2,3696.01,2026-02-14 09:08:00,Wallet
T005376,S004,P0118,C00429,3,8483.91,2026-02-03 06:57:00,UPI
T005377,S006,P0082,C02906,4,2741.65,2026-05-23 22:08:00,Wallet
T005378,S025,P0099,C01049,2,4953.55,2026-02-27 20:13:00,Cash
T005379,S004,P0632,C00790,3,6060.23,2026-04-26 05:33:00,UPI
T005380,S011,P0403,C00431,4,9771.12,2026-05-14 08:02:00,UPI
T005381,S006,P0647,C01044,4,7033.51,2026-03-02 19:23:00,Cash
T005382,S023,P0357,C00883,1,4375.29,2026-01-27 05:09:00,UPI
T005383,S003,P0509,C00820,4,6118.83,2026-01-29 22:03:00,Card
T005384,S005,P0150,C00029,4,2899.96,2026-06-18 18:45:00,Cash
T005385,S021,P0752,C00131,5,3839.96,2026-05-08 01:01:00,Cash
T005386,S010,P0329,C02968,2,141.36,2026-04-11 05:21:00,UPI
T005387,S024,P0562,C02120,4,4622.5,2026-05-26 07:10:00,UPI
T005388,S022,P0758,C02498,4,3142.11,2026-02-14 17:38:00,Card
T005389,S014,P0326,C00944,2,6655.54,2026-05-12 01:41:00,UPI
T005390,S019,P0102,C02754,1,7184.15,2026-05-28 19:00:00,Card
T005391,S025,P0077,C02420,1,2207.23,2026-02-24 05:43:00,Cash
T005392,S020,P0792,C00242,1,8389.63,2026-02-07 04:08:00,UPI
T005393,S015,P0169,C02945,5,8645.46,2026-01-12 03:59:00,UPI
T005394,S017,P0602,C00556,2,8981.46,2026-01-04 06:19:00,Wallet
T005395,S023,P0314,C00315,3,7849.53,2026-02-28 05:59:00,Cash
T005396,S009,P0638,C00615,3,5679.06,2026-01-01 00:33:00,Card
T005397,S002,P0306,C02899,3,2652.55,2026-01-17 23:36:00,Card
T005398,S021,P0415,C01747,3,5235.33,2026-05-14 13:10:00,Card
T005399,S023,P0491,C00995,5,3951.95,2026-04-29 14:48:00,Wallet
T005400,S014,P0641,C02439,4,2773.24,2026-04-08 03:54:00,Cash
T005401,S002,P0562,C00257,1,4622.5,2026-01-12 01:01:00,Cash
T005402,S021,P0072,C00701,5,4327.35,2026-05-11 21:33:00,Card
T005403,S009,P0716,C01919,2,505.29,2026-06-02 22:55:00,Card
T005404,S016,P0020,C01746,4,2220.31,2026-05-23 23:05:00,Wallet
T005405,S022,P0633,C02117,2,2845.22,2026-05-04 13:11:00,Wallet
T005406,S003,P0467,C01880,5,5109.04,2026-02-01 00:22:00,UPI
T005407,S023,P0506,C00013,5,6514.66,2026-05-21 02:51:00,Card
T005408,S020,P0258,C00221,5,2488.26,2026-03-17 06:27:00,Card
T005409,S023,P0649,C01469,1,9469.45,2026-04-06 13:05:00,Card
T005410,S015,P0196,C00398,3,4393.61,2026-01-24 09:51:00,Card
T005411,S022,P0057,C02302,2,657.85,2026-01-16 08:01:00,Card
T005412,S023,P0443,C01579,1,1796.09,2026-05-22 09:52:00,Wallet
T005413,S003,P0659,C00672,1,7727.73,2026-03-23 22:10:00,Wallet
T005414,S024,P0155,C02416,3,7088.03,2026-03-04 21:53:00,UPI
T005415,S021,P0696,C00576,4,916.89,2026-01-22 20:07:00,Wallet
T005416,S014,P0060,C02794,5,294.15,2026-05-11 01:37:00,Wallet
T005417,S001,P0795,C00453,1,4749.67,2026-05-04 09:25:00,Cash
T005418,S020,P0002,C02759,2,1803.85,2026-04-18 18:47:00,UPI
T005419,S022,P0761,C02327,2,1114.4,2026-06-14 04:43:00,Wallet
T005420,S025,P0401,C01981,2,8837.96,2026-02-19 10:44:00,Wallet
T005421,S008,P0022,C02166,4,1191.13,2026-03-21 13:56:00,Card
T005422,S021,P0224,C02389,5,2422.72,2026-05-31 10:47:00,Cash
T005423,S023,P0046,C01603,4,4649.6,2026-06-23 03:20:00,Wallet
T005424,S001,P0659,C02021,4,7727.73,2026-01-09 00:07:00,Cash
T005425,S021,P0363,C00082,5,3200.47,2026-02-20 00:34:00,UPI
T005426,S002,P0665,C00152,3,7169.18,2026-04-28 13:47:00,UPI
T005427,S014,P0562,C00894,1,4622.5,2026-02-16 00:07:00,Card
T005428,S025,P0370,C00197,5,3461.2,2026-04-05 09:31:00,UPI
T005429,S010,P0360,C01519,4,5243.78,2026-03-26 20:04:00,Cash
T005430,S024,P0080,C02397,5,7488.69,2026-04-08 14:56:00,Cash
T005431,S009,P0794,C00277,2,222.53,2026-01-20 11:18:00,Card
T005432,S002,P0428,C00270,4,9462.57,2026-01-06 23:31:00,Cash
T005433,S020,P0014,C02864,2,5097.6,2026-01-12 14:52:00,UPI
T005434,S019,P0451,C01635,1,1385.33,2026-04-21 22:48:00,UPI
T005435,S004,P0781,C02582,5,5370.5,2026-04-10 14:24:00,Cash
T005436,S014,P0626,C02198,2,4287.21,2026-03-10 03:08:00,Wallet
T005437,S001,P0535,C01080,5,2686.17,2026-01-19 00:26:00,Card
T005438,S015,P0138,C00384,4,9745.55,2026-06-15 13:24:00,Cash
T005439,S004,P0578,C02849,1,6474.47,2026-04-05 10:12:00,Wallet
T005440,S012,P0446,C01798,3,2137.33,2026-01-23 03:04:00,UPI
T005441,S009,P0710,C02736,1,4772.38,2026-06-30 07:40:00,Card
T005442,S024,P0506,C01389,2,6514.66,2026-03-14 00:03:00,UPI
T005443,S021,P0341,C01826,3,5733.11,2026-04-25 18:29:00,Card
T005444,S002,P0182,C02543,3,5319.06,2026-03-24 03:25:00,Card
T005445,S007,P0573,C01613,1,1786.29,2026-04-13 20:57:00,UPI
T005446,S010,P0219,C01739,4,1397.47,2026-06-01 09:10:00,Wallet
T005447,S016,P0453,C01475,4,5915.17,2026-06-08 16:01:00,Cash
T005448,S011,P0209,C01332,1,3404.12,2026-01-11 17:50:00,Card
T005449,S010,P0265,C02710,4,3344.68,2026-06-07 00:30:00,Card
T005450,S001,P0613,C00560,4,1307.31,2026-04-05 19:10:00,UPI
T005451,S018,P0175,C00233,4,4958.37,2026-02-19 14:40:00,UPI
T005452,S007,P0781,C02930,1,5370.5,2026-04-18 18:42:00,Wallet
T005453,S004,P0553,C00365,1,3486.3,2026-02-21 10:02:00,UPI
T005454,S001,P0256,C02597,2,5260.23,2026-05-22 04:48:00,Card
T005455,S025,P0246,C01054,1,938.3,2026-04-07 18:14:00,Wallet
T005456,S001,P0010,C02447,5,9207.97,2026-05-26 19:16:00,Wallet
T005457,S018,P0356,C02004,5,6296.35,2026-06-09 13:49:00,Cash
T005458,S003,P0117,C01641,4,1196.2,2026-02-10 13:15:00,UPI
T005459,S010,P0511,C01624,3,791.85,2026-06-05 15:40:00,Cash
T005460,S008,P0614,C00197,3,5908.82,2026-01-04 18:01:00,Cash
T005461,S023,P0763,C02751,4,3914.29,2026-03-01 18:25:00,UPI
T005462,S005,P0445,C02650,2,1947.25,2026-04-21 19:02:00,Card
T005463,S005,P0478,C02826,4,8936.61,2026-05-23 17:45:00,Wallet
T005464,S009,P0108,C00077,3,8607.23,2026-06-12 19:18:00,UPI
T005465,S001,P0174,C02967,4,2919.87,2026-01-31 16:07:00,Card
T005466,S014,P0536,C02662,3,2548.41,2026-05-16 23:16:00,Cash
T005467,S005,P0739,C01357,5,7330.72,2026-06-19 21:52:00,UPI
T005468,S011,P0725,C02173,5,7432.08,2026-05-05 20:58:00,Wallet
T005469,S009,P0554,C02078,4,4902.42,2026-01-19 12:25:00,Card
T005470,S015,P0197,C02739,5,1254.11,2026-01-08 12:39:00,Cash
T005471,S003,P0361,C00780,5,7663.58,2026-06-01 14:38:00,UPI
T005472,S010,P0181,C00956,5,9734.39,2026-02-16 12:23:00,Wallet
T005473,S010,P0421,C00346,3,8440.77,2026-04-27 02:38:00,Cash
T005474,S022,P0230,C02998,2,8972.55,2026-05-26 15:30:00,Wallet
T005475,S020,P0238,C01548,1,4446.17,2026-04-07 00:47:00,UPI
T005476,S011,P0525,C01349,4,1451.9,2026-06-27 20:17:00,Card
T005477,S010,P0797,C01917,5,2938.01,2026-03-02 04:19:00,Wallet
T005478,S017,P0402,C00886,1,5371.29,2026-01-06 02:58:00,Card
T005479,S023,P0670,C01045,2,1786.79,2026-02-03 14:43:00,UPI
T005480,S019,P0014,C00650,3,5097.6,2026-06-29 12:14:00,Card
T005481,S011,P0658,C01996,5,6391.79,2026-04-27 21:32:00,Card
T005482,S024,P0208,C01210,4,2092.25,2026-05-14 19:42:00,UPI
T005483,S004,P0325,C00285,2,9797.44,2026-05-24 06:22:00,Wallet
T005484,S017,P0504,C01652,1,2455.83,2026-04-08 00:30:00,Wallet
T005485,S013,P0046,C00364,1,4649.6,2026-03-19 02:41:00,Wallet
T005486,S015,P0325,C02072,5,9797.44,2026-05-22 00:11:00,Card
T005487,S024,P0723,C01272,2,1751.66,2026-05-27 12:34:00,Cash
T005488,S005,P0432,C01477,5,3471.53,2026-02-05 02:29:00,Card
T005489,S023,P0571,C01351,3,1762.72,2026-04-29 12:19:00,UPI
T005490,S024,P0644,C02700,3,196.65,2026-03-27 17:25:00,Cash
T005491,S023,P0642,C01380,1,752.0,2026-03-22 04:01:00,Card
T005492,S007,P0589,C02255,4,1543.12,2026-04-28 16:36:00,Card
T005493,S013,P0765,C01040,4,1777.63,2026-04-27 09:55:00,UPI
T005494,S010,P0536,C00491,3,2548.41,2026-06-30 03:04:00,Wallet
T005495,S023,P0045,C00563,5,3896.94,2026-06-21 04:42:00,Wallet
T005496,S022,P0339,C00923,2,2878.49,2026-05-05 10:07:00,Card
T005497,S001,P0079,C01412,2,3705.32,2026-04-09 20:33:00,Wallet
T005498,S004,P0018,C01910,5,7010.52,2026-02-17 02:32:00,UPI
T005499,S023,P0299,C02890,5,4425.47,2026-01-25 18:29:00,Wallet
T005500,S003,P0529,C01741,1,4146.0,2026-06-22 22:00:00,Cash
T005501,S008,P0064,C02112,2,3290.97,2026-05-22 04:56:00,Cash
T005502,S020,P0327,C00289,2,4651.01,2026-03-13 03:08:00,Card
T005503,S012,P0618,C02645,3,4111.77,2026-06-05 20:12:00,Cash
T005504,S007,P0772,C00357,5,6650.14,2026-04-14 04:42:00,Card
T005505,S017,P0798,C02033,5,6080.32,2026-04-22 09:05:00,UPI
T005506,S025,P0312,C02665,4,2537.53,2026-02-15 05:33:00,Cash
T005507,S015,P0149,C01434,1,8728.63,2026-02-06 20:35:00,Cash
T005508,S002,P0228,C02156,2,1293.81,2026-05-03 11:24:00,Card
T005509,S021,P0610,C01457,1,6910.04,2026-05-12 20:03:00,UPI
T005510,S015,P0454,C02083,4,2095.86,2026-01-20 15:20:00,Wallet
T005511,S002,P0341,C01369,1,5733.11,2026-01-14 09:01:00,Cash
T005512,S021,P0195,C01306,4,873.38,2026-04-04 09:05:00,Wallet
T005513,S013,P0731,C00245,2,5565.29,2026-02-03 03:35:00,Wallet
T005514,S003,P0214,C00890,4,2750.7,2026-05-22 11:49:00,Cash
T005515,S009,P0186,C01038,4,5553.84,2026-06-24 10:01:00,UPI
T005516,S024,P0365,C00382,4,6145.31,2026-04-06 16:35:00,Card
T005517,S014,P0154,C02523,3,1912.1,2026-01-12 10:53:00,Wallet
T005518,S017,P0726,C00264,3,1737.63,2026-04-22 17:15:00,Card
T005519,S014,P0717,C01084,2,9261.46,2026-02-02 00:05:00,Cash
T005520,S015,P0559,C01401,1,3769.77,2026-05-28 04:49:00,Card
T005521,S024,P0713,C01842,3,3378.0,2026-02-02 12:31:00,Wallet
T005522,S025,P0486,C00832,1,4214.23,2026-05-08 00:00:00,Wallet
T005523,S001,P0070,C01067,4,8064.57,2026-05-28 00:36:00,UPI
T005524,S025,P0505,C02744,3,1428.24,2026-01-13 02:09:00,UPI
T005525,S001,P0610,C01548,3,6910.04,2026-06-11 13:37:00,UPI
T005526,S005,P0063,C02984,5,9858.07,2026-02-26 11:40:00,Cash
T005527,S007,P0423,C02772,5,805.35,2026-04-15 09:23:00,Cash
T005528,S005,P0615,C02682,4,6966.89,2026-01-14 15:40:00,Wallet
T005529,S016,P0533,C01022,5,9271.54,2026-02-13 07:12:00,Wallet
T005530,S009,P0491,C01567,3,3951.95,2026-02-04 09:30:00,UPI
T005531,S016,P0138,C00920,3,9745.55,2026-05-01 06:03:00,UPI
T005532,S007,P0290,C01412,1,8671.94,2026-05-09 05:33:00,Wallet
T005533,S025,P0280,C02699,1,7858.55,2026-05-24 20:51:00,Card
T005534,S014,P0545,C02653,2,790.43,2026-03-25 09:33:00,Cash
T005535,S006,P0661,C01768,3,936.39,2026-01-02 01:59:00,Card
T005536,S012,P0684,C01542,4,9893.76,2026-01-23 16:34:00,Wallet
T005537,S025,P0184,C01861,3,1570.2,2026-05-14 22:15:00,Cash
T005538,S001,P0350,C02762,3,5219.84,2026-05-13 06:14:00,Card
T005539,S021,P0798,C01250,5,6080.32,2026-02-11 23:30:00,Card
T005540,S020,P0620,C01839,3,7558.73,2026-03-09 15:26:00,Cash
T005541,S022,P0338,C00971,4,2418.15,2026-03-03 03:04:00,Cash
T005542,S022,P0644,C00695,2,196.65,2026-02-04 14:19:00,UPI
T005543,S002,P0593,C01074,4,1610.75,2026-01-19 13:17:00,Cash
T005544,S013,P0264,C01065,4,7171.07,2026-05-19 12:44:00,Cash
T005545,S020,P0517,C02903,2,9679.49,2026-01-02 16:26:00,UPI
T005546,S013,P0070,C02303,4,8064.57,2026-01-17 02:00:00,Card
T005547,S008,P0457,C00256,3,5802.71,2026-03-31 19:11:00,Cash
T005548,S015,P0741,C00602,5,7252.76,2026-06-14 23:49:00,UPI
T005549,S008,P0362,C02825,5,945.79,2026-01-16 03:07:00,Cash
T005550,S008,P0668,C02657,3,1829.66,2026-01-30 19:36:00,UPI
T005551,S023,P0135,C02388,5,9762.67,2026-04-06 00:02:00,Wallet
T005552,S011,P0735,C00984,5,5391.49,2026-06-06 06:04:00,Cash
T005553,S002,P0277,C00724,3,3757.9,2026-04-29 03:43:00,Card
T005554,S025,P0631,C01064,5,1960.93,2026-06-18 02:56:00,UPI
T005555,S017,P0309,C02863,4,2764.95,2026-03-22 06:20:00,Wallet
T005556,S023,P0720,C02966,5,8925.71,2026-04-20 02:45:00,UPI
T005557,S013,P0553,C02918,4,3486.3,2026-01-12 12:22:00,Card
T005558,S016,P0262,C02692,2,9830.21,2026-02-28 15:02:00,Card
T005559,S004,P0315,C01799,4,7841.03,2026-01-14 19:26:00,UPI
T005560,S015,P0360,C01825,5,5243.78,2026-02-04 06:48:00,Card
T005561,S011,P0492,C02200,1,6612.82,2026-01-12 01:07:00,Wallet
T005562,S003,P0126,C01654,2,6217.24,2026-04-29 02:25:00,Wallet
T005563,S003,P0217,C01549,4,3503.09,2026-04-21 20:15:00,Card
T005564,S007,P0760,C02161,4,308.96,2026-03-22 23:13:00,UPI
T005565,S003,P0299,C00083,2,4425.47,2026-01-04 00:09:00,UPI
T005566,S025,P0408,C01742,4,5035.02,2026-05-04 08:45:00,UPI
T005567,S024,P0435,C00695,3,1474.61,2026-06-29 22:18:00,Wallet
T005568,S017,P0633,C02968,5,2845.22,2026-01-23 17:12:00,Wallet
T005569,S024,P0492,C01611,2,6612.82,2026-05-27 10:39:00,UPI
T005570,S010,P0515,C00568,2,7243.57,2026-05-24 11:10:00,Wallet
T005571,S005,P0584,C02578,2,8485.47,2026-06-28 10:00:00,Cash
T005572,S014,P0506,C01659,5,6514.66,2026-02-28 22:02:00,Wallet
T005573,S004,P0044,C02814,4,9529.55,2026-02-06 19:22:00,Wallet
T005574,S017,P0454,C00377,3,2095.86,2026-05-14 15:59:00,Cash
T005575,S011,P0472,C02498,2,774.55,2026-04-16 20:14:00,Wallet
T005576,S007,P0550,C01518,2,2666.58,2026-05-23 19:33:00,Cash
T005577,S002,P0155,C02448,5,7088.03,2026-02-24 14:04:00,UPI
T005578,S025,P0636,C00775,3,9406.97,2026-03-30 04:29:00,UPI
T005579,S009,P0229,C01809,2,9936.26,2026-06-02 08:46:00,Cash
T005580,S016,P0276,C00527,3,6054.84,2026-03-13 16:07:00,UPI
T005581,S017,P0068,C01417,3,6389.9,2026-01-30 14:06:00,Card
T005582,S004,P0186,C00272,5,5553.84,2026-01-23 21:18:00,Cash
T005583,S020,P0087,C01822,1,2098.71,2026-05-12 04:49:00,UPI
T005584,S015,P0462,C00107,4,2809.39,2026-05-02 06:54:00,Wallet
T005585,S007,P0669,C01751,5,9528.59,2026-03-21 18:22:00,UPI
T005586,S010,P0215,C00399,4,4997.41,2026-01-22 07:16:00,Cash
T005587,S007,P0250,C02268,2,9100.39,2026-01-19 01:12:00,Wallet
T005588,S011,P0304,C00661,3,1895.43,2026-03-08 11:20:00,UPI
T005589,S008,P0229,C01478,2,9936.26,2026-01-12 05:14:00,Card
T005590,S004,P0751,C00363,1,7293.97,2026-04-01 19:09:00,Card
T005591,S015,P0346,C01229,4,6837.74,2026-06-19 20:50:00,Cash
T005592,S010,P0788,C02441,1,2185.3,2026-04-14 07:34:00,Cash
T005593,S002,P0585,C01840,4,7994.43,2026-06-25 06:15:00,Card
T005594,S001,P0098,C02880,4,4449.81,2026-01-18 15:59:00,Cash
T005595,S012,P0439,C02183,2,9228.23,2026-03-17 07:16:00,Card
T005596,S009,P0192,C00169,1,8778.88,2026-04-03 14:56:00,Card
T005597,S013,P0338,C01256,3,2418.15,2026-03-07 17:53:00,Card
T005598,S017,P0406,C01929,5,2170.45,2026-03-03 11:30:00,Card
T005599,S008,P0448,C02051,4,1800.07,2026-02-08 14:21:00,Wallet
T005600,S024,P0648,C01231,3,6112.92,2026-05-16 02:03:00,Cash
T005601,S001,P0594,C02080,1,9238.26,2026-04-14 09:19:00,Wallet
T005602,S015,P0199,C00542,4,6222.14,2026-05-20 14:51:00,Card
T005603,S013,P0579,C00572,1,8102.63,2026-01-10 14:39:00,UPI
T005604,S010,P0282,C00576,5,119.65,2026-04-25 06:36:00,Card
T005605,S025,P0631,C02498,2,1960.93,2026-05-31 18:42:00,UPI
T005606,S009,P0092,C02516,2,4028.26,2026-02-26 08:34:00,Wallet
T005607,S002,P0269,C00871,3,6799.54,2026-03-18 18:29:00,Wallet
T005608,S018,P0617,C02719,4,1083.47,2026-05-09 06:39:00,Card
T005609,S024,P0062,C02359,5,2738.53,2026-05-21 10:21:00,Card
T005610,S004,P0515,C01967,2,7243.57,2026-02-15 10:51:00,UPI
T005611,S017,P0142,C00076,2,152.07,2026-02-28 13:03:00,Card
T005612,S017,P0741,C02426,5,7252.76,2026-06-11 10:10:00,Card
T005613,S004,P0602,C02441,1,8981.46,2026-04-14 04:42:00,Cash
T005614,S020,P0003,C02730,3,2300.34,2026-05-19 01:37:00,Cash
T005615,S003,P0306,C02008,4,2652.55,2026-03-26 11:24:00,Wallet
T005616,S017,P0573,C00250,4,1786.29,2026-01-14 15:12:00,UPI
T005617,S024,P0244,C00157,3,8989.85,2026-04-24 09:26:00,UPI
T005618,S014,P0007,C01339,3,1166.39,2026-06-30 01:42:00,UPI
T005619,S004,P0082,C02871,2,2741.65,2026-04-11 12:17:00,Cash
T005620,S001,P0217,C00985,4,3503.09,2026-04-25 21:09:00,Cash
T005621,S006,P0506,C01074,2,6514.66,2026-03-27 12:01:00,UPI
T005622,S012,P0754,C00442,1,7723.16,2026-01-21 12:25:00,Cash
T005623,S021,P0589,C01362,5,1543.12,2026-04-12 05:26:00,Card
T005624,S020,P0592,C00336,4,7069.99,2026-02-22 19:16:00,UPI
T005625,S022,P0611,C01553,5,7798.54,2026-02-16 00:19:00,UPI
T005626,S013,P0617,C00273,2,1083.47,2026-06-02 01:09:00,Cash
T005627,S011,P0068,C02008,4,6389.9,2026-05-19 11:22:00,Card
T005628,S010,P0019,C01510,5,1889.4,2026-03-25 03:39:00,Card
T005629,S001,P0408,C00103,5,5035.02,2026-01-11 16:50:00,UPI
T005630,S004,P0431,C02130,1,5205.67,2026-06-11 23:53:00,UPI
T005631,S024,P0349,C02711,2,6832.72,2026-03-21 00:56:00,Wallet
T005632,S010,P0019,C02557,4,1889.4,2026-06-20 20:28:00,Card
T005633,S021,P0624,C01227,3,8528.36,2026-01-27 07:58:00,Card
T005634,S016,P0671,C01093,5,8333.09,2026-01-26 02:50:00,Card
T005635,S019,P0130,C00241,1,7163.28,2026-01-26 15:47:00,Wallet
T005636,S007,P0035,C00478,3,6699.1,2026-05-10 13:14:00,Cash
T005637,S012,P0207,C02584,1,293.32,2026-01-25 20:30:00,Card
T005638,S024,P0184,C01409,4,1570.2,2026-06-25 00:39:00,Card
T005639,S018,P0316,C02774,5,512.74,2026-02-06 11:12:00,UPI
T005640,S002,P0308,C02441,4,4979.5,2026-03-17 15:11:00,Cash
T005641,S023,P0422,C01132,5,7879.15,2026-06-24 13:16:00,Cash
T005642,S022,P0331,C01460,1,7893.32,2026-01-14 23:26:00,Wallet
T005643,S006,P0584,C03000,2,8485.47,2026-06-29 06:02:00,Cash
T005644,S025,P0033,C01364,4,8396.28,2026-02-13 21:38:00,Cash
T005645,S007,P0103,C00330,5,8429.58,2026-01-07 13:51:00,Cash
T005646,S021,P0204,C02322,1,951.33,2026-06-08 12:39:00,UPI
T005647,S003,P0241,C02102,5,7179.48,2026-03-01 10:45:00,Wallet
T005648,S015,P0788,C01640,4,2185.3,2026-03-10 23:50:00,UPI
T005649,S005,P0640,C02778,3,3850.52,2026-01-22 23:17:00,UPI
T005650,S013,P0520,C01361,5,7626.21,2026-02-15 00:01:00,UPI
T005651,S020,P0268,C02847,2,4813.91,2026-01-22 22:45:00,Cash
T005652,S002,P0148,C02417,1,1255.74,2026-02-04 06:13:00,Card
T005653,S016,P0335,C02212,3,3766.76,2026-04-23 10:42:00,Card
T005654,S002,P0624,C02929,5,8528.36,2026-05-25 12:11:00,Card
T005655,S015,P0490,C00098,2,1817.85,2026-01-16 00:21:00,Wallet
T005656,S002,P0212,C00339,2,2394.87,2026-02-10 14:15:00,Cash
T005657,S019,P0566,C02274,4,6373.4,2026-06-29 01:43:00,Cash
T005658,S023,P0532,C01454,2,6385.3,2026-01-21 10:54:00,UPI
T005659,S015,P0468,C01033,5,6423.78,2026-01-29 11:30:00,UPI
T005660,S024,P0194,C01050,1,3478.21,2026-02-24 06:14:00,Cash
T005661,S009,P0708,C02679,1,3265.42,2026-03-30 22:20:00,UPI
T005662,S018,P0328,C00235,1,9147.78,2026-06-25 23:25:00,UPI
T005663,S003,P0249,C02910,4,4250.12,2026-05-31 08:51:00,Wallet
T005664,S009,P0035,C00010,1,6699.1,2026-04-23 21:37:00,Cash
T005665,S024,P0312,C02983,1,2537.53,2026-06-08 11:35:00,Card
T005666,S017,P0699,C00788,3,2063.28,2026-01-09 14:57:00,UPI
T005667,S010,P0009,C02971,5,3085.29,2026-03-14 01:29:00,Cash
T005668,S008,P0170,C01304,3,7462.62,2026-05-07 03:24:00,Wallet
T005669,S014,P0150,C01324,3,2899.96,2026-04-24 06:31:00,UPI
T005670,S005,P0279,C01102,1,3009.41,2026-02-03 15:49:00,Wallet
T005671,S020,P0063,C00257,1,9858.07,2026-06-02 18:47:00,Card
T005672,S011,P0678,C00530,1,4079.47,2026-01-13 12:04:00,Card
T005673,S016,P0603,C01048,1,7378.66,2026-06-01 23:00:00,Wallet
T005674,S010,P0113,C00454,1,3582.38,2026-04-04 21:58:00,Card
T005675,S020,P0162,C01027,1,6800.39,2026-01-08 07:52:00,Wallet
T005676,S022,P0768,C01405,2,8965.31,2026-06-20 02:14:00,Wallet
T005677,S013,P0079,C00540,1,3705.32,2026-01-13 00:19:00,Wallet
T005678,S017,P0732,C02309,3,5381.3,2026-04-11 09:49:00,UPI
T005679,S001,P0720,C02610,1,8925.71,2026-06-23 21:13:00,UPI
T005680,S008,P0066,C00675,2,5076.41,2026-02-25 10:22:00,UPI
T005681,S019,P0126,C01720,4,6217.24,2026-01-04 06:56:00,Wallet
T005682,S021,P0346,C01511,4,6837.74,2026-06-26 19:45:00,Wallet
T005683,S018,P0252,C00765,2,7003.96,2026-01-31 00:06:00,Card
T005684,S004,P0398,C02069,3,3448.99,2026-03-13 11:53:00,Cash
T005685,S013,P0247,C01259,3,4396.32,2026-02-02 01:04:00,Card
T005686,S024,P0180,C02070,1,6342.79,2026-02-24 14:37:00,Wallet
T005687,S021,P0271,C02714,5,9964.47,2026-01-12 17:17:00,UPI
T005688,S022,P0322,C00819,5,3075.32,2026-06-06 23:50:00,UPI
T005689,S012,P0351,C02991,5,2850.54,2026-03-14 02:11:00,UPI
T005690,S006,P0630,C02988,3,6658.91,2026-01-19 18:31:00,UPI
T005691,S013,P0447,C02226,2,4600.17,2026-03-18 21:23:00,Card
T005692,S006,P0340,C01826,4,2040.26,2026-06-07 03:12:00,UPI
T005693,S016,P0027,C02868,5,8581.06,2026-02-26 22:19:00,Card
T005694,S002,P0479,C01175,1,6996.75,2026-03-28 21:00:00,Cash
T005695,S024,P0597,C00326,3,3970.52,2026-06-07 05:56:00,Wallet
T005696,S012,P0587,C02085,1,3226.67,2026-05-20 12:15:00,Cash
T005697,S010,P0345,C00374,5,1998.33,2026-03-30 08:18:00,Cash
T005698,S020,P0736,C01508,2,3312.16,2026-04-06 23:24:00,Wallet
T005699,S005,P0263,C01011,3,3567.34,2026-05-26 11:37:00,Card
T005700,S005,P0099,C01983,2,4953.55,2026-02-07 01:33:00,Cash
T005701,S016,P0145,C01084,5,2675.89,2026-04-03 13:14:00,Card
T005702,S022,P0581,C02191,1,7430.75,2026-01-19 01:08:00,Card
T005703,S003,P0024,C00635,5,3347.34,2026-01-16 13:54:00,Wallet
T005704,S025,P0177,C01573,3,4946.27,2026-05-05 19:26:00,UPI
T005705,S024,P0670,C02654,2,1786.79,2026-05-28 00:26:00,Cash
T005706,S021,P0150,C00135,3,2899.96,2026-06-14 00:39:00,Cash
T005707,S008,P0503,C02113,1,2098.92,2026-04-12 19:29:00,UPI
T005708,S005,P0298,C01487,4,5929.04,2026-04-20 18:41:00,Cash
T005709,S002,P0233,C00249,2,8252.74,2026-01-16 02:30:00,Card
T005710,S001,P0288,C00268,2,3932.63,2026-05-20 13:12:00,UPI
T005711,S003,P0119,C00464,2,4834.82,2026-04-23 16:17:00,Cash
T005712,S006,P0435,C01239,3,1474.61,2026-03-09 01:30:00,UPI
T005713,S021,P0289,C01018,4,9583.99,2026-06-28 08:14:00,Wallet
T005714,S012,P0515,C02777,1,7243.57,2026-05-03 17:05:00,Cash
T005715,S024,P0680,C02528,2,4165.12,2026-03-10 23:42:00,Card
T005716,S022,P0490,C01943,1,1817.85,2026-06-24 04:16:00,Card
T005717,S019,P0438,C00218,3,3327.19,2026-02-25 22:36:00,Wallet
T005718,S020,P0410,C02552,4,4789.21,2026-02-19 19:27:00,Wallet
T005719,S013,P0713,C00753,3,3378.0,2026-03-15 10:28:00,Wallet
T005720,S003,P0664,C01253,1,4113.17,2026-05-29 23:51:00,Card
T005721,S023,P0357,C00064,4,4375.29,2026-04-06 07:40:00,Wallet
T005722,S013,P0297,C02532,5,8087.52,2026-01-06 00:05:00,Wallet
T005723,S023,P0172,C02870,4,9652.99,2026-04-11 16:45:00,Wallet
T005724,S014,P0195,C00892,5,873.38,2026-04-28 12:52:00,UPI
T005725,S004,P0042,C01815,1,2098.12,2026-02-10 11:24:00,Cash
T005726,S022,P0512,C01287,1,9387.92,2026-03-25 00:16:00,Cash
T005727,S002,P0651,C00754,2,4819.93,2026-02-25 05:29:00,UPI
T005728,S001,P0068,C00590,4,6389.9,2026-06-12 11:52:00,Cash
T005729,S019,P0146,C00527,3,8790.18,2026-01-03 02:29:00,Card
T005730,S007,P0242,C02659,2,1599.95,2026-05-07 07:15:00,UPI
T005731,S004,P0312,C00952,2,2537.53,2026-04-08 10:41:00,Wallet
T005732,S024,P0077,C01767,4,2207.23,2026-03-07 04:26:00,Wallet
T005733,S014,P0315,C02778,3,7841.03,2026-04-11 06:16:00,Wallet
T005734,S004,P0041,C01998,1,7624.7,2026-03-15 03:36:00,Cash
T005735,S012,P0070,C00451,1,8064.57,2026-04-28 18:20:00,Wallet
T005736,S008,P0559,C01859,2,3769.77,2026-03-07 06:16:00,UPI
T005737,S011,P0202,C02027,1,8603.22,2026-05-30 02:05:00,Cash
T005738,S006,P0529,C01642,1,4146.0,2026-06-10 06:22:00,Wallet
T005739,S013,P0309,C00534,2,2764.95,2026-06-19 19:32:00,Card
T005740,S017,P0742,C01239,3,8185.79,2026-06-29 05:06:00,Cash
T005741,S007,P0729,C01542,5,8802.63,2026-02-26 07:33:00,Wallet
T005742,S021,P0071,C01152,4,5958.46,2026-03-20 11:17:00,Wallet
T005743,S022,P0355,C00106,5,2048.08,2026-01-25 02:22:00,UPI
T005744,S021,P0366,C02647,4,6806.89,2026-01-04 01:05:00,UPI
T005745,S009,P0070,C02039,5,8064.57,2026-05-27 01:21:00,Cash
T005746,S005,P0286,C00202,1,5096.16,2026-06-14 14:23:00,Wallet
T005747,S009,P0267,C02085,5,910.28,2026-06-23 01:35:00,Card
T005748,S015,P0283,C01257,2,8716.22,2026-04-02 08:20:00,Card
T005749,S002,P0416,C01597,4,4705.01,2026-01-02 21:44:00,Cash
T005750,S024,P0317,C02207,4,6564.28,2026-05-19 18:58:00,Wallet
T005751,S017,P0120,C00490,5,6904.92,2026-04-16 17:25:00,UPI
T005752,S006,P0417,C00278,5,4565.4,2026-03-06 08:17:00,Wallet
T005753,S010,P0735,C01805,2,5391.49,2026-01-04 05:10:00,Wallet
T005754,S014,P0475,C01181,5,3011.03,2026-01-30 03:01:00,Wallet
T005755,S023,P0531,C01195,3,9574.26,2026-04-09 13:24:00,Card
T005756,S021,P0474,C00963,2,8400.11,2026-04-24 07:30:00,UPI
T005757,S004,P0656,C02116,5,8003.84,2026-02-04 21:02:00,Cash
T005758,S010,P0426,C02030,3,9983.21,2026-01-02 09:36:00,UPI
T005759,S021,P0219,C01373,3,1397.47,2026-06-23 11:25:00,Cash
T005760,S020,P0352,C02712,4,3229.8,2026-04-27 11:24:00,Wallet
T005761,S020,P0653,C00123,4,3849.13,2026-05-25 18:59:00,UPI
T005762,S010,P0488,C01811,1,9348.84,2026-05-20 15:23:00,Cash
T005763,S001,P0346,C00863,1,6837.74,2026-03-24 19:18:00,UPI
T005764,S025,P0497,C00803,1,1834.78,2026-02-17 02:59:00,Cash
T005765,S006,P0107,C00620,4,992.48,2026-02-13 20:15:00,Cash
T005766,S021,P0602,C00719,1,8981.46,2026-06-01 14:27:00,Card
T005767,S012,P0589,C02566,5,1543.12,2026-03-21 05:43:00,Wallet
T005768,S009,P0459,C02829,2,4208.02,2026-04-12 01:35:00,UPI
T005769,S021,P0376,C01500,3,1363.04,2026-03-01 08:12:00,Card
T005770,S016,P0335,C00429,4,3766.76,2026-04-18 22:54:00,Cash
T005771,S014,P0650,C02179,3,8079.24,2026-02-15 00:17:00,Cash
T005772,S010,P0160,C02663,4,5876.12,2026-06-27 04:49:00,Card
T005773,S015,P0778,C01105,2,6963.87,2026-04-28 12:37:00,Cash
T005774,S005,P0159,C02070,2,8365.04,2026-04-01 17:46:00,UPI
T005775,S009,P0190,C00521,1,1226.96,2026-02-17 02:39:00,UPI
T005776,S019,P0004,C01714,3,1339.91,2026-03-07 15:46:00,Wallet
T005777,S013,P0043,C01875,2,5469.14,2026-04-29 00:50:00,Cash
T005778,S022,P0161,C02925,1,4221.55,2026-06-27 20:20:00,UPI
T005779,S015,P0742,C01142,5,8185.79,2026-02-02 00:02:00,Wallet
T005780,S015,P0049,C02552,4,5730.67,2026-04-24 03:54:00,Card
T005781,S002,P0450,C00698,3,4833.69,2026-01-24 11:45:00,UPI
T005782,S004,P0588,C00978,2,6830.81,2026-02-11 07:42:00,Cash
T005783,S007,P0400,C02952,5,8795.04,2026-05-21 00:12:00,Card
T005784,S014,P0061,C01534,1,6610.9,2026-02-16 06:27:00,Cash
T005785,S013,P0043,C01626,5,5469.14,2026-04-21 23:54:00,UPI
T005786,S018,P0690,C02953,3,4940.77,2026-02-13 03:22:00,Cash
T005787,S005,P0280,C02743,3,7858.55,2026-06-15 20:45:00,Card
T005788,S009,P0407,C01025,5,1756.59,2026-06-19 05:50:00,UPI
T005789,S022,P0106,C00112,1,176.87,2026-01-18 12:02:00,Card
T005790,S013,P0034,C02203,5,7586.4,2026-05-15 04:14:00,Wallet
T005791,S002,P0414,C00140,3,1428.87,2026-05-14 19:33:00,Wallet
T005792,S004,P0148,C01004,2,1255.74,2026-05-06 00:08:00,Cash
T005793,S011,P0123,C02853,4,9485.28,2026-06-25 12:29:00,UPI
T005794,S019,P0617,C01542,4,1083.47,2026-05-25 03:13:00,Card
T005795,S011,P0591,C01671,1,6346.66,2026-04-22 03:37:00,Wallet
T005796,S009,P0363,C00960,1,3200.47,2026-01-29 17:10:00,Card
T005797,S002,P0277,C00730,2,3757.9,2026-04-22 07:13:00,Wallet
T005798,S003,P0048,C01175,2,1430.43,2026-05-18 12:40:00,UPI
T005799,S006,P0467,C01874,2,5109.04,2026-03-27 18:46:00,Card
T005800,S020,P0575,C01912,3,9035.22,2026-05-21 02:47:00,Cash
T005801,S024,P0519,C02321,2,1759.88,2026-05-31 10:40:00,Wallet
T005802,S018,P0499,C01201,2,3884.48,2026-05-26 15:49:00,Wallet
T005803,S025,P0034,C00337,4,7586.4,2026-06-26 16:03:00,Wallet
T005804,S022,P0708,C02627,4,3265.42,2026-02-12 23:34:00,Wallet
T005805,S002,P0219,C02059,5,1397.47,2026-01-25 13:01:00,UPI
T005806,S002,P0107,C00262,2,992.48,2026-05-23 17:38:00,Cash
T005807,S005,P0177,C02815,5,4946.27,2026-01-12 01:43:00,Card
T005808,S006,P0543,C00912,3,7511.43,2026-03-28 08:04:00,Card
T005809,S011,P0216,C01907,4,304.99,2026-05-03 18:15:00,UPI
T005810,S001,P0277,C01174,5,3757.9,2026-06-29 20:36:00,Wallet
T005811,S009,P0669,C00992,2,9528.59,2026-02-25 02:17:00,Cash
T005812,S013,P0564,C02791,5,3746.46,2026-05-21 12:48:00,Cash
T005813,S004,P0420,C00142,3,6488.01,2026-06-05 05:16:00,Card
T005814,S024,P0429,C00430,4,6574.5,2026-05-11 19:51:00,Cash
T005815,S005,P0333,C02585,3,9722.19,2026-05-03 05:53:00,Wallet
T005816,S022,P0600,C01015,2,8512.12,2026-05-11 09:25:00,Wallet
T005817,S010,P0058,C00542,1,6515.02,2026-03-26 10:36:00,Wallet
T005818,S024,P0080,C01580,5,7488.69,2026-01-14 22:26:00,UPI
T005819,S003,P0320,C01940,4,5892.08,2026-01-25 17:32:00,UPI
T005820,S022,P0153,C02502,4,625.9,2026-02-05 05:44:00,Cash
T005821,S019,P0270,C01204,1,8731.95,2026-05-03 05:32:00,UPI
T005822,S016,P0776,C01087,2,994.43,2026-01-01 01:50:00,Wallet
T005823,S022,P0034,C00684,5,7586.4,2026-02-15 18:48:00,Wallet
T005824,S001,P0470,C00135,3,205.3,2026-02-24 20:59:00,Card
T005825,S008,P0330,C01694,2,5601.33,2026-03-17 18:19:00,Wallet
T005826,S022,P0192,C01124,4,8778.88,2026-02-02 21:20:00,Cash
T005827,S001,P0791,C01334,4,7042.88,2026-02-28 04:37:00,Cash
T005828,S003,P0551,C01464,1,8695.78,2026-06-19 05:18:00,UPI
T005829,S024,P0415,C01312,4,5235.33,2026-01-16 08:36:00,Card
T005830,S016,P0181,C00763,4,9734.39,2026-01-23 09:28:00,UPI
T005831,S016,P0779,C00473,1,1467.39,2026-03-13 16:37:00,Cash
T005832,S020,P0117,C00737,3,1196.2,2026-03-13 22:21:00,Card
T005833,S019,P0698,C01861,2,7689.6,2026-02-24 04:29:00,UPI
T005834,S005,P0416,C02445,3,4705.01,2026-05-15 03:44:00,Card
T005835,S012,P0134,C02486,2,4143.39,2026-01-17 14:23:00,Card
T005836,S018,P0560,C01054,1,9414.81,2026-04-03 19:42:00,Wallet
T005837,S003,P0339,C01960,4,2878.49,2026-06-04 06:41:00,Wallet
T005838,S006,P0415,C01534,4,5235.33,2026-06-29 00:20:00,Card
T005839,S017,P0686,C01059,3,8846.41,2026-06-22 04:19:00,Card
T005840,S016,P0447,C01774,1,4600.17,2026-06-10 00:26:00,Card
T005841,S002,P0241,C02716,3,7179.48,2026-02-02 01:13:00,Card
T005842,S017,P0751,C00797,4,7293.97,2026-06-12 07:05:00,Card
T005843,S012,P0402,C02604,1,5371.29,2026-01-13 09:27:00,Card
T005844,S013,P0399,C01699,5,2476.48,2026-06-28 05:05:00,Wallet
T005845,S018,P0660,C02121,1,7325.53,2026-02-26 04:28:00,UPI
T005846,S014,P0493,C02412,3,534.0,2026-02-03 14:58:00,Cash
T005847,S002,P0245,C00209,1,4480.53,2026-05-08 12:15:00,Card
T005848,S001,P0147,C01985,3,7130.53,2026-02-02 23:44:00,Card
T005849,S009,P0709,C01676,1,104.31,2026-01-27 08:19:00,Wallet
T005850,S018,P0006,C02535,2,7768.45,2026-04-06 06:37:00,UPI
T005851,S003,P0241,C00910,4,7179.48,2026-01-11 04:27:00,Cash
T005852,S007,P0146,C02795,1,8790.18,2026-05-09 03:11:00,Wallet
T005853,S016,P0296,C01842,2,8312.94,2026-04-17 11:27:00,Card
T005854,S022,P0593,C00719,2,1610.75,2026-01-13 13:53:00,Wallet
T005855,S020,P0742,C02882,5,8185.79,2026-03-06 13:30:00,Cash
T005856,S006,P0585,C01343,3,7994.43,2026-02-20 00:05:00,Wallet
T005857,S008,P0427,C00516,5,7722.75,2026-06-24 01:57:00,Card
T005858,S017,P0405,C02995,5,2546.0,2026-03-30 20:18:00,Card
T005859,S022,P0145,C01268,1,2675.89,2026-03-01 15:01:00,Wallet
T005860,S020,P0179,C02110,1,8127.84,2026-04-27 15:41:00,Cash
T005861,S021,P0627,C02058,1,556.05,2026-04-02 13:34:00,Wallet
T005862,S001,P0078,C02723,5,9351.9,2026-05-30 03:16:00,UPI
T005863,S024,P0615,C02189,5,6966.89,2026-06-06 18:20:00,UPI
T005864,S007,P0270,C00080,5,8731.95,2026-02-27 04:30:00,Card
T005865,S015,P0404,C02963,2,8557.91,2026-01-19 23:20:00,Card
T005866,S005,P0276,C01238,3,6054.84,2026-01-06 22:14:00,Card
T005867,S009,P0496,C01473,5,9815.02,2026-02-11 20:25:00,Card
T005868,S005,P0400,C02002,2,8795.04,2026-01-23 14:11:00,Wallet
T005869,S004,P0184,C00760,2,1570.2,2026-06-24 23:24:00,Cash
T005870,S011,P0357,C00976,2,4375.29,2026-01-19 16:01:00,UPI
T005871,S020,P0796,C00395,4,4753.83,2026-03-18 12:54:00,Card
T005872,S015,P0796,C00762,5,4753.83,2026-06-05 01:23:00,Cash
T005873,S023,P0371,C00396,1,5918.35,2026-02-10 19:52:00,Wallet
T005874,S014,P0347,C02877,1,6444.57,2026-05-16 07:26:00,UPI
T005875,S025,P0560,C01635,2,9414.81,2026-01-31 00:59:00,Cash
T005876,S008,P0608,C01332,1,9699.3,2026-03-09 08:27:00,Card
T005877,S024,P0596,C01742,4,3439.36,2026-05-19 09:25:00,UPI
T005878,S011,P0754,C01397,4,7723.16,2026-01-18 21:09:00,Card
T005879,S013,P0657,C02356,4,9529.9,2026-04-10 13:22:00,Cash
T005880,S017,P0491,C00270,1,3951.95,2026-02-11 05:08:00,UPI
T005881,S015,P0218,C00552,1,5916.82,2026-05-26 02:46:00,Card
T005882,S019,P0198,C02349,1,6947.88,2026-02-21 04:02:00,UPI
T005883,S011,P0551,C01078,4,8695.78,2026-04-18 16:37:00,Cash
T005884,S014,P0056,C01683,2,4337.67,2026-01-04 17:06:00,Cash
T005885,S024,P0065,C01550,4,6938.55,2026-01-15 12:31:00,Wallet
T005886,S020,P0665,C01478,3,7169.18,2026-04-14 19:01:00,UPI
T005887,S019,P0612,C01553,4,3735.5,2026-04-05 14:15:00,Wallet
T005888,S005,P0416,C00252,2,4705.01,2026-04-11 15:43:00,Card
T005889,S019,P0388,C01126,3,6275.81,2026-01-11 13:04:00,Cash
T005890,S008,P0703,C00427,3,6202.03,2026-03-01 23:54:00,Wallet
T005891,S007,P0683,C00019,3,8931.71,2026-04-11 05:13:00,Cash
T005892,S004,P0159,C01216,5,8365.04,2026-01-22 19:28:00,Wallet
T005893,S004,P0160,C01761,2,5876.12,2026-05-12 13:26:00,Wallet
T005894,S023,P0480,C01923,3,6933.43,2026-04-03 12:20:00,Cash
T005895,S004,P0152,C00742,2,7394.01,2026-01-16 10:20:00,Card
T005896,S021,P0697,C01236,2,7318.56,2026-05-29 09:47:00,UPI
T005897,S007,P0734,C02419,4,8745.49,2026-03-07 10:15:00,UPI
T005898,S001,P0685,C02796,5,3601.0,2026-06-17 01:14:00,Card
T005899,S004,P0264,C01818,2,7171.07,2026-04-23 14:43:00,Wallet
T005900,S022,P0335,C00414,1,3766.76,2026-04-11 06:42:00,Card
T005901,S008,P0606,C01497,5,3619.28,2026-06-25 10:27:00,Cash
T005902,S008,P0016,C02074,2,9025.44,2026-06-04 06:26:00,Card
T005903,S010,P0486,C00415,1,4214.23,2026-02-27 19:22:00,Cash
T005904,S007,P0213,C01322,1,4276.85,2026-04-17 11:44:00,Cash
T005905,S022,P0666,C01747,2,9941.8,2026-01-03 10:19:00,Cash
T005906,S003,P0231,C00269,4,7092.41,2026-06-15 20:38:00,UPI
T005907,S025,P0390,C00944,2,1923.02,2026-04-07 05:42:00,Cash
T005908,S023,P0268,C01828,1,4813.91,2026-04-27 06:28:00,Cash
T005909,S021,P0267,C00865,2,910.28,2026-02-03 05:45:00,Card
T005910,S016,P0332,C01240,1,8935.46,2026-04-09 04:35:00,Wallet
T005911,S023,P0558,C02341,2,7592.43,2026-04-22 04:00:00,Card
T005912,S005,P0034,C01631,5,7586.4,2026-01-23 10:05:00,Cash
T005913,S006,P0350,C02258,1,5219.84,2026-02-07 08:43:00,Cash
T005914,S022,P0355,C01888,1,2048.08,2026-02-25 14:01:00,Wallet
T005915,S025,P0587,C02813,1,3226.67,2026-06-20 04:41:00,UPI
T005916,S010,P0438,C00721,3,3327.19,2026-03-29 22:20:00,Card
T005917,S008,P0110,C01239,3,8676.8,2026-05-23 23:44:00,Wallet
T005918,S007,P0347,C00409,2,6444.57,2026-03-24 09:05:00,Wallet
T005919,S015,P0114,C00914,4,4586.29,2026-06-22 05:09:00,Cash
T005920,S004,P0396,C00335,4,2039.28,2026-01-26 23:10:00,Wallet
T005921,S008,P0012,C01306,3,1540.01,2026-05-12 17:31:00,Card
T005922,S016,P0464,C02794,1,9923.66,2026-06-12 01:20:00,Card
T005923,S005,P0392,C01924,1,1508.78,2026-05-17 16:49:00,Wallet
T005924,S001,P0718,C01064,4,3083.62,2026-06-02 23:27:00,Wallet
T005925,S003,P0621,C01536,2,8632.83,2026-06-08 03:20:00,Card
T005926,S025,P0111,C01858,5,9271.32,2026-06-09 13:54:00,Cash
T005927,S020,P0001,C02716,4,8187.68,2026-02-07 21:49:00,Wallet
T005928,S015,P0144,C02434,4,9682.77,2026-03-03 10:37:00,Card
T005929,S018,P0054,C01118,1,8384.65,2026-01-22 22:27:00,Wallet
T005930,S003,P0174,C02511,2,2919.87,2026-06-03 19:29:00,UPI
T005931,S018,P0661,C01545,4,936.39,2026-06-24 12:58:00,Wallet
T005932,S013,P0322,C02825,5,3075.32,2026-03-09 07:31:00,Cash
T005933,S025,P0504,C01059,1,2455.83,2026-02-21 19:06:00,UPI
T005934,S012,P0623,C00590,3,5792.3,2026-03-28 08:10:00,Card
T005935,S011,P0124,C01856,3,9076.76,2026-02-04 09:36:00,UPI
T005936,S014,P0267,C01602,1,910.28,2026-04-28 06:22:00,UPI
T005937,S018,P0303,C02892,2,9525.43,2026-04-04 22:45:00,Cash
T005938,S015,P0051,C00929,5,3973.71,2026-01-15 12:26:00,Card
T005939,S010,P0388,C01953,3,6275.81,2026-05-17 08:03:00,Cash
T005940,S021,P0451,C01713,5,1385.33,2026-02-27 08:22:00,UPI
T005941,S009,P0596,C01206,1,3439.36,2026-03-08 06:54:00,Card
T005942,S020,P0365,C02704,1,6145.31,2026-01-09 23:32:00,Cash
T005943,S022,P0402,C00806,4,5371.29,2026-03-03 02:38:00,UPI
T005944,S021,P0224,C02087,3,2422.72,2026-01-21 12:29:00,Cash
T005945,S006,P0165,C02078,5,384.86,2026-06-21 18:03:00,Card
T005946,S020,P0119,C00861,2,4834.82,2026-05-08 13:50:00,Wallet
T005947,S010,P0498,C02097,2,3416.54,2026-01-08 12:45:00,Card
T005948,S020,P0368,C02195,3,2406.81,2026-03-10 12:37:00,UPI
T005949,S014,P0622,C01898,4,8024.08,2026-04-30 13:19:00,Card
T005950,S013,P0525,C01483,5,1451.9,2026-06-26 19:14:00,Card
T005951,S008,P0146,C01369,3,8790.18,2026-06-22 09:10:00,Wallet
T005952,S014,P0709,C01668,2,104.31,2026-05-08 11:17:00,Wallet
T005953,S004,P0181,C02059,4,9734.39,2026-04-27 13:42:00,UPI
T005954,S012,P0473,C00475,4,1487.53,2026-05-31 09:09:00,Card
T005955,S025,P0653,C01403,5,3849.13,2026-06-12 11:27:00,Cash
T005956,S009,P0356,C00800,5,6296.35,2026-02-21 12:18:00,Cash
T005957,S017,P0049,C01741,5,5730.67,2026-03-03 14:54:00,Cash
T005958,S020,P0515,C02693,2,7243.57,2026-04-05 19:15:00,Cash
T005959,S002,P0552,C01692,2,947.5,2026-05-01 09:14:00,Wallet
T005960,S011,P0721,C00617,5,4538.97,2026-04-11 13:11:00,Cash
T005961,S004,P0712,C02572,3,3112.13,2026-06-02 17:09:00,Wallet
T005962,S010,P0595,C00838,5,3060.11,2026-04-08 02:10:00,Card
T005963,S023,P0088,C01279,5,2657.13,2026-04-21 07:07:00,UPI
T005964,S012,P0270,C00651,1,8731.95,2026-03-13 04:19:00,Cash
T005965,S019,P0318,C02959,1,9340.72,2026-01-21 06:02:00,Wallet
T005966,S010,P0474,C01595,2,8400.11,2026-03-29 09:44:00,Card
T005967,S009,P0564,C01478,4,3746.46,2026-04-05 00:45:00,UPI
T005968,S006,P0317,C00093,3,6564.28,2026-05-18 23:48:00,Wallet
T005969,S001,P0652,C02830,4,6896.92,2026-01-03 19:32:00,Card
T005970,S014,P0378,C01031,4,4747.29,2026-03-27 21:06:00,Wallet
T005971,S022,P0238,C00205,4,4446.17,2026-03-20 17:20:00,Wallet
T005972,S011,P0585,C02489,4,7994.43,2026-01-23 11:39:00,UPI
T005973,S019,P0684,C02641,1,9893.76,2026-02-17 13:37:00,UPI
T005974,S025,P0405,C02884,3,2546.0,2026-06-02 04:52:00,UPI
T005975,S016,P0637,C01159,1,797.52,2026-03-24 12:40:00,Card
T005976,S004,P0234,C01149,4,1752.76,2026-05-28 13:00:00,Cash
T005977,S004,P0744,C00172,3,2393.06,2026-04-12 10:18:00,UPI
T005978,S005,P0512,C00205,5,9387.92,2026-04-25 06:12:00,Card
T005979,S005,P0143,C00216,5,3093.82,2026-01-29 08:10:00,Cash
T005980,S020,P0091,C02868,2,8684.0,2026-01-04 15:28:00,UPI
T005981,S023,P0005,C00735,5,6938.1,2026-03-12 04:39:00,Cash
T005982,S010,P0046,C00263,1,4649.6,2026-03-03 12:33:00,Wallet
T005983,S006,P0263,C02763,4,3567.34,2026-05-31 04:03:00,UPI
T005984,S011,P0726,C01424,3,1737.63,2026-03-10 06:11:00,Card
T005985,S007,P0247,C01973,5,4396.32,2026-04-09 04:10:00,UPI
T005986,S012,P0259,C02512,4,7345.66,2026-03-15 01:47:00,Wallet
T005987,S013,P0720,C01200,3,8925.71,2026-06-20 09:02:00,Cash
T005988,S008,P0291,C00559,4,5653.34,2026-06-16 18:35:00,Card
T005989,S018,P0216,C01007,5,304.99,2026-05-30 06:40:00,Cash
T005990,S003,P0748,C01698,3,3169.59,2026-03-05 05:22:00,UPI
T005991,S018,P0213,C02921,3,4276.85,2026-04-17 03:58:00,Card
T005992,S010,P0055,C02291,2,7674.42,2026-03-19 10:48:00,UPI
T005993,S014,P0214,C00169,1,2750.7,2026-03-21 07:17:00,UPI
T005994,S022,P0416,C02711,3,4705.01,2026-01-15 15:27:00,Cash
T005995,S012,P0596,C00169,2,3439.36,2026-05-26 14:05:00,Card
T005996,S022,P0298,C00487,4,5929.04,2026-02-26 22:27:00,Wallet
T005997,S007,P0758,C02562,2,3142.11,2026-04-28 07:42:00,Cash
T005998,S025,P0736,C02816,2,3312.16,2026-01-27 23:14:00,UPI
T005999,S004,P0777,C02882,4,3589.83,2026-01-05 01:01:00,Card
T006000,S006,P0103,C02563,5,8429.58,2026-05-17 22:02:00,UPI
T006001,S014,P0393,C02747,1,533.66,2026-06-25 04:09:00,Card
T006002,S003,P0583,C00676,2,3175.91,2026-05-07 18:07:00,Wallet
T006003,S004,P0473,C02601,5,1487.53,2026-04-02 05:42:00,UPI
T006004,S002,P0678,C00112,5,4079.47,2026-02-06 04:06:00,Card
T006005,S008,P0242,C02219,5,1599.95,2026-01-21 12:34:00,Wallet
T006006,S001,P0592,C02785,4,7069.99,2026-05-21 15:14:00,Card
T006007,S020,P0687,C01458,4,2919.51,2026-01-24 19:00:00,Cash
T006008,S010,P0246,C01466,4,938.3,2026-03-13 10:51:00,Cash
T006009,S020,P0676,C00262,1,157.32,2026-02-10 07:08:00,Card
T006010,S023,P0358,C01196,4,8420.03,2026-04-03 22:27:00,Card
T006011,S019,P0536,C01601,2,2548.41,2026-03-13 06:00:00,Wallet
T006012,S022,P0167,C01255,1,3360.33,2026-04-21 17:15:00,Card
T006013,S020,P0238,C02058,3,4446.17,2026-04-28 08:51:00,Card
T006014,S016,P0059,C00924,1,8701.51,2026-03-10 23:13:00,Cash
T006015,S011,P0638,C00309,3,5679.06,2026-06-16 23:10:00,UPI
T006016,S021,P0622,C00182,5,8024.08,2026-05-08 01:39:00,UPI
T006017,S022,P0671,C00784,5,8333.09,2026-01-29 16:58:00,Cash
T006018,S017,P0786,C01964,2,3671.5,2026-02-19 21:56:00,Wallet
T006019,S011,P0631,C00990,5,1960.93,2026-02-11 22:07:00,Card
T006020,S001,P0591,C02619,1,6346.66,2026-06-23 00:51:00,Wallet
T006021,S008,P0736,C01970,2,3312.16,2026-06-27 18:03:00,Card
T006022,S013,P0533,C00755,4,9271.54,2026-04-16 11:39:00,Cash
T006023,S022,P0222,C01211,5,1377.06,2026-02-07 07:35:00,UPI
T006024,S019,P0183,C02836,3,4734.37,2026-04-24 15:47:00,Wallet
T006025,S019,P0401,C02135,5,8837.96,2026-04-26 04:30:00,Card
T006026,S018,P0242,C02283,3,1599.95,2026-05-28 14:40:00,Cash
T006027,S001,P0742,C01357,2,8185.79,2026-04-13 23:16:00,UPI
T006028,S021,P0002,C02786,1,1803.85,2026-03-24 13:52:00,Cash
T006029,S025,P0695,C01271,3,4398.85,2026-02-18 06:39:00,Cash
T006030,S020,P0564,C01270,4,3746.46,2026-04-30 00:06:00,Card
T006031,S002,P0005,C01830,3,6938.1,2026-01-29 09:30:00,Cash
T006032,S015,P0108,C02982,5,8607.23,2026-01-16 22:02:00,UPI
T006033,S006,P0194,C02780,2,3478.21,2026-01-12 21:28:00,UPI
T006034,S015,P0740,C02670,4,9717.89,2026-06-29 12:11:00,Cash
T006035,S005,P0631,C02508,1,1960.93,2026-02-09 14:59:00,Cash
T006036,S017,P0797,C01029,5,2938.01,2026-05-18 02:08:00,Card
T006037,S007,P0588,C00305,1,6830.81,2026-01-07 12:32:00,Card
T006038,S004,P0007,C02831,3,1166.39,2026-03-25 22:09:00,UPI
T006039,S005,P0236,C02622,4,7351.26,2026-05-13 22:28:00,UPI
T006040,S015,P0057,C00616,5,657.85,2026-01-12 01:14:00,Card
T006041,S011,P0610,C01400,4,6910.04,2026-01-07 05:11:00,Cash
T006042,S007,P0118,C00638,4,8483.91,2026-05-04 23:17:00,Wallet
T006043,S016,P0058,C02637,1,6515.02,2026-02-15 04:22:00,Wallet
T006044,S007,P0789,C02684,2,1259.63,2026-01-17 10:33:00,UPI
T006045,S004,P0186,C00649,3,5553.84,2026-02-17 10:54:00,Wallet
T006046,S018,P0397,C01759,4,306.84,2026-04-29 22:36:00,Card
T006047,S010,P0121,C00673,4,934.55,2026-02-19 04:05:00,Wallet
T006048,S007,P0165,C00405,2,384.86,2026-04-19 00:54:00,Cash
T006049,S018,P0374,C02364,3,3617.37,2026-06-04 10:16:00,Card
T006050,S013,P0655,C02551,3,7096.19,2026-02-28 19:34:00,Cash
T006051,S019,P0408,C00654,1,5035.02,2026-06-27 04:12:00,Card
T006052,S020,P0613,C02972,3,1307.31,2026-02-25 13:35:00,UPI
T006053,S010,P0598,C02322,3,6993.13,2026-05-16 21:25:00,UPI
T006054,S012,P0769,C01223,4,4342.42,2026-06-27 02:57:00,Card
T006055,S007,P0780,C01799,4,5537.46,2026-05-07 05:36:00,Wallet
T006056,S012,P0780,C02276,2,5537.46,2026-01-09 06:46:00,Wallet
T006057,S018,P0300,C02081,3,3880.91,2026-02-01 06:45:00,Wallet
T006058,S014,P0320,C02039,4,5892.08,2026-04-07 21:14:00,Cash
T006059,S016,P0680,C01325,4,4165.12,2026-03-30 11:58:00,UPI
T006060,S014,P0330,C00482,5,5601.33,2026-02-09 17:41:00,Cash
T006061,S020,P0054,C01624,4,8384.65,2026-04-11 06:00:00,Wallet
T006062,S004,P0287,C01381,1,1573.93,2026-01-07 20:30:00,Cash
T006063,S011,P0600,C02627,1,8512.12,2026-06-15 06:21:00,Card
T006064,S015,P0340,C01691,5,2040.26,2026-05-28 21:32:00,UPI
T006065,S009,P0318,C00679,4,9340.72,2026-05-05 08:24:00,Wallet
T006066,S012,P0626,C02047,5,4287.21,2026-03-30 04:21:00,UPI
T006067,S025,P0747,C02235,1,9438.22,2026-04-06 21:00:00,Cash
T006068,S001,P0706,C01628,4,6473.34,2026-04-01 22:30:00,Wallet
T006069,S017,P0226,C02078,2,1828.68,2026-06-24 07:16:00,Cash
T006070,S004,P0033,C02933,3,8396.28,2026-03-02 05:03:00,Wallet
T006071,S001,P0146,C01904,3,8790.18,2026-02-13 05:08:00,Card
T006072,S006,P0029,C02619,5,4435.78,2026-06-13 23:39:00,Card
T006073,S006,P0343,C00716,1,746.07,2026-04-24 07:44:00,Card
T006074,S019,P0575,C00052,2,9035.22,2026-06-29 21:01:00,Cash
T006075,S005,P0272,C02867,4,1528.03,2026-02-18 17:49:00,Wallet
T006076,S024,P0388,C00998,3,6275.81,2026-06-04 20:45:00,UPI
T006077,S009,P0301,C02096,4,5462.61,2026-02-14 00:02:00,Wallet
T006078,S022,P0646,C00376,3,5928.39,2026-03-15 12:24:00,UPI
T006079,S011,P0135,C02757,5,9762.67,2026-05-02 23:35:00,Cash
T006080,S008,P0379,C02296,5,3750.42,2026-06-27 07:34:00,Cash
T006081,S011,P0229,C02589,2,9936.26,2026-04-01 07:41:00,Cash
T006082,S022,P0585,C02495,5,7994.43,2026-02-03 07:44:00,UPI
T006083,S008,P0444,C02419,3,8281.1,2026-04-19 14:34:00,Cash
T006084,S023,P0781,C02643,5,5370.5,2026-01-23 17:18:00,Cash
T006085,S023,P0147,C00547,5,7130.53,2026-03-31 01:11:00,Wallet
T006086,S003,P0668,C02784,3,1829.66,2026-05-01 13:33:00,Card
T006087,S003,P0008,C02341,1,4742.92,2026-01-24 01:40:00,UPI
T006088,S025,P0509,C02734,3,6118.83,2026-05-22 15:40:00,Wallet
T006089,S003,P0256,C00260,1,5260.23,2026-01-12 17:27:00,Cash
T006090,S007,P0622,C01734,2,8024.08,2026-02-17 13:16:00,Wallet
T006091,S020,P0027,C02313,5,8581.06,2026-06-05 16:59:00,UPI
T006092,S010,P0056,C01289,1,4337.67,2026-01-31 17:15:00,Cash
T006093,S020,P0620,C01596,1,7558.73,2026-02-10 06:49:00,Wallet
T006094,S001,P0665,C01103,1,7169.18,2026-04-08 01:19:00,Cash
T006095,S025,P0632,C02011,3,6060.23,2026-01-26 00:28:00,Card
T006096,S012,P0269,C02755,3,6799.54,2026-05-06 04:15:00,Cash
T006097,S023,P0173,C00365,1,8537.22,2026-02-09 13:31:00,Cash
T006098,S010,P0167,C00069,5,3360.33,2026-01-26 12:05:00,UPI
T006099,S021,P0527,C00766,5,4964.39,2026-06-15 18:53:00,Wallet
T006100,S002,P0329,C01112,5,141.36,2026-02-26 19:03:00,Wallet
T006101,S011,P0561,C01815,2,9754.52,2026-06-23 19:07:00,Cash
T006102,S010,P0036,C02893,3,1558.0,2026-06-11 06:14:00,UPI
T006103,S002,P0343,C00495,5,746.07,2026-06-30 03:03:00,Card
T006104,S025,P0469,C01515,4,7483.98,2026-05-07 22:44:00,Wallet
T006105,S013,P0003,C01814,5,2300.34,2026-06-11 14:50:00,UPI
T006106,S022,P0699,C01647,1,2063.28,2026-03-09 18:13:00,Wallet
T006107,S007,P0602,C01129,1,8981.46,2026-03-08 13:44:00,Cash
T006108,S009,P0103,C00704,5,8429.58,2026-05-03 06:50:00,Card
T006109,S025,P0389,C02462,3,8090.99,2026-03-25 15:06:00,Cash
T006110,S006,P0603,C01493,5,7378.66,2026-03-09 04:28:00,Wallet
T006111,S019,P0475,C00253,4,3011.03,2026-02-07 07:09:00,Card
T006112,S022,P0140,C01704,5,1042.27,2026-02-25 23:34:00,UPI
T006113,S022,P0384,C01592,5,8533.89,2026-02-09 04:50:00,Cash
T006114,S001,P0613,C00118,4,1307.31,2026-02-11 17:21:00,Card
T006115,S001,P0510,C01740,1,1916.1,2026-01-05 21:39:00,UPI
T006116,S012,P0174,C02915,2,2919.87,2026-01-28 20:44:00,UPI
T006117,S020,P0674,C00564,1,9237.26,2026-03-16 08:39:00,Cash
T006118,S019,P0375,C02402,4,1939.64,2026-02-09 11:48:00,UPI
T006119,S023,P0343,C01923,2,746.07,2026-05-24 22:52:00,Cash
T006120,S018,P0616,C01071,2,3900.2,2026-05-25 05:15:00,Cash
T006121,S007,P0651,C02706,4,4819.93,2026-06-20 23:23:00,Card
T006122,S017,P0489,C01469,5,2399.84,2026-06-11 06:17:00,Cash
T006123,S008,P0607,C02838,1,1260.73,2026-02-15 12:04:00,Wallet
T006124,S001,P0724,C02166,4,548.91,2026-04-14 01:57:00,UPI
T006125,S021,P0575,C02113,1,9035.22,2026-04-07 06:14:00,UPI
T006126,S008,P0123,C02953,2,9485.28,2026-06-08 11:31:00,Wallet
T006127,S007,P0625,C01335,2,5109.87,2026-02-24 12:41:00,Card
T006128,S006,P0097,C01090,2,1527.35,2026-06-17 01:40:00,Cash
T006129,S001,P0084,C02579,4,1223.23,2026-04-10 08:16:00,Wallet
T006130,S016,P0777,C00403,2,3589.83,2026-06-12 16:20:00,Wallet
T006131,S008,P0791,C02465,4,7042.88,2026-03-04 02:16:00,Card
T006132,S025,P0764,C02089,4,9223.74,2026-06-15 03:54:00,UPI
T006133,S007,P0525,C02969,1,1451.9,2026-05-17 01:53:00,Card
T006134,S005,P0177,C00207,5,4946.27,2026-03-11 13:32:00,Card
T006135,S017,P0056,C01251,3,4337.67,2026-06-25 16:47:00,Cash
T006136,S011,P0675,C02934,2,8934.69,2026-03-12 03:34:00,UPI
T006137,S025,P0619,C02011,5,731.92,2026-03-02 00:12:00,UPI
T006138,S012,P0426,C01047,5,9983.21,2026-05-05 22:50:00,Wallet
T006139,S005,P0115,C00141,3,6337.55,2026-03-22 07:49:00,Cash
T006140,S001,P0638,C02422,1,5679.06,2026-05-24 10:24:00,Card
T006141,S005,P0524,C01207,2,5664.21,2026-02-01 22:17:00,Cash
T006142,S002,P0784,C00400,4,2111.47,2026-05-24 11:03:00,UPI
T006143,S021,P0553,C02677,2,3486.3,2026-02-08 00:27:00,UPI
T006144,S022,P0245,C02026,4,4480.53,2026-06-18 02:26:00,Cash
T006145,S008,P0215,C01055,1,4997.41,2026-02-26 13:09:00,UPI
T006146,S019,P0350,C02735,4,5219.84,2026-02-14 13:41:00,Card
T006147,S016,P0341,C02897,1,5733.11,2026-06-19 01:57:00,Card
T006148,S017,P0229,C01008,3,9936.26,2026-05-11 09:47:00,UPI
T006149,S006,P0239,C01674,5,8363.65,2026-06-19 13:37:00,Card
T006150,S005,P0049,C00335,3,5730.67,2026-02-28 19:29:00,Wallet
T006151,S012,P0632,C01714,5,6060.23,2026-05-02 22:25:00,Cash
T006152,S003,P0414,C00720,1,1428.87,2026-04-04 13:10:00,Wallet
T006153,S014,P0463,C00036,1,7009.64,2026-01-17 10:42:00,Card
T006154,S004,P0045,C02106,2,3896.94,2026-03-12 16:15:00,Card
T006155,S025,P0275,C00041,4,7489.31,2026-01-12 12:20:00,Wallet
T006156,S022,P0444,C01166,3,8281.1,2026-03-23 08:34:00,Card
T006157,S005,P0399,C00625,5,2476.48,2026-05-26 02:28:00,UPI
T006158,S024,P0775,C02852,2,1219.32,2026-02-14 21:22:00,Cash
T006159,S004,P0045,C02593,1,3896.94,2026-06-18 02:17:00,Card
T006160,S013,P0278,C01050,5,1264.65,2026-04-05 02:57:00,Cash
T006161,S019,P0028,C02417,2,225.58,2026-04-20 09:08:00,UPI
T006162,S019,P0540,C01169,5,6948.18,2026-01-19 02:38:00,Cash
T006163,S009,P0365,C01113,5,6145.31,2026-05-25 22:58:00,Wallet
T006164,S015,P0145,C01441,3,2675.89,2026-03-29 11:15:00,Card
T006165,S016,P0675,C00226,3,8934.69,2026-04-20 09:16:00,Cash
T006166,S015,P0314,C00515,1,7849.53,2026-01-05 19:26:00,Cash
T006167,S009,P0422,C00946,5,7879.15,2026-06-21 03:07:00,UPI
T006168,S004,P0270,C01574,3,8731.95,2026-05-28 12:49:00,Cash
T006169,S014,P0309,C01060,3,2764.95,2026-06-01 07:13:00,Cash
T006170,S003,P0497,C01268,5,1834.78,2026-06-01 10:57:00,Cash
T006171,S011,P0757,C01304,2,4855.21,2026-04-26 18:40:00,Card
T006172,S018,P0721,C02096,5,4538.97,2026-05-08 12:12:00,Wallet
T006173,S001,P0306,C01553,3,2652.55,2026-02-17 02:03:00,Card
T006174,S003,P0026,C01025,2,5582.77,2026-05-03 00:01:00,Wallet
T006175,S003,P0572,C01204,2,6659.16,2026-02-05 00:37:00,Card
T006176,S025,P0611,C00402,2,7798.54,2026-03-06 05:45:00,Wallet
T006177,S016,P0720,C02496,5,8925.71,2026-04-22 05:24:00,Cash
T006178,S020,P0267,C02159,2,910.28,2026-06-20 00:30:00,Card
T006179,S005,P0500,C01987,4,2401.8,2026-01-19 21:15:00,Wallet
T006180,S009,P0756,C00500,3,8540.93,2026-06-16 16:56:00,Card
T006181,S006,P0168,C01055,1,3315.66,2026-01-25 04:38:00,Cash
T006182,S017,P0781,C00007,2,5370.5,2026-06-19 03:03:00,Card
T006183,S010,P0282,C00402,2,119.65,2026-02-08 10:29:00,Wallet
T006184,S015,P0141,C00740,2,9316.54,2026-01-19 06:53:00,Card
T006185,S003,P0045,C01821,3,3896.94,2026-05-27 08:18:00,Wallet
T006186,S002,P0354,C00887,4,9782.15,2026-04-21 21:10:00,UPI
T006187,S008,P0440,C00968,2,9802.7,2026-04-14 15:47:00,Wallet
T006188,S012,P0467,C00860,2,5109.04,2026-05-17 19:20:00,Card
T006189,S011,P0100,C00003,5,5501.88,2026-06-15 15:29:00,Card
T006190,S012,P0656,C01885,3,8003.84,2026-04-14 01:14:00,Card
T006191,S003,P0426,C00928,2,9983.21,2026-05-25 17:51:00,Cash
T006192,S024,P0790,C01514,1,6990.61,2026-05-02 07:21:00,UPI
T006193,S025,P0571,C02144,3,1762.72,2026-01-19 05:37:00,UPI
T006194,S020,P0541,C00502,1,5901.19,2026-04-20 16:44:00,Cash
T006195,S016,P0186,C02300,1,5553.84,2026-05-04 07:53:00,Card
T006196,S014,P0293,C00553,1,9576.2,2026-01-21 20:32:00,Cash
T006197,S024,P0195,C00822,5,873.38,2026-02-17 04:30:00,Cash
T006198,S007,P0348,C00771,3,8457.98,2026-04-23 22:15:00,Card
T006199,S023,P0291,C02310,4,5653.34,2026-04-10 23:02:00,UPI
T006200,S005,P0788,C02441,4,2185.3,2026-01-08 15:42:00,UPI
T006201,S022,P0277,C00207,5,3757.9,2026-03-28 23:44:00,Card
T006202,S009,P0190,C01193,2,1226.96,2026-05-28 18:06:00,Card
T006203,S020,P0642,C00131,1,752.0,2026-05-17 21:13:00,UPI
T006204,S004,P0698,C01883,2,7689.6,2026-05-02 22:08:00,Wallet
T006205,S010,P0198,C00908,2,6947.88,2026-05-20 14:20:00,Card
T006206,S021,P0004,C02694,5,1339.91,2026-04-01 08:05:00,Wallet
T006207,S009,P0784,C00700,3,2111.47,2026-06-13 07:05:00,Wallet
T006208,S024,P0515,C00980,5,7243.57,2026-06-11 23:22:00,UPI
T006209,S003,P0498,C00487,2,3416.54,2026-05-27 23:50:00,Card
T006210,S018,P0375,C02031,5,1939.64,2026-06-27 10:32:00,Wallet
T006211,S005,P0615,C00320,1,6966.89,2026-02-21 03:56:00,Cash
T006212,S022,P0115,C02331,5,6337.55,2026-06-04 03:07:00,Card
T006213,S010,P0483,C00667,3,257.78,2026-06-11 13:02:00,Cash
T006214,S013,P0181,C00153,4,9734.39,2026-03-26 10:32:00,UPI
T006215,S007,P0365,C00588,5,6145.31,2026-02-18 01:03:00,UPI
T006216,S016,P0093,C02317,4,5751.64,2026-05-12 22:56:00,Cash
T006217,S012,P0110,C01746,4,8676.8,2026-05-29 21:44:00,UPI
T006218,S002,P0110,C02191,1,8676.8,2026-03-27 06:12:00,Cash
T006219,S025,P0283,C01216,1,8716.22,2026-03-01 04:15:00,Card
T006220,S002,P0478,C01793,4,8936.61,2026-02-07 01:33:00,UPI
T006221,S004,P0682,C00518,2,4013.05,2026-02-10 04:07:00,Wallet
T006222,S012,P0141,C01391,4,9316.54,2026-05-31 02:21:00,UPI
T006223,S007,P0026,C00138,1,5582.77,2026-04-01 00:48:00,Wallet
T006224,S016,P0421,C02202,3,8440.77,2026-03-31 16:35:00,Cash
T006225,S021,P0245,C02399,4,4480.53,2026-04-07 09:17:00,Card
T006226,S021,P0562,C01107,4,4622.5,2026-03-14 19:13:00,UPI
T006227,S009,P0763,C02840,5,3914.29,2026-06-13 15:34:00,Cash
T006228,S008,P0515,C00306,4,7243.57,2026-03-14 16:22:00,UPI
T006229,S019,P0181,C00439,2,9734.39,2026-01-02 01:42:00,UPI
T006230,S014,P0549,C00652,2,1936.82,2026-01-01 04:47:00,Card
T006231,S004,P0486,C00550,3,4214.23,2026-04-18 19:09:00,UPI
T006232,S002,P0143,C02441,5,3093.82,2026-04-29 13:30:00,Card
T006233,S002,P0773,C02950,1,8629.97,2026-03-20 10:33:00,Card
T006234,S015,P0390,C00627,2,1923.02,2026-05-20 22:42:00,UPI
T006235,S015,P0372,C00152,4,5991.23,2026-04-22 16:56:00,Cash
T006236,S022,P0571,C02961,2,1762.72,2026-04-13 10:09:00,Cash
T006237,S006,P0164,C00625,5,5943.35,2026-05-27 15:17:00,Cash
T006238,S025,P0289,C01612,3,9583.99,2026-06-01 15:21:00,Cash
T006239,S003,P0507,C01541,2,8483.65,2026-03-21 03:02:00,Wallet
T006240,S012,P0617,C00378,3,1083.47,2026-04-18 06:52:00,Cash
T006241,S013,P0610,C00220,2,6910.04,2026-04-09 11:51:00,Cash
T006242,S006,P0231,C01455,3,7092.41,2026-04-20 23:34:00,Card
T006243,S014,P0452,C00653,3,8196.17,2026-01-09 08:46:00,Wallet
T006244,S006,P0463,C01573,2,7009.64,2026-03-26 01:07:00,Wallet
T006245,S003,P0715,C01974,4,962.59,2026-01-06 13:52:00,Wallet
T006246,S019,P0312,C02638,4,2537.53,2026-03-04 12:02:00,UPI
T006247,S006,P0285,C01457,3,8360.15,2026-03-22 23:51:00,Card
T006248,S023,P0302,C02966,2,2628.99,2026-02-26 16:03:00,UPI
T006249,S009,P0369,C02447,4,4587.77,2026-02-20 01:17:00,Card
T006250,S015,P0376,C01184,5,1363.04,2026-05-31 13:10:00,UPI
T006251,S016,P0385,C01114,2,4244.08,2026-03-11 19:17:00,UPI
T006252,S002,P0633,C02683,4,2845.22,2026-04-20 21:02:00,Card
T006253,S016,P0298,C02096,5,5929.04,2026-02-17 15:51:00,Card
T006254,S002,P0071,C00445,4,5958.46,2026-04-23 02:41:00,UPI
T006255,S008,P0357,C01557,3,4375.29,2026-01-29 21:40:00,Cash
T006256,S025,P0190,C00377,1,1226.96,2026-05-25 22:11:00,Cash
T006257,S001,P0287,C00752,3,1573.93,2026-04-02 04:41:00,UPI
T006258,S007,P0356,C00094,3,6296.35,2026-05-26 23:45:00,Wallet
T006259,S014,P0626,C00250,5,4287.21,2026-04-08 07:36:00,UPI
T006260,S011,P0544,C02097,2,9870.55,2026-03-24 07:01:00,Cash
T006261,S014,P0361,C02059,2,7663.58,2026-01-13 23:42:00,Cash
T006262,S015,P0329,C01077,5,141.36,2026-04-05 20:15:00,Cash
T006263,S019,P0784,C02511,4,2111.47,2026-04-30 00:16:00,Wallet
T006264,S024,P0267,C00545,3,910.28,2026-02-15 12:33:00,Cash
T006265,S021,P0166,C02589,5,6319.73,2026-03-31 03:45:00,UPI
T006266,S013,P0749,C01243,2,786.6,2026-02-11 18:03:00,Card
T006267,S017,P0489,C01338,4,2399.84,2026-02-11 15:47:00,Cash
T006268,S011,P0600,C02027,5,8512.12,2026-04-16 23:01:00,UPI
T006269,S021,P0710,C01856,5,4772.38,2026-02-22 14:33:00,Wallet
T006270,S008,P0493,C00743,3,534.0,2026-03-18 08:00:00,UPI
T006271,S011,P0778,C02096,1,6963.87,2026-01-21 10:43:00,UPI
T006272,S017,P0557,C01656,4,6068.55,2026-06-07 09:53:00,Cash
T006273,S020,P0383,C00444,1,6977.34,2026-05-15 21:11:00,Card
T006274,S014,P0696,C00651,3,916.89,2026-05-24 19:27:00,Wallet
T006275,S020,P0073,C02645,5,5094.93,2026-03-27 20:52:00,Card
T006276,S007,P0476,C01378,2,867.09,2026-04-11 11:54:00,Wallet
T006277,S024,P0109,C00084,1,8805.73,2026-03-14 14:07:00,Card
T006278,S020,P0746,C02551,3,4646.96,2026-06-18 14:50:00,Wallet
T006279,S025,P0196,C01304,1,4393.61,2026-03-05 10:11:00,Wallet
T006280,S012,P0360,C01854,1,5243.78,2026-03-26 08:56:00,Card
T006281,S023,P0186,C00171,5,5553.84,2026-03-16 07:33:00,Card
T006282,S022,P0386,C00313,2,8772.44,2026-03-20 08:47:00,UPI
T006283,S014,P0067,C01182,3,3696.01,2026-01-19 10:25:00,Cash
T006284,S006,P0111,C02547,4,9271.32,2026-06-06 04:08:00,Cash
T006285,S007,P0073,C02695,1,5094.93,2026-04-12 19:26:00,Wallet
T006286,S001,P0505,C01344,5,1428.24,2026-06-04 20:06:00,Wallet
T006287,S005,P0582,C02950,2,1360.43,2026-03-04 20:44:00,Cash
T006288,S015,P0041,C00291,1,7624.7,2026-03-04 08:49:00,UPI
T006289,S023,P0195,C00139,2,873.38,2026-03-12 19:44:00,Wallet
T006290,S004,P0029,C02536,4,4435.78,2026-04-26 09:43:00,Cash
T006291,S002,P0422,C01880,5,7879.15,2026-02-27 19:37:00,Wallet
T006292,S016,P0488,C02860,2,9348.84,2026-03-11 13:59:00,Card
T006293,S019,P0653,C00433,4,3849.13,2026-03-09 00:35:00,Card
T006294,S006,P0459,C01414,5,4208.02,2026-05-15 23:04:00,Wallet
T006295,S003,P0317,C01695,1,6564.28,2026-06-18 23:52:00,UPI
T006296,S021,P0017,C01638,5,9248.9,2026-05-24 05:50:00,Wallet
T006297,S001,P0482,C01197,1,3807.98,2026-02-07 07:39:00,Wallet
T006298,S007,P0057,C00259,5,657.85,2026-01-13 20:15:00,Card
T006299,S013,P0380,C02580,4,666.44,2026-03-26 17:05:00,UPI
T006300,S004,P0558,C00036,4,7592.43,2026-04-18 04:22:00,UPI
T006301,S015,P0540,C01388,2,6948.18,2026-06-04 16:16:00,UPI
T006302,S001,P0007,C02047,1,1166.39,2026-02-25 19:38:00,UPI
T006303,S005,P0007,C00614,2,1166.39,2026-06-21 18:11:00,UPI
T006304,S018,P0174,C02877,4,2919.87,2026-06-14 17:49:00,Card
T006305,S004,P0629,C00172,3,6100.1,2026-05-30 09:12:00,UPI
T006306,S003,P0125,C00314,5,7041.49,2026-01-26 08:30:00,Wallet
T006307,S024,P0580,C00803,3,2979.67,2026-02-10 03:32:00,UPI
T006308,S014,P0006,C01565,4,7768.45,2026-01-03 19:29:00,Wallet
T006309,S010,P0067,C00163,1,3696.01,2026-04-25 04:24:00,Cash
T006310,S008,P0082,C00335,4,2741.65,2026-01-16 23:35:00,Card
T006311,S012,P0573,C00614,2,1786.29,2026-02-14 03:55:00,UPI
T006312,S025,P0582,C01562,3,1360.43,2026-05-03 01:28:00,Card
T006313,S021,P0605,C01350,5,6825.51,2026-05-03 11:09:00,Wallet
T006314,S005,P0125,C01773,4,7041.49,2026-03-19 17:42:00,UPI
T006315,S005,P0065,C01986,1,6938.55,2026-03-31 06:34:00,Cash
T006316,S013,P0260,C01235,5,1324.75,2026-03-15 21:30:00,Cash
T006317,S023,P0335,C00148,2,3766.76,2026-04-16 12:38:00,Cash
T006318,S017,P0757,C00642,1,4855.21,2026-03-28 16:07:00,Card
T006319,S002,P0334,C01079,5,3927.84,2026-05-30 04:30:00,Cash
T006320,S020,P0713,C01912,3,3378.0,2026-02-02 01:16:00,Cash
T006321,S005,P0003,C00699,3,2300.34,2026-03-04 00:20:00,Cash
T006322,S007,P0667,C00567,4,6112.0,2026-01-11 10:18:00,Card
T006323,S004,P0384,C00735,2,8533.89,2026-03-13 19:20:00,Wallet
T006324,S017,P0645,C01313,3,9521.65,2026-04-21 10:23:00,Wallet
T006325,S005,P0510,C00512,2,1916.1,2026-04-08 02:11:00,UPI
T006326,S003,P0159,C00069,4,8365.04,2026-02-07 20:51:00,Card
T006327,S001,P0631,C02612,2,1960.93,2026-02-27 19:20:00,Card
T006328,S015,P0109,C02147,4,8805.73,2026-01-14 00:56:00,Wallet
T006329,S010,P0750,C01894,3,4603.74,2026-02-06 12:08:00,Card
T006330,S018,P0183,C02091,4,4734.37,2026-01-28 04:39:00,UPI
T006331,S002,P0511,C00800,5,791.85,2026-01-30 06:57:00,UPI
T006332,S008,P0307,C02508,4,2471.27,2026-04-29 11:22:00,UPI
T006333,S014,P0715,C02370,4,962.59,2026-04-11 12:09:00,Wallet
T006334,S019,P0460,C01790,2,4631.5,2026-05-16 20:18:00,Wallet
T006335,S023,P0033,C02592,2,8396.28,2026-04-11 06:29:00,Wallet
T006336,S020,P0667,C01278,5,6112.0,2026-03-26 19:52:00,UPI
T006337,S023,P0653,C00171,3,3849.13,2026-03-28 21:26:00,Wallet
T006338,S020,P0126,C01700,3,6217.24,2026-06-23 16:05:00,Cash
T006339,S009,P0264,C01314,5,7171.07,2026-01-01 18:57:00,Cash
T006340,S015,P0417,C01410,4,4565.4,2026-04-21 02:41:00,UPI
T006341,S004,P0252,C02818,4,7003.96,2026-05-27 20:48:00,Cash
T006342,S015,P0203,C01044,2,6531.42,2026-02-25 02:20:00,Card
T006343,S015,P0651,C00715,5,4819.93,2026-03-08 12:18:00,Card
T006344,S025,P0150,C00711,4,2899.96,2026-05-22 10:11:00,Wallet
T006345,S025,P0437,C01313,3,4248.56,2026-02-18 08:51:00,Cash
T006346,S025,P0132,C02047,3,8576.74,2026-06-28 11:10:00,Cash
T006347,S011,P0439,C02821,3,9228.23,2026-04-12 13:14:00,Cash
T006348,S024,P0664,C00241,2,4113.17,2026-02-26 02:53:00,UPI
T006349,S021,P0738,C00115,2,9853.09,2026-01-19 07:36:00,UPI
T006350,S014,P0308,C00958,4,4979.5,2026-05-19 18:47:00,Cash
T006351,S012,P0775,C02308,3,1219.32,2026-04-05 01:38:00,Card
T006352,S007,P0568,C02266,2,3547.51,2026-02-22 10:07:00,Card
T006353,S024,P0255,C01252,3,2214.97,2026-02-16 06:30:00,Card
T006354,S014,P0224,C01430,4,2422.72,2026-04-15 05:22:00,Card
T006355,S024,P0136,C02146,5,9081.55,2026-06-21 04:37:00,Wallet
T006356,S010,P0374,C01984,3,3617.37,2026-01-09 08:29:00,Card
T006357,S023,P0681,C00022,2,7716.53,2026-02-19 10:34:00,UPI
T006358,S021,P0116,C00827,2,2079.75,2026-04-28 09:59:00,Wallet
T006359,S020,P0655,C01625,1,7096.19,2026-02-16 09:02:00,UPI
T006360,S016,P0375,C02753,4,1939.64,2026-04-15 07:05:00,UPI
T006361,S004,P0102,C01273,1,7184.15,2026-06-17 03:40:00,UPI
T006362,S021,P0365,C02165,1,6145.31,2026-01-05 10:16:00,Wallet
T006363,S012,P0158,C00868,1,3560.08,2026-03-01 22:38:00,Card
T006364,S018,P0625,C01120,2,5109.87,2026-04-26 19:46:00,UPI
T006365,S015,P0116,C01468,5,2079.75,2026-04-17 17:13:00,Wallet
T006366,S025,P0346,C00160,5,6837.74,2026-06-27 23:01:00,UPI
T006367,S015,P0386,C00828,5,8772.44,2026-06-18 13:31:00,Cash
T006368,S024,P0024,C01512,4,3347.34,2026-05-19 00:57:00,Card
T006369,S002,P0124,C01519,1,9076.76,2026-01-09 18:50:00,UPI
T006370,S009,P0064,C00125,5,3290.97,2026-06-16 10:42:00,Cash
T006371,S005,P0227,C00062,1,3442.57,2026-02-06 19:25:00,Wallet
T006372,S025,P0500,C00923,2,2401.8,2026-03-13 13:01:00,UPI
T006373,S013,P0694,C01537,3,614.19,2026-05-30 01:42:00,Cash
T006374,S021,P0150,C01829,4,2899.96,2026-02-09 22:19:00,Card
T006375,S006,P0567,C00035,5,2411.23,2026-01-23 22:04:00,Wallet
T006376,S015,P0203,C00676,4,6531.42,2026-06-19 16:37:00,Wallet
T006377,S003,P0755,C00928,1,7943.76,2026-04-23 09:45:00,Cash
T006378,S015,P0253,C00325,1,933.38,2026-01-17 15:53:00,Cash
T006379,S016,P0235,C02445,5,1653.62,2026-03-09 06:25:00,UPI
T006380,S006,P0283,C00446,3,8716.22,2026-01-10 10:18:00,Wallet
T006381,S019,P0739,C01196,2,7330.72,2026-02-23 10:52:00,Card
T006382,S024,P0032,C01542,3,5989.11,2026-01-15 05:17:00,Wallet
T006383,S017,P0115,C01153,2,6337.55,2026-02-28 18:18:00,Card
T006384,S014,P0746,C02074,1,4646.96,2026-04-04 01:36:00,Wallet
T006385,S023,P0308,C02903,2,4979.5,2026-02-11 05:31:00,Cash
T006386,S018,P0319,C00210,3,8409.93,2026-05-24 20:48:00,Cash
T006387,S008,P0673,C01944,3,7405.45,2026-03-13 14:24:00,Cash
T006388,S017,P0501,C01377,2,2439.32,2026-04-11 11:32:00,Wallet
T006389,S011,P0166,C02670,3,6319.73,2026-02-16 15:18:00,Wallet
T006390,S018,P0578,C02277,5,6474.47,2026-03-28 05:26:00,Card
T006391,S012,P0192,C01179,3,8778.88,2026-02-20 06:51:00,Cash
T006392,S005,P0028,C02983,3,225.58,2026-02-04 17:45:00,UPI
T006393,S010,P0022,C00039,1,1191.13,2026-02-09 21:17:00,Wallet
T006394,S015,P0122,C00449,4,8775.26,2026-03-01 00:19:00,Cash
T006395,S019,P0287,C01523,2,1573.93,2026-02-04 00:33:00,UPI
T006396,S023,P0739,C01419,4,7330.72,2026-02-04 11:16:00,Wallet
T006397,S020,P0394,C00525,4,2911.6,2026-04-13 19:34:00,Card
T006398,S011,P0221,C00971,5,6255.24,2026-01-28 07:21:00,Card
T006399,S024,P0749,C00035,1,786.6,2026-02-22 00:20:00,Card
T006400,S007,P0671,C01419,3,8333.09,2026-02-28 00:44:00,Cash
T006401,S013,P0675,C00751,3,8934.69,2026-02-26 06:44:00,Card
T006402,S004,P0466,C01997,2,4158.95,2026-03-06 13:56:00,Card
T006403,S012,P0368,C00648,3,2406.81,2026-04-30 15:03:00,Wallet
T006404,S004,P0033,C00504,2,8396.28,2026-01-18 23:37:00,UPI
T006405,S004,P0065,C01823,3,6938.55,2026-02-01 22:52:00,Wallet
T006406,S012,P0244,C02733,2,8989.85,2026-04-20 15:34:00,Card
T006407,S019,P0422,C00582,3,7879.15,2026-04-04 00:21:00,Card
T006408,S011,P0128,C01380,1,238.74,2026-04-23 14:34:00,Wallet
T006409,S008,P0594,C01266,3,9238.26,2026-02-06 16:19:00,Wallet
T006410,S015,P0561,C01949,1,9754.52,2026-06-06 20:49:00,UPI
T006411,S007,P0237,C01326,5,3411.61,2026-03-30 10:45:00,Cash
T006412,S022,P0714,C02741,5,2457.7,2026-03-05 01:56:00,UPI
T006413,S018,P0058,C01433,3,6515.02,2026-02-14 09:29:00,Card
T006414,S024,P0339,C01775,2,2878.49,2026-06-14 12:38:00,Wallet
T006415,S009,P0219,C02503,4,1397.47,2026-02-23 01:54:00,Card
T006416,S014,P0690,C00828,1,4940.77,2026-01-21 05:54:00,UPI
T006417,S021,P0786,C00632,1,3671.5,2026-03-01 19:51:00,Card
T006418,S022,P0563,C01724,5,6057.9,2026-05-23 08:49:00,Wallet
T006419,S022,P0572,C01202,2,6659.16,2026-05-05 05:49:00,Wallet
T006420,S011,P0493,C01354,1,534.0,2026-03-02 00:59:00,Card
T006421,S005,P0407,C02693,4,1756.59,2026-02-25 09:14:00,UPI
T006422,S024,P0710,C02417,4,4772.38,2026-02-03 01:35:00,Cash
T006423,S020,P0037,C01573,4,2580.83,2026-02-02 18:26:00,UPI
T006424,S024,P0701,C02629,2,1291.57,2026-03-17 15:38:00,Cash
T006425,S011,P0756,C01622,5,8540.93,2026-01-18 19:50:00,Cash
T006426,S010,P0299,C00323,4,4425.47,2026-01-05 03:06:00,Card
T006427,S003,P0211,C00407,1,465.47,2026-04-27 05:33:00,Cash
T006428,S011,P0391,C02611,5,828.94,2026-02-11 22:35:00,Cash
T006429,S024,P0030,C00697,4,4007.63,2026-02-03 09:59:00,Card
T006430,S013,P0102,C02122,1,7184.15,2026-01-14 12:44:00,UPI
T006431,S008,P0733,C01006,4,9425.26,2026-01-15 14:59:00,Card
T006432,S024,P0237,C02805,3,3411.61,2026-04-16 08:50:00,UPI
T006433,S005,P0564,C01333,2,3746.46,2026-06-19 18:39:00,UPI
T006434,S003,P0438,C01451,4,3327.19,2026-04-29 03:28:00,Card
T006435,S024,P0712,C00254,4,3112.13,2026-05-02 21:55:00,Card
T006436,S003,P0636,C02112,4,9406.97,2026-06-12 23:35:00,Cash
T006437,S009,P0524,C01185,3,5664.21,2026-05-07 10:57:00,Cash
T006438,S015,P0204,C00122,1,951.33,2026-03-08 14:07:00,Cash
T006439,S024,P0346,C02767,4,6837.74,2026-01-28 21:14:00,Wallet
T006440,S021,P0481,C01192,1,580.78,2026-06-03 06:14:00,Cash
T006441,S017,P0431,C01419,1,5205.67,2026-03-09 01:42:00,Card
T006442,S007,P0100,C01645,2,5501.88,2026-04-09 12:16:00,Card
T006443,S023,P0376,C00909,2,1363.04,2026-06-13 18:29:00,Wallet
T006444,S015,P0202,C00163,3,8603.22,2026-02-28 18:19:00,Cash
T006445,S013,P0475,C02817,5,3011.03,2026-04-23 05:15:00,Wallet
T006446,S006,P0058,C01857,1,6515.02,2026-06-23 16:00:00,Cash
T006447,S014,P0024,C01870,4,3347.34,2026-06-11 05:03:00,Wallet
T006448,S021,P0046,C01584,5,4649.6,2026-03-28 17:15:00,Cash
T006449,S023,P0020,C02112,3,2220.31,2026-01-17 06:08:00,Card
T006450,S014,P0437,C00336,1,4248.56,2026-02-09 10:48:00,Wallet
T006451,S005,P0382,C01418,2,7873.11,2026-06-03 01:22:00,Wallet
T006452,S009,P0782,C01044,4,5850.54,2026-05-30 23:29:00,UPI
T006453,S003,P0665,C02905,3,7169.18,2026-03-29 13:09:00,Card
T006454,S022,P0689,C01115,1,9487.92,2026-04-11 18:13:00,Cash
T006455,S017,P0201,C02330,4,236.37,2026-03-14 08:41:00,Cash
T006456,S019,P0528,C00862,3,3900.97,2026-05-10 05:01:00,Wallet
T006457,S003,P0052,C00030,1,6206.7,2026-03-05 16:34:00,Card
T006458,S004,P0008,C02104,4,4742.92,2026-03-05 21:24:00,Wallet
T006459,S018,P0648,C00888,5,6112.92,2026-02-18 15:24:00,UPI
T006460,S021,P0607,C00883,5,1260.73,2026-05-27 02:36:00,Card
T006461,S004,P0489,C00333,5,2399.84,2026-02-17 03:24:00,Card
T006462,S018,P0573,C00434,5,1786.29,2026-02-03 02:53:00,Wallet
T006463,S014,P0619,C00527,1,731.92,2026-01-23 01:36:00,Cash
T006464,S003,P0003,C00399,5,2300.34,2026-01-31 18:07:00,Wallet
T006465,S014,P0755,C01483,4,7943.76,2026-04-28 17:31:00,UPI
T006466,S017,P0106,C02095,1,176.87,2026-01-11 08:02:00,Wallet
T006467,S024,P0730,C01801,3,3102.76,2026-06-28 11:49:00,Card
T006468,S010,P0130,C01686,2,7163.28,2026-06-26 18:52:00,UPI
T006469,S020,P0342,C00528,5,6631.4,2026-04-17 20:57:00,Card
T006470,S013,P0173,C02091,1,8537.22,2026-01-13 22:51:00,Wallet
T006471,S016,P0346,C00330,4,6837.74,2026-01-19 15:30:00,Card
T006472,S020,P0080,C00845,1,7488.69,2026-01-13 16:32:00,Wallet
T006473,S004,P0297,C02333,2,8087.52,2026-03-16 23:40:00,Card
T006474,S022,P0334,C00564,4,3927.84,2026-01-10 21:28:00,Wallet
T006475,S020,P0187,C01412,3,5154.45,2026-02-27 20:25:00,Card
T006476,S003,P0504,C01733,3,2455.83,2026-02-08 12:01:00,UPI
T006477,S014,P0532,C00523,3,6385.3,2026-01-27 20:03:00,Wallet
T006478,S013,P0642,C01383,1,752.0,2026-06-08 21:04:00,Card
T006479,S006,P0611,C00450,4,7798.54,2026-03-06 23:42:00,Wallet
T006480,S018,P0098,C01351,3,4449.81,2026-04-01 06:04:00,Card
T006481,S003,P0424,C00706,5,3403.2,2026-06-03 10:51:00,Card
T006482,S011,P0295,C00498,2,9626.53,2026-01-29 16:51:00,UPI
T006483,S013,P0193,C00827,3,7596.81,2026-01-27 05:53:00,UPI
T006484,S019,P0731,C01940,3,5565.29,2026-02-14 04:51:00,Wallet
T006485,S011,P0650,C02069,4,8079.24,2026-05-07 13:14:00,Wallet
T006486,S014,P0309,C02645,3,2764.95,2026-03-07 08:31:00,Cash
T006487,S018,P0312,C02904,3,2537.53,2026-02-26 19:01:00,Card
T006488,S007,P0118,C02111,4,8483.91,2026-04-27 06:12:00,Card
T006489,S011,P0109,C00521,3,8805.73,2026-02-11 00:43:00,Wallet
T006490,S025,P0483,C01145,1,257.78,2026-04-03 09:52:00,Cash
T006491,S011,P0060,C00893,1,294.15,2026-02-08 04:55:00,UPI
T006492,S012,P0213,C01272,4,4276.85,2026-01-29 12:49:00,UPI
T006493,S011,P0559,C02887,4,3769.77,2026-02-15 12:51:00,Wallet
T006494,S023,P0635,C02305,4,4059.59,2026-06-23 10:56:00,Card
T006495,S010,P0559,C02009,3,3769.77,2026-06-25 08:53:00,Wallet
T006496,S010,P0504,C00321,2,2455.83,2026-06-01 22:03:00,UPI
T006497,S021,P0170,C01391,2,7462.62,2026-04-08 06:33:00,Card
T006498,S014,P0270,C00358,1,8731.95,2026-02-19 00:03:00,Cash
T006499,S020,P0796,C01879,2,4753.83,2026-06-27 18:25:00,Wallet
T006500,S014,P0432,C01567,3,3471.53,2026-02-20 06:54:00,Card
T006501,S016,P0731,C00175,4,5565.29,2026-03-16 10:02:00,UPI
T006502,S007,P0242,C02486,2,1599.95,2026-03-19 15:06:00,Wallet
T006503,S015,P0452,C02786,4,8196.17,2026-01-05 10:24:00,Cash
T006504,S024,P0319,C00389,1,8409.93,2026-05-09 17:42:00,Cash
T006505,S004,P0208,C02398,4,2092.25,2026-05-08 17:21:00,UPI
T006506,S001,P0533,C00762,1,9271.54,2026-06-03 19:48:00,Card
T006507,S020,P0688,C01128,1,7463.85,2026-03-26 00:24:00,Card
T006508,S016,P0344,C02094,2,2669.28,2026-03-11 15:51:00,UPI
T006509,S002,P0498,C00812,2,3416.54,2026-01-06 05:40:00,Card
T006510,S014,P0082,C02722,1,2741.65,2026-01-03 12:46:00,Wallet
T006511,S023,P0405,C01153,4,2546.0,2026-06-07 23:19:00,Cash
T006512,S016,P0099,C02055,3,4953.55,2026-04-07 17:19:00,Wallet
T006513,S015,P0734,C02632,5,8745.49,2026-06-25 11:55:00,Cash
T006514,S020,P0359,C02051,4,2458.76,2026-01-19 20:53:00,Cash
T006515,S016,P0477,C02870,5,4461.51,2026-03-22 06:28:00,UPI
T006516,S003,P0102,C01198,5,7184.15,2026-06-24 15:17:00,Wallet
T006517,S003,P0617,C01204,4,1083.47,2026-05-08 08:47:00,UPI
T006518,S008,P0385,C02413,2,4244.08,2026-06-09 23:57:00,Cash
T006519,S021,P0099,C00085,5,4953.55,2026-02-16 13:33:00,Card
T006520,S013,P0137,C02021,5,947.81,2026-04-20 21:39:00,Wallet
T006521,S022,P0533,C01744,5,9271.54,2026-06-18 07:08:00,Cash
T006522,S008,P0150,C00073,1,2899.96,2026-02-10 20:24:00,Card
T006523,S021,P0395,C01356,1,3463.19,2026-03-23 14:08:00,Card
T006524,S009,P0051,C01298,2,3973.71,2026-03-01 09:08:00,UPI
T006525,S002,P0099,C01117,2,4953.55,2026-02-17 15:26:00,Wallet
T006526,S008,P0417,C01532,1,4565.4,2026-05-08 16:11:00,Card
T006527,S010,P0346,C00729,5,6837.74,2026-03-23 05:49:00,Cash
T006528,S008,P0488,C01791,1,9348.84,2026-02-10 12:14:00,Wallet
T006529,S018,P0706,C00290,1,6473.34,2026-05-26 05:14:00,Cash
T006530,S006,P0648,C02785,5,6112.92,2026-01-05 14:16:00,Wallet
T006531,S007,P0056,C01233,3,4337.67,2026-01-21 13:37:00,Wallet
T006532,S003,P0556,C01820,4,1057.73,2026-03-31 18:31:00,Card
T006533,S014,P0712,C02326,4,3112.13,2026-01-22 04:50:00,Wallet
T006534,S021,P0386,C00624,1,8772.44,2026-06-04 04:34:00,Card
T006535,S013,P0344,C01229,3,2669.28,2026-01-08 22:19:00,UPI
T006536,S004,P0288,C02955,2,3932.63,2026-04-05 19:32:00,Cash
T006537,S021,P0759,C00809,5,652.17,2026-02-10 05:09:00,Card
T006538,S021,P0701,C01246,5,1291.57,2026-06-01 09:45:00,Cash
T006539,S002,P0251,C00272,2,7031.92,2026-01-30 02:26:00,UPI
T006540,S002,P0533,C01359,5,9271.54,2026-03-24 14:00:00,Cash
T006541,S009,P0049,C00121,2,5730.67,2026-02-25 01:26:00,UPI
T006542,S007,P0694,C01848,1,614.19,2026-02-08 20:11:00,Wallet
T006543,S008,P0734,C01031,2,8745.49,2026-03-23 10:46:00,Wallet
T006544,S003,P0741,C01017,2,7252.76,2026-06-20 23:55:00,Card
T006545,S010,P0307,C02595,2,2471.27,2026-05-29 13:43:00,UPI
T006546,S004,P0300,C02566,4,3880.91,2026-03-01 14:52:00,Wallet
T006547,S025,P0403,C00666,1,9771.12,2026-03-04 15:48:00,Wallet
T006548,S024,P0481,C02481,3,580.78,2026-06-21 05:15:00,Card
T006549,S004,P0658,C02498,2,6391.79,2026-06-15 13:56:00,UPI
T006550,S016,P0107,C02028,2,992.48,2026-02-14 21:14:00,Cash
T006551,S023,P0555,C00547,1,2733.2,2026-03-17 22:40:00,Cash
T006552,S001,P0089,C01967,3,6477.51,2026-02-16 01:27:00,Wallet
T006553,S008,P0701,C02325,4,1291.57,2026-04-21 12:52:00,UPI
T006554,S022,P0231,C00589,3,7092.41,2026-01-20 11:26:00,UPI
T006555,S019,P0679,C02977,3,4970.26,2026-06-19 08:50:00,Wallet
T006556,S023,P0083,C02550,4,6898.86,2026-06-09 17:33:00,Cash
T006557,S013,P0095,C02500,4,7753.59,2026-01-07 22:03:00,Card
T006558,S012,P0493,C00377,3,534.0,2026-06-21 18:48:00,Wallet
T006559,S023,P0053,C01738,3,707.1,2026-03-28 03:18:00,Wallet
T006560,S006,P0798,C02079,4,6080.32,2026-02-19 06:59:00,Card
T006561,S023,P0453,C02096,3,5915.17,2026-01-28 07:36:00,Wallet
T006562,S004,P0474,C00396,4,8400.11,2026-06-17 18:22:00,Card
T006563,S019,P0068,C02357,5,6389.9,2026-01-11 01:29:00,Card
T006564,S003,P0711,C02686,5,1928.92,2026-03-11 19:35:00,Wallet
T006565,S001,P0389,C02955,4,8090.99,2026-05-17 07:39:00,Wallet
T006566,S005,P0653,C00047,1,3849.13,2026-06-30 05:21:00,Card
T006567,S014,P0663,C01797,5,4847.59,2026-01-17 21:55:00,Card
T006568,S011,P0755,C01134,3,7943.76,2026-01-22 06:02:00,Card
T006569,S007,P0454,C02072,3,2095.86,2026-02-08 03:13:00,UPI
T006570,S020,P0717,C00044,2,9261.46,2026-02-14 02:36:00,Wallet
T006571,S014,P0513,C02610,1,5966.04,2026-04-06 10:06:00,Cash
T006572,S010,P0434,C01395,5,4553.72,2026-05-11 22:37:00,UPI
T006573,S018,P0675,C02214,4,8934.69,2026-01-29 12:42:00,Cash
T006574,S016,P0616,C02668,5,3900.2,2026-05-18 05:14:00,Cash
T006575,S023,P0617,C02910,2,1083.47,2026-04-22 18:32:00,Card
T006576,S005,P0008,C00859,5,4742.92,2026-04-17 18:17:00,Card
T006577,S017,P0388,C02265,4,6275.81,2026-05-08 13:42:00,Wallet
T006578,S016,P0027,C02655,2,8581.06,2026-03-18 00:17:00,Cash
T006579,S012,P0382,C02012,5,7873.11,2026-01-27 19:53:00,Cash
T006580,S011,P0336,C01983,4,2292.06,2026-01-29 18:07:00,Card
T006581,S009,P0005,C02376,2,6938.1,2026-03-25 08:56:00,Wallet
T006582,S017,P0295,C00841,1,9626.53,2026-05-23 18:20:00,UPI
T006583,S006,P0228,C00529,2,1293.81,2026-01-15 13:17:00,Cash
T006584,S009,P0472,C01519,1,774.55,2026-03-21 10:25:00,UPI
T006585,S013,P0142,C00671,4,152.07,2026-02-04 22:59:00,Cash
T006586,S024,P0771,C00978,3,3548.02,2026-01-01 01:27:00,UPI
T006587,S012,P0586,C01152,3,1154.2,2026-04-10 06:03:00,Wallet
T006588,S025,P0238,C00402,3,4446.17,2026-05-26 17:09:00,Card
T006589,S006,P0676,C01737,4,157.32,2026-05-08 15:05:00,Card
T006590,S015,P0674,C01038,4,9237.26,2026-06-13 17:54:00,Wallet
T006591,S005,P0003,C00826,5,2300.34,2026-05-03 08:20:00,UPI
T006592,S002,P0493,C00288,1,534.0,2026-03-22 17:46:00,Card
T006593,S025,P0262,C01295,5,9830.21,2026-03-25 13:14:00,Wallet
T006594,S021,P0280,C00464,4,7858.55,2026-06-13 13:42:00,Card
T006595,S020,P0613,C02470,4,1307.31,2026-03-14 13:37:00,Wallet
T006596,S025,P0618,C01002,2,4111.77,2026-03-21 04:03:00,Card
T006597,S024,P0252,C02071,2,7003.96,2026-06-02 14:51:00,Card
T006598,S018,P0540,C01828,4,6948.18,2026-02-03 07:25:00,Card
T006599,S017,P0565,C02948,4,6635.26,2026-03-17 22:28:00,Card
T006600,S015,P0354,C02101,1,9782.15,2026-02-16 03:48:00,Card
T006601,S018,P0571,C02949,4,1762.72,2026-06-06 04:48:00,UPI
T006602,S024,P0388,C01428,2,6275.81,2026-04-22 04:56:00,Card
T006603,S016,P0256,C01363,1,5260.23,2026-02-15 02:33:00,Card
T006604,S008,P0492,C02226,4,6612.82,2026-02-19 06:14:00,Cash
T006605,S020,P0137,C00467,5,947.81,2026-01-05 10:25:00,UPI
T006606,S020,P0386,C02116,3,8772.44,2026-06-26 02:10:00,Wallet
T006607,S007,P0032,C02732,2,5989.11,2026-01-12 09:42:00,Cash
T006608,S024,P0181,C02435,5,9734.39,2026-02-11 20:52:00,Cash
T006609,S015,P0059,C02217,4,8701.51,2026-03-06 18:09:00,Card
T006610,S022,P0737,C00632,4,4141.59,2026-02-25 03:50:00,Wallet
T006611,S002,P0190,C02190,1,1226.96,2026-03-14 16:34:00,Wallet
T006612,S024,P0414,C01804,4,1428.87,2026-05-11 19:23:00,Wallet
T006613,S015,P0793,C02205,4,3714.92,2026-06-29 03:49:00,Card
T006614,S003,P0719,C02465,4,532.73,2026-01-24 16:04:00,UPI
T006615,S021,P0624,C00186,3,8528.36,2026-06-07 15:14:00,Wallet
T006616,S019,P0272,C01763,5,1528.03,2026-02-09 13:52:00,Card
T006617,S007,P0223,C00136,3,1097.95,2026-05-31 20:48:00,Wallet
T006618,S006,P0288,C00176,4,3932.63,2026-06-02 20:55:00,Cash
T006619,S002,P0144,C01589,1,9682.77,2026-03-13 19:38:00,Card
T006620,S018,P0248,C00621,3,9033.86,2026-06-26 17:58:00,Wallet
T006621,S012,P0511,C00770,4,791.85,2026-01-25 22:14:00,UPI
T006622,S025,P0541,C02198,3,5901.19,2026-02-11 17:32:00,UPI
T006623,S025,P0629,C02198,4,6100.1,2026-06-28 06:47:00,Wallet
T006624,S019,P0084,C00867,2,1223.23,2026-01-29 18:45:00,Cash
T006625,S012,P0022,C01640,2,1191.13,2026-01-06 01:56:00,Wallet
T006626,S013,P0187,C01084,4,5154.45,2026-02-26 14:44:00,Card
T006627,S016,P0614,C02256,3,5908.82,2026-04-19 13:59:00,Card
T006628,S011,P0407,C02706,5,1756.59,2026-01-06 23:29:00,UPI
T006629,S018,P0012,C01905,2,1540.01,2026-02-13 00:04:00,Cash
T006630,S017,P0233,C02082,3,8252.74,2026-01-16 00:11:00,UPI
T006631,S019,P0028,C02372,5,225.58,2026-03-31 06:42:00,Wallet
T006632,S006,P0445,C02813,5,1947.25,2026-02-11 18:24:00,Cash
T006633,S011,P0661,C01283,1,936.39,2026-03-28 06:36:00,UPI
T006634,S010,P0274,C02525,1,6974.26,2026-05-20 13:31:00,Wallet
T006635,S024,P0766,C00916,3,9568.02,2026-02-18 03:17:00,Wallet
T006636,S010,P0384,C01120,2,8533.89,2026-01-01 10:58:00,Cash
T006637,S020,P0241,C01564,3,7179.48,2026-06-11 01:35:00,Wallet
T006638,S016,P0103,C02932,1,8429.58,2026-03-25 06:07:00,Wallet
T006639,S021,P0739,C02351,5,7330.72,2026-03-11 08:20:00,Wallet
T006640,S006,P0468,C00584,2,6423.78,2026-05-16 08:01:00,Card
T006641,S013,P0715,C01759,3,962.59,2026-05-21 00:03:00,UPI
T006642,S008,P0775,C01327,2,1219.32,2026-04-01 18:52:00,UPI
T006643,S001,P0011,C00606,4,1928.34,2026-06-26 05:31:00,Card
T006644,S016,P0472,C01489,1,774.55,2026-04-17 21:01:00,Wallet
T006645,S023,P0627,C01927,4,556.05,2026-02-13 22:31:00,Card
T006646,S011,P0551,C02834,1,8695.78,2026-05-25 20:52:00,UPI
T006647,S018,P0259,C01468,2,7345.66,2026-01-16 02:02:00,Wallet
T006648,S004,P0665,C02435,1,7169.18,2026-04-26 13:35:00,Wallet
T006649,S025,P0529,C00289,2,4146.0,2026-05-17 23:48:00,UPI
T006650,S002,P0510,C01401,1,1916.1,2026-04-21 05:35:00,UPI
T006651,S022,P0413,C02507,5,5755.57,2026-04-28 14:53:00,UPI
T006652,S012,P0357,C01499,5,4375.29,2026-03-04 07:45:00,Card
T006653,S005,P0600,C02711,2,8512.12,2026-02-15 18:58:00,Cash
T006654,S014,P0263,C01306,3,3567.34,2026-02-22 17:07:00,Cash
T006655,S005,P0188,C00869,2,6641.47,2026-06-06 13:09:00,UPI
T006656,S010,P0311,C02196,5,9144.98,2026-06-22 06:57:00,Cash
T006657,S020,P0786,C00344,2,3671.5,2026-02-24 16:30:00,Cash
T006658,S013,P0672,C00350,4,4881.93,2026-04-15 02:50:00,Card
T006659,S018,P0214,C00213,2,2750.7,2026-05-10 11:28:00,UPI
T006660,S011,P0325,C01778,5,9797.44,2026-06-12 03:53:00,UPI
T006661,S024,P0494,C00055,3,7697.7,2026-06-11 18:30:00,Wallet
T006662,S001,P0613,C01513,1,1307.31,2026-04-14 06:02:00,Wallet
T006663,S021,P0214,C01685,1,2750.7,2026-04-12 15:31:00,UPI
T006664,S010,P0144,C02126,4,9682.77,2026-01-27 08:27:00,UPI
T006665,S003,P0722,C02059,1,4878.92,2026-04-22 18:50:00,Wallet
T006666,S019,P0196,C00102,4,4393.61,2026-03-20 03:42:00,Card
T006667,S009,P0544,C00596,1,9870.55,2026-01-01 02:32:00,Cash
T006668,S017,P0136,C02234,4,9081.55,2026-02-18 05:17:00,Wallet
T006669,S008,P0139,C02070,5,7112.69,2026-06-19 17:15:00,UPI
T006670,S018,P0800,C02629,2,9198.59,2026-02-10 06:51:00,Cash
T006671,S003,P0058,C01478,2,6515.02,2026-02-27 20:46:00,Cash
T006672,S002,P0049,C01313,4,5730.67,2026-02-09 03:23:00,Card
T006673,S004,P0762,C00438,5,9129.45,2026-06-22 18:27:00,Card
T006674,S009,P0669,C01673,1,9528.59,2026-05-11 07:38:00,Cash
T006675,S014,P0763,C02164,5,3914.29,2026-03-31 06:22:00,Cash
T006676,S003,P0270,C02512,5,8731.95,2026-04-29 20:28:00,Cash
T006677,S008,P0279,C00064,5,3009.41,2026-01-17 18:02:00,Wallet
T006678,S003,P0362,C01261,4,945.79,2026-05-03 11:06:00,Card
T006679,S022,P0512,C02628,1,9387.92,2026-06-29 00:40:00,Cash
T006680,S010,P0260,C02091,4,1324.75,2026-04-14 16:27:00,Wallet
T006681,S013,P0038,C01378,4,393.26,2026-05-07 13:09:00,Card
T006682,S012,P0231,C00113,1,7092.41,2026-01-25 22:12:00,Wallet
T006683,S009,P0007,C02394,3,1166.39,2026-01-12 14:25:00,Wallet
T006684,S004,P0111,C01478,1,9271.32,2026-06-11 12:38:00,Card
T006685,S011,P0799,C02756,2,206.59,2026-05-29 05:42:00,UPI
T006686,S013,P0428,C01617,3,9462.57,2026-01-02 21:40:00,Wallet
T006687,S012,P0057,C01475,1,657.85,2026-05-18 17:50:00,UPI
T006688,S023,P0524,C01478,3,5664.21,2026-01-26 22:19:00,Wallet
T006689,S018,P0439,C01351,4,9228.23,2026-03-10 08:26:00,Card
T006690,S019,P0488,C02347,2,9348.84,2026-01-20 21:12:00,UPI
T006691,S009,P0617,C01264,4,1083.47,2026-02-02 15:56:00,Card
T006692,S019,P0473,C00623,5,1487.53,2026-06-05 15:10:00,UPI
T006693,S005,P0722,C00782,3,4878.92,2026-04-15 03:59:00,UPI
T006694,S001,P0711,C02321,4,1928.92,2026-04-28 17:10:00,UPI
T006695,S014,P0028,C00566,4,225.58,2026-06-27 03:46:00,Cash
T006696,S006,P0510,C00292,3,1916.1,2026-04-01 20:15:00,Cash
T006697,S006,P0692,C02672,2,1400.03,2026-04-18 19:46:00,UPI
T006698,S002,P0104,C00305,5,5571.01,2026-05-17 21:57:00,Card
T006699,S025,P0448,C02655,4,1800.07,2026-03-05 18:28:00,Card
T006700,S007,P0241,C01987,4,7179.48,2026-06-27 10:12:00,UPI
T006701,S020,P0225,C01022,1,3650.99,2026-03-31 22:33:00,Card
T006702,S006,P0101,C01078,3,8805.39,2026-05-08 06:04:00,Card
T006703,S007,P0503,C02188,1,2098.92,2026-06-22 00:34:00,Cash
T006704,S024,P0396,C00889,2,2039.28,2026-02-08 23:56:00,Card
T006705,S021,P0528,C01815,3,3900.97,2026-04-11 12:51:00,Card
T006706,S013,P0374,C01708,3,3617.37,2026-04-05 23:45:00,Wallet
T006707,S024,P0424,C02177,1,3403.2,2026-04-13 18:13:00,Cash
T006708,S002,P0568,C00167,1,3547.51,2026-04-09 05:49:00,Cash
T006709,S023,P0570,C02359,3,1364.83,2026-06-06 12:04:00,Card
T006710,S016,P0558,C00475,3,7592.43,2026-05-28 03:12:00,Cash
T006711,S009,P0055,C00380,3,7674.42,2026-02-05 11:02:00,Card
T006712,S015,P0702,C02227,3,9903.95,2026-04-25 06:58:00,UPI
T006713,S016,P0574,C02604,1,9933.28,2026-03-20 21:03:00,Wallet
T006714,S020,P0636,C02919,3,9406.97,2026-05-10 20:14:00,UPI
T006715,S004,P0289,C02173,5,9583.99,2026-05-25 05:32:00,Cash
T006716,S010,P0686,C02600,1,8846.41,2026-03-29 11:07:00,Cash
T006717,S020,P0438,C01665,1,3327.19,2026-02-27 20:33:00,Cash
T006718,S003,P0259,C00453,4,7345.66,2026-03-11 22:54:00,UPI
T006719,S014,P0004,C01666,3,1339.91,2026-04-22 21:26:00,Card
T006720,S018,P0406,C01602,4,2170.45,2026-06-12 00:18:00,Cash
T006721,S008,P0298,C01285,3,5929.04,2026-04-24 10:10:00,Wallet
T006722,S014,P0226,C02039,4,1828.68,2026-02-04 19:46:00,Wallet
T006723,S012,P0370,C02476,5,3461.2,2026-06-05 00:46:00,UPI
T006724,S009,P0173,C02715,2,8537.22,2026-04-24 09:09:00,Cash
T006725,S018,P0793,C00544,2,3714.92,2026-06-10 16:13:00,UPI
T006726,S013,P0439,C00742,2,9228.23,2026-02-06 21:04:00,Wallet
T006727,S020,P0276,C02091,3,6054.84,2026-04-16 14:26:00,UPI
T006728,S004,P0540,C02655,4,6948.18,2026-06-01 10:23:00,Cash
T006729,S017,P0395,C00657,5,3463.19,2026-01-17 14:56:00,Card
T006730,S018,P0414,C00893,3,1428.87,2026-05-27 21:07:00,UPI
T006731,S007,P0676,C01533,2,157.32,2026-04-12 16:32:00,UPI
T006732,S021,P0675,C01478,1,8934.69,2026-01-06 19:11:00,Card
T006733,S012,P0080,C02776,2,7488.69,2026-01-01 18:53:00,Wallet
T006734,S001,P0117,C00448,4,1196.2,2026-06-02 15:36:00,Card
T006735,S016,P0497,C02076,3,1834.78,2026-03-20 23:24:00,Card
T006736,S019,P0305,C01257,4,1076.57,2026-06-24 16:59:00,Card
T006737,S008,P0457,C00700,2,5802.71,2026-03-07 19:05:00,UPI
T006738,S020,P0495,C01558,1,2593.21,2026-04-01 23:24:00,Wallet
T006739,S012,P0571,C00658,2,1762.72,2026-06-08 19:29:00,Cash
T006740,S022,P0683,C02141,3,8931.71,2026-03-14 13:50:00,Card
T006741,S023,P0124,C00883,3,9076.76,2026-03-12 02:34:00,Wallet
T006742,S015,P0312,C00062,5,2537.53,2026-05-11 06:36:00,Cash
T006743,S015,P0458,C01122,1,3532.14,2026-06-05 17:12:00,Card
T006744,S019,P0625,C01953,2,5109.87,2026-03-19 03:50:00,Wallet
T006745,S014,P0107,C01996,3,992.48,2026-04-16 15:46:00,Cash
T006746,S019,P0450,C01987,5,4833.69,2026-03-04 09:51:00,UPI
T006747,S008,P0395,C00511,5,3463.19,2026-04-28 17:42:00,Cash
T006748,S004,P0269,C00612,3,6799.54,2026-06-11 11:43:00,UPI
T006749,S011,P0519,C00154,5,1759.88,2026-02-22 13:36:00,Cash
T006750,S019,P0342,C01283,1,6631.4,2026-05-29 18:18:00,Card
T006751,S005,P0297,C00428,3,8087.52,2026-05-17 03:38:00,Wallet
T006752,S009,P0243,C01275,5,1465.14,2026-04-08 09:59:00,UPI
T006753,S022,P0069,C01745,1,2943.82,2026-05-30 18:13:00,Wallet
T006754,S009,P0050,C02663,4,4810.52,2026-01-08 09:03:00,UPI
T006755,S007,P0312,C01254,3,2537.53,2026-03-16 10:47:00,Card
T006756,S006,P0505,C02823,3,1428.24,2026-01-03 20:38:00,UPI
T006757,S020,P0099,C01473,4,4953.55,2026-02-12 22:37:00,UPI
T006758,S013,P0283,C01784,1,8716.22,2026-06-13 17:34:00,Cash
T006759,S008,P0079,C01437,4,3705.32,2026-04-11 00:20:00,Card
T006760,S009,P0487,C01743,5,5663.34,2026-03-25 05:50:00,UPI
T006761,S007,P0742,C02536,1,8185.79,2026-01-31 01:04:00,Cash
T006762,S017,P0074,C02578,4,2079.76,2026-02-11 13:36:00,UPI
T006763,S016,P0016,C02534,1,9025.44,2026-02-05 15:39:00,UPI
T006764,S021,P0588,C01534,4,6830.81,2026-01-11 13:32:00,UPI
T006765,S004,P0673,C01226,3,7405.45,2026-04-13 09:53:00,Cash
T006766,S009,P0597,C01469,1,3970.52,2026-05-22 20:32:00,Cash
T006767,S018,P0335,C02180,2,3766.76,2026-01-16 00:37:00,Wallet
T006768,S002,P0218,C01572,5,5916.82,2026-05-20 06:06:00,Wallet
T006769,S014,P0180,C02437,4,6342.79,2026-03-11 18:14:00,UPI
T006770,S009,P0530,C00204,5,9327.08,2026-03-06 12:14:00,Card
T006771,S013,P0533,C02125,1,9271.54,2026-05-14 03:33:00,Cash
T006772,S023,P0543,C00574,4,7511.43,2026-02-26 00:01:00,Card
T006773,S020,P0201,C02672,1,236.37,2026-05-23 18:25:00,UPI
T006774,S024,P0467,C00072,3,5109.04,2026-05-27 18:57:00,Wallet
T006775,S001,P0283,C01028,3,8716.22,2026-02-18 22:43:00,Card
T006776,S013,P0023,C02716,1,7075.84,2026-01-11 11:15:00,UPI
T006777,S022,P0268,C01465,1,4813.91,2026-05-04 10:24:00,UPI
T006778,S016,P0524,C00343,5,5664.21,2026-06-20 18:27:00,Card
T006779,S006,P0217,C00217,1,3503.09,2026-05-22 08:05:00,Wallet
T006780,S023,P0654,C01547,2,7103.27,2026-06-08 20:18:00,Card
T006781,S007,P0468,C00751,2,6423.78,2026-05-02 08:56:00,Wallet
T006782,S011,P0228,C01748,5,1293.81,2026-01-28 18:53:00,UPI
T006783,S021,P0269,C00851,2,6799.54,2026-03-30 14:11:00,Wallet
T006784,S002,P0046,C01360,5,4649.6,2026-03-02 00:29:00,Cash
T006785,S007,P0476,C00958,3,867.09,2026-02-08 15:15:00,Cash
T006786,S025,P0145,C00673,4,2675.89,2026-04-05 00:26:00,Cash
T006787,S002,P0267,C02416,2,910.28,2026-01-13 00:01:00,Cash
T006788,S007,P0215,C02308,4,4997.41,2026-02-24 01:34:00,Cash
T006789,S022,P0379,C00396,2,3750.42,2026-06-23 11:46:00,Cash
T006790,S010,P0630,C02407,4,6658.91,2026-04-10 23:10:00,Card
T006791,S002,P0431,C00243,4,5205.67,2026-04-14 03:28:00,UPI
T006792,S023,P0625,C02301,5,5109.87,2026-06-01 20:21:00,Wallet
T006793,S001,P0161,C01914,3,4221.55,2026-04-02 22:01:00,Cash
T006794,S004,P0092,C01059,2,4028.26,2026-02-22 00:35:00,Wallet
T006795,S020,P0298,C00374,1,5929.04,2026-04-02 13:13:00,UPI
T006796,S012,P0719,C00820,4,532.73,2026-03-16 03:18:00,Wallet
T006797,S021,P0318,C02938,1,9340.72,2026-05-23 08:54:00,Card
T006798,S006,P0715,C01478,3,962.59,2026-05-25 06:32:00,Wallet
T006799,S005,P0042,C00173,4,2098.12,2026-04-23 18:28:00,Card
T006800,S009,P0172,C00776,5,9652.99,2026-06-20 10:02:00,Card
T006801,S020,P0369,C01895,5,4587.77,2026-04-21 15:19:00,Card
T006802,S011,P0551,C02648,5,8695.78,2026-05-26 01:46:00,Cash
T006803,S006,P0377,C02304,5,3179.76,2026-05-09 16:22:00,Card
T006804,S009,P0334,C00262,4,3927.84,2026-01-05 22:18:00,Wallet
T006805,S009,P0330,C00721,5,5601.33,2026-01-31 18:07:00,Wallet
T006806,S012,P0470,C01456,4,205.3,2026-05-01 05:31:00,Cash
T006807,S025,P0105,C00666,5,5394.62,2026-04-17 21:56:00,Cash
T006808,S007,P0447,C00827,5,4600.17,2026-01-09 01:03:00,Wallet
T006809,S012,P0503,C01671,4,2098.92,2026-01-29 21:32:00,Wallet
T006810,S024,P0060,C00861,1,294.15,2026-02-22 14:35:00,UPI
T006811,S021,P0081,C00687,2,3253.67,2026-04-06 23:28:00,UPI
T006812,S016,P0252,C00920,5,7003.96,2026-02-01 01:37:00,Cash
T006813,S006,P0216,C02626,3,304.99,2026-03-01 09:15:00,UPI
T006814,S007,P0309,C01177,5,2764.95,2026-03-17 10:20:00,Cash
T006815,S025,P0296,C02769,3,8312.94,2026-03-06 04:29:00,Wallet
T006816,S017,P0296,C02310,5,8312.94,2026-06-03 20:19:00,Card
T006817,S007,P0634,C01741,5,5542.5,2026-01-12 13:25:00,Card
T006818,S010,P0371,C00618,3,5918.35,2026-05-04 09:21:00,Card
T006819,S011,P0037,C02553,2,2580.83,2026-06-20 11:42:00,Card
T006820,S003,P0774,C01392,2,1562.02,2026-04-19 19:04:00,Cash
T006821,S022,P0065,C02008,2,6938.55,2026-04-13 12:46:00,Cash
T006822,S014,P0389,C01721,1,8090.99,2026-02-12 10:16:00,Card
T006823,S004,P0767,C01048,4,6194.4,2026-01-10 12:53:00,Cash
T006824,S004,P0488,C01315,4,9348.84,2026-02-06 04:18:00,UPI
T006825,S002,P0559,C00191,1,3769.77,2026-01-30 11:02:00,Card
T006826,S004,P0021,C00665,2,7636.95,2026-03-30 20:51:00,Card
T006827,S012,P0215,C02385,3,4997.41,2026-06-02 14:53:00,UPI
T006828,S020,P0184,C00396,4,1570.2,2026-05-03 04:40:00,Card
T006829,S018,P0140,C00783,2,1042.27,2026-03-22 14:31:00,Cash
T006830,S005,P0266,C00405,3,4596.66,2026-02-15 06:17:00,Card
T006831,S014,P0420,C00945,2,6488.01,2026-02-16 04:15:00,Card
T006832,S011,P0117,C01209,3,1196.2,2026-06-05 00:16:00,Card
T006833,S021,P0487,C00436,3,5663.34,2026-03-26 08:03:00,UPI
T006834,S020,P0274,C01319,1,6974.26,2026-02-25 21:40:00,Wallet
T006835,S016,P0501,C02227,4,2439.32,2026-06-15 22:31:00,UPI
T006836,S021,P0785,C00322,1,9579.4,2026-03-17 15:00:00,Cash
T006837,S007,P0780,C02481,1,5537.46,2026-01-08 08:49:00,Card
T006838,S006,P0433,C02199,3,4344.05,2026-05-08 10:29:00,Card
T006839,S007,P0180,C02893,4,6342.79,2026-05-03 13:16:00,Cash
T006840,S020,P0364,C01101,4,9198.25,2026-03-19 18:28:00,UPI
T006841,S024,P0213,C00788,4,4276.85,2026-03-15 23:22:00,Card
T006842,S015,P0089,C00144,3,6477.51,2026-03-25 12:42:00,UPI
T006843,S006,P0582,C01864,2,1360.43,2026-06-02 07:36:00,Card
T006844,S012,P0721,C02246,1,4538.97,2026-06-03 14:55:00,Cash
T006845,S015,P0349,C01387,2,6832.72,2026-03-25 05:49:00,Wallet
T006846,S021,P0448,C02617,2,1800.07,2026-01-25 07:54:00,Wallet
T006847,S011,P0007,C00747,2,1166.39,2026-05-17 07:41:00,Wallet
T006848,S008,P0292,C00090,5,2004.02,2026-03-22 00:12:00,UPI
T006849,S018,P0638,C02507,5,5679.06,2026-05-06 02:47:00,Wallet
T006850,S020,P0522,C02487,1,5572.24,2026-02-05 09:48:00,Cash
T006851,S014,P0013,C01974,5,3585.81,2026-03-27 11:52:00,Wallet
T006852,S019,P0583,C01606,5,3175.91,2026-02-25 03:28:00,Card
T006853,S019,P0684,C02149,1,9893.76,2026-02-12 23:56:00,UPI
T006854,S018,P0643,C02328,3,7801.9,2026-06-02 01:55:00,Wallet
T006855,S006,P0280,C01593,1,7858.55,2026-01-01 08:30:00,Card
T006856,S023,P0676,C00342,5,157.32,2026-04-11 04:21:00,UPI
T006857,S003,P0037,C00582,3,2580.83,2026-06-18 06:18:00,Cash
T006858,S011,P0345,C00464,4,1998.33,2026-01-24 02:19:00,Wallet
T006859,S011,P0223,C01856,2,1097.95,2026-05-01 08:05:00,Card
T006860,S002,P0208,C00680,4,2092.25,2026-06-13 04:53:00,Card
T006861,S013,P0517,C02430,5,9679.49,2026-06-12 15:48:00,Wallet
T006862,S018,P0445,C02055,4,1947.25,2026-05-07 05:21:00,Cash
T006863,S003,P0553,C01101,2,3486.3,2026-04-19 09:14:00,UPI
T006864,S002,P0395,C00662,1,3463.19,2026-05-18 21:55:00,Wallet
T006865,S023,P0364,C00346,3,9198.25,2026-05-20 08:24:00,Cash
T006866,S013,P0473,C00847,5,1487.53,2026-06-08 11:49:00,Cash
T006867,S003,P0701,C01189,2,1291.57,2026-05-23 10:57:00,UPI
T006868,S016,P0349,C01449,4,6832.72,2026-06-22 10:57:00,UPI
T006869,S022,P0679,C00186,2,4970.26,2026-05-22 11:05:00,UPI
T006870,S011,P0678,C00590,4,4079.47,2026-02-13 06:10:00,Wallet
T006871,S019,P0043,C02283,5,5469.14,2026-05-30 22:49:00,Cash
T006872,S015,P0562,C01569,5,4622.5,2026-03-20 05:48:00,Card
T006873,S007,P0340,C02136,3,2040.26,2026-06-24 11:49:00,Cash
T006874,S009,P0165,C00772,1,384.86,2026-02-05 10:40:00,Cash
T006875,S024,P0788,C01366,2,2185.3,2026-01-26 13:51:00,UPI
T006876,S014,P0173,C01416,5,8537.22,2026-01-30 17:08:00,UPI
T006877,S025,P0435,C00570,1,1474.61,2026-03-25 16:41:00,UPI
T006878,S002,P0565,C00183,3,6635.26,2026-04-05 20:59:00,UPI
T006879,S024,P0325,C00509,3,9797.44,2026-01-22 15:18:00,UPI
T006880,S002,P0299,C00009,3,4425.47,2026-01-18 01:52:00,Cash
T006881,S023,P0015,C02725,1,5334.5,2026-03-28 01:46:00,Card
T006882,S021,P0691,C01091,4,7534.79,2026-05-16 21:44:00,Cash
T006883,S023,P0733,C00662,5,9425.26,2026-01-13 12:23:00,Wallet
T006884,S003,P0225,C01699,3,3650.99,2026-03-20 20:27:00,Card
T006885,S015,P0176,C01688,3,3653.54,2026-01-24 08:49:00,Card
T006886,S023,P0328,C02835,3,9147.78,2026-04-25 15:30:00,Card
T006887,S010,P0717,C02355,2,9261.46,2026-03-20 09:11:00,Cash
T006888,S001,P0217,C02457,4,3503.09,2026-05-01 07:51:00,Cash
T006889,S018,P0130,C01039,1,7163.28,2026-04-04 21:47:00,UPI
T006890,S005,P0465,C01160,3,856.68,2026-02-24 12:10:00,Cash
T006891,S023,P0689,C00972,5,9487.92,2026-02-06 10:09:00,Wallet
T006892,S025,P0541,C02668,3,5901.19,2026-04-23 18:03:00,Card
T006893,S006,P0464,C01772,5,9923.66,2026-03-17 03:49:00,UPI
T006894,S021,P0583,C00401,5,3175.91,2026-04-29 04:03:00,UPI
T006895,S025,P0170,C00625,3,7462.62,2026-04-02 19:49:00,Wallet
T006896,S006,P0400,C00504,3,8795.04,2026-03-18 23:58:00,UPI
T006897,S006,P0620,C02000,1,7558.73,2026-05-27 15:40:00,UPI
T006898,S023,P0623,C01918,5,5792.3,2026-02-21 08:52:00,UPI
T006899,S012,P0622,C01784,2,8024.08,2026-03-16 20:35:00,UPI
T006900,S003,P0703,C01304,5,6202.03,2026-02-22 01:15:00,UPI
T006901,S008,P0481,C01400,2,580.78,2026-03-27 07:53:00,UPI
T006902,S022,P0451,C00225,2,1385.33,2026-05-06 17:25:00,Cash
T006903,S020,P0209,C00980,4,3404.12,2026-05-17 01:02:00,Wallet
T006904,S002,P0002,C02177,4,1803.85,2026-02-26 06:39:00,Cash
T006905,S025,P0663,C00966,4,4847.59,2026-02-01 18:05:00,Wallet
T006906,S006,P0354,C02255,4,9782.15,2026-02-25 14:22:00,Cash
T006907,S016,P0204,C01914,1,951.33,2026-01-22 02:20:00,Card
T006908,S011,P0037,C02805,1,2580.83,2026-06-26 06:51:00,Card
T006909,S001,P0246,C00931,1,938.3,2026-03-03 21:59:00,Card
T006910,S019,P0191,C01379,4,8443.81,2026-05-14 20:30:00,Wallet
T006911,S003,P0279,C01823,3,3009.41,2026-02-16 14:34:00,Card
T006912,S012,P0242,C00287,1,1599.95,2026-01-10 17:30:00,UPI
T006913,S008,P0610,C01699,5,6910.04,2026-05-02 17:16:00,Cash
T006914,S006,P0553,C02836,3,3486.3,2026-05-17 05:58:00,Card
T006915,S007,P0423,C02688,4,805.35,2026-05-23 02:19:00,UPI
T006916,S001,P0377,C01240,2,3179.76,2026-04-01 05:56:00,UPI
T006917,S023,P0212,C02630,3,2394.87,2026-05-03 18:32:00,UPI
T006918,S013,P0253,C00312,3,933.38,2026-05-02 06:42:00,Cash
T006919,S014,P0201,C02907,4,236.37,2026-01-03 09:44:00,Wallet
T006920,S010,P0091,C00849,4,8684.0,2026-05-23 14:50:00,Wallet
T006921,S003,P0723,C00802,3,1751.66,2026-02-17 10:47:00,Cash
T006922,S017,P0333,C00692,2,9722.19,2026-06-25 02:08:00,Card
T006923,S022,P0218,C00571,3,5916.82,2026-03-22 06:11:00,Card
T006924,S024,P0317,C02096,3,6564.28,2026-02-01 15:11:00,Card
T006925,S025,P0734,C02440,4,8745.49,2026-06-27 10:26:00,Card
T006926,S014,P0730,C01048,5,3102.76,2026-04-15 11:09:00,Cash
T006927,S018,P0449,C01869,3,9895.99,2026-06-19 07:15:00,Card
T006928,S006,P0657,C00907,3,9529.9,2026-03-25 07:43:00,UPI
T006929,S001,P0686,C02489,4,8846.41,2026-05-04 17:28:00,Wallet
T006930,S010,P0302,C00027,4,2628.99,2026-01-13 03:27:00,UPI
T006931,S011,P0148,C00804,1,1255.74,2026-05-12 19:16:00,Cash
T006932,S009,P0042,C00638,3,2098.12,2026-01-28 12:09:00,Wallet
T006933,S015,P0516,C00838,1,6096.93,2026-04-19 23:24:00,Cash
T006934,S007,P0015,C00439,4,5334.5,2026-05-03 06:25:00,Card
T006935,S007,P0510,C02599,1,1916.1,2026-03-16 09:31:00,Cash
T006936,S004,P0585,C00472,3,7994.43,2026-04-08 16:56:00,UPI
T006937,S013,P0692,C01419,2,1400.03,2026-01-23 16:21:00,Wallet
T006938,S006,P0206,C01694,3,7412.93,2026-04-24 12:55:00,Wallet
T006939,S006,P0157,C02992,1,4630.82,2026-02-11 20:13:00,Wallet
T006940,S010,P0268,C02803,3,4813.91,2026-04-12 20:05:00,Card
T006941,S017,P0397,C01993,4,306.84,2026-01-17 10:35:00,Wallet
T006942,S022,P0626,C01776,4,4287.21,2026-02-27 07:09:00,Cash
T006943,S013,P0400,C01964,2,8795.04,2026-04-12 04:39:00,Wallet
T006944,S003,P0727,C00797,1,4067.4,2026-05-31 20:38:00,Card
T006945,S016,P0212,C00904,2,2394.87,2026-05-28 08:46:00,Card
T006946,S006,P0097,C01853,1,1527.35,2026-04-07 21:28:00,Wallet
T006947,S020,P0683,C01983,1,8931.71,2026-04-21 08:56:00,Wallet
T006948,S010,P0073,C01215,5,5094.93,2026-03-29 01:47:00,UPI
T006949,S010,P0554,C01442,1,4902.42,2026-06-06 20:03:00,Wallet
T006950,S014,P0364,C01731,1,9198.25,2026-05-28 19:59:00,UPI
T006951,S019,P0214,C02232,3,2750.7,2026-01-08 23:32:00,Cash
T006952,S001,P0708,C00616,4,3265.42,2026-01-10 03:49:00,Wallet
T006953,S017,P0528,C00754,2,3900.97,2026-01-13 18:10:00,Wallet
T006954,S003,P0580,C01284,4,2979.67,2026-06-02 18:54:00,Cash
T006955,S019,P0798,C00347,1,6080.32,2026-03-29 16:22:00,Wallet
T006956,S020,P0392,C00287,3,1508.78,2026-02-28 19:42:00,Card
T006957,S024,P0636,C00779,2,9406.97,2026-01-05 18:08:00,Cash
T006958,S002,P0463,C02162,5,7009.64,2026-03-01 23:20:00,Cash
T006959,S001,P0045,C01735,5,3896.94,2026-03-29 05:35:00,Card
T006960,S010,P0057,C02882,2,657.85,2026-01-25 02:54:00,Wallet
T006961,S003,P0755,C02987,1,7943.76,2026-05-19 20:17:00,Card
T006962,S007,P0051,C00563,4,3973.71,2026-04-15 22:38:00,UPI
T006963,S017,P0666,C00570,2,9941.8,2026-05-14 09:54:00,Cash
T006964,S023,P0654,C02349,3,7103.27,2026-03-15 05:48:00,UPI
T006965,S019,P0711,C02815,2,1928.92,2026-06-16 10:03:00,Card
T006966,S005,P0037,C01904,2,2580.83,2026-04-10 09:27:00,Card
T006967,S012,P0047,C00839,2,8857.53,2026-05-12 17:38:00,Card
T006968,S018,P0228,C00919,5,1293.81,2026-03-18 21:08:00,Cash
T006969,S008,P0070,C00433,1,8064.57,2026-06-21 20:59:00,Wallet
T006970,S018,P0782,C01924,2,5850.54,2026-04-28 19:53:00,Wallet
T006971,S018,P0617,C00645,4,1083.47,2026-04-05 14:57:00,Wallet
T006972,S006,P0400,C01793,5,8795.04,2026-02-13 19:09:00,Card
T006973,S023,P0401,C00032,5,8837.96,2026-04-05 16:44:00,Cash
T006974,S025,P0187,C00534,5,5154.45,2026-03-26 21:40:00,Wallet
T006975,S004,P0777,C01672,3,3589.83,2026-05-27 11:53:00,Cash
T006976,S017,P0262,C02812,3,9830.21,2026-05-14 04:18:00,Wallet
T006977,S007,P0347,C01883,3,6444.57,2026-05-13 03:47:00,UPI
T006978,S013,P0413,C00636,1,5755.57,2026-06-01 01:45:00,UPI
T006979,S021,P0317,C02769,5,6564.28,2026-02-15 04:53:00,Cash
T006980,S019,P0580,C02517,1,2979.67,2026-01-19 15:03:00,Wallet
T006981,S019,P0145,C00207,2,2675.89,2026-05-30 15:47:00,UPI
T006982,S025,P0065,C00854,1,6938.55,2026-05-18 20:47:00,UPI
T006983,S021,P0531,C01113,2,9574.26,2026-06-19 22:36:00,Card
T006984,S003,P0600,C00491,3,8512.12,2026-06-11 02:31:00,UPI
T006985,S019,P0773,C00310,4,8629.97,2026-02-05 10:12:00,Wallet
T006986,S021,P0256,C00799,1,5260.23,2026-05-16 18:26:00,Cash
T006987,S019,P0002,C01862,3,1803.85,2026-02-18 21:49:00,Cash
T006988,S008,P0055,C01157,3,7674.42,2026-06-05 15:25:00,Card
T006989,S006,P0452,C00397,5,8196.17,2026-01-21 15:46:00,UPI
T006990,S009,P0146,C02893,5,8790.18,2026-01-04 11:12:00,Cash
T006991,S003,P0781,C00457,4,5370.5,2026-05-29 18:03:00,Wallet
T006992,S006,P0607,C00873,4,1260.73,2026-03-18 08:57:00,Cash
T006993,S025,P0060,C02129,5,294.15,2026-03-26 03:22:00,Cash
T006994,S008,P0118,C02682,4,8483.91,2026-03-10 07:02:00,Card
T006995,S007,P0247,C02073,1,4396.32,2026-04-19 16:56:00,Wallet
T006996,S023,P0015,C01312,4,5334.5,2026-02-10 17:51:00,Cash
T006997,S016,P0079,C00155,2,3705.32,2026-04-11 17:51:00,Wallet
T006998,S024,P0163,C00718,4,6843.99,2026-01-27 02:49:00,Cash
T006999,S023,P0616,C01097,1,3900.2,2026-02-16 07:25:00,Cash
T007000,S007,P0132,C01476,5,8576.74,2026-06-13 01:00:00,Cash
T007001,S011,P0086,C01768,2,5641.27,2026-02-23 18:01:00,Wallet
T007002,S014,P0530,C00301,1,9327.08,2026-05-09 11:39:00,Cash
T007003,S014,P0795,C01139,4,4749.67,2026-04-22 18:18:00,Cash
T007004,S006,P0491,C00436,2,3951.95,2026-01-30 02:47:00,UPI
T007005,S020,P0103,C00242,2,8429.58,2026-05-28 08:23:00,UPI
T007006,S022,P0347,C02136,3,6444.57,2026-06-06 16:46:00,UPI
T007007,S017,P0101,C02257,3,8805.39,2026-05-18 02:43:00,UPI
T007008,S010,P0124,C00218,1,9076.76,2026-03-12 11:29:00,Wallet
T007009,S025,P0047,C00540,2,8857.53,2026-05-28 00:23:00,Cash
T007010,S013,P0256,C01384,5,5260.23,2026-01-06 21:04:00,Card
T007011,S004,P0523,C02426,1,4689.15,2026-06-18 19:33:00,Cash
T007012,S005,P0050,C02204,1,4810.52,2026-06-11 05:41:00,Card
T007013,S003,P0345,C01757,2,1998.33,2026-01-27 15:11:00,Wallet
T007014,S002,P0508,C01567,4,2136.59,2026-04-30 19:41:00,Card
T007015,S018,P0464,C00390,4,9923.66,2026-01-13 12:38:00,Card
T007016,S018,P0475,C02166,5,3011.03,2026-03-22 05:02:00,Cash
T007017,S003,P0480,C02100,4,6933.43,2026-05-24 14:30:00,UPI
T007018,S008,P0631,C00815,5,1960.93,2026-04-19 19:58:00,Cash
T007019,S024,P0511,C02743,4,791.85,2026-02-23 07:32:00,UPI
T007020,S021,P0357,C00364,1,4375.29,2026-04-06 03:03:00,Cash
T007021,S021,P0486,C00953,1,4214.23,2026-06-10 22:25:00,UPI
T007022,S004,P0190,C02119,2,1226.96,2026-03-22 17:13:00,Card
T007023,S023,P0117,C02885,1,1196.2,2026-05-18 00:42:00,Cash
T007024,S021,P0524,C00708,3,5664.21,2026-04-29 00:24:00,UPI
T007025,S001,P0758,C01233,2,3142.11,2026-06-21 10:52:00,Cash
T007026,S013,P0779,C01211,3,1467.39,2026-02-19 04:19:00,Wallet
T007027,S010,P0546,C02568,5,6578.76,2026-06-22 13:28:00,Card
T007028,S008,P0336,C02305,4,2292.06,2026-01-06 04:08:00,Cash
T007029,S003,P0594,C00065,1,9238.26,2026-02-01 19:38:00,Wallet
T007030,S008,P0430,C02155,5,2345.57,2026-03-03 19:57:00,Card
T007031,S002,P0284,C01474,1,5700.06,2026-01-21 00:21:00,Cash
T007032,S003,P0107,C02534,3,992.48,2026-03-05 18:10:00,UPI
T007033,S007,P0203,C02579,1,6531.42,2026-02-02 19:34:00,UPI
T007034,S003,P0454,C01594,4,2095.86,2026-05-02 10:29:00,Wallet
T007035,S013,P0005,C01586,1,6938.1,2026-02-04 22:03:00,Wallet
T007036,S010,P0570,C01097,4,1364.83,2026-03-22 11:55:00,Card
T007037,S017,P0657,C00127,5,9529.9,2026-02-01 08:18:00,Wallet
T007038,S025,P0130,C02175,3,7163.28,2026-04-20 01:26:00,UPI
T007039,S013,P0525,C00433,5,1451.9,2026-05-27 02:00:00,Wallet
T007040,S025,P0619,C00573,2,731.92,2026-06-26 18:07:00,Cash
T007041,S011,P0261,C01049,1,5766.11,2026-03-25 18:15:00,Cash
T007042,S016,P0451,C00583,3,1385.33,2026-01-26 17:08:00,Wallet
T007043,S025,P0176,C00340,2,3653.54,2026-02-01 01:27:00,Wallet
T007044,S005,P0201,C02663,4,236.37,2026-03-14 11:11:00,UPI
T007045,S014,P0725,C02388,1,7432.08,2026-01-16 04:37:00,UPI
T007046,S022,P0677,C01117,5,3602.54,2026-03-18 07:14:00,Cash
T007047,S007,P0113,C01955,2,3582.38,2026-04-29 07:03:00,UPI
T007048,S015,P0640,C00118,1,3850.52,2026-04-13 02:22:00,UPI
T007049,S017,P0716,C01599,4,505.29,2026-03-29 23:47:00,Wallet
T007050,S004,P0249,C01794,2,4250.12,2026-05-16 16:56:00,Cash
T007051,S012,P0569,C02360,2,3008.24,2026-02-22 12:56:00,Cash
T007052,S010,P0745,C02948,1,9030.46,2026-04-13 04:46:00,Wallet
T007053,S003,P0041,C01500,4,7624.7,2026-04-23 02:41:00,Card
T007054,S012,P0427,C01302,4,7722.75,2026-02-25 23:33:00,Wallet
T007055,S022,P0710,C01140,1,4772.38,2026-03-31 17:23:00,Wallet
T007056,S014,P0324,C01619,4,6142.41,2026-06-03 13:41:00,Wallet
T007057,S025,P0098,C01373,4,4449.81,2026-05-26 08:22:00,UPI
T007058,S002,P0086,C00487,2,5641.27,2026-02-23 12:03:00,Wallet
T007059,S023,P0019,C00429,5,1889.4,2026-03-03 21:07:00,UPI
T007060,S025,P0710,C01383,5,4772.38,2026-01-16 00:14:00,Card
T007061,S014,P0784,C01505,5,2111.47,2026-06-10 11:23:00,Wallet
T007062,S014,P0647,C02416,2,7033.51,2026-05-20 10:58:00,Card
T007063,S005,P0371,C02956,3,5918.35,2026-04-21 03:05:00,Cash
T007064,S012,P0472,C01725,1,774.55,2026-04-04 21:36:00,UPI
T007065,S007,P0729,C02918,2,8802.63,2026-03-16 15:22:00,Cash
T007066,S021,P0622,C02573,5,8024.08,2026-06-20 08:24:00,Cash
T007067,S014,P0549,C00194,5,1936.82,2026-01-23 22:12:00,UPI
T007068,S024,P0517,C01766,5,9679.49,2026-03-27 13:10:00,Card
T007069,S007,P0770,C00042,3,6825.39,2026-04-07 08:10:00,Cash
T007070,S020,P0149,C00660,5,8728.63,2026-05-30 16:38:00,Wallet
T007071,S005,P0554,C01531,2,4902.42,2026-05-26 06:20:00,UPI
T007072,S003,P0708,C02826,1,3265.42,2026-04-02 11:50:00,Card
T007073,S019,P0225,C02388,5,3650.99,2026-01-30 03:27:00,Card
T007074,S009,P0010,C02315,1,9207.97,2026-04-08 09:54:00,UPI
T007075,S014,P0049,C01013,4,5730.67,2026-03-05 13:24:00,Cash
T007076,S022,P0568,C01267,5,3547.51,2026-06-23 20:56:00,UPI
T007077,S011,P0109,C01246,1,8805.73,2026-01-11 22:31:00,Wallet
T007078,S012,P0341,C00002,2,5733.11,2026-02-04 17:20:00,Wallet
T007079,S022,P0562,C02001,1,4622.5,2026-03-03 16:05:00,UPI
T007080,S002,P0626,C01331,5,4287.21,2026-05-05 06:12:00,Card
T007081,S019,P0699,C01889,5,2063.28,2026-04-27 00:57:00,UPI
T007082,S013,P0278,C01602,2,1264.65,2026-02-10 18:35:00,UPI
T007083,S004,P0797,C02437,5,2938.01,2026-06-02 14:23:00,Card
T007084,S009,P0787,C02137,4,1525.99,2026-06-16 12:54:00,Card
T007085,S019,P0390,C00546,4,1923.02,2026-04-15 00:09:00,Wallet
T007086,S013,P0082,C01692,2,2741.65,2026-03-29 08:30:00,Wallet
T007087,S015,P0688,C01946,1,7463.85,2026-03-17 06:02:00,Wallet
T007088,S014,P0326,C00759,5,6655.54,2026-05-14 02:48:00,Cash
T007089,S020,P0690,C00737,4,4940.77,2026-04-07 08:42:00,UPI
T007090,S021,P0367,C01115,5,8513.3,2026-03-07 02:20:00,Wallet
T007091,S022,P0553,C02230,1,3486.3,2026-06-30 23:18:00,Cash
T007092,S009,P0099,C02827,2,4953.55,2026-04-16 02:36:00,Cash
T007093,S002,P0168,C01822,4,3315.66,2026-01-09 03:34:00,Cash
T007094,S011,P0040,C02185,4,1611.09,2026-06-09 23:46:00,Cash
T007095,S006,P0042,C01320,4,2098.12,2026-04-29 11:02:00,Cash
T007096,S018,P0303,C02189,1,9525.43,2026-06-12 06:59:00,Wallet
T007097,S023,P0453,C02116,5,5915.17,2026-03-27 18:16:00,Cash
T007098,S019,P0026,C00416,2,5582.77,2026-06-12 10:13:00,UPI
T007099,S015,P0591,C00823,5,6346.66,2026-04-15 09:03:00,UPI
T007100,S010,P0449,C01141,1,9895.99,2026-01-11 12:44:00,Card
T007101,S009,P0023,C00415,2,7075.84,2026-02-01 01:16:00,Cash
T007102,S018,P0217,C02262,2,3503.09,2026-02-18 22:50:00,UPI
T007103,S013,P0319,C00069,3,8409.93,2026-05-24 18:39:00,Card
T007104,S014,P0320,C01945,5,5892.08,2026-01-01 04:37:00,Card
T007105,S007,P0367,C01803,2,8513.3,2026-05-06 07:18:00,Wallet
T007106,S008,P0680,C00666,4,4165.12,2026-01-03 09:00:00,Card
T007107,S001,P0049,C02055,5,5730.67,2026-02-06 16:36:00,Card
T007108,S010,P0314,C01305,3,7849.53,2026-04-18 07:07:00,Wallet
T007109,S008,P0672,C02049,3,4881.93,2026-04-19 04:35:00,Card
T007110,S011,P0065,C00173,5,6938.55,2026-05-11 03:29:00,Cash
T007111,S014,P0616,C01586,5,3900.2,2026-03-09 21:37:00,UPI
T007112,S002,P0499,C01887,2,3884.48,2026-03-08 23:05:00,Wallet
T007113,S020,P0580,C00013,5,2979.67,2026-03-11 15:28:00,UPI
T007114,S020,P0712,C02954,5,3112.13,2026-01-30 18:03:00,Cash
T007115,S003,P0407,C01827,4,1756.59,2026-05-29 07:50:00,Wallet
T007116,S012,P0020,C02445,5,2220.31,2026-06-01 10:49:00,UPI
T007117,S023,P0095,C00163,2,7753.59,2026-02-24 00:44:00,Cash
T007118,S011,P0414,C02987,2,1428.87,2026-05-28 14:03:00,Wallet
T007119,S003,P0710,C01630,2,4772.38,2026-05-28 01:31:00,UPI
T007120,S002,P0744,C02564,5,2393.06,2026-04-18 16:54:00,Card
T007121,S015,P0540,C00106,3,6948.18,2026-04-13 08:52:00,Cash
T007122,S002,P0383,C00096,1,6977.34,2026-06-27 22:30:00,Cash
T007123,S012,P0305,C01124,1,1076.57,2026-06-05 21:23:00,Wallet
T007124,S002,P0787,C01566,2,1525.99,2026-06-27 00:07:00,Cash
T007125,S016,P0745,C01839,2,9030.46,2026-05-26 05:55:00,Cash
T007126,S001,P0445,C00634,2,1947.25,2026-02-14 17:15:00,Card
T007127,S018,P0117,C01848,3,1196.2,2026-05-18 09:29:00,Card
T007128,S023,P0575,C00869,5,9035.22,2026-06-07 17:22:00,UPI
T007129,S001,P0329,C00795,4,141.36,2026-04-27 09:12:00,UPI
T007130,S023,P0763,C00930,4,3914.29,2026-03-23 11:58:00,Wallet
T007131,S006,P0720,C00119,4,8925.71,2026-01-29 08:05:00,UPI
T007132,S024,P0688,C00887,2,7463.85,2026-03-26 18:21:00,Cash
T007133,S025,P0532,C02490,2,6385.3,2026-04-27 04:38:00,Card
T007134,S016,P0233,C02655,4,8252.74,2026-05-06 04:12:00,Cash
T007135,S020,P0431,C02014,4,5205.67,2026-04-27 09:04:00,Cash
T007136,S011,P0385,C01590,5,4244.08,2026-02-20 00:43:00,Card
T007137,S025,P0191,C01136,1,8443.81,2026-06-14 14:30:00,Cash
T007138,S014,P0518,C01159,2,891.16,2026-05-22 19:06:00,UPI
T007139,S016,P0499,C01808,3,3884.48,2026-01-31 03:36:00,Cash
T007140,S011,P0448,C01412,5,1800.07,2026-04-09 09:14:00,Wallet
T007141,S010,P0563,C01523,4,6057.9,2026-01-09 06:55:00,Cash
T007142,S006,P0090,C02849,5,646.74,2026-03-20 07:06:00,Cash
T007143,S008,P0141,C01837,5,9316.54,2026-06-01 17:11:00,Cash
T007144,S021,P0396,C02205,2,2039.28,2026-05-14 02:13:00,Cash
T007145,S005,P0094,C01633,3,5013.87,2026-05-10 16:50:00,Card
T007146,S007,P0684,C02136,4,9893.76,2026-02-22 18:43:00,Cash
T007147,S015,P0111,C00355,5,9271.32,2026-05-01 15:07:00,Wallet
T007148,S009,P0544,C01611,2,9870.55,2026-06-16 12:15:00,UPI
T007149,S016,P0281,C01166,5,8900.67,2026-05-12 07:35:00,Wallet
T007150,S014,P0452,C01232,4,8196.17,2026-03-01 07:19:00,Card
T007151,S001,P0599,C01826,1,1062.46,2026-04-14 09:41:00,Card
T007152,S015,P0069,C02146,5,2943.82,2026-05-02 15:20:00,Card
T007153,S014,P0510,C01993,5,1916.1,2026-01-04 08:34:00,UPI
T007154,S017,P0420,C02734,5,6488.01,2026-01-25 07:56:00,Wallet
T007155,S024,P0449,C02735,3,9895.99,2026-01-03 20:39:00,Card
T007156,S022,P0010,C01354,1,9207.97,2026-01-04 21:15:00,Cash
T007157,S013,P0482,C02192,3,3807.98,2026-01-29 11:54:00,Card
T007158,S007,P0148,C00286,4,1255.74,2026-02-19 17:29:00,Cash
T007159,S003,P0791,C01667,3,7042.88,2026-06-13 14:18:00,Wallet
T007160,S008,P0326,C00465,3,6655.54,2026-01-06 06:21:00,UPI
T007161,S003,P0136,C00261,3,9081.55,2026-05-20 04:21:00,Card
T007162,S021,P0730,C02136,2,3102.76,2026-04-12 04:32:00,Wallet
T007163,S024,P0639,C00193,5,4253.9,2026-03-31 09:01:00,Wallet
T007164,S011,P0677,C02085,4,3602.54,2026-02-12 01:20:00,UPI
T007165,S014,P0655,C01039,4,7096.19,2026-03-09 02:18:00,UPI
T007166,S025,P0105,C02025,1,5394.62,2026-06-17 05:48:00,Cash
T007167,S014,P0581,C00971,5,7430.75,2026-03-01 02:54:00,Wallet
T007168,S012,P0038,C00439,3,393.26,2026-06-06 01:11:00,Card
T007169,S003,P0189,C01588,3,2622.12,2026-06-17 12:09:00,Card
T007170,S011,P0270,C01581,3,8731.95,2026-04-26 15:45:00,Card
T007171,S012,P0705,C02696,5,3427.16,2026-02-04 00:14:00,Wallet
T007172,S011,P0575,C01853,2,9035.22,2026-03-10 09:32:00,UPI
T007173,S005,P0389,C02225,2,8090.99,2026-01-17 00:40:00,UPI
T007174,S023,P0185,C00652,4,5277.61,2026-01-15 23:33:00,UPI
T007175,S017,P0085,C00878,1,7989.74,2026-05-07 23:32:00,UPI
T007176,S024,P0062,C00587,1,2738.53,2026-06-01 09:17:00,Cash
T007177,S002,P0616,C02126,1,3900.2,2026-01-26 19:17:00,Cash
T007178,S011,P0454,C02809,3,2095.86,2026-02-25 05:26:00,Cash
T007179,S008,P0458,C02804,4,3532.14,2026-03-11 12:40:00,Cash
T007180,S005,P0704,C02643,2,4131.24,2026-03-03 18:48:00,Card
T007181,S007,P0235,C02484,1,1653.62,2026-06-14 02:34:00,Card
T007182,S018,P0679,C02893,1,4970.26,2026-01-16 21:12:00,Card
T007183,S024,P0426,C01599,5,9983.21,2026-05-04 21:01:00,Cash
T007184,S012,P0639,C02120,2,4253.9,2026-03-21 03:22:00,UPI
T007185,S020,P0537,C01113,4,1254.63,2026-06-12 04:55:00,Wallet
T007186,S015,P0212,C00567,5,2394.87,2026-02-06 09:27:00,Cash
T007187,S014,P0523,C01118,3,4689.15,2026-05-20 15:53:00,Card
T007188,S015,P0486,C00439,2,4214.23,2026-01-08 20:02:00,UPI
T007189,S010,P0641,C00589,3,2773.24,2026-05-23 16:12:00,Wallet
T007190,S012,P0625,C02152,3,5109.87,2026-02-08 13:18:00,UPI
T007191,S013,P0617,C00252,4,1083.47,2026-03-07 19:36:00,UPI
T007192,S017,P0588,C01217,4,6830.81,2026-04-15 06:59:00,Card
T007193,S014,P0056,C01707,2,4337.67,2026-02-16 06:03:00,Cash
T007194,S017,P0416,C02952,3,4705.01,2026-04-06 02:40:00,Wallet
T007195,S025,P0182,C01097,3,5319.06,2026-05-07 10:11:00,Cash
T007196,S005,P0399,C00994,1,2476.48,2026-02-06 06:19:00,Cash
T007197,S019,P0144,C02816,1,9682.77,2026-03-16 00:28:00,Card
T007198,S008,P0470,C01253,5,205.3,2026-03-09 23:41:00,UPI
T007199,S022,P0604,C02113,1,6814.35,2026-06-15 22:59:00,UPI
T007200,S006,P0147,C00567,1,7130.53,2026-02-24 05:53:00,UPI
T007201,S005,P0350,C02687,1,5219.84,2026-04-18 03:24:00,Cash
T007202,S017,P0081,C00862,4,3253.67,2026-01-28 18:12:00,Cash
T007203,S004,P0033,C01330,3,8396.28,2026-06-09 01:45:00,Wallet
T007204,S008,P0686,C01360,2,8846.41,2026-01-10 06:34:00,Wallet
T007205,S015,P0009,C00006,5,3085.29,2026-03-20 13:03:00,Wallet
T007206,S020,P0488,C01523,1,9348.84,2026-05-15 14:43:00,UPI
T007207,S006,P0769,C00190,2,4342.42,2026-01-26 23:28:00,Card
T007208,S016,P0743,C01766,1,2117.79,2026-04-08 07:20:00,Card
T007209,S024,P0294,C01902,5,5075.12,2026-01-13 16:12:00,Cash
T007210,S015,P0246,C00659,4,938.3,2026-01-04 05:05:00,Cash
T007211,S009,P0545,C01269,4,790.43,2026-05-20 13:37:00,Card
T007212,S005,P0080,C00254,2,7488.69,2026-04-25 23:42:00,Card
T007213,S009,P0238,C02232,3,4446.17,2026-06-17 05:47:00,Card
T007214,S016,P0458,C02930,4,3532.14,2026-01-15 05:10:00,Card
T007215,S011,P0057,C01457,5,657.85,2026-01-09 01:05:00,Card
T007216,S024,P0080,C02544,4,7488.69,2026-06-02 11:26:00,Cash
T007217,S020,P0781,C01398,5,5370.5,2026-03-02 13:20:00,Wallet
T007218,S009,P0559,C00609,2,3769.77,2026-04-17 04:37:00,Card
T007219,S005,P0096,C00558,1,8076.83,2026-01-18 19:29:00,Cash
T007220,S020,P0375,C02054,5,1939.64,2026-04-03 06:42:00,Card
T007221,S023,P0754,C02527,2,7723.16,2026-04-15 18:33:00,Card
T007222,S004,P0022,C01955,5,1191.13,2026-05-30 01:03:00,Cash
T007223,S015,P0114,C00523,3,4586.29,2026-01-03 11:34:00,UPI
T007224,S002,P0679,C01690,4,4970.26,2026-04-30 16:14:00,Wallet
T007225,S010,P0511,C02539,2,791.85,2026-06-04 10:41:00,Cash
T007226,S024,P0730,C01408,3,3102.76,2026-01-08 02:02:00,Wallet
T007227,S015,P0334,C02680,5,3927.84,2026-01-25 16:53:00,UPI
T007228,S012,P0106,C00945,1,176.87,2026-03-04 04:39:00,Wallet
T007229,S004,P0540,C01993,2,6948.18,2026-03-27 19:13:00,UPI
T007230,S013,P0134,C01223,2,4143.39,2026-01-04 00:53:00,Cash
T007231,S008,P0325,C02464,4,9797.44,2026-04-29 07:22:00,Cash
T007232,S012,P0438,C02165,3,3327.19,2026-06-07 15:45:00,Card
T007233,S019,P0726,C00408,1,1737.63,2026-01-23 06:28:00,UPI
T007234,S022,P0197,C01419,5,1254.11,2026-01-09 22:20:00,Cash
T007235,S005,P0516,C02917,4,6096.93,2026-04-26 05:51:00,Wallet
T007236,S023,P0195,C02791,2,873.38,2026-02-11 03:11:00,Wallet
T007237,S016,P0359,C00142,2,2458.76,2026-01-28 06:58:00,UPI
T007238,S010,P0621,C00634,4,8632.83,2026-05-19 12:59:00,Card
T007239,S008,P0114,C00028,2,4586.29,2026-05-25 01:24:00,Wallet
T007240,S001,P0167,C02115,5,3360.33,2026-05-11 16:07:00,Wallet
T007241,S024,P0256,C01781,4,5260.23,2026-01-20 22:21:00,Cash
T007242,S013,P0583,C02022,1,3175.91,2026-04-10 16:55:00,Cash
T007243,S001,P0593,C02910,5,1610.75,2026-02-06 06:20:00,UPI
T007244,S008,P0577,C01658,3,994.37,2026-01-31 00:51:00,Card
T007245,S007,P0354,C01696,2,9782.15,2026-03-06 10:47:00,Cash
T007246,S003,P0028,C00706,1,225.58,2026-03-13 13:54:00,UPI
T007247,S022,P0521,C01932,1,4330.23,2026-01-29 16:55:00,UPI
T007248,S005,P0005,C00165,5,6938.1,2026-01-29 19:26:00,Card
T007249,S008,P0131,C00226,3,7488.79,2026-02-12 18:40:00,Card
T007250,S018,P0768,C00684,1,8965.31,2026-01-18 16:10:00,Card
T007251,S013,P0590,C02943,3,3157.03,2026-01-02 15:31:00,UPI
T007252,S001,P0542,C02340,5,6397.18,2026-03-07 10:27:00,Cash
T007253,S015,P0435,C01569,1,1474.61,2026-03-04 13:53:00,UPI
T007254,S016,P0016,C00378,3,9025.44,2026-01-14 04:56:00,Card
T007255,S019,P0270,C01908,3,8731.95,2026-02-27 10:17:00,UPI
T007256,S007,P0788,C00499,4,2185.3,2026-03-17 04:29:00,UPI
T007257,S002,P0402,C01716,3,5371.29,2026-02-17 12:18:00,Wallet
T007258,S012,P0528,C02175,5,3900.97,2026-02-06 03:10:00,Wallet
T007259,S006,P0735,C01760,1,5391.49,2026-06-15 13:33:00,Wallet
T007260,S001,P0202,C00497,4,8603.22,2026-01-04 04:55:00,Card
T007261,S023,P0357,C00218,2,4375.29,2026-03-29 06:10:00,Cash
T007262,S007,P0349,C00064,4,6832.72,2026-02-24 20:03:00,Card
T007263,S023,P0760,C01897,1,308.96,2026-03-11 02:48:00,Cash
T007264,S022,P0159,C01128,1,8365.04,2026-02-06 22:40:00,Wallet
T007265,S014,P0624,C01054,3,8528.36,2026-01-05 19:54:00,Cash
T007266,S013,P0391,C02199,4,828.94,2026-03-11 10:24:00,Wallet
T007267,S014,P0407,C02603,3,1756.59,2026-04-25 16:11:00,UPI
T007268,S010,P0285,C00680,5,8360.15,2026-02-16 12:49:00,UPI
T007269,S023,P0018,C00021,1,7010.52,2026-06-07 00:46:00,UPI
T007270,S007,P0217,C01817,3,3503.09,2026-02-23 23:01:00,Wallet
T007271,S024,P0523,C01111,4,4689.15,2026-02-16 14:21:00,UPI
T007272,S017,P0018,C01945,2,7010.52,2026-06-14 21:21:00,Card
T007273,S011,P0196,C00740,2,4393.61,2026-04-01 10:46:00,Card
T007274,S025,P0229,C01970,4,9936.26,2026-01-25 07:40:00,Card
T007275,S007,P0658,C02992,2,6391.79,2026-02-03 16:03:00,Card
T007276,S004,P0276,C01350,1,6054.84,2026-04-15 02:41:00,Cash
T007277,S016,P0283,C00486,4,8716.22,2026-06-16 15:53:00,Wallet
T007278,S014,P0378,C01892,5,4747.29,2026-06-04 10:14:00,Wallet
T007279,S002,P0081,C00174,1,3253.67,2026-05-23 00:49:00,UPI
T007280,S004,P0360,C02452,1,5243.78,2026-06-23 04:34:00,Wallet
T007281,S016,P0167,C02639,3,3360.33,2026-03-11 11:46:00,Card
T007282,S010,P0639,C00882,2,4253.9,2026-06-27 12:15:00,UPI
T007283,S013,P0293,C00230,2,9576.2,2026-05-30 18:26:00,Wallet
T007284,S023,P0231,C00354,3,7092.41,2026-03-31 03:49:00,Cash
T007285,S002,P0649,C01438,5,9469.45,2026-04-08 01:15:00,UPI
T007286,S016,P0516,C01970,3,6096.93,2026-02-03 03:36:00,Cash
T007287,S023,P0472,C01346,1,774.55,2026-01-28 19:37:00,Card
T007288,S024,P0113,C02085,2,3582.38,2026-06-20 03:46:00,Card
T007289,S022,P0198,C02012,1,6947.88,2026-03-23 18:19:00,Cash
T007290,S018,P0282,C01050,4,119.65,2026-05-29 03:06:00,Cash
T007291,S021,P0017,C00432,2,9248.9,2026-02-13 14:40:00,UPI
T007292,S023,P0251,C02075,3,7031.92,2026-05-19 13:48:00,Cash
T007293,S006,P0112,C02250,3,8260.57,2026-06-29 09:44:00,Card
T007294,S011,P0165,C01651,3,384.86,2026-06-05 18:17:00,Wallet
T007295,S015,P0048,C00270,4,1430.43,2026-04-16 08:42:00,Card
T007296,S003,P0235,C01996,1,1653.62,2026-05-03 18:58:00,UPI
T007297,S013,P0433,C01481,2,4344.05,2026-04-20 17:32:00,UPI
T007298,S016,P0355,C01207,5,2048.08,2026-06-22 14:22:00,UPI
T007299,S008,P0189,C01938,5,2622.12,2026-02-02 07:18:00,UPI
T007300,S005,P0643,C00156,5,7801.9,2026-04-29 12:56:00,Wallet
T007301,S015,P0169,C02652,4,8645.46,2026-01-16 00:19:00,Cash
T007302,S020,P0429,C02980,5,6574.5,2026-05-09 17:56:00,UPI
T007303,S010,P0445,C02848,1,1947.25,2026-03-10 10:38:00,UPI
T007304,S013,P0518,C01777,5,891.16,2026-04-27 08:50:00,UPI
T007305,S013,P0626,C01473,4,4287.21,2026-01-07 17:26:00,UPI
T007306,S018,P0087,C02278,2,2098.71,2026-03-01 14:57:00,Card
T007307,S016,P0090,C02893,1,646.74,2026-06-18 19:01:00,Cash
T007308,S008,P0515,C01765,3,7243.57,2026-01-23 19:16:00,Cash
T007309,S019,P0576,C00973,1,6691.73,2026-01-29 19:31:00,Wallet
T007310,S023,P0330,C00915,2,5601.33,2026-01-09 16:44:00,Wallet
T007311,S019,P0203,C00463,3,6531.42,2026-03-16 21:09:00,Card
T007312,S014,P0514,C02579,5,4318.77,2026-05-26 04:27:00,UPI
T007313,S004,P0529,C02811,4,4146.0,2026-01-22 14:55:00,Wallet
T007314,S018,P0328,C02650,4,9147.78,2026-03-18 01:29:00,Wallet
T007315,S022,P0224,C01026,3,2422.72,2026-01-13 13:46:00,Cash
T007316,S022,P0606,C01565,3,3619.28,2026-05-27 18:03:00,Card
T007317,S025,P0177,C00118,4,4946.27,2026-02-21 13:24:00,Card
T007318,S025,P0347,C01406,5,6444.57,2026-06-05 21:20:00,Card
T007319,S012,P0056,C00045,2,4337.67,2026-02-02 06:44:00,UPI
T007320,S025,P0680,C02879,5,4165.12,2026-03-25 07:51:00,Wallet
T007321,S009,P0378,C01662,2,4747.29,2026-03-13 18:26:00,Cash
T007322,S017,P0632,C00397,1,6060.23,2026-03-10 17:24:00,Cash
T007323,S018,P0239,C01189,5,8363.65,2026-04-22 09:13:00,Card
T007324,S015,P0088,C02491,2,2657.13,2026-04-25 01:20:00,Card
T007325,S007,P0464,C01813,5,9923.66,2026-05-10 05:23:00,Cash
T007326,S022,P0049,C02035,5,5730.67,2026-01-31 07:38:00,Card
T007327,S018,P0141,C02056,1,9316.54,2026-05-27 18:00:00,UPI
T007328,S003,P0396,C02713,4,2039.28,2026-04-16 10:52:00,Wallet
T007329,S004,P0463,C02726,1,7009.64,2026-03-12 14:44:00,UPI
T007330,S006,P0232,C01166,1,9748.13,2026-02-17 05:03:00,UPI
T007331,S003,P0504,C00897,4,2455.83,2026-01-03 05:44:00,Wallet
T007332,S025,P0319,C01309,4,8409.93,2026-01-17 05:40:00,Cash
T007333,S003,P0109,C01941,5,8805.73,2026-02-21 16:46:00,Cash
T007334,S001,P0655,C02165,1,7096.19,2026-06-25 05:03:00,UPI
T007335,S008,P0029,C00063,1,4435.78,2026-01-04 12:15:00,Card
T007336,S024,P0061,C02815,2,6610.9,2026-03-26 00:03:00,UPI
T007337,S001,P0283,C02243,5,8716.22,2026-02-23 07:26:00,Cash
T007338,S024,P0009,C00327,1,3085.29,2026-01-01 02:04:00,Card
T007339,S006,P0790,C02632,5,6990.61,2026-01-06 00:37:00,UPI
T007340,S024,P0364,C02706,5,9198.25,2026-05-21 17:42:00,UPI
T007341,S025,P0595,C00615,4,3060.11,2026-04-07 08:29:00,Wallet
T007342,S008,P0151,C01092,3,5217.03,2026-03-16 13:45:00,Wallet
T007343,S011,P0728,C01723,3,134.65,2026-04-27 08:10:00,Wallet
T007344,S014,P0078,C02121,3,9351.9,2026-06-01 03:47:00,UPI
T007345,S024,P0383,C02820,5,6977.34,2026-06-06 00:09:00,Card
T007346,S020,P0212,C01627,3,2394.87,2026-01-01 17:37:00,Wallet
T007347,S021,P0317,C01997,1,6564.28,2026-05-14 19:30:00,UPI
T007348,S024,P0299,C02111,4,4425.47,2026-05-26 03:04:00,UPI
T007349,S025,P0618,C00759,5,4111.77,2026-02-01 08:36:00,UPI
T007350,S017,P0524,C00919,2,5664.21,2026-01-31 13:51:00,Card
T007351,S014,P0764,C01540,3,9223.74,2026-01-01 00:47:00,UPI
T007352,S021,P0581,C01926,5,7430.75,2026-05-29 03:09:00,Wallet
T007353,S013,P0557,C00289,2,6068.55,2026-04-09 19:22:00,Wallet
T007354,S019,P0422,C02800,5,7879.15,2026-06-10 05:11:00,UPI
T007355,S019,P0395,C02989,5,3463.19,2026-03-02 04:44:00,Card
T007356,S015,P0747,C02938,4,9438.22,2026-06-25 16:52:00,UPI
T007357,S023,P0692,C02058,4,1400.03,2026-02-21 15:35:00,Wallet
T007358,S018,P0364,C01868,3,9198.25,2026-05-29 22:58:00,Wallet
T007359,S015,P0381,C02446,4,4277.41,2026-05-17 19:42:00,Cash
T007360,S014,P0615,C01901,4,6966.89,2026-04-28 21:05:00,Wallet
T007361,S001,P0220,C02834,5,8346.5,2026-01-12 13:15:00,UPI
T007362,S024,P0474,C01303,1,8400.11,2026-01-03 18:29:00,Wallet
T007363,S021,P0538,C00546,2,7089.09,2026-03-28 10:14:00,Card
T007364,S008,P0800,C01946,2,9198.59,2026-05-20 02:48:00,Card
T007365,S023,P0286,C01916,3,5096.16,2026-05-21 14:30:00,UPI
T007366,S014,P0681,C02945,2,7716.53,2026-05-03 08:48:00,Wallet
T007367,S011,P0576,C02049,4,6691.73,2026-04-10 08:21:00,Wallet
T007368,S021,P0054,C01830,2,8384.65,2026-01-11 01:43:00,Cash
T007369,S024,P0268,C01650,1,4813.91,2026-01-06 20:22:00,Cash
T007370,S007,P0160,C00334,4,5876.12,2026-05-31 17:34:00,Card
T007371,S001,P0069,C01019,2,2943.82,2026-03-12 23:21:00,Cash
T007372,S019,P0527,C01798,5,4964.39,2026-02-26 08:30:00,Card
T007373,S001,P0644,C02081,5,196.65,2026-04-22 04:03:00,Card
T007374,S019,P0732,C02770,2,5381.3,2026-01-25 08:20:00,Cash
T007375,S020,P0342,C02048,4,6631.4,2026-04-25 02:48:00,Card
T007376,S018,P0057,C02098,5,657.85,2026-01-25 17:51:00,Card
T007377,S015,P0511,C02801,1,791.85,2026-01-22 10:51:00,UPI
T007378,S024,P0712,C02754,5,3112.13,2026-01-24 22:36:00,UPI
T007379,S022,P0428,C00522,2,9462.57,2026-06-04 18:57:00,UPI
T007380,S025,P0355,C01156,2,2048.08,2026-06-15 12:36:00,Cash
T007381,S019,P0301,C02559,1,5462.61,2026-06-27 08:50:00,Wallet
T007382,S021,P0318,C01861,1,9340.72,2026-03-26 17:06:00,Cash
T007383,S004,P0555,C01627,4,2733.2,2026-02-06 19:34:00,UPI
T007384,S010,P0721,C01802,2,4538.97,2026-03-21 05:07:00,Cash
T007385,S009,P0600,C01545,2,8512.12,2026-01-05 06:27:00,Card
T007386,S020,P0433,C01531,1,4344.05,2026-06-12 08:52:00,Cash
T007387,S021,P0107,C01711,2,992.48,2026-06-20 00:24:00,Wallet
T007388,S001,P0467,C00732,3,5109.04,2026-01-18 12:23:00,Wallet
T007389,S002,P0168,C02293,4,3315.66,2026-02-22 11:03:00,UPI
T007390,S004,P0731,C01011,2,5565.29,2026-03-03 09:28:00,Cash
T007391,S002,P0408,C01737,4,5035.02,2026-04-16 14:01:00,UPI
T007392,S017,P0694,C02539,1,614.19,2026-01-08 15:14:00,Wallet
T007393,S001,P0122,C01904,1,8775.26,2026-03-24 12:48:00,Cash
T007394,S019,P0342,C02932,5,6631.4,2026-05-28 20:43:00,Card
T007395,S003,P0734,C00185,4,8745.49,2026-06-02 08:32:00,UPI
T007396,S008,P0154,C00707,1,1912.1,2026-03-14 19:51:00,UPI
T007397,S002,P0569,C02387,4,3008.24,2026-06-30 09:19:00,Cash
T007398,S013,P0036,C00782,3,1558.0,2026-04-14 14:44:00,UPI
T007399,S008,P0650,C00369,4,8079.24,2026-04-24 05:03:00,Cash
T007400,S003,P0093,C01977,3,5751.64,2026-01-14 03:15:00,Cash
T007401,S010,P0418,C01415,3,8063.59,2026-01-15 18:47:00,Cash
T007402,S007,P0088,C00751,2,2657.13,2026-02-05 09:06:00,Cash
T007403,S014,P0373,C02405,1,9052.26,2026-06-14 00:32:00,Cash
T007404,S012,P0764,C02539,1,9223.74,2026-02-05 18:24:00,Wallet
T007405,S023,P0416,C00793,1,4705.01,2026-01-24 23:30:00,Card
T007406,S017,P0392,C00819,2,1508.78,2026-05-10 05:11:00,Wallet
T007407,S013,P0733,C01261,5,9425.26,2026-02-05 22:16:00,Cash
T007408,S010,P0020,C00224,4,2220.31,2026-02-26 17:31:00,Cash
T007409,S011,P0214,C01334,2,2750.7,2026-04-25 20:21:00,UPI
T007410,S014,P0066,C02322,1,5076.41,2026-03-15 00:02:00,Cash
T007411,S015,P0237,C01629,3,3411.61,2026-02-08 13:20:00,UPI
T007412,S020,P0403,C02668,4,9771.12,2026-02-06 01:08:00,Wallet
T007413,S016,P0641,C02780,4,2773.24,2026-05-16 11:49:00,UPI
T007414,S010,P0213,C01085,1,4276.85,2026-05-09 02:23:00,Cash
T007415,S018,P0154,C01123,3,1912.1,2026-05-08 08:56:00,Wallet
T007416,S022,P0282,C02392,1,119.65,2026-06-26 11:05:00,Cash
T007417,S019,P0222,C01418,1,1377.06,2026-02-04 15:57:00,UPI
T007418,S012,P0685,C01088,2,3601.0,2026-02-28 12:14:00,UPI
T007419,S013,P0534,C01136,1,440.62,2026-06-13 06:34:00,Card
T007420,S023,P0613,C00629,5,1307.31,2026-04-16 10:38:00,Cash
T007421,S012,P0653,C02998,4,3849.13,2026-02-10 07:35:00,UPI
T007422,S015,P0799,C00838,2,206.59,2026-03-30 15:30:00,UPI
T007423,S020,P0051,C00142,3,3973.71,2026-01-05 00:17:00,UPI
T007424,S025,P0178,C01759,3,5673.27,2026-03-17 02:58:00,Card
T007425,S023,P0529,C01087,4,4146.0,2026-02-10 21:09:00,UPI
T007426,S004,P0751,C02499,5,7293.97,2026-01-25 19:06:00,Card
T007427,S002,P0663,C00071,3,4847.59,2026-02-05 18:49:00,UPI
T007428,S019,P0393,C00866,2,533.66,2026-06-29 11:19:00,Card
T007429,S005,P0675,C00999,4,8934.69,2026-01-28 18:44:00,Cash
T007430,S018,P0597,C00902,2,3970.52,2026-01-30 23:26:00,Wallet
T007431,S004,P0370,C02006,1,3461.2,2026-04-18 02:22:00,Card
T007432,S024,P0726,C01201,5,1737.63,2026-06-10 06:01:00,UPI
T007433,S001,P0144,C02093,2,9682.77,2026-06-11 11:10:00,UPI
T007434,S025,P0438,C00710,2,3327.19,2026-03-30 19:16:00,UPI
T007435,S006,P0525,C00868,5,1451.9,2026-01-05 09:47:00,Cash
T007436,S016,P0373,C00475,4,9052.26,2026-06-20 13:34:00,UPI
T007437,S004,P0506,C01844,4,6514.66,2026-01-30 01:04:00,Wallet
T007438,S003,P0009,C02013,5,3085.29,2026-01-16 15:51:00,UPI
T007439,S005,P0484,C00577,5,8222.21,2026-06-04 05:54:00,Card
T007440,S019,P0234,C02881,3,1752.76,2026-02-26 01:53:00,UPI
T007441,S012,P0255,C02997,2,2214.97,2026-03-09 14:33:00,Card
T007442,S012,P0085,C01530,2,7989.74,2026-04-15 00:48:00,Wallet
T007443,S015,P0172,C02916,5,9652.99,2026-01-14 02:54:00,Card
T007444,S023,P0736,C01275,3,3312.16,2026-02-02 19:10:00,UPI
T007445,S019,P0790,C01117,1,6990.61,2026-03-04 17:49:00,Cash
T007446,S022,P0107,C01092,4,992.48,2026-02-06 15:38:00,Wallet
T007447,S006,P0093,C01758,5,5751.64,2026-01-23 01:00:00,Card
T007448,S010,P0080,C02197,2,7488.69,2026-01-23 05:59:00,Cash
T007449,S004,P0396,C02243,2,2039.28,2026-02-21 04:20:00,Wallet
T007450,S020,P0200,C01538,2,8064.94,2026-05-26 21:24:00,Wallet
T007451,S014,P0005,C00869,5,6938.1,2026-04-20 02:20:00,Cash
T007452,S008,P0660,C02853,4,7325.53,2026-03-31 03:03:00,Card
T007453,S005,P0734,C00666,2,8745.49,2026-02-02 01:00:00,Card
T007454,S007,P0259,C00651,4,7345.66,2026-06-17 09:01:00,Wallet
T007455,S013,P0570,C02970,2,1364.83,2026-05-17 12:46:00,UPI
T007456,S004,P0163,C01395,3,6843.99,2026-01-03 16:59:00,Cash
T007457,S025,P0351,C00559,5,2850.54,2026-04-20 14:51:00,Wallet
T007458,S012,P0555,C01148,4,2733.2,2026-03-25 07:39:00,UPI
T007459,S010,P0285,C01058,4,8360.15,2026-03-08 10:39:00,UPI
T007460,S007,P0454,C01738,3,2095.86,2026-04-08 01:34:00,Cash
T007461,S012,P0276,C00320,1,6054.84,2026-03-20 22:21:00,Wallet
T007462,S013,P0601,C01227,1,5812.86,2026-02-15 04:55:00,Cash
T007463,S006,P0187,C01433,2,5154.45,2026-04-23 14:18:00,Card
T007464,S010,P0648,C00526,3,6112.92,2026-02-26 21:38:00,Cash
T007465,S009,P0679,C02203,2,4970.26,2026-03-18 13:04:00,Cash
T007466,S012,P0122,C02363,5,8775.26,2026-01-07 03:39:00,Cash
T007467,S015,P0006,C02254,5,7768.45,2026-06-09 03:00:00,Wallet
T007468,S005,P0326,C01081,4,6655.54,2026-03-27 08:04:00,UPI
T007469,S001,P0762,C01320,4,9129.45,2026-01-02 12:29:00,Wallet
T007470,S023,P0434,C00729,3,4553.72,2026-05-08 21:21:00,UPI
T007471,S006,P0107,C02892,4,992.48,2026-02-22 10:33:00,Card
T007472,S022,P0027,C01232,2,8581.06,2026-05-06 05:04:00,Wallet
T007473,S020,P0455,C00512,3,8262.37,2026-03-08 08:01:00,Cash
T007474,S010,P0562,C01950,2,4622.5,2026-03-31 19:03:00,Cash
T007475,S004,P0599,C00530,4,1062.46,2026-04-18 02:50:00,Cash
T007476,S001,P0177,C02126,2,4946.27,2026-05-06 13:59:00,Cash
T007477,S005,P0770,C01741,5,6825.39,2026-05-17 05:46:00,UPI
T007478,S006,P0574,C00193,5,9933.28,2026-02-11 10:50:00,UPI
T007479,S001,P0742,C01942,5,8185.79,2026-01-26 23:11:00,Card
T007480,S005,P0176,C00148,5,3653.54,2026-02-02 15:39:00,Cash
T007481,S001,P0182,C02565,1,5319.06,2026-06-21 06:15:00,Cash
T007482,S021,P0786,C00591,2,3671.5,2026-04-11 15:27:00,Cash
T007483,S019,P0696,C01062,4,916.89,2026-01-01 17:23:00,UPI
T007484,S016,P0217,C00204,2,3503.09,2026-04-11 14:16:00,Card
T007485,S006,P0602,C02377,1,8981.46,2026-06-30 13:13:00,Cash
T007486,S022,P0089,C00094,1,6477.51,2026-03-31 23:51:00,Card
T007487,S018,P0174,C01963,5,2919.87,2026-04-13 05:12:00,Card
T007488,S019,P0370,C01899,5,3461.2,2026-02-03 09:25:00,Card
T007489,S007,P0341,C02509,3,5733.11,2026-01-20 21:12:00,Card
T007490,S006,P0442,C00140,2,3354.53,2026-04-24 13:57:00,Card
T007491,S001,P0307,C00202,5,2471.27,2026-05-20 15:05:00,Wallet
T007492,S001,P0485,C02629,1,7988.55,2026-05-11 09:12:00,Card
T007493,S016,P0493,C02188,1,534.0,2026-06-09 10:00:00,UPI
T007494,S018,P0356,C00202,4,6296.35,2026-05-02 15:56:00,Cash
T007495,S001,P0152,C01203,4,7394.01,2026-01-21 22:36:00,Cash
T007496,S018,P0590,C00663,1,3157.03,2026-02-10 19:44:00,Cash
T007497,S025,P0120,C01467,1,6904.92,2026-01-16 21:48:00,Card
T007498,S014,P0144,C02647,5,9682.77,2026-02-23 12:20:00,Wallet
T007499,S019,P0047,C00089,5,8857.53,2026-01-04 01:14:00,Wallet
T007500,S009,P0707,C01187,5,3698.4,2026-04-16 03:42:00,UPI
T007501,S012,P0106,C01811,1,176.87,2026-05-11 10:21:00,UPI
T007502,S017,P0241,C01662,3,7179.48,2026-05-09 19:18:00,Wallet
T007503,S023,P0255,C01931,2,2214.97,2026-05-04 10:17:00,Cash
T007504,S025,P0629,C02758,1,6100.1,2026-02-07 04:17:00,UPI
T007505,S019,P0150,C01295,5,2899.96,2026-03-02 10:41:00,Wallet
T007506,S023,P0519,C01144,5,1759.88,2026-03-11 07:09:00,Card
T007507,S019,P0276,C00940,2,6054.84,2026-03-20 01:49:00,Wallet
T007508,S021,P0554,C02705,4,4902.42,2026-03-20 14:18:00,Wallet
T007509,S022,P0077,C01374,3,2207.23,2026-04-07 18:41:00,Card
T007510,S022,P0750,C02323,3,4603.74,2026-02-09 03:46:00,Cash
T007511,S010,P0497,C00335,5,1834.78,2026-02-08 02:57:00,Wallet
T007512,S002,P0688,C02683,4,7463.85,2026-03-28 21:44:00,UPI
T007513,S003,P0479,C00362,5,6996.75,2026-04-21 08:37:00,UPI
T007514,S008,P0238,C01502,2,4446.17,2026-06-04 12:09:00,Wallet
T007515,S005,P0229,C01431,5,9936.26,2026-02-11 12:10:00,UPI
T007516,S007,P0641,C01926,2,2773.24,2026-03-07 19:37:00,Cash
T007517,S012,P0012,C01387,1,1540.01,2026-02-14 00:35:00,Cash
T007518,S021,P0546,C02956,5,6578.76,2026-04-13 22:31:00,Wallet
T007519,S022,P0431,C01015,1,5205.67,2026-06-26 09:26:00,Cash
T007520,S015,P0683,C00907,5,8931.71,2026-03-14 21:56:00,UPI
T007521,S011,P0385,C00451,1,4244.08,2026-01-23 04:13:00,Cash
T007522,S023,P0150,C00475,1,2899.96,2026-01-26 22:53:00,Cash
T007523,S023,P0627,C01052,5,556.05,2026-06-06 16:49:00,UPI
T007524,S011,P0639,C00606,4,4253.9,2026-02-20 18:39:00,Cash
T007525,S008,P0121,C01950,2,934.55,2026-05-21 02:44:00,Wallet
T007526,S010,P0670,C01598,4,1786.79,2026-05-16 05:00:00,UPI
T007527,S007,P0286,C00914,1,5096.16,2026-04-29 08:30:00,Wallet
T007528,S023,P0271,C00096,1,9964.47,2026-01-01 22:49:00,UPI
T007529,S004,P0581,C02240,1,7430.75,2026-04-20 07:58:00,UPI
T007530,S018,P0005,C01679,2,6938.1,2026-03-20 07:41:00,Card
T007531,S008,P0186,C01122,3,5553.84,2026-03-28 23:06:00,Card
T007532,S019,P0394,C01423,3,2911.6,2026-05-31 09:48:00,Cash
T007533,S020,P0083,C02729,5,6898.86,2026-05-09 17:09:00,UPI
T007534,S017,P0658,C02373,4,6391.79,2026-02-15 02:12:00,Cash
T007535,S020,P0334,C00267,4,3927.84,2026-05-16 17:38:00,UPI
T007536,S013,P0355,C01168,2,2048.08,2026-03-12 20:01:00,UPI
T007537,S012,P0657,C00875,3,9529.9,2026-04-18 18:19:00,Cash
T007538,S001,P0547,C02435,2,3808.05,2026-01-06 13:49:00,Cash
T007539,S017,P0632,C01118,1,6060.23,2026-04-14 08:51:00,UPI
T007540,S001,P0623,C00285,1,5792.3,2026-01-05 11:51:00,Wallet
T007541,S020,P0601,C01335,4,5812.86,2026-01-26 03:26:00,UPI
T007542,S007,P0618,C02195,2,4111.77,2026-01-12 06:12:00,Card
T007543,S019,P0088,C01629,4,2657.13,2026-01-24 05:29:00,Card
T007544,S001,P0399,C01577,3,2476.48,2026-04-05 10:36:00,Card
T007545,S012,P0725,C00198,4,7432.08,2026-02-20 22:24:00,UPI
T007546,S019,P0345,C02310,5,1998.33,2026-03-13 02:48:00,UPI
T007547,S001,P0672,C01764,3,4881.93,2026-02-17 08:26:00,UPI
T007548,S004,P0062,C01539,4,2738.53,2026-01-08 04:02:00,UPI
T007549,S020,P0590,C00429,4,3157.03,2026-04-13 01:44:00,Wallet
T007550,S011,P0379,C00402,1,3750.42,2026-03-21 20:51:00,Card
T007551,S011,P0027,C02214,4,8581.06,2026-05-16 14:28:00,Card
T007552,S019,P0742,C02044,3,8185.79,2026-01-02 08:10:00,Cash
T007553,S023,P0363,C02829,3,3200.47,2026-05-08 04:51:00,Card
T007554,S017,P0609,C00771,1,1275.15,2026-01-26 21:54:00,Cash
T007555,S024,P0749,C01781,4,786.6,2026-05-10 13:08:00,Cash
T007556,S009,P0263,C02314,2,3567.34,2026-01-14 01:59:00,Wallet
T007557,S025,P0523,C00435,2,4689.15,2026-02-21 05:34:00,Wallet
T007558,S024,P0530,C02246,5,9327.08,2026-01-16 23:51:00,UPI
T007559,S013,P0008,C01921,5,4742.92,2026-02-21 03:35:00,Card
T007560,S020,P0181,C00242,1,9734.39,2026-06-02 15:14:00,Wallet
T007561,S001,P0041,C02574,2,7624.7,2026-05-21 20:12:00,Wallet
T007562,S015,P0643,C02152,1,7801.9,2026-06-09 20:37:00,Wallet
T007563,S011,P0132,C01023,2,8576.74,2026-01-13 02:44:00,Cash
T007564,S003,P0544,C02230,1,9870.55,2026-01-23 09:25:00,UPI
T007565,S014,P0170,C01802,4,7462.62,2026-01-09 00:27:00,UPI
T007566,S001,P0372,C00391,5,5991.23,2026-02-23 10:09:00,Wallet
T007567,S005,P0515,C01090,3,7243.57,2026-05-02 03:59:00,Cash
T007568,S023,P0399,C01919,4,2476.48,2026-03-03 03:39:00,UPI
T007569,S012,P0063,C01041,2,9858.07,2026-06-26 16:56:00,Wallet
T007570,S003,P0422,C01293,4,7879.15,2026-01-26 20:07:00,Card
T007571,S012,P0347,C01052,3,6444.57,2026-04-30 22:15:00,Cash
T007572,S003,P0452,C02328,3,8196.17,2026-05-23 14:09:00,Wallet
T007573,S020,P0066,C01042,5,5076.41,2026-01-12 03:34:00,UPI
T007574,S001,P0069,C02701,3,2943.82,2026-06-11 13:14:00,UPI
T007575,S010,P0343,C01244,3,746.07,2026-02-09 12:06:00,Wallet
T007576,S005,P0175,C02659,3,4958.37,2026-06-25 21:03:00,UPI
T007577,S018,P0432,C01431,2,3471.53,2026-01-14 17:19:00,Wallet
T007578,S022,P0795,C00890,5,4749.67,2026-03-08 03:21:00,UPI
T007579,S024,P0469,C01654,4,7483.98,2026-05-29 22:07:00,Wallet
T007580,S009,P0498,C01461,2,3416.54,2026-03-14 21:42:00,Cash
T007581,S004,P0187,C00058,2,5154.45,2026-04-30 17:52:00,Cash
T007582,S016,P0493,C02414,5,534.0,2026-03-26 12:26:00,UPI
T007583,S003,P0415,C01422,5,5235.33,2026-01-03 21:27:00,UPI
T007584,S025,P0135,C01137,3,9762.67,2026-01-31 02:37:00,UPI
T007585,S008,P0485,C01793,5,7988.55,2026-02-22 14:56:00,Wallet
T007586,S022,P0230,C01341,1,8972.55,2026-03-29 07:37:00,Wallet
T007587,S004,P0753,C02096,1,7657.11,2026-03-28 18:05:00,Card
T007588,S025,P0150,C01883,1,2899.96,2026-02-12 04:04:00,Wallet
T007589,S020,P0426,C00702,2,9983.21,2026-01-06 16:07:00,Card
T007590,S001,P0367,C00739,4,8513.3,2026-02-12 19:03:00,UPI
T007591,S006,P0473,C02578,4,1487.53,2026-05-16 23:04:00,Wallet
T007592,S003,P0352,C01376,5,3229.8,2026-04-24 17:50:00,Card
T007593,S007,P0131,C01781,1,7488.79,2026-01-01 16:05:00,Cash
T007594,S015,P0672,C01065,2,4881.93,2026-02-05 15:58:00,UPI
T007595,S005,P0085,C02751,5,7989.74,2026-06-03 01:55:00,Card
T007596,S021,P0208,C02647,2,2092.25,2026-02-28 15:58:00,UPI
T007597,S022,P0053,C00681,3,707.1,2026-01-29 14:10:00,Card
T007598,S016,P0045,C01129,4,3896.94,2026-01-28 14:33:00,Cash
T007599,S018,P0018,C01857,1,7010.52,2026-01-08 18:51:00,Cash
T007600,S025,P0226,C00953,1,1828.68,2026-06-26 17:28:00,UPI
T007601,S023,P0349,C01654,3,6832.72,2026-01-29 21:00:00,Card
T007602,S024,P0332,C01699,2,8935.46,2026-05-01 05:16:00,Wallet
T007603,S025,P0348,C00792,1,8457.98,2026-02-03 06:55:00,Cash
T007604,S013,P0556,C00970,2,1057.73,2026-06-23 20:20:00,Cash
T007605,S012,P0577,C00618,1,994.37,2026-05-31 21:37:00,Card
T007606,S009,P0721,C02405,4,4538.97,2026-04-09 08:34:00,Cash
T007607,S013,P0534,C01913,1,440.62,2026-05-04 16:44:00,Wallet
T007608,S007,P0199,C02661,5,6222.14,2026-01-31 18:16:00,UPI
T007609,S004,P0213,C00544,2,4276.85,2026-02-20 16:33:00,Wallet
T007610,S002,P0777,C02262,5,3589.83,2026-03-28 07:44:00,Wallet
T007611,S005,P0004,C00392,5,1339.91,2026-01-11 15:16:00,UPI
T007612,S016,P0718,C01370,3,3083.62,2026-04-18 19:06:00,Cash
T007613,S025,P0690,C00359,2,4940.77,2026-01-28 00:14:00,Cash
T007614,S018,P0103,C00731,1,8429.58,2026-02-16 09:47:00,Card
T007615,S001,P0710,C00799,3,4772.38,2026-05-21 00:30:00,UPI
T007616,S019,P0481,C02356,1,580.78,2026-06-22 18:44:00,Cash
T007617,S021,P0273,C02857,3,1379.91,2026-04-04 12:00:00,Cash
T007618,S019,P0485,C01790,4,7988.55,2026-04-30 17:05:00,Wallet
T007619,S014,P0155,C01409,2,7088.03,2026-01-09 00:30:00,Wallet
T007620,S004,P0106,C00420,4,176.87,2026-02-13 22:13:00,Card
T007621,S012,P0045,C00935,3,3896.94,2026-03-07 22:50:00,Wallet
T007622,S021,P0709,C01100,1,104.31,2026-03-17 06:37:00,Wallet
T007623,S020,P0349,C01560,3,6832.72,2026-02-04 07:16:00,Card
T007624,S005,P0214,C00024,1,2750.7,2026-04-12 06:21:00,Card
T007625,S008,P0300,C00731,2,3880.91,2026-02-11 04:08:00,Wallet
T007626,S010,P0094,C01649,4,5013.87,2026-04-11 19:58:00,Card
T007627,S024,P0223,C02712,2,1097.95,2026-01-10 13:07:00,Cash
T007628,S020,P0087,C02455,5,2098.71,2026-06-04 22:49:00,Wallet
T007629,S003,P0642,C00655,1,752.0,2026-04-08 18:49:00,UPI
T007630,S006,P0325,C00547,5,9797.44,2026-04-01 15:33:00,Wallet
T007631,S022,P0771,C00036,5,3548.02,2026-03-08 13:35:00,Card
T007632,S016,P0743,C00228,4,2117.79,2026-06-20 16:06:00,Wallet
T007633,S002,P0646,C01052,2,5928.39,2026-01-06 13:16:00,UPI
T007634,S025,P0746,C00383,4,4646.96,2026-04-24 23:17:00,Card
T007635,S002,P0077,C00165,1,2207.23,2026-06-24 12:10:00,UPI
T007636,S013,P0032,C02790,3,5989.11,2026-01-17 14:54:00,UPI
T007637,S021,P0050,C01359,2,4810.52,2026-06-08 23:33:00,UPI
T007638,S013,P0319,C02398,3,8409.93,2026-01-31 08:23:00,Wallet
T007639,S003,P0548,C01641,3,1900.64,2026-05-28 12:26:00,UPI
T007640,S012,P0206,C02246,5,7412.93,2026-06-28 04:50:00,Card
T007641,S005,P0484,C02809,2,8222.21,2026-01-23 10:59:00,Wallet
T007642,S008,P0792,C02892,5,8389.63,2026-01-15 03:56:00,Card
T007643,S006,P0756,C02460,1,8540.93,2026-04-15 10:10:00,Cash
T007644,S009,P0220,C00743,3,8346.5,2026-02-07 13:15:00,UPI
T007645,S024,P0504,C01677,5,2455.83,2026-01-19 00:09:00,Wallet
T007646,S013,P0366,C01896,4,6806.89,2026-05-03 00:19:00,Cash
T007647,S012,P0320,C00874,5,5892.08,2026-02-25 06:44:00,Card
T007648,S009,P0568,C02322,1,3547.51,2026-04-04 01:35:00,Wallet
T007649,S021,P0242,C00299,2,1599.95,2026-06-16 17:50:00,Cash
T007650,S009,P0351,C02801,2,2850.54,2026-03-08 05:20:00,Wallet
T007651,S003,P0268,C02384,1,4813.91,2026-03-14 07:13:00,Wallet
T007652,S009,P0035,C02979,5,6699.1,2026-06-29 23:43:00,Wallet
T007653,S018,P0558,C02789,1,7592.43,2026-01-29 21:09:00,Card
T007654,S021,P0149,C00670,2,8728.63,2026-05-18 07:34:00,Cash
T007655,S010,P0696,C01111,5,916.89,2026-05-28 04:40:00,Cash
T007656,S018,P0465,C02735,3,856.68,2026-03-15 18:29:00,Cash
T007657,S025,P0538,C01455,4,7089.09,2026-03-16 17:10:00,Cash
T007658,S023,P0309,C01346,1,2764.95,2026-01-17 07:31:00,Cash
T007659,S015,P0182,C00484,3,5319.06,2026-01-07 00:20:00,Card
T007660,S009,P0636,C02402,1,9406.97,2026-03-19 03:39:00,Card
T007661,S016,P0389,C02941,1,8090.99,2026-04-19 20:30:00,UPI
T007662,S003,P0225,C00832,5,3650.99,2026-01-20 00:31:00,Cash
T007663,S015,P0240,C02192,2,5098.73,2026-03-22 07:48:00,Wallet
T007664,S004,P0289,C02717,4,9583.99,2026-01-12 05:01:00,Card
T007665,S011,P0217,C02463,3,3503.09,2026-01-26 12:34:00,Cash
T007666,S011,P0376,C02612,2,1363.04,2026-01-19 12:52:00,UPI
T007667,S001,P0213,C01809,2,4276.85,2026-05-02 12:26:00,Wallet
T007668,S002,P0480,C01808,2,6933.43,2026-05-21 13:14:00,Wallet
T007669,S020,P0576,C00109,2,6691.73,2026-06-28 09:55:00,Card
T007670,S013,P0262,C01640,5,9830.21,2026-04-14 08:21:00,Card
T007671,S011,P0053,C02927,4,707.1,2026-03-01 22:47:00,Card
T007672,S003,P0577,C00475,5,994.37,2026-06-07 11:15:00,Card
T007673,S022,P0563,C00648,5,6057.9,2026-03-01 10:34:00,UPI
T007674,S024,P0523,C02955,2,4689.15,2026-05-21 03:05:00,Cash
T007675,S020,P0014,C01813,2,5097.6,2026-01-24 00:06:00,Cash
T007676,S011,P0545,C02616,3,790.43,2026-03-25 00:34:00,UPI
T007677,S017,P0372,C00151,4,5991.23,2026-01-31 09:25:00,UPI
T007678,S009,P0355,C00385,1,2048.08,2026-05-08 14:21:00,Wallet
T007679,S011,P0137,C01887,5,947.81,2026-03-08 05:18:00,Wallet
T007680,S006,P0789,C02600,4,1259.63,2026-05-06 17:15:00,UPI
T007681,S006,P0481,C02893,4,580.78,2026-05-30 14:29:00,Wallet
T007682,S008,P0733,C00726,3,9425.26,2026-02-01 10:55:00,UPI
T007683,S014,P0313,C01103,3,5724.63,2026-05-01 08:25:00,Cash
T007684,S019,P0086,C02906,3,5641.27,2026-05-22 11:30:00,Wallet
T007685,S003,P0352,C00834,1,3229.8,2026-03-24 03:47:00,Cash
T007686,S008,P0266,C01577,2,4596.66,2026-02-05 18:38:00,Cash
T007687,S011,P0330,C01329,3,5601.33,2026-01-20 15:19:00,UPI
T007688,S005,P0092,C00513,2,4028.26,2026-05-07 11:14:00,UPI
T007689,S021,P0632,C02813,5,6060.23,2026-01-26 04:34:00,Cash
T007690,S003,P0574,C00411,2,9933.28,2026-03-01 20:12:00,Card
T007691,S008,P0055,C01466,5,7674.42,2026-04-06 19:12:00,UPI
T007692,S020,P0567,C02351,5,2411.23,2026-05-08 17:17:00,Card
T007693,S021,P0025,C02318,2,4622.76,2026-01-26 11:39:00,Card
T007694,S006,P0156,C02918,1,502.84,2026-04-03 08:51:00,Cash
T007695,S014,P0071,C02048,4,5958.46,2026-02-09 12:50:00,Wallet
T007696,S017,P0047,C02785,4,8857.53,2026-06-13 01:33:00,Card
T007697,S018,P0714,C02243,2,2457.7,2026-06-21 20:25:00,Card
T007698,S015,P0388,C02898,4,6275.81,2026-04-29 05:29:00,Cash
T007699,S022,P0062,C02801,1,2738.53,2026-02-28 13:05:00,UPI
T007700,S016,P0613,C02717,4,1307.31,2026-01-05 05:14:00,Card
T007701,S019,P0336,C02830,3,2292.06,2026-03-17 09:59:00,Wallet
T007702,S012,P0190,C01497,5,1226.96,2026-04-22 12:37:00,UPI
T007703,S003,P0749,C00473,2,786.6,2026-03-13 14:25:00,Card
T007704,S002,P0373,C01362,2,9052.26,2026-04-29 15:59:00,UPI
T007705,S009,P0166,C01385,2,6319.73,2026-02-06 01:15:00,Card
T007706,S013,P0443,C02986,3,1796.09,2026-04-02 02:12:00,Wallet
T007707,S002,P0596,C00912,4,3439.36,2026-04-24 03:28:00,Wallet
T007708,S014,P0487,C02600,3,5663.34,2026-01-07 15:43:00,Cash
T007709,S021,P0298,C00094,2,5929.04,2026-02-22 02:05:00,UPI
T007710,S006,P0275,C02110,2,7489.31,2026-05-09 15:49:00,UPI
T007711,S011,P0076,C02538,3,6314.65,2026-02-01 12:20:00,Wallet
T007712,S012,P0185,C00078,3,5277.61,2026-04-09 08:59:00,Cash
T007713,S013,P0233,C00667,1,8252.74,2026-06-16 16:24:00,Cash
T007714,S005,P0361,C01300,1,7663.58,2026-05-17 21:53:00,Wallet
T007715,S001,P0611,C01168,3,7798.54,2026-02-28 16:25:00,Cash
T007716,S002,P0536,C00855,4,2548.41,2026-06-20 02:05:00,Wallet
T007717,S017,P0163,C00610,5,6843.99,2026-02-25 03:20:00,Cash
T007718,S019,P0593,C02362,2,1610.75,2026-05-05 10:51:00,Card
T007719,S024,P0747,C02180,5,9438.22,2026-03-20 07:47:00,Wallet
T007720,S017,P0398,C02071,5,3448.99,2026-05-16 00:32:00,UPI
T007721,S021,P0101,C00128,4,8805.39,2026-02-17 15:05:00,Cash
T007722,S017,P0788,C02965,2,2185.3,2026-03-17 02:29:00,Cash
T007723,S002,P0292,C01277,2,2004.02,2026-03-19 17:10:00,Cash
T007724,S024,P0179,C02705,2,8127.84,2026-03-25 15:40:00,Wallet
T007725,S014,P0106,C01043,1,176.87,2026-06-21 06:10:00,Card
T007726,S015,P0669,C01824,1,9528.59,2026-04-09 01:42:00,Card
T007727,S001,P0509,C01068,2,6118.83,2026-02-11 19:12:00,UPI
T007728,S002,P0675,C02611,3,8934.69,2026-02-14 11:20:00,Card
T007729,S001,P0666,C02542,3,9941.8,2026-03-08 13:27:00,Wallet
T007730,S020,P0584,C02514,2,8485.47,2026-06-25 18:01:00,Wallet
T007731,S003,P0486,C02298,5,4214.23,2026-04-14 05:02:00,UPI
T007732,S019,P0269,C02081,3,6799.54,2026-04-26 06:20:00,UPI
T007733,S024,P0357,C02448,1,4375.29,2026-05-23 17:37:00,Cash
T007734,S018,P0272,C00700,3,1528.03,2026-03-18 01:33:00,Wallet
T007735,S010,P0536,C01158,1,2548.41,2026-04-25 14:13:00,UPI
T007736,S004,P0787,C01259,4,1525.99,2026-04-20 08:33:00,Cash
T007737,S025,P0007,C02785,5,1166.39,2026-02-04 00:21:00,Wallet
T007738,S003,P0500,C02361,3,2401.8,2026-04-25 22:16:00,Cash
T007739,S019,P0715,C01641,5,962.59,2026-04-07 23:19:00,Card
T007740,S021,P0138,C02423,1,9745.55,2026-02-22 04:54:00,Card
T007741,S002,P0468,C02589,5,6423.78,2026-05-03 02:18:00,UPI
T007742,S010,P0408,C02272,5,5035.02,2026-06-30 07:02:00,UPI
T007743,S013,P0316,C02863,4,512.74,2026-03-28 07:06:00,Card
T007744,S023,P0236,C00047,5,7351.26,2026-05-21 13:41:00,Cash
T007745,S004,P0483,C02627,5,257.78,2026-05-02 14:15:00,Cash
T007746,S006,P0105,C01288,5,5394.62,2026-06-27 04:43:00,Cash
T007747,S016,P0142,C01914,4,152.07,2026-04-02 20:36:00,Wallet
T007748,S011,P0285,C00420,4,8360.15,2026-02-02 07:26:00,Card
T007749,S014,P0798,C01822,3,6080.32,2026-05-16 14:43:00,Wallet
T007750,S011,P0782,C01806,5,5850.54,2026-05-10 16:13:00,Wallet
T007751,S004,P0211,C02802,4,465.47,2026-06-05 01:46:00,Wallet
T007752,S003,P0304,C00969,4,1895.43,2026-04-15 22:55:00,UPI
T007753,S012,P0097,C01659,5,1527.35,2026-06-27 01:01:00,Cash
T007754,S016,P0142,C01273,1,152.07,2026-03-09 17:38:00,UPI
T007755,S010,P0441,C02139,4,5390.46,2026-05-14 13:25:00,Wallet
T007756,S014,P0561,C00672,3,9754.52,2026-06-01 23:11:00,Card
T007757,S006,P0280,C02999,2,7858.55,2026-03-01 06:01:00,Cash
T007758,S003,P0090,C00042,1,646.74,2026-01-15 23:41:00,UPI
T007759,S017,P0170,C02696,5,7462.62,2026-03-27 12:38:00,Card
T007760,S019,P0711,C00481,3,1928.92,2026-03-02 08:51:00,UPI
T007761,S003,P0277,C00314,1,3757.9,2026-01-02 11:50:00,UPI
T007762,S003,P0760,C00530,1,308.96,2026-01-07 23:27:00,Wallet
T007763,S023,P0313,C01915,3,5724.63,2026-05-15 20:36:00,UPI
T007764,S019,P0321,C02813,4,1697.02,2026-02-07 16:11:00,Wallet
T007765,S005,P0099,C02409,3,4953.55,2026-02-21 19:43:00,Card
T007766,S006,P0798,C02051,1,6080.32,2026-04-18 02:51:00,UPI
T007767,S023,P0177,C01055,3,4946.27,2026-03-25 20:20:00,Card
T007768,S017,P0269,C01958,1,6799.54,2026-04-26 14:38:00,UPI
T007769,S019,P0768,C02041,1,8965.31,2026-03-07 00:18:00,Card
T007770,S015,P0473,C02120,3,1487.53,2026-03-22 06:32:00,Cash
T007771,S023,P0750,C00791,4,4603.74,2026-06-24 22:23:00,Cash
T007772,S006,P0168,C01352,3,3315.66,2026-03-24 14:02:00,Cash
T007773,S006,P0696,C01892,1,916.89,2026-04-26 01:58:00,Wallet
T007774,S022,P0640,C00443,3,3850.52,2026-05-02 17:04:00,Cash
T007775,S020,P0409,C01662,4,7152.62,2026-06-02 15:48:00,Card
T007776,S019,P0002,C01982,2,1803.85,2026-05-08 11:34:00,Wallet
T007777,S023,P0153,C00539,2,625.9,2026-03-30 08:41:00,UPI
T007778,S001,P0738,C02144,4,9853.09,2026-02-10 14:53:00,Wallet
T007779,S010,P0709,C00987,2,104.31,2026-01-20 20:01:00,Cash
T007780,S015,P0359,C00945,5,2458.76,2026-06-30 00:56:00,Cash
T007781,S019,P0048,C02249,2,1430.43,2026-03-03 17:59:00,UPI
T007782,S024,P0705,C00824,5,3427.16,2026-03-08 05:01:00,Cash
T007783,S017,P0399,C02870,5,2476.48,2026-02-16 16:16:00,UPI
T007784,S009,P0142,C02282,3,152.07,2026-02-23 13:44:00,UPI
T007785,S007,P0158,C01847,5,3560.08,2026-02-03 15:32:00,Wallet
T007786,S018,P0709,C00541,4,104.31,2026-02-22 06:09:00,Cash
T007787,S022,P0633,C01213,1,2845.22,2026-01-16 06:00:00,Cash
T007788,S009,P0469,C02456,1,7483.98,2026-02-14 21:57:00,Cash
T007789,S012,P0467,C01337,1,5109.04,2026-02-07 16:27:00,Card
T007790,S006,P0503,C02593,5,2098.92,2026-01-27 03:37:00,Wallet
T007791,S001,P0654,C00074,4,7103.27,2026-01-20 15:51:00,Card
T007792,S005,P0256,C02800,5,5260.23,2026-04-05 22:13:00,UPI
T007793,S022,P0700,C00067,1,1966.82,2026-05-06 14:32:00,Card
T007794,S001,P0609,C01936,5,1275.15,2026-06-05 04:07:00,Wallet
T007795,S005,P0654,C01974,5,7103.27,2026-05-06 03:38:00,Cash
T007796,S007,P0433,C01287,3,4344.05,2026-04-19 05:36:00,UPI
T007797,S006,P0625,C00604,2,5109.87,2026-01-15 10:03:00,Card
T007798,S018,P0124,C00524,5,9076.76,2026-02-10 21:03:00,UPI
T007799,S007,P0409,C02554,1,7152.62,2026-05-20 12:41:00,Cash
T007800,S023,P0550,C00890,2,2666.58,2026-01-30 09:51:00,Card
T007801,S005,P0234,C00682,4,1752.76,2026-03-10 18:51:00,Card
T007802,S009,P0313,C01062,2,5724.63,2026-04-14 19:41:00,UPI
T007803,S017,P0788,C01606,1,2185.3,2026-05-22 07:56:00,Card
T007804,S009,P0570,C02151,1,1364.83,2026-01-09 12:47:00,Cash
T007805,S022,P0555,C02742,2,2733.2,2026-02-14 03:32:00,Card
T007806,S005,P0220,C02809,2,8346.5,2026-04-19 19:44:00,Card
T007807,S014,P0515,C02979,3,7243.57,2026-01-03 07:04:00,Wallet
T007808,S019,P0123,C02465,5,9485.28,2026-05-30 06:06:00,Wallet
T007809,S023,P0084,C00186,5,1223.23,2026-02-17 01:00:00,UPI
T007810,S007,P0785,C02085,4,9579.4,2026-02-16 14:06:00,Card
T007811,S015,P0114,C00983,2,4586.29,2026-05-26 18:45:00,Cash
T007812,S003,P0733,C02790,2,9425.26,2026-01-04 03:15:00,Cash
T007813,S010,P0354,C02712,3,9782.15,2026-03-10 06:17:00,Cash
T007814,S016,P0458,C00538,2,3532.14,2026-06-23 13:34:00,UPI
T007815,S017,P0732,C00211,3,5381.3,2026-03-10 16:54:00,Wallet
T007816,S006,P0270,C01042,2,8731.95,2026-01-20 02:04:00,Cash
T007817,S007,P0629,C02798,4,6100.1,2026-04-19 18:38:00,UPI
T007818,S017,P0224,C02014,3,2422.72,2026-01-07 02:26:00,Cash
T007819,S007,P0664,C00214,5,4113.17,2026-04-26 15:51:00,Wallet
T007820,S024,P0276,C00911,2,6054.84,2026-01-05 07:22:00,UPI
T007821,S022,P0770,C00214,4,6825.39,2026-01-21 13:39:00,UPI
T007822,S001,P0664,C02256,2,4113.17,2026-02-19 15:12:00,Wallet
T007823,S024,P0500,C00997,4,2401.8,2026-01-11 11:41:00,Wallet
T007824,S012,P0495,C01489,5,2593.21,2026-06-25 00:22:00,Wallet
T007825,S015,P0499,C00384,3,3884.48,2026-01-09 09:56:00,Card
T007826,S008,P0232,C00953,3,9748.13,2026-05-30 06:46:00,Card
T007827,S006,P0511,C02416,1,791.85,2026-02-23 06:18:00,Card
T007828,S010,P0547,C02963,5,3808.05,2026-04-16 15:39:00,UPI
T007829,S024,P0335,C01790,5,3766.76,2026-02-16 08:39:00,Cash
T007830,S025,P0696,C01879,4,916.89,2026-03-13 12:51:00,UPI
T007831,S024,P0627,C00692,4,556.05,2026-05-28 07:38:00,UPI
T007832,S015,P0158,C02772,1,3560.08,2026-01-29 15:02:00,Wallet
T007833,S002,P0159,C01147,5,8365.04,2026-02-10 19:13:00,Cash
T007834,S022,P0163,C00655,3,6843.99,2026-03-13 15:08:00,Card
T007835,S014,P0773,C01862,3,8629.97,2026-04-21 08:14:00,UPI
T007836,S015,P0461,C02936,2,3995.16,2026-05-23 00:10:00,Card
T007837,S024,P0056,C00324,4,4337.67,2026-05-19 07:35:00,UPI
T007838,S011,P0066,C00461,4,5076.41,2026-05-25 01:06:00,Cash
T007839,S015,P0341,C02841,4,5733.11,2026-04-12 11:05:00,Wallet
T007840,S012,P0302,C01966,2,2628.99,2026-03-08 02:04:00,UPI
T007841,S023,P0045,C01715,4,3896.94,2026-02-10 11:56:00,Cash
T007842,S020,P0305,C01067,5,1076.57,2026-06-07 20:54:00,UPI
T007843,S023,P0727,C02011,1,4067.4,2026-05-21 11:05:00,Wallet
T007844,S017,P0500,C02572,4,2401.8,2026-01-28 23:51:00,UPI
T007845,S010,P0241,C00075,2,7179.48,2026-06-04 07:28:00,Card
T007846,S001,P0225,C02763,1,3650.99,2026-06-04 07:40:00,Card
T007847,S018,P0230,C01240,1,8972.55,2026-02-02 15:46:00,Wallet
T007848,S022,P0124,C01312,3,9076.76,2026-06-29 05:23:00,UPI
T007849,S002,P0201,C02528,2,236.37,2026-05-07 06:09:00,Card
T007850,S025,P0522,C00041,2,5572.24,2026-05-19 02:58:00,Cash
T007851,S008,P0276,C00843,1,6054.84,2026-02-10 19:32:00,Wallet
T007852,S005,P0754,C00902,1,7723.16,2026-01-31 13:13:00,Cash
T007853,S018,P0712,C00119,3,3112.13,2026-02-26 11:52:00,UPI
T007854,S016,P0790,C02525,5,6990.61,2026-06-16 01:37:00,Cash
T007855,S008,P0579,C02319,4,8102.63,2026-03-18 19:13:00,Card
T007856,S005,P0711,C00727,5,1928.92,2026-04-20 02:01:00,Wallet
T007857,S019,P0538,C00160,5,7089.09,2026-02-02 14:41:00,Card
T007858,S018,P0535,C00964,5,2686.17,2026-04-18 15:26:00,Wallet
T007859,S021,P0216,C02368,1,304.99,2026-04-12 22:02:00,UPI
T007860,S009,P0430,C00732,1,2345.57,2026-03-26 05:51:00,Wallet
T007861,S007,P0472,C02302,4,774.55,2026-04-27 05:40:00,UPI
T007862,S003,P0787,C00912,5,1525.99,2026-05-22 21:59:00,Wallet
T007863,S025,P0593,C00277,5,1610.75,2026-03-19 12:08:00,Cash
T007864,S002,P0559,C01610,4,3769.77,2026-02-22 20:04:00,Wallet
T007865,S018,P0665,C01556,5,7169.18,2026-05-06 09:02:00,Wallet
T007866,S019,P0263,C01117,3,3567.34,2026-06-09 21:23:00,UPI
T007867,S003,P0123,C02236,3,9485.28,2026-05-31 12:45:00,UPI
T007868,S022,P0109,C01406,3,8805.73,2026-01-06 15:27:00,Card
T007869,S011,P0451,C00718,3,1385.33,2026-01-01 17:15:00,Wallet
T007870,S017,P0235,C00061,1,1653.62,2026-05-20 14:50:00,UPI
T007871,S011,P0539,C02025,2,8771.46,2026-03-19 00:05:00,Cash
T007872,S005,P0180,C00919,1,6342.79,2026-04-18 16:54:00,Card
T007873,S006,P0657,C02998,4,9529.9,2026-04-04 14:05:00,Wallet
T007874,S004,P0708,C01526,2,3265.42,2026-01-06 05:47:00,Cash
T007875,S008,P0173,C01996,2,8537.22,2026-01-12 18:37:00,UPI
T007876,S008,P0124,C02872,3,9076.76,2026-01-03 22:42:00,Cash
T007877,S013,P0070,C02983,4,8064.57,2026-01-27 19:17:00,Card
T007878,S015,P0556,C00650,4,1057.73,2026-02-13 20:18:00,Wallet
T007879,S015,P0776,C01497,5,994.43,2026-01-12 05:39:00,Card
T007880,S004,P0477,C01806,4,4461.51,2026-02-17 02:39:00,Cash
T007881,S007,P0418,C00109,3,8063.59,2026-04-06 10:12:00,Cash
T007882,S021,P0404,C02994,3,8557.91,2026-03-02 21:09:00,Wallet
T007883,S013,P0294,C00250,5,5075.12,2026-01-09 09:32:00,Card
T007884,S014,P0266,C02829,5,4596.66,2026-03-08 18:30:00,Wallet
T007885,S025,P0097,C01750,3,1527.35,2026-05-27 01:10:00,Wallet
T007886,S019,P0163,C02516,2,6843.99,2026-05-30 07:41:00,UPI
T007887,S025,P0782,C02038,4,5850.54,2026-02-14 05:21:00,Card
T007888,S008,P0399,C00080,3,2476.48,2026-03-31 06:34:00,UPI
T007889,S001,P0557,C00264,1,6068.55,2026-03-05 07:02:00,UPI
T007890,S018,P0033,C01975,4,8396.28,2026-02-14 00:13:00,Card
T007891,S024,P0120,C02124,2,6904.92,2026-02-12 08:21:00,Wallet
T007892,S003,P0209,C01953,3,3404.12,2026-04-02 02:17:00,Wallet
T007893,S006,P0696,C00196,2,916.89,2026-01-11 05:15:00,Card
T007894,S003,P0326,C00232,5,6655.54,2026-04-06 22:15:00,Card
T007895,S006,P0237,C02560,2,3411.61,2026-03-26 11:44:00,Wallet
T007896,S012,P0265,C02657,3,3344.68,2026-01-16 03:52:00,Cash
T007897,S024,P0676,C02841,3,157.32,2026-06-08 07:43:00,Cash
T007898,S006,P0788,C01160,4,2185.3,2026-03-28 09:40:00,Wallet
T007899,S006,P0532,C02025,5,6385.3,2026-03-26 23:18:00,Cash
T007900,S003,P0290,C01794,4,8671.94,2026-01-09 07:42:00,Wallet
T007901,S013,P0320,C00098,4,5892.08,2026-04-14 19:49:00,Wallet
T007902,S024,P0461,C02329,5,3995.16,2026-05-10 18:55:00,Cash
T007903,S004,P0129,C00024,4,8288.85,2026-05-24 09:43:00,Card
T007904,S018,P0484,C01758,5,8222.21,2026-06-27 07:06:00,Card
T007905,S003,P0196,C01855,4,4393.61,2026-06-09 06:36:00,Card
T007906,S007,P0325,C02952,5,9797.44,2026-03-04 06:34:00,UPI
T007907,S025,P0558,C02017,5,7592.43,2026-02-11 10:03:00,Wallet
T007908,S003,P0578,C00120,5,6474.47,2026-03-05 13:27:00,Card
T007909,S003,P0513,C00315,2,5966.04,2026-02-11 20:12:00,Card
T007910,S023,P0416,C00890,3,4705.01,2026-04-20 04:30:00,UPI
T007911,S003,P0375,C01780,4,1939.64,2026-01-02 18:20:00,UPI
T007912,S006,P0178,C01593,2,5673.27,2026-01-07 11:50:00,Cash
T007913,S007,P0775,C00419,5,1219.32,2026-05-25 18:22:00,Card
T007914,S025,P0325,C01718,2,9797.44,2026-06-15 07:52:00,Cash
T007915,S022,P0298,C00942,4,5929.04,2026-02-01 04:18:00,Card
T007916,S009,P0555,C00753,5,2733.2,2026-03-10 09:13:00,UPI
T007917,S012,P0742,C00407,2,8185.79,2026-01-24 05:31:00,Card
T007918,S008,P0060,C00177,3,294.15,2026-05-29 01:57:00,Card
T007919,S018,P0048,C02305,1,1430.43,2026-04-24 11:22:00,Card
T007920,S005,P0513,C02662,1,5966.04,2026-06-03 13:24:00,Cash
T007921,S022,P0494,C02531,4,7697.7,2026-03-22 20:52:00,Wallet
T007922,S017,P0442,C02708,4,3354.53,2026-06-03 20:59:00,Card
T007923,S016,P0027,C00790,1,8581.06,2026-02-04 01:55:00,Card
T007924,S020,P0612,C01092,1,3735.5,2026-01-31 04:52:00,Card
T007925,S007,P0487,C01435,1,5663.34,2026-03-04 16:56:00,Wallet
T007926,S009,P0426,C02795,5,9983.21,2026-04-13 06:45:00,UPI
T007927,S023,P0311,C02675,1,9144.98,2026-01-20 16:25:00,Wallet
T007928,S004,P0507,C02308,5,8483.65,2026-04-28 10:32:00,Cash
T007929,S005,P0335,C00280,5,3766.76,2026-05-31 12:41:00,UPI
T007930,S020,P0521,C02957,3,4330.23,2026-03-13 05:27:00,Wallet
T007931,S011,P0359,C01023,5,2458.76,2026-01-17 00:30:00,UPI
T007932,S012,P0584,C01075,1,8485.47,2026-04-09 06:13:00,Wallet
T007933,S021,P0553,C01188,3,3486.3,2026-06-02 09:09:00,Card
T007934,S004,P0711,C01033,1,1928.92,2026-06-14 03:10:00,UPI
T007935,S018,P0473,C01490,2,1487.53,2026-05-25 06:56:00,Wallet
T007936,S016,P0725,C02492,5,7432.08,2026-04-25 11:40:00,Card
T007937,S024,P0143,C01392,4,3093.82,2026-06-09 03:20:00,Cash
T007938,S011,P0049,C00528,2,5730.67,2026-05-31 04:31:00,Card
T007939,S025,P0736,C00482,2,3312.16,2026-02-16 13:30:00,Card
T007940,S009,P0487,C00692,3,5663.34,2026-04-25 02:35:00,Cash
T007941,S011,P0694,C02336,3,614.19,2026-06-29 07:49:00,UPI
T007942,S015,P0254,C02790,1,7277.48,2026-01-26 16:26:00,Cash
T007943,S009,P0559,C00543,3,3769.77,2026-04-06 07:55:00,Wallet
T007944,S008,P0481,C01804,2,580.78,2026-04-13 04:22:00,Wallet
T007945,S017,P0453,C02732,4,5915.17,2026-04-19 09:21:00,Card
T007946,S011,P0578,C00045,4,6474.47,2026-05-02 10:52:00,UPI
T007947,S001,P0417,C00826,5,4565.4,2026-02-08 22:47:00,Wallet
T007948,S025,P0437,C00742,4,4248.56,2026-05-11 21:29:00,Wallet
T007949,S020,P0637,C01225,1,797.52,2026-04-13 08:35:00,UPI
T007950,S024,P0471,C00855,4,6734.93,2026-04-09 03:30:00,Card
T007951,S016,P0174,C02529,1,2919.87,2026-02-06 23:56:00,Wallet
T007952,S007,P0281,C02183,1,8900.67,2026-01-07 21:11:00,Wallet
T007953,S010,P0071,C01171,3,5958.46,2026-04-19 04:06:00,Cash
T007954,S020,P0026,C02781,2,5582.77,2026-04-25 07:48:00,UPI
T007955,S011,P0627,C01484,4,556.05,2026-01-07 00:09:00,UPI
T007956,S009,P0682,C01331,5,4013.05,2026-05-27 20:14:00,Cash
T007957,S019,P0073,C02619,3,5094.93,2026-02-10 22:31:00,Card
T007958,S011,P0130,C02203,2,7163.28,2026-05-17 09:10:00,Wallet
T007959,S005,P0035,C02905,2,6699.1,2026-03-22 04:41:00,Card
T007960,S022,P0366,C00263,1,6806.89,2026-03-11 02:05:00,Wallet
T007961,S021,P0792,C01230,5,8389.63,2026-02-18 05:40:00,Wallet
T007962,S008,P0194,C01702,5,3478.21,2026-06-30 03:36:00,UPI
T007963,S013,P0359,C02208,3,2458.76,2026-01-17 12:04:00,UPI
T007964,S008,P0486,C00025,3,4214.23,2026-06-26 07:51:00,Cash
T007965,S016,P0687,C02860,1,2919.51,2026-03-26 12:06:00,Cash
T007966,S015,P0621,C00785,1,8632.83,2026-01-03 10:50:00,Card
T007967,S018,P0433,C00269,1,4344.05,2026-01-25 09:14:00,Cash
T007968,S021,P0335,C01627,2,3766.76,2026-02-23 04:45:00,UPI
T007969,S022,P0774,C01028,4,1562.02,2026-01-26 19:51:00,Wallet
T007970,S011,P0107,C00736,4,992.48,2026-06-13 03:35:00,UPI
T007971,S020,P0541,C02194,5,5901.19,2026-03-18 08:06:00,Wallet
T007972,S011,P0369,C01373,5,4587.77,2026-06-20 01:41:00,Card
T007973,S022,P0485,C02419,5,7988.55,2026-05-13 15:04:00,Wallet
T007974,S014,P0552,C02096,1,947.5,2026-05-05 20:10:00,Wallet
T007975,S020,P0528,C02601,1,3900.97,2026-04-29 21:46:00,Wallet
T007976,S019,P0338,C00320,1,2418.15,2026-02-05 08:54:00,Wallet
T007977,S023,P0293,C02638,3,9576.2,2026-04-30 20:39:00,Wallet
T007978,S016,P0199,C00741,1,6222.14,2026-02-02 12:46:00,Wallet
T007979,S011,P0522,C01323,3,5572.24,2026-06-27 08:34:00,Wallet
T007980,S001,P0293,C01954,4,9576.2,2026-02-03 05:14:00,Wallet
T007981,S024,P0041,C02134,3,7624.7,2026-01-24 17:07:00,Cash
T007982,S022,P0566,C02956,5,6373.4,2026-05-20 08:03:00,Card
T007983,S014,P0320,C02214,3,5892.08,2026-03-07 21:26:00,Cash
T007984,S006,P0771,C02946,2,3548.02,2026-06-22 10:58:00,Wallet
T007985,S003,P0723,C01496,3,1751.66,2026-06-29 18:25:00,UPI
T007986,S012,P0744,C01318,4,2393.06,2026-01-29 20:09:00,Card
T007987,S003,P0485,C01860,1,7988.55,2026-02-16 00:15:00,Cash
T007988,S013,P0393,C00663,4,533.66,2026-03-19 18:31:00,UPI
T007989,S005,P0553,C00233,3,3486.3,2026-05-04 16:48:00,Wallet
T007990,S002,P0602,C00613,1,8981.46,2026-01-11 14:43:00,Cash
T007991,S004,P0261,C01631,2,5766.11,2026-05-07 21:38:00,Wallet
T007992,S002,P0737,C01137,4,4141.59,2026-04-08 19:36:00,Wallet
T007993,S019,P0703,C01646,3,6202.03,2026-02-20 07:07:00,Card
T007994,S011,P0165,C00978,4,384.86,2026-03-02 05:48:00,Cash
T007995,S017,P0712,C02207,2,3112.13,2026-05-31 20:07:00,Card
T007996,S021,P0744,C00922,2,2393.06,2026-05-23 14:40:00,UPI
T007997,S021,P0270,C02382,2,8731.95,2026-04-01 03:15:00,Card
T007998,S011,P0367,C01170,5,8513.3,2026-04-02 21:04:00,Card
T007999,S024,P0514,C02582,2,4318.77,2026-01-15 05:39:00,UPI
T008000,S011,P0404,C01760,4,8557.91,2026-03-29 15:56:00,Card
T008001,S015,P0265,C02048,5,3344.68,2026-05-19 22:42:00,UPI
T008002,S001,P0036,C02325,1,1558.0,2026-03-16 14:47:00,Card
T008003,S002,P0550,C00338,1,2666.58,2026-03-12 01:57:00,UPI
T008004,S013,P0211,C00688,4,465.47,2026-05-14 11:23:00,Wallet
T008005,S001,P0093,C01911,5,5751.64,2026-06-12 17:11:00,Wallet
T008006,S023,P0263,C01264,5,3567.34,2026-04-02 17:59:00,UPI
T008007,S023,P0401,C00589,4,8837.96,2026-05-16 06:33:00,Wallet
T008008,S001,P0797,C01696,3,2938.01,2026-05-19 05:51:00,Card
T008009,S025,P0750,C02495,3,4603.74,2026-03-24 23:52:00,Card
T008010,S005,P0363,C00256,1,3200.47,2026-04-22 16:18:00,Card
T008011,S007,P0588,C00477,3,6830.81,2026-02-04 13:48:00,Cash
T008012,S019,P0208,C01870,3,2092.25,2026-02-14 00:36:00,Card
T008013,S015,P0493,C00300,5,534.0,2026-05-11 09:05:00,Wallet
T008014,S013,P0764,C01616,1,9223.74,2026-04-12 16:27:00,Card
T008015,S025,P0296,C00559,5,8312.94,2026-02-02 22:28:00,Card
T008016,S004,P0218,C02174,1,5916.82,2026-05-30 05:44:00,UPI
T008017,S004,P0783,C01944,1,7059.62,2026-04-03 10:24:00,Wallet
T008018,S013,P0473,C01203,3,1487.53,2026-02-25 21:45:00,UPI
T008019,S018,P0553,C00906,3,3486.3,2026-03-23 12:44:00,Wallet
T008020,S016,P0272,C02354,1,1528.03,2026-01-21 19:59:00,Cash
T008021,S025,P0010,C01867,5,9207.97,2026-04-11 05:45:00,Card
T008022,S008,P0098,C00541,2,4449.81,2026-05-23 05:25:00,UPI
T008023,S009,P0327,C02796,2,4651.01,2026-02-14 06:15:00,Wallet
T008024,S016,P0387,C00709,1,9206.54,2026-03-31 00:17:00,Cash
T008025,S025,P0074,C02615,1,2079.76,2026-01-28 18:12:00,Card
T008026,S010,P0464,C01428,1,9923.66,2026-02-16 12:02:00,UPI
T008027,S024,P0389,C01148,5,8090.99,2026-06-19 21:41:00,Wallet
T008028,S022,P0712,C01575,5,3112.13,2026-04-14 05:44:00,Card
T008029,S022,P0195,C02497,4,873.38,2026-03-18 15:15:00,Card
T008030,S017,P0664,C00536,4,4113.17,2026-02-14 18:51:00,Wallet
T008031,S010,P0033,C00653,5,8396.28,2026-04-16 06:26:00,Wallet
T008032,S012,P0221,C01474,3,6255.24,2026-05-31 08:35:00,UPI
T008033,S022,P0070,C00579,1,8064.57,2026-02-16 22:03:00,UPI
T008034,S023,P0269,C02772,5,6799.54,2026-01-04 03:05:00,Cash
T008035,S011,P0133,C01318,2,7293.41,2026-02-13 05:32:00,Cash
T008036,S025,P0243,C00031,1,1465.14,2026-03-04 09:20:00,Wallet
T008037,S024,P0374,C01113,5,3617.37,2026-01-23 09:48:00,Wallet
T008038,S010,P0060,C01380,5,294.15,2026-05-26 19:34:00,Cash
T008039,S019,P0370,C02777,5,3461.2,2026-02-14 20:16:00,UPI
T008040,S025,P0267,C01283,2,910.28,2026-01-03 00:27:00,UPI
T008041,S021,P0005,C00561,1,6938.1,2026-06-05 23:58:00,Card
T008042,S001,P0517,C02234,4,9679.49,2026-06-17 14:15:00,Wallet
T008043,S001,P0075,C01012,4,6747.45,2026-04-11 05:48:00,Cash
T008044,S004,P0135,C00274,2,9762.67,2026-06-27 15:08:00,UPI
T008045,S018,P0035,C01173,4,6699.1,2026-01-11 04:35:00,Wallet
T008046,S005,P0624,C01932,3,8528.36,2026-04-15 13:36:00,UPI
T008047,S010,P0042,C00248,5,2098.12,2026-01-01 08:57:00,Wallet
T008048,S012,P0322,C01228,2,3075.32,2026-03-29 01:47:00,Cash
T008049,S013,P0725,C01776,5,7432.08,2026-05-29 12:19:00,Card
T008050,S002,P0188,C00678,5,6641.47,2026-04-21 06:37:00,Cash
T008051,S015,P0273,C01161,1,1379.91,2026-02-17 02:16:00,UPI
T008052,S016,P0019,C01423,4,1889.4,2026-05-03 09:43:00,Card
T008053,S020,P0615,C02999,2,6966.89,2026-06-15 01:20:00,Card
T008054,S025,P0715,C02641,4,962.59,2026-01-05 07:54:00,UPI
T008055,S009,P0477,C00038,4,4461.51,2026-06-07 02:33:00,Wallet
T008056,S011,P0146,C02929,2,8790.18,2026-01-13 02:52:00,Card
T008057,S022,P0576,C02592,5,6691.73,2026-05-28 07:29:00,Cash
T008058,S021,P0085,C01893,3,7989.74,2026-03-04 12:39:00,Card
T008059,S016,P0056,C01246,4,4337.67,2026-02-21 18:23:00,UPI
T008060,S007,P0041,C01255,5,7624.7,2026-06-08 06:03:00,UPI
T008061,S005,P0704,C01830,4,4131.24,2026-02-04 05:28:00,Wallet
T008062,S011,P0255,C00697,3,2214.97,2026-03-18 15:49:00,Card
T008063,S024,P0560,C00646,4,9414.81,2026-01-24 02:57:00,Cash
T008064,S005,P0222,C02288,2,1377.06,2026-06-01 07:35:00,Wallet
T008065,S011,P0781,C00661,2,5370.5,2026-04-08 00:11:00,UPI
T008066,S017,P0436,C00853,3,5047.02,2026-06-27 01:35:00,Card
T008067,S008,P0467,C00966,2,5109.04,2026-04-18 00:43:00,UPI
T008068,S009,P0074,C01066,4,2079.76,2026-05-16 04:54:00,Wallet
T008069,S008,P0495,C01489,1,2593.21,2026-04-29 16:35:00,UPI
T008070,S003,P0617,C01339,3,1083.47,2026-06-18 01:16:00,Cash
T008071,S007,P0712,C00678,1,3112.13,2026-03-24 13:39:00,Wallet
T008072,S023,P0108,C00179,1,8607.23,2026-03-13 13:39:00,UPI
T008073,S007,P0283,C01108,2,8716.22,2026-01-29 23:23:00,UPI
T008074,S018,P0373,C00178,5,9052.26,2026-04-18 01:52:00,UPI
T008075,S009,P0595,C02407,2,3060.11,2026-05-02 14:52:00,UPI
T008076,S023,P0680,C02376,4,4165.12,2026-02-03 13:20:00,UPI
T008077,S016,P0057,C02987,5,657.85,2026-03-14 07:27:00,Wallet
T008078,S013,P0516,C01195,5,6096.93,2026-05-15 12:04:00,Cash
T008079,S005,P0336,C02136,3,2292.06,2026-01-03 00:30:00,Card
T008080,S015,P0360,C00759,4,5243.78,2026-05-27 11:06:00,Wallet
T008081,S011,P0536,C01441,4,2548.41,2026-02-28 15:48:00,Cash
T008082,S010,P0710,C01781,3,4772.38,2026-02-14 06:49:00,Card
T008083,S016,P0596,C00719,4,3439.36,2026-03-11 14:27:00,Cash
T008084,S007,P0024,C00355,5,3347.34,2026-01-24 15:10:00,Card
T008085,S015,P0369,C00535,4,4587.77,2026-04-19 22:29:00,Cash
T008086,S006,P0625,C01145,2,5109.87,2026-02-07 07:36:00,Card
T008087,S002,P0093,C01739,4,5751.64,2026-06-22 03:47:00,Cash
T008088,S004,P0179,C00782,5,8127.84,2026-02-22 06:45:00,Cash
T008089,S003,P0624,C02243,4,8528.36,2026-04-16 03:54:00,Cash
T008090,S022,P0186,C00090,2,5553.84,2026-01-04 21:56:00,Cash
T008091,S020,P0468,C02043,4,6423.78,2026-06-08 08:50:00,Card
T008092,S002,P0124,C00725,3,9076.76,2026-03-14 03:10:00,Cash
T008093,S013,P0604,C01006,5,6814.35,2026-04-22 10:13:00,Card
T008094,S003,P0385,C00601,2,4244.08,2026-02-05 06:49:00,Wallet
T008095,S007,P0347,C02619,3,6444.57,2026-01-26 13:16:00,Card
T008096,S021,P0749,C01913,2,786.6,2026-03-31 09:25:00,Cash
T008097,S007,P0495,C01917,4,2593.21,2026-03-15 03:58:00,UPI
T008098,S011,P0793,C02938,4,3714.92,2026-02-20 15:41:00,Cash
T008099,S014,P0522,C00586,4,5572.24,2026-02-15 15:50:00,Cash
T008100,S020,P0308,C02579,4,4979.5,2026-05-01 22:28:00,UPI
T008101,S019,P0354,C02769,5,9782.15,2026-04-10 17:51:00,Wallet
T008102,S021,P0225,C02603,1,3650.99,2026-04-03 16:16:00,Card
T008103,S011,P0730,C02014,5,3102.76,2026-04-18 01:04:00,UPI
T008104,S021,P0275,C02742,3,7489.31,2026-04-19 23:38:00,Card
T008105,S014,P0581,C02147,2,7430.75,2026-02-23 08:34:00,Wallet
T008106,S001,P0420,C00469,5,6488.01,2026-06-04 09:58:00,Wallet
T008107,S013,P0321,C00097,3,1697.02,2026-02-16 21:17:00,UPI
T008108,S025,P0102,C02936,3,7184.15,2026-01-12 09:28:00,Cash
T008109,S016,P0373,C00397,1,9052.26,2026-04-20 02:22:00,Cash
T008110,S004,P0610,C02563,5,6910.04,2026-05-02 11:11:00,Wallet
T008111,S004,P0774,C02482,4,1562.02,2026-03-29 03:24:00,UPI
T008112,S020,P0382,C02273,5,7873.11,2026-05-11 18:47:00,UPI
T008113,S024,P0066,C01999,1,5076.41,2026-04-23 00:40:00,Wallet
T008114,S001,P0130,C02428,4,7163.28,2026-01-23 16:52:00,UPI
T008115,S017,P0747,C00763,4,9438.22,2026-06-08 21:00:00,Card
T008116,S025,P0658,C00479,3,6391.79,2026-05-25 06:26:00,Wallet
T008117,S006,P0173,C02655,3,8537.22,2026-02-14 10:13:00,UPI
T008118,S021,P0400,C00199,3,8795.04,2026-06-28 06:14:00,UPI
T008119,S020,P0797,C00396,4,2938.01,2026-01-11 05:45:00,Wallet
T008120,S011,P0428,C02499,1,9462.57,2026-03-15 19:07:00,Cash
T008121,S013,P0253,C01367,2,933.38,2026-02-26 15:11:00,Card
T008122,S010,P0753,C00276,5,7657.11,2026-03-20 09:06:00,Wallet
T008123,S023,P0086,C02384,1,5641.27,2026-03-10 02:39:00,Card
T008124,S016,P0683,C01013,2,8931.71,2026-05-08 05:44:00,UPI
T008125,S008,P0033,C02856,4,8396.28,2026-02-26 09:10:00,Card
T008126,S020,P0349,C01851,3,6832.72,2026-03-30 14:37:00,Card
T008127,S002,P0124,C00742,2,9076.76,2026-03-27 06:42:00,Card
T008128,S019,P0307,C02084,5,2471.27,2026-05-09 13:16:00,UPI
T008129,S007,P0333,C01679,3,9722.19,2026-05-27 08:43:00,UPI
T008130,S024,P0454,C00564,1,2095.86,2026-04-25 19:27:00,UPI
T008131,S013,P0662,C02679,3,8101.63,2026-01-03 05:38:00,Card
T008132,S017,P0790,C00274,1,6990.61,2026-04-02 10:00:00,Wallet
T008133,S001,P0781,C02992,4,5370.5,2026-05-18 12:37:00,UPI
T008134,S018,P0580,C02202,4,2979.67,2026-02-27 12:55:00,Card
T008135,S010,P0359,C00082,3,2458.76,2026-02-05 14:16:00,Cash
T008136,S004,P0371,C02538,2,5918.35,2026-05-24 19:22:00,UPI
T008137,S012,P0228,C00390,2,1293.81,2026-01-11 09:35:00,Cash
T008138,S019,P0454,C00015,5,2095.86,2026-06-26 15:57:00,Wallet
T008139,S008,P0198,C01049,1,6947.88,2026-02-14 06:45:00,Cash
T008140,S009,P0667,C00088,3,6112.0,2026-05-13 14:48:00,UPI
T008141,S025,P0461,C01687,3,3995.16,2026-06-30 09:05:00,Wallet
T008142,S022,P0113,C02662,5,3582.38,2026-01-17 22:17:00,Wallet
T008143,S009,P0709,C00533,5,104.31,2026-01-04 00:06:00,Card
T008144,S007,P0419,C02246,1,343.71,2026-06-02 11:34:00,UPI
T008145,S025,P0303,C01365,2,9525.43,2026-02-28 17:05:00,Cash
T008146,S025,P0567,C02663,1,2411.23,2026-03-28 21:21:00,Wallet
T008147,S025,P0137,C00093,4,947.81,2026-03-22 16:26:00,Cash
T008148,S009,P0747,C01421,5,9438.22,2026-03-10 05:57:00,Cash
T008149,S006,P0549,C01235,1,1936.82,2026-01-24 13:20:00,Card
T008150,S013,P0166,C01817,4,6319.73,2026-03-13 08:00:00,UPI
T008151,S002,P0133,C00393,5,7293.41,2026-03-24 20:08:00,Wallet
T008152,S005,P0776,C01777,4,994.43,2026-06-04 00:32:00,Cash
T008153,S007,P0182,C01838,5,5319.06,2026-01-09 19:51:00,Cash
T008154,S004,P0261,C01111,3,5766.11,2026-02-26 16:16:00,UPI
T008155,S010,P0416,C01803,4,4705.01,2026-05-17 02:39:00,Card
T008156,S007,P0067,C00032,5,3696.01,2026-03-09 22:56:00,UPI
T008157,S010,P0426,C00855,3,9983.21,2026-04-20 01:42:00,Card
T008158,S001,P0744,C02007,1,2393.06,2026-03-20 16:40:00,Cash
T008159,S024,P0172,C01359,4,9652.99,2026-06-15 21:40:00,Cash
T008160,S015,P0277,C00759,2,3757.9,2026-04-16 03:12:00,Card
T008161,S019,P0346,C00864,3,6837.74,2026-03-17 07:34:00,Wallet
T008162,S014,P0129,C01276,5,8288.85,2026-04-27 17:14:00,Card
T008163,S025,P0170,C00661,3,7462.62,2026-05-14 08:56:00,Card
T008164,S006,P0345,C00108,2,1998.33,2026-03-12 07:14:00,Wallet
T008165,S021,P0457,C01072,4,5802.71,2026-04-28 01:44:00,UPI
T008166,S009,P0198,C00943,5,6947.88,2026-04-12 12:48:00,Wallet
T008167,S001,P0114,C00900,4,4586.29,2026-01-22 18:30:00,Cash
T008168,S024,P0541,C02024,4,5901.19,2026-04-26 22:14:00,Cash
T008169,S003,P0144,C00667,2,9682.77,2026-03-31 14:11:00,Card
T008170,S024,P0741,C00185,1,7252.76,2026-03-07 14:08:00,Cash
T008171,S007,P0013,C02597,2,3585.81,2026-04-30 04:29:00,Cash
T008172,S008,P0137,C00194,2,947.81,2026-06-23 13:14:00,Wallet
T008173,S010,P0656,C00864,5,8003.84,2026-03-01 13:47:00,Cash
T008174,S002,P0787,C00861,3,1525.99,2026-05-22 02:17:00,UPI
T008175,S022,P0129,C00398,3,8288.85,2026-04-05 22:29:00,Wallet
T008176,S013,P0246,C02225,2,938.3,2026-03-18 23:41:00,Wallet
T008177,S021,P0426,C02318,3,9983.21,2026-01-23 17:43:00,Card
T008178,S013,P0417,C01388,5,4565.4,2026-04-06 17:39:00,Cash
T008179,S019,P0632,C00291,5,6060.23,2026-06-05 19:29:00,Wallet
T008180,S023,P0556,C02846,3,1057.73,2026-01-09 02:02:00,UPI
T008181,S010,P0226,C02908,3,1828.68,2026-02-08 15:27:00,Cash
T008182,S023,P0744,C01314,2,2393.06,2026-05-02 23:44:00,Card
T008183,S016,P0611,C01597,4,7798.54,2026-02-12 19:41:00,Card
T008184,S010,P0504,C01292,5,2455.83,2026-01-29 00:22:00,Card
T008185,S017,P0555,C00857,1,2733.2,2026-05-13 10:30:00,Wallet
T008186,S013,P0112,C01629,4,8260.57,2026-03-27 01:23:00,Card
T008187,S017,P0250,C01227,2,9100.39,2026-06-28 15:30:00,UPI
T008188,S011,P0618,C00335,1,4111.77,2026-06-16 19:11:00,Cash
T008189,S017,P0750,C00461,4,4603.74,2026-04-09 00:41:00,Card
T008190,S015,P0303,C02481,4,9525.43,2026-03-16 08:03:00,UPI
T008191,S022,P0775,C01460,3,1219.32,2026-04-04 14:03:00,UPI
T008192,S002,P0073,C02764,3,5094.93,2026-04-20 01:08:00,Wallet
T008193,S016,P0381,C02634,3,4277.41,2026-03-28 01:14:00,Wallet
T008194,S014,P0362,C00392,2,945.79,2026-02-28 08:27:00,Wallet
T008195,S020,P0701,C02624,3,1291.57,2026-04-24 09:06:00,UPI
T008196,S012,P0470,C01461,2,205.3,2026-04-19 20:12:00,UPI
T008197,S009,P0206,C02104,2,7412.93,2026-05-11 08:23:00,Cash
T008198,S007,P0424,C00673,5,3403.2,2026-02-24 00:55:00,Card
T008199,S011,P0310,C02731,5,747.04,2026-04-12 16:29:00,Wallet
T008200,S023,P0339,C00445,3,2878.49,2026-06-15 15:01:00,Card
T008201,S002,P0159,C02888,2,8365.04,2026-06-20 07:12:00,Cash
T008202,S011,P0499,C01643,1,3884.48,2026-01-06 13:48:00,Wallet
T008203,S022,P0459,C01673,3,4208.02,2026-05-01 23:55:00,Wallet
T008204,S019,P0086,C00688,3,5641.27,2026-01-31 18:42:00,Card
T008205,S004,P0236,C01223,3,7351.26,2026-02-04 06:14:00,Cash
T008206,S013,P0392,C01990,5,1508.78,2026-02-16 14:21:00,Card
T008207,S012,P0522,C02405,2,5572.24,2026-04-16 16:13:00,Card
T008208,S021,P0630,C00414,3,6658.91,2026-05-28 21:55:00,Card
T008209,S021,P0485,C00874,3,7988.55,2026-03-13 02:46:00,Card
T008210,S008,P0628,C00196,5,1483.56,2026-06-07 00:33:00,UPI
T008211,S023,P0779,C00329,4,1467.39,2026-05-12 15:25:00,Wallet
T008212,S009,P0459,C02826,3,4208.02,2026-05-11 22:05:00,Wallet
T008213,S015,P0537,C01790,5,1254.63,2026-05-10 14:42:00,Card
T008214,S003,P0135,C00014,4,9762.67,2026-03-26 07:26:00,UPI
T008215,S009,P0100,C01655,5,5501.88,2026-05-09 11:14:00,Cash
T008216,S005,P0118,C02717,5,8483.91,2026-06-23 20:24:00,Wallet
T008217,S022,P0771,C02470,4,3548.02,2026-01-12 13:13:00,UPI
T008218,S022,P0517,C02929,4,9679.49,2026-05-01 07:00:00,UPI
T008219,S008,P0731,C00467,3,5565.29,2026-05-27 14:09:00,Wallet
T008220,S025,P0275,C00086,3,7489.31,2026-02-22 10:23:00,Cash
T008221,S019,P0080,C02367,1,7488.69,2026-06-24 05:46:00,Cash
T008222,S018,P0736,C02861,5,3312.16,2026-06-28 17:34:00,Cash
T008223,S016,P0673,C00498,1,7405.45,2026-06-27 21:05:00,Cash
T008224,S010,P0173,C01600,1,8537.22,2026-05-09 16:26:00,Card
T008225,S001,P0146,C01819,3,8790.18,2026-04-13 00:49:00,Cash
T008226,S006,P0367,C00336,2,8513.3,2026-03-22 21:45:00,Cash
T008227,S021,P0514,C02318,2,4318.77,2026-03-24 00:44:00,Wallet
T008228,S002,P0031,C02293,1,739.63,2026-06-21 21:44:00,Card
T008229,S008,P0354,C01856,3,9782.15,2026-03-19 19:29:00,UPI
T008230,S002,P0570,C02321,1,1364.83,2026-02-05 04:44:00,UPI
T008231,S006,P0319,C02646,5,8409.93,2026-01-31 23:42:00,Cash
T008232,S005,P0412,C00150,1,4018.41,2026-04-27 02:00:00,Cash
T008233,S019,P0266,C02735,5,4596.66,2026-03-09 22:06:00,Wallet
T008234,S004,P0183,C01640,2,4734.37,2026-05-24 14:25:00,Cash
T008235,S001,P0054,C02098,1,8384.65,2026-06-29 02:39:00,Wallet
T008236,S009,P0448,C01812,1,1800.07,2026-05-20 13:42:00,Card
T008237,S022,P0756,C02369,3,8540.93,2026-06-24 15:06:00,Wallet
T008238,S011,P0614,C00076,2,5908.82,2026-01-08 13:53:00,Cash
T008239,S009,P0687,C00189,4,2919.51,2026-04-11 07:01:00,Card
T008240,S006,P0764,C02676,5,9223.74,2026-02-17 02:05:00,Card
T008241,S009,P0369,C02329,5,4587.77,2026-01-18 13:43:00,Wallet
T008242,S018,P0408,C02552,1,5035.02,2026-02-11 19:43:00,Wallet
T008243,S003,P0290,C02124,3,8671.94,2026-06-23 00:30:00,Card
T008244,S010,P0083,C00609,2,6898.86,2026-05-02 06:32:00,Wallet
T008245,S021,P0036,C01435,5,1558.0,2026-05-29 19:50:00,Card
T008246,S023,P0776,C02047,1,994.43,2026-02-15 17:22:00,Wallet
T008247,S008,P0150,C01900,2,2899.96,2026-06-07 02:44:00,Cash
T008248,S023,P0143,C01603,3,3093.82,2026-06-22 19:20:00,Card
T008249,S008,P0391,C00366,1,828.94,2026-05-18 05:27:00,Wallet
T008250,S016,P0060,C02898,3,294.15,2026-05-06 04:05:00,UPI
T008251,S017,P0443,C00663,5,1796.09,2026-05-24 05:15:00,Cash
T008252,S017,P0510,C01531,3,1916.1,2026-04-18 23:58:00,Wallet
T008253,S014,P0046,C00216,5,4649.6,2026-03-24 06:57:00,Cash
T008254,S013,P0422,C00483,3,7879.15,2026-03-01 15:49:00,Cash
T008255,S021,P0527,C01003,5,4964.39,2026-01-24 15:37:00,Cash
T008256,S004,P0415,C02960,1,5235.33,2026-01-02 18:13:00,Wallet
T008257,S018,P0433,C02061,3,4344.05,2026-04-19 10:30:00,Wallet
T008258,S020,P0466,C01801,5,4158.95,2026-06-06 08:57:00,Cash
T008259,S020,P0237,C00562,3,3411.61,2026-02-13 13:49:00,Wallet
T008260,S020,P0785,C01377,2,9579.4,2026-05-31 09:57:00,Card
T008261,S003,P0043,C00930,4,5469.14,2026-02-10 01:01:00,Card
T008262,S008,P0129,C01549,1,8288.85,2026-02-22 23:44:00,Wallet
T008263,S024,P0115,C02591,3,6337.55,2026-06-01 18:16:00,Wallet
T008264,S024,P0658,C01169,2,6391.79,2026-06-25 22:41:00,Card
T008265,S015,P0403,C02192,2,9771.12,2026-03-02 02:58:00,UPI
T008266,S003,P0691,C00896,4,7534.79,2026-06-22 08:06:00,Wallet
T008267,S011,P0075,C02253,4,6747.45,2026-03-25 10:19:00,UPI
T008268,S004,P0468,C01167,4,6423.78,2026-06-25 21:50:00,Card
T008269,S011,P0041,C01030,4,7624.7,2026-06-03 23:37:00,Cash
T008270,S014,P0335,C01548,3,3766.76,2026-01-05 03:51:00,Wallet
T008271,S024,P0227,C02828,4,3442.57,2026-03-14 12:14:00,Card
T008272,S022,P0401,C00799,5,8837.96,2026-05-25 20:50:00,UPI
T008273,S022,P0214,C02536,2,2750.7,2026-04-18 15:20:00,Card
T008274,S010,P0181,C00864,1,9734.39,2026-01-07 12:59:00,Card
T008275,S016,P0100,C00233,2,5501.88,2026-06-03 06:07:00,Card
T008276,S015,P0032,C01238,5,5989.11,2026-01-17 21:03:00,Card
T008277,S025,P0511,C02962,1,791.85,2026-03-29 18:23:00,UPI
T008278,S011,P0179,C00950,2,8127.84,2026-04-23 06:28:00,Wallet
T008279,S024,P0719,C02331,2,532.73,2026-01-01 12:33:00,Wallet
T008280,S020,P0645,C01930,3,9521.65,2026-03-08 20:43:00,UPI
T008281,S005,P0083,C00733,5,6898.86,2026-05-16 05:32:00,Card
T008282,S003,P0634,C00634,1,5542.5,2026-03-11 07:55:00,Card
T008283,S024,P0215,C01819,1,4997.41,2026-05-24 17:29:00,Cash
T008284,S023,P0329,C01943,3,141.36,2026-03-13 22:28:00,UPI
T008285,S002,P0678,C02263,3,4079.47,2026-03-04 01:51:00,Wallet
T008286,S021,P0723,C01216,5,1751.66,2026-06-28 05:00:00,UPI
T008287,S005,P0083,C00926,5,6898.86,2026-06-27 23:09:00,Card
T008288,S014,P0202,C01686,5,8603.22,2026-01-20 15:54:00,Cash
T008289,S005,P0639,C00982,5,4253.9,2026-05-18 03:48:00,Wallet
T008290,S008,P0575,C00919,1,9035.22,2026-04-17 16:05:00,UPI
T008291,S008,P0705,C00079,2,3427.16,2026-05-09 00:11:00,Card
T008292,S024,P0241,C01777,4,7179.48,2026-04-09 21:38:00,Card
T008293,S010,P0720,C01658,1,8925.71,2026-04-07 21:52:00,UPI
T008294,S003,P0291,C02044,4,5653.34,2026-03-11 22:38:00,Cash
T008295,S022,P0374,C01723,1,3617.37,2026-02-26 23:08:00,Cash
T008296,S004,P0549,C00442,5,1936.82,2026-01-30 11:43:00,UPI
T008297,S020,P0012,C01631,5,1540.01,2026-06-15 18:00:00,Cash
T008298,S006,P0678,C00620,5,4079.47,2026-05-29 01:46:00,Card
T008299,S016,P0242,C00261,5,1599.95,2026-01-27 12:57:00,Cash
T008300,S019,P0731,C02772,5,5565.29,2026-06-16 08:37:00,Card
T008301,S002,P0660,C02661,2,7325.53,2026-05-29 22:27:00,UPI
T008302,S020,P0040,C02785,5,1611.09,2026-02-06 22:19:00,UPI
T008303,S008,P0008,C01970,2,4742.92,2026-05-11 03:10:00,Card
T008304,S010,P0745,C00581,4,9030.46,2026-03-26 00:03:00,Wallet
T008305,S003,P0532,C00971,1,6385.3,2026-02-21 15:19:00,Cash
T008306,S017,P0274,C00507,1,6974.26,2026-01-12 03:54:00,Card
T008307,S005,P0315,C01104,3,7841.03,2026-05-02 01:51:00,Cash
T008308,S005,P0255,C01990,3,2214.97,2026-06-03 05:19:00,Cash
T008309,S016,P0613,C01230,1,1307.31,2026-04-16 21:31:00,Cash
T008310,S024,P0563,C01077,4,6057.9,2026-03-18 01:27:00,Wallet
T008311,S019,P0045,C00637,2,3896.94,2026-04-25 01:38:00,Card
T008312,S003,P0520,C02746,2,7626.21,2026-02-22 01:03:00,UPI
T008313,S015,P0618,C00270,3,4111.77,2026-05-12 21:28:00,UPI
T008314,S010,P0612,C00384,1,3735.5,2026-05-19 01:04:00,Card
T008315,S025,P0757,C02428,4,4855.21,2026-05-13 21:51:00,Card
T008316,S001,P0246,C01271,1,938.3,2026-01-17 15:30:00,Card
T008317,S002,P0309,C00592,3,2764.95,2026-02-10 13:43:00,Cash
T008318,S007,P0622,C02814,4,8024.08,2026-02-08 18:02:00,UPI
T008319,S014,P0058,C01543,2,6515.02,2026-02-12 20:30:00,Cash
T008320,S015,P0289,C00272,5,9583.99,2026-04-17 18:46:00,Wallet
T008321,S020,P0443,C02757,5,1796.09,2026-02-14 22:13:00,Wallet
T008322,S014,P0090,C02826,4,646.74,2026-03-17 10:12:00,Wallet
T008323,S014,P0719,C00766,5,532.73,2026-05-15 11:08:00,Card
T008324,S006,P0742,C00082,3,8185.79,2026-01-08 22:32:00,Wallet
T008325,S021,P0376,C02906,5,1363.04,2026-01-05 15:37:00,UPI
T008326,S003,P0060,C00383,3,294.15,2026-02-07 17:37:00,UPI
T008327,S024,P0740,C00120,5,9717.89,2026-05-10 22:31:00,Card
T008328,S007,P0353,C02427,2,908.91,2026-05-29 11:34:00,UPI
T008329,S004,P0397,C01412,1,306.84,2026-05-25 06:16:00,Wallet
T008330,S011,P0424,C02284,2,3403.2,2026-06-14 22:04:00,UPI
T008331,S017,P0328,C00623,5,9147.78,2026-04-30 21:32:00,UPI
T008332,S014,P0044,C01270,5,9529.55,2026-03-12 03:01:00,UPI
T008333,S019,P0374,C01124,4,3617.37,2026-01-20 14:18:00,UPI
T008334,S010,P0383,C00177,5,6977.34,2026-05-19 00:04:00,Cash
T008335,S024,P0674,C00357,4,9237.26,2026-04-19 20:13:00,UPI
T008336,S025,P0266,C00516,1,4596.66,2026-06-25 03:50:00,Cash
T008337,S017,P0491,C00863,1,3951.95,2026-06-03 13:08:00,Wallet
T008338,S011,P0573,C02225,4,1786.29,2026-01-29 05:51:00,Card
T008339,S006,P0396,C00919,2,2039.28,2026-05-01 13:51:00,Cash
T008340,S008,P0303,C00474,2,9525.43,2026-04-11 04:31:00,Card
T008341,S006,P0330,C02261,1,5601.33,2026-01-04 19:01:00,UPI
T008342,S024,P0062,C00884,4,2738.53,2026-01-09 18:06:00,Wallet
T008343,S008,P0016,C00116,2,9025.44,2026-02-04 00:34:00,Card
T008344,S007,P0326,C02223,2,6655.54,2026-03-03 21:19:00,Cash
T008345,S015,P0025,C01789,2,4622.76,2026-01-31 15:34:00,Cash
T008346,S016,P0686,C00339,3,8846.41,2026-01-15 21:41:00,UPI
T008347,S006,P0521,C02175,2,4330.23,2026-02-14 14:22:00,Wallet
T008348,S013,P0037,C01081,1,2580.83,2026-02-19 22:57:00,UPI
T008349,S009,P0320,C00921,3,5892.08,2026-03-09 09:34:00,Card
T008350,S004,P0731,C01247,5,5565.29,2026-03-10 07:27:00,Card
T008351,S015,P0315,C01418,3,7841.03,2026-03-25 20:18:00,Cash
T008352,S024,P0667,C01724,3,6112.0,2026-04-08 21:30:00,Card
T008353,S009,P0201,C00945,1,236.37,2026-06-16 06:16:00,UPI
T008354,S018,P0223,C00181,3,1097.95,2026-06-14 08:38:00,UPI
T008355,S022,P0513,C00485,3,5966.04,2026-03-27 17:48:00,Cash
T008356,S014,P0242,C01406,1,1599.95,2026-06-24 16:32:00,Card
T008357,S018,P0617,C00623,3,1083.47,2026-01-02 02:46:00,UPI
T008358,S009,P0752,C02444,5,3839.96,2026-02-15 00:22:00,UPI
T008359,S025,P0584,C02682,3,8485.47,2026-03-17 22:35:00,Card
T008360,S007,P0454,C00803,2,2095.86,2026-06-18 04:52:00,UPI
T008361,S023,P0181,C02519,2,9734.39,2026-03-18 05:32:00,Wallet
T008362,S013,P0759,C01446,3,652.17,2026-06-18 12:45:00,Cash
T008363,S005,P0674,C00243,2,9237.26,2026-02-25 13:55:00,UPI
T008364,S012,P0654,C02177,1,7103.27,2026-06-02 00:38:00,Card
T008365,S025,P0558,C02895,3,7592.43,2026-05-30 03:04:00,Wallet
T008366,S023,P0691,C02767,5,7534.79,2026-02-09 07:36:00,Card
T008367,S003,P0461,C02434,3,3995.16,2026-04-28 12:25:00,Card
T008368,S011,P0189,C01147,4,2622.12,2026-03-05 00:18:00,UPI
T008369,S020,P0560,C00774,3,9414.81,2026-02-16 18:49:00,UPI
T008370,S021,P0262,C01781,1,9830.21,2026-03-10 19:27:00,Card
T008371,S002,P0046,C00469,3,4649.6,2026-04-26 13:49:00,Wallet
T008372,S009,P0604,C02075,2,6814.35,2026-06-30 02:00:00,UPI
T008373,S003,P0006,C01843,4,7768.45,2026-03-05 20:49:00,Wallet
T008374,S024,P0647,C00246,1,7033.51,2026-04-07 22:09:00,UPI
T008375,S025,P0576,C02971,2,6691.73,2026-04-25 00:01:00,UPI
T008376,S020,P0452,C00990,3,8196.17,2026-02-03 10:01:00,Wallet
T008377,S012,P0208,C00718,1,2092.25,2026-03-04 12:48:00,Cash
T008378,S020,P0227,C02665,2,3442.57,2026-03-23 04:32:00,Wallet
T008379,S016,P0329,C00828,1,141.36,2026-06-26 10:31:00,Cash
T008380,S004,P0135,C02238,4,9762.67,2026-01-11 12:00:00,Card
T008381,S001,P0677,C00650,3,3602.54,2026-04-01 07:35:00,UPI
T008382,S019,P0034,C00552,3,7586.4,2026-06-28 14:30:00,Card
T008383,S018,P0506,C02904,3,6514.66,2026-03-07 17:06:00,UPI
T008384,S002,P0546,C00934,3,6578.76,2026-01-21 23:53:00,UPI
T008385,S016,P0190,C00596,5,1226.96,2026-05-17 15:00:00,Cash
T008386,S019,P0014,C02749,5,5097.6,2026-04-05 09:30:00,Wallet
T008387,S023,P0381,C02643,4,4277.41,2026-06-23 00:33:00,Cash
T008388,S003,P0140,C00938,3,1042.27,2026-03-04 13:39:00,UPI
T008389,S010,P0725,C00656,4,7432.08,2026-06-29 09:17:00,Card
T008390,S019,P0114,C02605,3,4586.29,2026-05-11 18:39:00,Card
T008391,S010,P0546,C02905,5,6578.76,2026-02-07 04:03:00,UPI
T008392,S023,P0397,C02958,2,306.84,2026-04-01 19:27:00,Cash
T008393,S021,P0293,C02012,4,9576.2,2026-04-26 17:00:00,Card
T008394,S014,P0497,C02633,5,1834.78,2026-03-05 17:40:00,Card
T008395,S001,P0633,C02752,2,2845.22,2026-04-05 09:26:00,Cash
T008396,S024,P0378,C00330,3,4747.29,2026-04-13 14:01:00,Wallet
T008397,S023,P0006,C01029,3,7768.45,2026-02-08 06:44:00,Card
T008398,S010,P0755,C00947,1,7943.76,2026-02-02 07:52:00,Card
T008399,S018,P0257,C02554,3,8913.16,2026-04-20 01:18:00,UPI
T008400,S017,P0371,C02323,5,5918.35,2026-04-08 13:45:00,Card
T008401,S016,P0708,C01594,5,3265.42,2026-04-29 20:37:00,Cash
T008402,S022,P0299,C00904,2,4425.47,2026-06-09 18:03:00,Wallet
T008403,S021,P0212,C00457,3,2394.87,2026-04-15 09:41:00,UPI
T008404,S008,P0147,C02496,1,7130.53,2026-05-30 02:30:00,UPI
T008405,S022,P0052,C02233,1,6206.7,2026-02-03 12:43:00,UPI
T008406,S003,P0228,C02488,1,1293.81,2026-05-29 10:35:00,UPI
T008407,S016,P0659,C01228,1,7727.73,2026-05-26 16:32:00,Cash
T008408,S018,P0383,C02340,4,6977.34,2026-06-20 05:56:00,Wallet
T008409,S007,P0173,C00295,4,8537.22,2026-02-04 01:43:00,Cash
T008410,S008,P0519,C01252,3,1759.88,2026-03-07 06:20:00,UPI
T008411,S009,P0342,C00874,3,6631.4,2026-06-04 17:54:00,Wallet
T008412,S017,P0345,C01453,1,1998.33,2026-04-10 06:17:00,Card
T008413,S017,P0235,C02272,2,1653.62,2026-02-12 14:01:00,UPI
T008414,S015,P0404,C00329,2,8557.91,2026-05-25 21:09:00,UPI
T008415,S018,P0596,C01340,5,3439.36,2026-02-02 00:22:00,UPI
T008416,S016,P0503,C00925,2,2098.92,2026-04-09 14:13:00,UPI
T008417,S012,P0315,C01560,2,7841.03,2026-04-12 02:28:00,Cash
T008418,S010,P0302,C00584,5,2628.99,2026-04-27 19:25:00,Wallet
T008419,S025,P0533,C01697,2,9271.54,2026-05-30 13:55:00,Wallet
T008420,S006,P0182,C00216,2,5319.06,2026-02-15 06:27:00,Card
T008421,S025,P0538,C00914,2,7089.09,2026-03-30 12:52:00,Card
T008422,S020,P0494,C00249,3,7697.7,2026-06-06 20:08:00,Cash
T008423,S023,P0245,C00576,4,4480.53,2026-06-03 22:26:00,Cash
T008424,S012,P0030,C00656,4,4007.63,2026-02-09 20:04:00,Cash
T008425,S006,P0563,C01326,5,6057.9,2026-06-04 18:42:00,Cash
T008426,S006,P0376,C02293,1,1363.04,2026-03-05 07:21:00,Card
T008427,S004,P0739,C02977,2,7330.72,2026-03-24 18:52:00,UPI
T008428,S012,P0520,C00408,5,7626.21,2026-05-03 13:38:00,Cash
T008429,S011,P0739,C02197,1,7330.72,2026-05-23 17:34:00,UPI
T008430,S017,P0260,C00966,5,1324.75,2026-04-29 16:54:00,Card
T008431,S021,P0486,C00924,4,4214.23,2026-04-26 20:51:00,Cash
T008432,S019,P0593,C00189,5,1610.75,2026-02-17 12:42:00,Cash
T008433,S003,P0673,C01148,4,7405.45,2026-04-22 00:25:00,UPI
T008434,S010,P0740,C00827,2,9717.89,2026-03-19 04:08:00,UPI
T008435,S024,P0417,C00614,1,4565.4,2026-03-05 08:41:00,Cash
T008436,S007,P0419,C00389,2,343.71,2026-05-15 05:53:00,Cash
T008437,S024,P0267,C01794,2,910.28,2026-01-13 17:51:00,Card
T008438,S025,P0484,C00241,2,8222.21,2026-03-06 20:45:00,Cash
T008439,S007,P0330,C01422,4,5601.33,2026-03-05 03:15:00,Cash
T008440,S009,P0646,C02251,1,5928.39,2026-03-25 06:49:00,UPI
T008441,S015,P0663,C01448,4,4847.59,2026-06-04 18:01:00,UPI
T008442,S009,P0572,C00232,4,6659.16,2026-02-18 20:27:00,Card
T008443,S020,P0148,C02711,2,1255.74,2026-01-22 05:16:00,Wallet
T008444,S018,P0425,C01478,2,7476.59,2026-02-02 13:44:00,Cash
T008445,S004,P0720,C00431,3,8925.71,2026-01-03 01:00:00,UPI
T008446,S009,P0525,C00740,4,1451.9,2026-01-02 02:16:00,Cash
T008447,S012,P0674,C01854,3,9237.26,2026-03-16 10:09:00,Wallet
T008448,S005,P0358,C02382,5,8420.03,2026-01-13 22:16:00,Cash
T008449,S007,P0019,C01999,4,1889.4,2026-06-18 23:50:00,Card
T008450,S014,P0487,C02825,2,5663.34,2026-04-30 13:36:00,Cash
T008451,S025,P0793,C00825,3,3714.92,2026-02-07 21:03:00,Card
T008452,S004,P0508,C00460,2,2136.59,2026-01-18 10:24:00,Cash
T008453,S016,P0404,C01000,1,8557.91,2026-06-16 22:34:00,UPI
T008454,S011,P0665,C00238,5,7169.18,2026-02-28 01:09:00,Card
T008455,S025,P0022,C01054,2,1191.13,2026-03-14 19:15:00,Wallet
T008456,S003,P0223,C00612,2,1097.95,2026-01-19 07:25:00,UPI
T008457,S023,P0182,C01654,3,5319.06,2026-03-18 04:02:00,Cash
T008458,S009,P0510,C01153,4,1916.1,2026-01-05 06:58:00,Cash
T008459,S013,P0618,C00820,4,4111.77,2026-05-13 19:37:00,Wallet
T008460,S004,P0234,C01335,2,1752.76,2026-05-07 10:58:00,Wallet
T008461,S010,P0017,C02132,2,9248.9,2026-02-08 21:41:00,UPI
T008462,S015,P0171,C02080,5,1015.26,2026-05-20 16:02:00,Cash
T008463,S007,P0800,C00016,5,9198.59,2026-02-03 01:07:00,Card
T008464,S009,P0273,C02512,4,1379.91,2026-06-01 20:55:00,Wallet
T008465,S008,P0614,C00805,3,5908.82,2026-05-19 14:50:00,Cash
T008466,S024,P0399,C00672,1,2476.48,2026-06-14 11:10:00,Cash
T008467,S005,P0299,C00613,4,4425.47,2026-06-21 13:05:00,Wallet
T008468,S018,P0466,C00333,5,4158.95,2026-03-18 05:27:00,Card
T008469,S003,P0420,C01957,1,6488.01,2026-06-20 23:48:00,Card
T008470,S003,P0442,C00268,5,3354.53,2026-02-04 10:07:00,Wallet
T008471,S006,P0397,C01800,2,306.84,2026-01-03 11:14:00,Card
T008472,S021,P0124,C02876,4,9076.76,2026-06-08 22:09:00,Wallet
T008473,S003,P0358,C02416,3,8420.03,2026-02-08 01:53:00,Cash
T008474,S024,P0272,C01993,4,1528.03,2026-05-13 06:14:00,Card
T008475,S008,P0025,C01148,3,4622.76,2026-03-01 11:29:00,Card
T008476,S019,P0454,C02996,4,2095.86,2026-03-01 01:03:00,Wallet
T008477,S005,P0613,C00415,4,1307.31,2026-05-26 16:32:00,Wallet
T008478,S008,P0409,C00616,3,7152.62,2026-04-20 14:36:00,Wallet
T008479,S008,P0675,C00205,4,8934.69,2026-06-05 03:29:00,UPI
T008480,S017,P0040,C01908,5,1611.09,2026-06-09 08:54:00,Card
T008481,S021,P0213,C02903,2,4276.85,2026-05-24 21:10:00,UPI
T008482,S025,P0486,C02049,4,4214.23,2026-04-13 04:16:00,Card
T008483,S014,P0681,C02570,3,7716.53,2026-05-26 18:36:00,Card
T008484,S004,P0638,C00759,1,5679.06,2026-01-09 22:09:00,Wallet
T008485,S005,P0568,C00424,4,3547.51,2026-04-05 13:43:00,Wallet
T008486,S016,P0659,C02350,5,7727.73,2026-05-17 04:29:00,Wallet
T008487,S002,P0226,C01345,1,1828.68,2026-01-02 02:54:00,Cash
T008488,S015,P0703,C02611,5,6202.03,2026-05-02 22:29:00,Card
T008489,S017,P0307,C01230,4,2471.27,2026-04-04 08:23:00,Cash
T008490,S010,P0003,C00151,5,2300.34,2026-06-10 00:05:00,Wallet
T008491,S015,P0632,C02771,3,6060.23,2026-04-25 21:00:00,Card
T008492,S025,P0600,C00959,4,8512.12,2026-04-15 13:57:00,UPI
T008493,S024,P0398,C01686,2,3448.99,2026-01-26 17:57:00,UPI
T008494,S005,P0558,C01823,5,7592.43,2026-04-21 19:31:00,Wallet
T008495,S021,P0553,C01570,2,3486.3,2026-03-27 16:23:00,Wallet
T008496,S014,P0750,C02007,4,4603.74,2026-02-09 22:14:00,Card
T008497,S008,P0639,C01537,4,4253.9,2026-06-14 09:54:00,Cash
T008498,S013,P0132,C01947,2,8576.74,2026-01-02 10:34:00,UPI
T008499,S012,P0019,C01855,3,1889.4,2026-03-05 10:29:00,UPI
T008500,S009,P0263,C00038,5,3567.34,2026-05-06 08:47:00,UPI
T008501,S008,P0727,C00802,5,4067.4,2026-01-31 05:34:00,UPI
T008502,S011,P0101,C00272,4,8805.39,2026-03-23 07:41:00,Card
T008503,S001,P0558,C02645,2,7592.43,2026-01-19 22:24:00,Wallet
T008504,S016,P0612,C00050,4,3735.5,2026-02-19 16:27:00,Wallet
T008505,S012,P0127,C02116,2,980.71,2026-06-19 21:07:00,Wallet
T008506,S014,P0724,C00282,4,548.91,2026-03-22 13:48:00,Cash
T008507,S021,P0042,C00701,5,2098.12,2026-01-25 00:26:00,UPI
T008508,S005,P0135,C02298,1,9762.67,2026-01-14 16:56:00,Card
T008509,S010,P0184,C02783,3,1570.2,2026-05-06 16:55:00,Wallet
T008510,S011,P0444,C00342,4,8281.1,2026-02-20 21:55:00,UPI
T008511,S018,P0485,C02863,3,7988.55,2026-02-13 02:30:00,Wallet
T008512,S013,P0408,C01677,2,5035.02,2026-05-08 11:56:00,Cash
T008513,S007,P0510,C00215,3,1916.1,2026-01-16 07:42:00,Card
T008514,S007,P0202,C02339,2,8603.22,2026-04-18 02:56:00,Cash
T008515,S023,P0026,C02551,5,5582.77,2026-05-28 22:38:00,UPI
T008516,S003,P0192,C01620,5,8778.88,2026-02-15 01:32:00,Wallet
T008517,S018,P0415,C01044,5,5235.33,2026-02-07 23:43:00,Cash
T008518,S006,P0459,C01821,3,4208.02,2026-03-27 21:13:00,Wallet
T008519,S018,P0215,C01291,5,4997.41,2026-05-30 20:23:00,Cash
T008520,S001,P0057,C02782,4,657.85,2026-01-19 20:09:00,Cash
T008521,S002,P0308,C01919,2,4979.5,2026-02-20 17:36:00,Card
T008522,S023,P0444,C01098,4,8281.1,2026-05-04 06:36:00,Cash
T008523,S015,P0146,C02406,4,8790.18,2026-02-23 15:41:00,Cash
T008524,S020,P0483,C00454,5,257.78,2026-01-11 06:28:00,UPI
T008525,S018,P0719,C01759,4,532.73,2026-03-18 06:16:00,UPI
T008526,S024,P0502,C00952,1,692.24,2026-03-17 10:35:00,UPI
T008527,S019,P0030,C00325,4,4007.63,2026-03-12 15:18:00,Wallet
T008528,S022,P0482,C01646,4,3807.98,2026-03-15 18:46:00,UPI
T008529,S001,P0054,C00733,2,8384.65,2026-06-05 00:00:00,UPI
T008530,S010,P0664,C01024,4,4113.17,2026-03-11 16:50:00,Card
T008531,S005,P0223,C02096,2,1097.95,2026-04-21 00:52:00,Card
T008532,S005,P0352,C01309,2,3229.8,2026-04-24 18:14:00,UPI
T008533,S006,P0617,C01274,1,1083.47,2026-04-17 04:23:00,Cash
T008534,S006,P0345,C02682,4,1998.33,2026-02-27 10:45:00,UPI
T008535,S012,P0152,C00095,2,7394.01,2026-01-17 00:10:00,Cash
T008536,S009,P0663,C00108,5,4847.59,2026-06-27 16:03:00,UPI
T008537,S013,P0082,C00775,5,2741.65,2026-04-16 10:58:00,Cash
T008538,S011,P0268,C01426,2,4813.91,2026-01-20 20:45:00,Cash
T008539,S011,P0100,C01822,4,5501.88,2026-01-19 16:05:00,Wallet
T008540,S008,P0734,C02513,5,8745.49,2026-06-11 01:09:00,Wallet
T008541,S001,P0311,C02466,3,9144.98,2026-06-26 19:01:00,Card
T008542,S020,P0418,C00605,5,8063.59,2026-04-02 03:03:00,Wallet
T008543,S005,P0380,C02771,4,666.44,2026-05-04 23:43:00,UPI
T008544,S023,P0747,C02719,2,9438.22,2026-03-03 22:26:00,UPI
T008545,S001,P0294,C02837,2,5075.12,2026-02-12 18:22:00,Wallet
T008546,S006,P0104,C01227,2,5571.01,2026-06-01 11:50:00,Cash
T008547,S010,P0542,C02366,5,6397.18,2026-01-21 09:08:00,Wallet
T008548,S001,P0041,C02457,5,7624.7,2026-04-01 13:05:00,Wallet
T008549,S004,P0613,C02357,5,1307.31,2026-02-19 08:43:00,Card
T008550,S002,P0229,C01935,1,9936.26,2026-01-10 20:39:00,Cash
T008551,S016,P0311,C02370,1,9144.98,2026-01-19 19:03:00,UPI
T008552,S022,P0673,C00429,2,7405.45,2026-04-01 17:22:00,Wallet
T008553,S020,P0260,C01737,5,1324.75,2026-01-01 11:45:00,UPI
T008554,S017,P0395,C02910,5,3463.19,2026-03-30 18:35:00,Wallet
T008555,S001,P0528,C01287,5,3900.97,2026-01-21 03:15:00,Card
T008556,S021,P0614,C00412,2,5908.82,2026-03-24 15:25:00,Wallet
T008557,S011,P0496,C02531,1,9815.02,2026-03-08 09:15:00,Card
T008558,S011,P0688,C02218,4,7463.85,2026-06-08 13:23:00,UPI
T008559,S023,P0737,C02837,5,4141.59,2026-06-21 12:29:00,Cash
T008560,S006,P0218,C02991,3,5916.82,2026-03-05 20:33:00,Wallet
T008561,S019,P0657,C00221,2,9529.9,2026-06-20 03:59:00,Wallet
T008562,S008,P0750,C02022,2,4603.74,2026-04-12 01:36:00,UPI
T008563,S009,P0032,C01036,1,5989.11,2026-06-15 16:47:00,Card
T008564,S024,P0169,C02675,4,8645.46,2026-05-02 00:05:00,Cash
T008565,S001,P0651,C01233,1,4819.93,2026-01-13 09:43:00,Cash
T008566,S005,P0785,C00547,2,9579.4,2026-01-03 20:03:00,UPI
T008567,S013,P0035,C02853,5,6699.1,2026-03-04 00:25:00,Cash
T008568,S023,P0560,C01537,2,9414.81,2026-03-21 10:53:00,Card
T008569,S016,P0229,C01064,5,9936.26,2026-03-21 04:00:00,UPI
T008570,S006,P0631,C00939,3,1960.93,2026-05-19 09:25:00,UPI
T008571,S021,P0066,C01167,4,5076.41,2026-01-05 08:29:00,Cash
T008572,S016,P0407,C01920,3,1756.59,2026-06-04 18:38:00,Card
T008573,S003,P0174,C02875,3,2919.87,2026-02-08 06:04:00,Cash
T008574,S003,P0112,C01366,4,8260.57,2026-01-21 18:25:00,Wallet
T008575,S009,P0195,C00354,2,873.38,2026-01-07 23:14:00,Card
T008576,S015,P0154,C00475,5,1912.1,2026-02-23 20:05:00,Card
T008577,S004,P0259,C01941,4,7345.66,2026-04-08 13:26:00,Wallet
T008578,S011,P0281,C00199,2,8900.67,2026-02-11 01:21:00,Card
T008579,S025,P0725,C00154,1,7432.08,2026-03-03 17:32:00,Cash
T008580,S004,P0393,C02133,3,533.66,2026-04-06 18:34:00,Wallet
T008581,S009,P0160,C02005,2,5876.12,2026-05-22 13:37:00,UPI
T008582,S011,P0401,C02315,4,8837.96,2026-06-25 09:30:00,Cash
T008583,S013,P0120,C00931,2,6904.92,2026-06-10 23:40:00,Card
T008584,S022,P0736,C02908,1,3312.16,2026-01-06 22:31:00,UPI
T008585,S021,P0328,C00225,5,9147.78,2026-04-24 18:13:00,Card
T008586,S007,P0135,C02513,5,9762.67,2026-05-19 00:25:00,UPI
T008587,S003,P0605,C00622,2,6825.51,2026-02-08 13:22:00,Card
T008588,S009,P0212,C01904,1,2394.87,2026-03-24 05:22:00,Cash
T008589,S021,P0717,C00171,2,9261.46,2026-06-05 23:49:00,Wallet
T008590,S020,P0017,C02033,2,9248.9,2026-03-28 03:05:00,Cash
T008591,S005,P0199,C00143,4,6222.14,2026-04-08 09:38:00,Wallet
T008592,S004,P0193,C01124,3,7596.81,2026-06-27 14:55:00,Card
T008593,S020,P0588,C01513,1,6830.81,2026-06-03 07:03:00,Wallet
T008594,S018,P0691,C02803,2,7534.79,2026-02-22 08:04:00,Cash
T008595,S016,P0342,C02224,4,6631.4,2026-03-29 14:15:00,Card
T008596,S021,P0123,C01555,1,9485.28,2026-02-03 06:49:00,Card
T008597,S007,P0485,C02102,4,7988.55,2026-01-15 06:28:00,Cash
T008598,S025,P0548,C01807,4,1900.64,2026-06-04 15:59:00,Cash
T008599,S005,P0737,C01606,1,4141.59,2026-03-18 08:59:00,UPI
T008600,S011,P0419,C02483,3,343.71,2026-01-06 17:10:00,Card
T008601,S023,P0128,C00432,1,238.74,2026-05-10 01:49:00,Cash
T008602,S004,P0218,C00324,4,5916.82,2026-04-21 16:38:00,Cash
T008603,S023,P0392,C01601,4,1508.78,2026-01-11 17:15:00,Cash
T008604,S007,P0629,C01818,1,6100.1,2026-06-04 19:03:00,Cash
T008605,S020,P0075,C00465,2,6747.45,2026-05-04 01:27:00,Card
T008606,S003,P0648,C02198,5,6112.92,2026-06-02 05:44:00,UPI
T008607,S018,P0277,C00691,2,3757.9,2026-01-11 23:11:00,Cash
T008608,S015,P0642,C00742,3,752.0,2026-01-31 20:27:00,Wallet
T008609,S010,P0328,C02822,3,9147.78,2026-06-29 20:59:00,Cash
T008610,S011,P0045,C02054,3,3896.94,2026-01-24 18:27:00,Cash
T008611,S020,P0554,C02121,3,4902.42,2026-06-27 21:28:00,UPI
T008612,S010,P0397,C02351,1,306.84,2026-03-14 07:35:00,Card
T008613,S017,P0594,C02248,4,9238.26,2026-01-21 03:08:00,Cash
T008614,S010,P0637,C02624,5,797.52,2026-02-21 23:14:00,Cash
T008615,S005,P0002,C01621,1,1803.85,2026-02-07 13:18:00,Wallet
T008616,S021,P0594,C00144,5,9238.26,2026-04-07 03:25:00,Cash
T008617,S012,P0611,C01260,1,7798.54,2026-01-25 11:26:00,Card
T008618,S019,P0108,C02318,5,8607.23,2026-05-18 09:24:00,UPI
T008619,S015,P0192,C00004,4,8778.88,2026-05-22 11:33:00,Wallet
T008620,S017,P0199,C00210,5,6222.14,2026-05-24 01:36:00,UPI
T008621,S006,P0338,C00942,1,2418.15,2026-03-29 05:33:00,Card
T008622,S015,P0212,C00831,4,2394.87,2026-04-13 08:13:00,Wallet
T008623,S019,P0063,C01416,2,9858.07,2026-02-17 22:27:00,Wallet
T008624,S008,P0593,C00560,3,1610.75,2026-01-31 03:48:00,Cash
T008625,S023,P0104,C02889,2,5571.01,2026-06-02 22:23:00,Wallet
T008626,S008,P0603,C02590,1,7378.66,2026-04-14 01:06:00,Card
T008627,S005,P0383,C00903,2,6977.34,2026-03-17 15:31:00,Cash
T008628,S009,P0533,C02297,5,9271.54,2026-06-25 22:56:00,UPI
T008629,S006,P0312,C00324,4,2537.53,2026-02-10 05:00:00,Wallet
T008630,S004,P0282,C00727,2,119.65,2026-01-05 10:42:00,Card
T008631,S024,P0688,C00460,1,7463.85,2026-02-27 20:30:00,Cash
T008632,S010,P0309,C02669,3,2764.95,2026-05-01 23:08:00,Cash
T008633,S025,P0016,C00597,3,9025.44,2026-01-02 16:14:00,Wallet
T008634,S022,P0715,C00300,1,962.59,2026-05-03 09:18:00,UPI
T008635,S001,P0399,C02188,1,2476.48,2026-04-04 09:30:00,Wallet
T008636,S016,P0105,C01011,4,5394.62,2026-03-17 16:23:00,Wallet
T008637,S021,P0238,C00061,5,4446.17,2026-06-28 01:56:00,Cash
T008638,S021,P0098,C02890,3,4449.81,2026-05-17 23:10:00,Wallet
T008639,S016,P0011,C01831,2,1928.34,2026-06-23 04:41:00,Card
T008640,S008,P0059,C01261,1,8701.51,2026-06-13 06:42:00,Card
T008641,S010,P0692,C01223,1,1400.03,2026-01-21 15:08:00,Cash
T008642,S003,P0021,C00421,2,7636.95,2026-01-17 09:52:00,Wallet
T008643,S023,P0570,C01403,4,1364.83,2026-04-10 02:30:00,Card
T008644,S013,P0672,C01272,2,4881.93,2026-06-08 19:32:00,UPI
T008645,S002,P0281,C01381,3,8900.67,2026-03-28 08:19:00,UPI
T008646,S009,P0161,C02458,1,4221.55,2026-05-28 09:17:00,Card
T008647,S014,P0085,C00654,5,7989.74,2026-04-18 16:35:00,Wallet
T008648,S012,P0439,C01873,4,9228.23,2026-04-10 13:55:00,Wallet
T008649,S017,P0301,C01636,5,5462.61,2026-02-03 13:54:00,Card
T008650,S025,P0392,C00992,2,1508.78,2026-02-16 08:28:00,Card
T008651,S017,P0036,C02330,3,1558.0,2026-03-25 23:59:00,UPI
T008652,S007,P0417,C02079,3,4565.4,2026-05-28 12:49:00,UPI
T008653,S001,P0597,C02371,5,3970.52,2026-01-01 12:24:00,Wallet
T008654,S013,P0035,C00276,3,6699.1,2026-03-01 00:27:00,UPI
T008655,S021,P0528,C01924,1,3900.97,2026-02-05 13:07:00,Card
T008656,S020,P0488,C02857,2,9348.84,2026-01-19 18:14:00,Card
T008657,S018,P0273,C01598,4,1379.91,2026-03-19 00:33:00,Card
T008658,S009,P0092,C01249,4,4028.26,2026-02-03 12:45:00,Card
T008659,S017,P0342,C00119,5,6631.4,2026-05-05 18:57:00,Card
T008660,S021,P0244,C00580,3,8989.85,2026-04-25 00:12:00,Card
T008661,S014,P0640,C01684,5,3850.52,2026-02-25 13:15:00,Cash
T008662,S022,P0736,C02751,4,3312.16,2026-05-13 13:41:00,Wallet
T008663,S016,P0219,C00609,2,1397.47,2026-01-13 11:17:00,Card
T008664,S020,P0262,C02423,2,9830.21,2026-01-14 13:25:00,Card
T008665,S008,P0665,C00356,2,7169.18,2026-03-02 01:25:00,Card
T008666,S003,P0314,C00022,4,7849.53,2026-04-12 13:30:00,Wallet
T008667,S013,P0702,C02517,3,9903.95,2026-03-03 14:48:00,UPI
T008668,S005,P0367,C01623,5,8513.3,2026-01-03 12:39:00,Wallet
T008669,S012,P0259,C01520,1,7345.66,2026-01-12 04:24:00,Wallet
T008670,S006,P0633,C01469,5,2845.22,2026-05-16 21:52:00,Wallet
T008671,S004,P0086,C01760,5,5641.27,2026-01-23 22:05:00,Card
T008672,S022,P0284,C00912,5,5700.06,2026-06-12 14:38:00,UPI
T008673,S002,P0160,C01389,5,5876.12,2026-03-10 00:16:00,Card
T008674,S003,P0328,C01606,2,9147.78,2026-06-09 18:36:00,Wallet
T008675,S002,P0277,C01947,4,3757.9,2026-05-31 04:07:00,Cash
T008676,S010,P0751,C01217,1,7293.97,2026-01-03 07:23:00,Card
T008677,S005,P0273,C00445,3,1379.91,2026-05-31 01:29:00,Wallet
T008678,S014,P0323,C01537,2,7277.23,2026-06-01 04:02:00,UPI
T008679,S013,P0405,C00225,3,2546.0,2026-02-12 02:00:00,Cash
T008680,S015,P0253,C00110,1,933.38,2026-03-02 21:48:00,Card
T008681,S013,P0313,C01897,4,5724.63,2026-01-08 04:53:00,UPI
T008682,S003,P0366,C02943,2,6806.89,2026-04-04 04:37:00,Card
T008683,S025,P0632,C02881,4,6060.23,2026-01-06 20:45:00,Card
T008684,S013,P0474,C01163,4,8400.11,2026-03-09 11:34:00,Wallet
T008685,S016,P0740,C02471,2,9717.89,2026-02-10 23:30:00,Wallet
T008686,S010,P0746,C01973,2,4646.96,2026-02-21 15:42:00,Card
T008687,S017,P0264,C00692,4,7171.07,2026-04-05 19:24:00,Cash
T008688,S018,P0709,C00296,2,104.31,2026-04-30 23:45:00,Wallet
T008689,S005,P0656,C01689,1,8003.84,2026-06-02 12:30:00,Card
T008690,S009,P0437,C00433,2,4248.56,2026-03-01 03:49:00,Wallet
T008691,S020,P0460,C02496,5,4631.5,2026-05-28 22:09:00,Cash
T008692,S019,P0675,C02069,1,8934.69,2026-02-17 13:23:00,Cash
T008693,S023,P0710,C00153,4,4772.38,2026-01-11 01:41:00,UPI
T008694,S013,P0182,C01877,3,5319.06,2026-06-09 18:12:00,UPI
T008695,S002,P0741,C00044,3,7252.76,2026-04-21 01:28:00,Wallet
T008696,S011,P0484,C00769,2,8222.21,2026-02-04 15:49:00,Wallet
T008697,S003,P0516,C01091,5,6096.93,2026-03-31 16:49:00,UPI
T008698,S015,P0388,C00655,3,6275.81,2026-03-17 22:34:00,UPI
T008699,S020,P0397,C01424,4,306.84,2026-03-24 08:47:00,Card
T008700,S024,P0645,C02862,5,9521.65,2026-03-11 21:30:00,Wallet
T008701,S001,P0325,C00285,2,9797.44,2026-06-01 04:40:00,Cash
T008702,S005,P0270,C00455,3,8731.95,2026-01-12 10:53:00,UPI
T008703,S014,P0747,C01981,5,9438.22,2026-03-15 19:00:00,Cash
T008704,S004,P0476,C01981,1,867.09,2026-06-04 09:36:00,Wallet
T008705,S001,P0596,C01538,2,3439.36,2026-06-27 09:44:00,Card
T008706,S013,P0680,C00981,2,4165.12,2026-03-26 07:41:00,Card
T008707,S012,P0504,C00125,4,2455.83,2026-05-12 03:05:00,Card
T008708,S007,P0690,C02293,1,4940.77,2026-02-01 19:01:00,Wallet
T008709,S013,P0554,C02429,3,4902.42,2026-01-05 21:31:00,Card
T008710,S008,P0207,C01343,3,293.32,2026-05-24 04:07:00,Cash
T008711,S019,P0666,C00278,2,9941.8,2026-05-21 20:19:00,UPI
T008712,S019,P0319,C01473,5,8409.93,2026-04-10 11:52:00,Wallet
T008713,S012,P0225,C02900,5,3650.99,2026-06-11 11:57:00,Cash
T008714,S011,P0142,C01189,1,152.07,2026-05-16 07:12:00,UPI
T008715,S003,P0059,C01137,3,8701.51,2026-03-14 09:39:00,UPI
T008716,S025,P0751,C01635,4,7293.97,2026-03-26 13:35:00,Wallet
T008717,S017,P0013,C01530,5,3585.81,2026-04-14 05:21:00,UPI
T008718,S006,P0593,C01294,5,1610.75,2026-02-12 20:22:00,Cash
T008719,S003,P0217,C02373,5,3503.09,2026-06-25 12:39:00,Cash
T008720,S008,P0540,C02565,5,6948.18,2026-02-08 04:12:00,Card
T008721,S002,P0159,C01535,4,8365.04,2026-05-07 21:02:00,Card
T008722,S018,P0114,C00440,4,4586.29,2026-05-07 01:47:00,Wallet
T008723,S006,P0413,C02722,1,5755.57,2026-03-22 23:52:00,Card
T008724,S020,P0538,C00384,3,7089.09,2026-04-15 12:58:00,Wallet
T008725,S022,P0359,C01780,5,2458.76,2026-01-04 08:00:00,UPI
T008726,S004,P0731,C01976,5,5565.29,2026-04-15 03:30:00,Cash
T008727,S023,P0265,C02768,5,3344.68,2026-04-18 04:45:00,Card
T008728,S011,P0394,C00356,1,2911.6,2026-03-21 18:29:00,Card
T008729,S013,P0572,C00903,2,6659.16,2026-04-19 01:02:00,Wallet
T008730,S010,P0781,C02619,3,5370.5,2026-04-25 00:21:00,Card
T008731,S008,P0290,C01911,3,8671.94,2026-03-17 15:19:00,UPI
T008732,S014,P0239,C01207,2,8363.65,2026-06-13 05:15:00,Wallet
T008733,S013,P0561,C01099,3,9754.52,2026-04-18 13:51:00,Wallet
T008734,S025,P0750,C00265,1,4603.74,2026-01-05 04:28:00,Cash
T008735,S021,P0359,C01635,5,2458.76,2026-02-20 12:03:00,UPI
T008736,S013,P0419,C00014,5,343.71,2026-01-17 12:29:00,Cash
T008737,S015,P0688,C00236,3,7463.85,2026-05-10 12:27:00,Wallet
T008738,S025,P0439,C01711,1,9228.23,2026-01-07 02:25:00,UPI
T008739,S022,P0483,C02232,2,257.78,2026-04-06 06:47:00,Wallet
T008740,S008,P0099,C01165,4,4953.55,2026-06-24 00:08:00,UPI
T008741,S024,P0464,C01198,5,9923.66,2026-01-18 15:03:00,UPI
T008742,S016,P0154,C01870,5,1912.1,2026-02-28 23:11:00,Card
T008743,S004,P0509,C00829,1,6118.83,2026-06-12 03:04:00,Wallet
T008744,S013,P0640,C02395,3,3850.52,2026-04-19 16:57:00,Cash
T008745,S010,P0157,C00433,4,4630.82,2026-01-25 10:47:00,Cash
T008746,S018,P0669,C01604,3,9528.59,2026-04-19 01:50:00,Cash
T008747,S018,P0201,C02266,4,236.37,2026-03-30 17:58:00,Cash
T008748,S001,P0311,C00928,5,9144.98,2026-04-23 19:31:00,Wallet
T008749,S010,P0536,C01121,1,2548.41,2026-01-16 12:44:00,Cash
T008750,S012,P0478,C02358,3,8936.61,2026-02-03 06:07:00,Wallet
T008751,S011,P0202,C02265,1,8603.22,2026-03-07 10:18:00,Wallet
T008752,S020,P0735,C01852,5,5391.49,2026-01-20 07:08:00,Wallet
T008753,S003,P0659,C00537,5,7727.73,2026-03-04 20:09:00,Cash
T008754,S021,P0435,C00344,2,1474.61,2026-03-25 10:29:00,UPI
T008755,S006,P0129,C02569,2,8288.85,2026-04-24 19:21:00,Wallet
T008756,S003,P0413,C00884,5,5755.57,2026-03-09 01:55:00,Wallet
T008757,S010,P0729,C02588,5,8802.63,2026-04-07 09:01:00,Wallet
T008758,S013,P0212,C02367,4,2394.87,2026-04-04 07:17:00,Wallet
T008759,S012,P0697,C02845,4,7318.56,2026-01-25 23:12:00,Wallet
T008760,S018,P0303,C02047,1,9525.43,2026-03-23 23:42:00,UPI
T008761,S008,P0691,C01976,3,7534.79,2026-04-30 19:55:00,Cash
T008762,S004,P0040,C02380,4,1611.09,2026-01-14 10:53:00,Wallet
T008763,S004,P0791,C02584,3,7042.88,2026-04-28 04:12:00,UPI
T008764,S007,P0498,C01295,4,3416.54,2026-05-27 02:43:00,Cash
T008765,S002,P0287,C00240,4,1573.93,2026-06-14 17:54:00,Card
T008766,S004,P0121,C00143,5,934.55,2026-06-13 19:38:00,Wallet
T008767,S014,P0187,C01775,5,5154.45,2026-05-17 13:34:00,Wallet
T008768,S017,P0492,C00666,4,6612.82,2026-04-22 10:15:00,Card
T008769,S013,P0220,C00718,2,8346.5,2026-04-14 19:49:00,Card
T008770,S019,P0504,C00817,1,2455.83,2026-02-24 14:39:00,Wallet
T008771,S007,P0530,C00715,3,9327.08,2026-03-26 13:15:00,Wallet
T008772,S025,P0596,C02049,1,3439.36,2026-02-01 18:54:00,Card
T008773,S016,P0048,C00184,4,1430.43,2026-03-02 06:38:00,Wallet
T008774,S004,P0162,C01729,4,6800.39,2026-03-24 20:43:00,Cash
T008775,S021,P0433,C02396,1,4344.05,2026-05-07 09:00:00,Cash
T008776,S001,P0742,C02923,4,8185.79,2026-06-10 22:53:00,UPI
T008777,S007,P0162,C02535,5,6800.39,2026-05-24 15:42:00,Cash
T008778,S003,P0703,C01462,3,6202.03,2026-04-12 18:40:00,Wallet
T008779,S016,P0283,C01584,1,8716.22,2026-01-02 12:46:00,UPI
T008780,S014,P0360,C00173,1,5243.78,2026-06-25 15:59:00,Wallet
T008781,S011,P0356,C00680,5,6296.35,2026-01-13 06:20:00,Card
T008782,S011,P0052,C00130,3,6206.7,2026-03-04 23:41:00,Cash
T008783,S013,P0481,C02847,5,580.78,2026-05-03 16:10:00,Cash
T008784,S005,P0634,C00747,2,5542.5,2026-01-23 18:30:00,Card
T008785,S025,P0757,C00215,1,4855.21,2026-03-09 08:20:00,Wallet
T008786,S016,P0355,C02954,5,2048.08,2026-01-02 21:55:00,Wallet
T008787,S010,P0314,C02629,1,7849.53,2026-01-26 19:14:00,Cash
T008788,S003,P0139,C02616,1,7112.69,2026-02-17 05:35:00,UPI
T008789,S001,P0216,C01169,2,304.99,2026-01-07 20:35:00,Wallet
T008790,S006,P0752,C02251,4,3839.96,2026-04-03 14:45:00,UPI
T008791,S024,P0512,C00113,3,9387.92,2026-05-06 08:15:00,Wallet
T008792,S021,P0428,C02151,4,9462.57,2026-02-25 06:28:00,UPI
T008793,S004,P0678,C02939,5,4079.47,2026-02-06 23:33:00,Wallet
T008794,S004,P0626,C01589,2,4287.21,2026-06-30 20:36:00,UPI
T008795,S005,P0445,C01981,1,1947.25,2026-06-28 16:21:00,Card
T008796,S023,P0042,C01087,4,2098.12,2026-02-24 23:17:00,Cash
T008797,S012,P0520,C00926,4,7626.21,2026-02-04 07:10:00,UPI
T008798,S014,P0766,C02763,1,9568.02,2026-05-25 13:49:00,Wallet
T008799,S008,P0367,C02236,1,8513.3,2026-03-16 08:50:00,Wallet
T008800,S006,P0418,C02878,2,8063.59,2026-01-11 06:21:00,Card
T008801,S003,P0040,C02225,4,1611.09,2026-05-24 04:33:00,UPI
T008802,S001,P0143,C00412,2,3093.82,2026-03-24 08:11:00,Cash
T008803,S008,P0026,C02339,4,5582.77,2026-02-11 13:28:00,Cash
T008804,S010,P0497,C02256,2,1834.78,2026-04-28 12:50:00,UPI
T008805,S001,P0712,C01090,4,3112.13,2026-06-08 20:15:00,Card
T008806,S010,P0267,C02852,4,910.28,2026-06-17 06:22:00,UPI
T008807,S023,P0759,C01919,5,652.17,2026-03-08 05:38:00,Cash
T008808,S010,P0213,C01273,3,4276.85,2026-04-23 16:09:00,UPI
T008809,S013,P0687,C01914,3,2919.51,2026-03-02 21:13:00,Wallet
T008810,S013,P0395,C00366,5,3463.19,2026-02-10 07:38:00,Card
T008811,S008,P0090,C00912,2,646.74,2026-05-17 11:32:00,Card
T008812,S004,P0636,C01530,1,9406.97,2026-06-16 04:48:00,Wallet
T008813,S025,P0394,C00337,1,2911.6,2026-01-12 04:39:00,Card
T008814,S011,P0138,C00420,4,9745.55,2026-03-03 23:24:00,UPI
T008815,S013,P0570,C01883,2,1364.83,2026-02-16 00:44:00,Wallet
T008816,S022,P0695,C00139,3,4398.85,2026-05-28 03:12:00,UPI
T008817,S008,P0747,C00469,5,9438.22,2026-03-06 23:30:00,Card
T008818,S001,P0696,C00254,5,916.89,2026-01-01 02:13:00,Cash
T008819,S003,P0350,C02567,5,5219.84,2026-04-19 21:03:00,Wallet
T008820,S020,P0682,C01926,2,4013.05,2026-02-18 07:46:00,UPI
T008821,S009,P0616,C00996,1,3900.2,2026-02-14 17:37:00,Card
T008822,S018,P0799,C00136,1,206.59,2026-03-13 10:00:00,Cash
T008823,S006,P0600,C00252,3,8512.12,2026-02-05 07:15:00,Wallet
T008824,S025,P0233,C00455,1,8252.74,2026-03-18 16:53:00,Wallet
T008825,S016,P0404,C01439,4,8557.91,2026-06-18 02:24:00,Card
T008826,S006,P0191,C01125,1,8443.81,2026-06-04 20:10:00,Wallet
T008827,S023,P0344,C02981,1,2669.28,2026-05-15 05:05:00,Card
T008828,S002,P0529,C01279,1,4146.0,2026-06-05 00:18:00,UPI
T008829,S019,P0693,C02323,3,1638.87,2026-06-22 16:29:00,Card
T008830,S019,P0164,C00743,3,5943.35,2026-03-26 10:57:00,Card
T008831,S009,P0708,C01112,3,3265.42,2026-01-22 11:12:00,UPI
T008832,S003,P0735,C01639,4,5391.49,2026-03-10 23:33:00,Cash
T008833,S023,P0588,C02579,2,6830.81,2026-03-29 04:19:00,Card
T008834,S016,P0138,C00216,5,9745.55,2026-04-10 01:57:00,Wallet
T008835,S018,P0718,C02766,3,3083.62,2026-04-24 11:02:00,Wallet
T008836,S024,P0068,C02260,2,6389.9,2026-04-22 19:24:00,Card
T008837,S004,P0357,C01383,5,4375.29,2026-06-26 20:47:00,Cash
T008838,S004,P0225,C00724,1,3650.99,2026-06-09 02:22:00,Wallet
T008839,S013,P0175,C01145,3,4958.37,2026-02-21 18:48:00,UPI
T008840,S017,P0799,C01410,1,206.59,2026-02-26 04:14:00,Card
T008841,S018,P0057,C02160,1,657.85,2026-01-08 00:07:00,Wallet
T008842,S001,P0117,C01851,5,1196.2,2026-04-11 09:42:00,Wallet
T008843,S008,P0114,C00819,3,4586.29,2026-03-04 07:17:00,Cash
T008844,S009,P0453,C00804,2,5915.17,2026-06-22 05:16:00,Card
T008845,S015,P0061,C02831,3,6610.9,2026-02-17 14:45:00,UPI
T008846,S012,P0765,C00915,4,1777.63,2026-06-10 05:08:00,Cash
T008847,S016,P0595,C00766,3,3060.11,2026-02-02 16:49:00,UPI
T008848,S016,P0505,C02981,2,1428.24,2026-04-26 15:57:00,Card
T008849,S023,P0616,C00008,3,3900.2,2026-04-30 07:27:00,Wallet
T008850,S018,P0764,C02360,5,9223.74,2026-02-22 02:34:00,UPI
T008851,S005,P0072,C02984,4,4327.35,2026-04-17 17:16:00,UPI
T008852,S002,P0666,C00934,4,9941.8,2026-06-29 01:09:00,Card
T008853,S013,P0720,C01766,1,8925.71,2026-04-12 13:42:00,Wallet
T008854,S006,P0095,C01583,4,7753.59,2026-03-18 16:19:00,Wallet
T008855,S024,P0055,C00619,2,7674.42,2026-01-08 15:07:00,Cash
T008856,S014,P0082,C00156,2,2741.65,2026-01-01 07:04:00,Card
T008857,S007,P0100,C00068,5,5501.88,2026-05-23 12:20:00,UPI
T008858,S001,P0563,C00846,2,6057.9,2026-01-14 08:07:00,UPI
T008859,S021,P0312,C02906,2,2537.53,2026-04-07 01:10:00,UPI
T008860,S009,P0592,C00974,5,7069.99,2026-03-27 20:58:00,UPI
T008861,S022,P0338,C01016,1,2418.15,2026-03-22 05:47:00,UPI
T008862,S006,P0724,C02115,5,548.91,2026-06-09 17:11:00,Card
T008863,S003,P0055,C01974,2,7674.42,2026-03-19 04:37:00,Card
T008864,S019,P0603,C01896,2,7378.66,2026-06-11 09:49:00,Wallet
T008865,S015,P0184,C02168,4,1570.2,2026-01-22 01:16:00,UPI
T008866,S005,P0216,C00168,3,304.99,2026-06-13 16:08:00,Card
T008867,S017,P0520,C01922,4,7626.21,2026-03-18 01:49:00,UPI
T008868,S001,P0760,C02407,1,308.96,2026-02-03 16:55:00,Wallet
T008869,S014,P0691,C01880,5,7534.79,2026-03-11 00:37:00,Cash
T008870,S015,P0162,C02942,4,6800.39,2026-06-22 22:07:00,UPI
T008871,S012,P0621,C01895,5,8632.83,2026-04-22 16:09:00,Card
T008872,S020,P0383,C01008,5,6977.34,2026-04-04 17:16:00,UPI
T008873,S010,P0193,C02145,3,7596.81,2026-02-12 14:36:00,UPI
T008874,S021,P0232,C00502,4,9748.13,2026-04-27 14:20:00,Cash
T008875,S023,P0257,C02201,3,8913.16,2026-02-05 12:40:00,UPI
T008876,S009,P0597,C01469,3,3970.52,2026-05-26 00:04:00,Card
T008877,S009,P0688,C00914,2,7463.85,2026-04-21 05:27:00,Cash
T008878,S023,P0043,C00718,3,5469.14,2026-01-04 01:21:00,Cash
T008879,S017,P0340,C00261,1,2040.26,2026-03-04 13:49:00,Card
T008880,S004,P0649,C00424,4,9469.45,2026-02-18 17:21:00,UPI
T008881,S009,P0536,C02722,4,2548.41,2026-06-19 12:10:00,Cash
T008882,S020,P0250,C00329,3,9100.39,2026-06-12 13:46:00,Wallet
T008883,S023,P0295,C02762,4,9626.53,2026-03-09 14:03:00,UPI
T008884,S011,P0573,C01838,2,1786.29,2026-01-19 09:39:00,Cash
T008885,S011,P0512,C02032,4,9387.92,2026-05-27 15:17:00,Card
T008886,S024,P0524,C02241,1,5664.21,2026-03-10 10:45:00,Wallet
T008887,S012,P0446,C02200,2,2137.33,2026-06-02 16:34:00,Card
T008888,S017,P0133,C01128,4,7293.41,2026-06-15 20:00:00,UPI
T008889,S022,P0734,C00459,1,8745.49,2026-02-23 03:33:00,UPI
T008890,S020,P0438,C00620,1,3327.19,2026-05-14 07:25:00,Wallet
T008891,S019,P0262,C01168,4,9830.21,2026-05-31 23:51:00,Card
T008892,S023,P0093,C01717,5,5751.64,2026-05-27 23:11:00,UPI
T008893,S013,P0713,C01413,1,3378.0,2026-05-05 19:36:00,Cash
T008894,S001,P0631,C00471,5,1960.93,2026-05-19 09:28:00,Wallet
T008895,S009,P0049,C02590,3,5730.67,2026-06-03 02:38:00,Cash
T008896,S010,P0119,C02455,4,4834.82,2026-03-07 20:26:00,Card
T008897,S023,P0245,C00103,4,4480.53,2026-06-30 17:16:00,Wallet
T008898,S004,P0067,C02527,1,3696.01,2026-04-20 01:10:00,Wallet
T008899,S010,P0669,C01113,5,9528.59,2026-05-31 21:10:00,Card
T008900,S014,P0328,C00662,3,9147.78,2026-03-22 10:42:00,Wallet
T008901,S002,P0123,C02456,2,9485.28,2026-01-04 09:37:00,Wallet
T008902,S016,P0732,C02666,3,5381.3,2026-06-02 23:58:00,Card
T008903,S025,P0705,C02376,1,3427.16,2026-06-19 07:05:00,Wallet
T008904,S018,P0362,C00789,3,945.79,2026-02-06 14:13:00,Card
T008905,S007,P0166,C02974,3,6319.73,2026-04-22 10:07:00,Cash
T008906,S004,P0683,C02468,3,8931.71,2026-02-25 04:21:00,Card
T008907,S023,P0196,C00928,1,4393.61,2026-02-03 07:35:00,Wallet
T008908,S009,P0761,C02448,3,1114.4,2026-06-01 08:46:00,Card
T008909,S009,P0137,C01003,2,947.81,2026-04-08 03:27:00,Wallet
T008910,S012,P0581,C00899,3,7430.75,2026-02-03 03:26:00,UPI
T008911,S018,P0429,C02528,4,6574.5,2026-02-10 18:42:00,Card
T008912,S016,P0673,C02035,4,7405.45,2026-05-30 18:12:00,Card
T008913,S008,P0779,C00220,3,1467.39,2026-06-16 02:32:00,Wallet
T008914,S018,P0124,C02057,5,9076.76,2026-06-19 03:33:00,Cash
T008915,S024,P0146,C01907,1,8790.18,2026-03-26 21:01:00,Wallet
T008916,S011,P0742,C02559,4,8185.79,2026-03-15 19:11:00,Wallet
T008917,S024,P0289,C01456,3,9583.99,2026-03-28 07:46:00,Card
T008918,S009,P0614,C00665,5,5908.82,2026-03-06 00:33:00,UPI
T008919,S014,P0209,C01091,4,3404.12,2026-01-02 23:53:00,Wallet
T008920,S010,P0307,C01520,3,2471.27,2026-01-19 06:13:00,UPI
T008921,S020,P0428,C01610,5,9462.57,2026-06-25 15:22:00,Cash
T008922,S006,P0154,C01393,2,1912.1,2026-04-22 23:51:00,Card
T008923,S001,P0407,C02384,2,1756.59,2026-02-11 04:41:00,UPI
T008924,S016,P0076,C00402,5,6314.65,2026-02-19 20:11:00,Card
T008925,S019,P0117,C02666,2,1196.2,2026-05-16 10:22:00,Card
T008926,S002,P0747,C00070,2,9438.22,2026-05-08 10:14:00,UPI
T008927,S015,P0363,C01754,3,3200.47,2026-02-14 21:44:00,Card
T008928,S014,P0682,C00832,5,4013.05,2026-02-11 11:38:00,UPI
T008929,S018,P0418,C00196,1,8063.59,2026-04-12 15:44:00,Wallet
T008930,S008,P0072,C02383,1,4327.35,2026-05-10 23:45:00,Wallet
T008931,S023,P0694,C01109,1,614.19,2026-05-06 02:11:00,Wallet
T008932,S002,P0607,C01363,5,1260.73,2026-05-12 17:06:00,Cash
T008933,S010,P0763,C00309,5,3914.29,2026-05-15 04:49:00,UPI
T008934,S016,P0304,C02639,4,1895.43,2026-02-02 06:59:00,Card
T008935,S004,P0363,C00147,2,3200.47,2026-04-26 17:56:00,Cash
T008936,S003,P0602,C01885,3,8981.46,2026-06-14 18:38:00,Wallet
T008937,S017,P0230,C00748,2,8972.55,2026-06-16 16:29:00,Cash
T008938,S008,P0364,C01665,2,9198.25,2026-01-15 11:15:00,Wallet
T008939,S006,P0418,C02719,1,8063.59,2026-06-18 18:39:00,Card
T008940,S016,P0344,C00602,1,2669.28,2026-03-16 02:18:00,Card
T008941,S006,P0109,C00483,5,8805.73,2026-04-10 17:49:00,UPI
T008942,S003,P0254,C00113,3,7277.48,2026-01-13 13:07:00,UPI
T008943,S020,P0159,C01858,1,8365.04,2026-06-28 02:37:00,UPI
T008944,S003,P0361,C02626,5,7663.58,2026-02-21 23:49:00,Cash
T008945,S014,P0471,C02561,5,6734.93,2026-03-07 19:38:00,UPI
T008946,S005,P0726,C01364,4,1737.63,2026-06-14 12:37:00,Card
T008947,S009,P0223,C00145,5,1097.95,2026-04-13 10:26:00,Wallet
T008948,S013,P0591,C02900,4,6346.66,2026-04-30 19:37:00,Cash
T008949,S009,P0744,C01090,2,2393.06,2026-06-03 18:18:00,Wallet
T008950,S005,P0281,C01331,5,8900.67,2026-03-11 13:21:00,Cash
T008951,S016,P0265,C01651,2,3344.68,2026-01-07 23:11:00,Card
T008952,S002,P0255,C00900,1,2214.97,2026-03-25 17:35:00,Card
T008953,S015,P0747,C00029,3,9438.22,2026-04-20 23:26:00,UPI
T008954,S005,P0391,C02735,4,828.94,2026-04-24 21:16:00,Card
T008955,S012,P0292,C02672,2,2004.02,2026-03-10 19:21:00,Card
T008956,S004,P0763,C02644,1,3914.29,2026-04-10 06:34:00,Card
T008957,S019,P0649,C02156,1,9469.45,2026-06-23 18:29:00,Cash
T008958,S003,P0013,C00016,1,3585.81,2026-03-03 00:07:00,Card
T008959,S002,P0602,C01409,2,8981.46,2026-06-08 15:10:00,Wallet
T008960,S004,P0680,C02960,5,4165.12,2026-02-09 06:52:00,Wallet
T008961,S004,P0752,C02690,3,3839.96,2026-04-12 04:04:00,Cash
T008962,S014,P0396,C01426,4,2039.28,2026-01-13 18:32:00,Card
T008963,S002,P0462,C00182,4,2809.39,2026-01-16 19:35:00,Cash
T008964,S021,P0786,C02828,2,3671.5,2026-02-06 14:14:00,Wallet
T008965,S003,P0200,C01868,3,8064.94,2026-01-22 13:06:00,Cash
T008966,S011,P0242,C01531,2,1599.95,2026-04-13 04:31:00,Cash
T008967,S024,P0760,C01077,4,308.96,2026-01-02 03:22:00,Card
T008968,S023,P0130,C00625,5,7163.28,2026-04-18 11:00:00,Cash
T008969,S002,P0470,C01658,4,205.3,2026-04-02 10:52:00,UPI
T008970,S025,P0626,C01995,3,4287.21,2026-04-26 23:21:00,UPI
T008971,S013,P0590,C00374,2,3157.03,2026-05-10 13:52:00,UPI
T008972,S018,P0622,C00928,3,8024.08,2026-03-13 11:16:00,UPI
T008973,S004,P0378,C00415,3,4747.29,2026-05-08 22:42:00,Cash
T008974,S002,P0638,C01218,1,5679.06,2026-05-14 13:36:00,Cash
T008975,S011,P0522,C02480,4,5572.24,2026-03-24 11:11:00,Wallet
T008976,S013,P0008,C02262,3,4742.92,2026-04-02 16:50:00,Cash
T008977,S020,P0278,C02746,3,1264.65,2026-04-01 03:24:00,Cash
T008978,S015,P0387,C02872,5,9206.54,2026-02-14 08:41:00,Wallet
T008979,S025,P0370,C01510,4,3461.2,2026-05-01 14:42:00,UPI
T008980,S001,P0165,C01008,3,384.86,2026-03-12 00:11:00,UPI
T008981,S005,P0084,C02858,3,1223.23,2026-01-02 01:47:00,Card
T008982,S001,P0628,C00108,3,1483.56,2026-04-09 17:52:00,UPI
T008983,S014,P0366,C00105,4,6806.89,2026-04-25 11:31:00,Card
T008984,S006,P0608,C02942,3,9699.3,2026-05-14 14:09:00,UPI
T008985,S015,P0101,C00606,1,8805.39,2026-05-16 04:31:00,Card
T008986,S019,P0796,C00760,1,4753.83,2026-03-16 23:19:00,Cash
T008987,S006,P0228,C01048,2,1293.81,2026-01-15 12:11:00,UPI
T008988,S003,P0531,C00563,3,9574.26,2026-01-19 14:09:00,Cash
T008989,S016,P0475,C01866,5,3011.03,2026-04-08 12:02:00,Card
T008990,S015,P0296,C00453,2,8312.94,2026-03-07 11:05:00,Card
T008991,S008,P0213,C00162,4,4276.85,2026-01-28 05:15:00,Cash
T008992,S013,P0505,C00408,2,1428.24,2026-02-14 08:45:00,UPI
T008993,S009,P0514,C01822,4,4318.77,2026-03-19 08:52:00,Wallet
T008994,S007,P0527,C02427,3,4964.39,2026-01-18 17:29:00,Cash
T008995,S011,P0167,C01315,5,3360.33,2026-05-31 20:52:00,Card
T008996,S019,P0327,C01326,5,4651.01,2026-05-01 10:06:00,Cash
T008997,S004,P0123,C01290,3,9485.28,2026-01-02 04:54:00,Cash
T008998,S010,P0255,C01725,1,2214.97,2026-02-21 06:52:00,Card
T008999,S010,P0561,C02020,2,9754.52,2026-05-16 13:52:00,Card
T009000,S010,P0003,C02215,5,2300.34,2026-05-17 14:32:00,Wallet
T009001,S009,P0749,C00134,4,786.6,2026-01-05 17:29:00,UPI
T009002,S012,P0306,C01230,2,2652.55,2026-03-01 10:51:00,UPI
T009003,S019,P0582,C02775,4,1360.43,2026-05-01 01:25:00,Card
T009004,S023,P0255,C02036,3,2214.97,2026-01-17 15:26:00,Wallet
T009005,S004,P0588,C02798,1,6830.81,2026-01-06 08:22:00,Cash
T009006,S018,P0365,C00069,5,6145.31,2026-04-15 06:37:00,UPI
T009007,S011,P0439,C00828,5,9228.23,2026-01-12 21:14:00,Cash
T009008,S001,P0341,C01113,3,5733.11,2026-03-18 09:08:00,Cash
T009009,S020,P0724,C02705,2,548.91,2026-02-09 07:14:00,Wallet
T009010,S002,P0353,C00979,4,908.91,2026-05-12 21:56:00,Cash
T009011,S002,P0486,C01684,5,4214.23,2026-04-16 02:04:00,Cash
T009012,S011,P0406,C02247,2,2170.45,2026-02-14 01:32:00,UPI
T009013,S008,P0364,C00401,5,9198.25,2026-06-27 11:21:00,Cash
T009014,S015,P0316,C00124,2,512.74,2026-01-13 18:27:00,Cash
T009015,S022,P0372,C01073,4,5991.23,2026-06-06 18:15:00,UPI
T009016,S019,P0128,C01131,2,238.74,2026-02-27 01:02:00,Cash
T009017,S014,P0022,C00985,2,1191.13,2026-06-05 09:29:00,Card
T009018,S010,P0390,C02228,2,1923.02,2026-01-18 07:15:00,UPI
T009019,S001,P0159,C00421,1,8365.04,2026-03-10 22:48:00,Cash
T009020,S017,P0355,C01221,5,2048.08,2026-05-29 00:24:00,UPI
T009021,S013,P0644,C02568,3,196.65,2026-05-30 14:47:00,UPI
T009022,S010,P0405,C01473,2,2546.0,2026-06-13 02:15:00,Card
T009023,S014,P0022,C02541,4,1191.13,2026-06-05 16:14:00,Wallet
T009024,S004,P0203,C01270,5,6531.42,2026-06-02 16:32:00,Wallet
T009025,S024,P0385,C00221,3,4244.08,2026-05-28 16:37:00,Cash
T009026,S024,P0505,C01842,2,1428.24,2026-02-04 09:18:00,UPI
T009027,S021,P0268,C01470,3,4813.91,2026-03-28 05:13:00,Cash
T009028,S008,P0197,C01706,2,1254.11,2026-05-23 09:10:00,Card
T009029,S003,P0083,C02460,2,6898.86,2026-01-29 07:09:00,Card
T009030,S018,P0703,C00305,1,6202.03,2026-04-03 13:17:00,UPI
T009031,S007,P0121,C02794,1,934.55,2026-06-06 09:13:00,Wallet
T009032,S001,P0483,C00784,5,257.78,2026-05-15 00:26:00,UPI
T009033,S020,P0457,C02046,5,5802.71,2026-03-18 10:50:00,UPI
T009034,S018,P0586,C02832,4,1154.2,2026-01-11 15:50:00,Wallet
T009035,S013,P0012,C02841,4,1540.01,2026-02-22 12:04:00,Wallet
T009036,S010,P0522,C02707,5,5572.24,2026-04-07 23:35:00,Card
T009037,S011,P0201,C00363,4,236.37,2026-05-06 10:12:00,UPI
T009038,S008,P0612,C02224,2,3735.5,2026-05-11 00:29:00,UPI
T009039,S005,P0680,C00737,4,4165.12,2026-05-27 10:59:00,Cash
T009040,S009,P0621,C00183,1,8632.83,2026-05-08 21:51:00,UPI
T009041,S020,P0369,C01249,2,4587.77,2026-06-13 07:36:00,Card
T009042,S017,P0287,C01543,5,1573.93,2026-05-27 08:34:00,Cash
T009043,S017,P0490,C02689,2,1817.85,2026-06-23 00:38:00,Cash
T009044,S007,P0255,C02428,3,2214.97,2026-03-28 19:57:00,Wallet
T009045,S001,P0183,C01506,5,4734.37,2026-06-10 18:43:00,UPI
T009046,S017,P0345,C00951,3,1998.33,2026-01-12 04:47:00,Cash
T009047,S001,P0585,C01693,2,7994.43,2026-06-18 14:45:00,UPI
T009048,S002,P0210,C00748,2,8500.3,2026-01-01 05:45:00,Card
T009049,S005,P0012,C00458,5,1540.01,2026-06-07 08:33:00,Wallet
T009050,S002,P0673,C02196,4,7405.45,2026-03-11 05:01:00,UPI
T009051,S012,P0503,C00939,5,2098.92,2026-06-16 01:30:00,Cash
T009052,S012,P0707,C01492,3,3698.4,2026-03-01 03:04:00,UPI
T009053,S003,P0354,C00390,5,9782.15,2026-04-01 18:06:00,Wallet
T009054,S010,P0693,C01544,1,1638.87,2026-06-03 04:46:00,Card
T009055,S010,P0396,C01718,2,2039.28,2026-03-27 17:46:00,Cash
T009056,S016,P0233,C01688,4,8252.74,2026-03-13 20:50:00,UPI
T009057,S003,P0264,C02579,1,7171.07,2026-01-05 15:59:00,UPI
T009058,S021,P0514,C00165,1,4318.77,2026-02-18 10:39:00,Card
T009059,S020,P0660,C01610,3,7325.53,2026-02-09 01:23:00,UPI
T009060,S016,P0208,C01318,5,2092.25,2026-02-28 03:17:00,Cash
T009061,S013,P0539,C02428,3,8771.46,2026-05-25 15:01:00,Cash
T009062,S016,P0144,C01524,2,9682.77,2026-06-20 15:41:00,Cash
T009063,S015,P0763,C00880,1,3914.29,2026-05-01 09:45:00,Wallet
T009064,S001,P0773,C02393,1,8629.97,2026-05-17 14:54:00,Cash
T009065,S006,P0795,C00946,4,4749.67,2026-04-28 12:22:00,Cash
T009066,S008,P0420,C01410,4,6488.01,2026-06-06 12:28:00,Card
T009067,S007,P0509,C00811,3,6118.83,2026-01-30 22:24:00,Cash
T009068,S003,P0560,C02267,5,9414.81,2026-03-21 02:16:00,UPI
T009069,S006,P0026,C00127,1,5582.77,2026-05-12 14:31:00,Cash
T009070,S005,P0182,C00091,1,5319.06,2026-03-10 23:26:00,Wallet
T009071,S013,P0474,C01539,1,8400.11,2026-05-14 05:25:00,Wallet
T009072,S012,P0137,C01529,5,947.81,2026-02-21 00:07:00,Wallet
T009073,S010,P0558,C01935,3,7592.43,2026-05-09 17:49:00,UPI
T009074,S010,P0100,C00530,5,5501.88,2026-02-03 20:41:00,Cash
T009075,S024,P0179,C00383,4,8127.84,2026-03-23 21:53:00,Card
T009076,S003,P0498,C01039,2,3416.54,2026-05-14 13:31:00,Cash
T009077,S016,P0057,C02701,3,657.85,2026-06-28 17:33:00,UPI
T009078,S004,P0208,C01772,4,2092.25,2026-03-12 03:37:00,Wallet
T009079,S017,P0072,C02583,4,4327.35,2026-05-27 14:20:00,Cash
T009080,S021,P0778,C02410,5,6963.87,2026-02-10 08:21:00,UPI
T009081,S008,P0649,C00626,4,9469.45,2026-06-15 07:30:00,Card
T009082,S003,P0463,C02435,3,7009.64,2026-02-13 14:39:00,Cash
T009083,S001,P0359,C02644,3,2458.76,2026-01-08 21:56:00,Wallet
T009084,S002,P0245,C00865,2,4480.53,2026-04-03 18:43:00,Wallet
T009085,S006,P0048,C00909,5,1430.43,2026-04-07 21:15:00,Cash
T009086,S012,P0175,C02427,5,4958.37,2026-03-13 05:39:00,Card
T009087,S020,P0509,C00244,3,6118.83,2026-04-28 14:20:00,Wallet
T009088,S009,P0643,C02725,2,7801.9,2026-05-04 09:59:00,Cash
T009089,S022,P0314,C01597,2,7849.53,2026-05-13 07:09:00,Cash
T009090,S009,P0393,C01069,4,533.66,2026-01-26 15:08:00,Wallet
T009091,S008,P0347,C02326,1,6444.57,2026-02-19 23:53:00,UPI
T009092,S025,P0086,C00060,1,5641.27,2026-01-01 13:06:00,Cash
T009093,S021,P0131,C00678,1,7488.79,2026-04-14 06:12:00,UPI
T009094,S018,P0360,C02396,3,5243.78,2026-06-01 07:17:00,UPI
T009095,S024,P0168,C00801,4,3315.66,2026-06-18 21:55:00,Wallet
T009096,S022,P0394,C00136,5,2911.6,2026-06-24 02:57:00,Card
T009097,S012,P0238,C00607,2,4446.17,2026-04-06 03:08:00,UPI
T009098,S011,P0074,C01010,5,2079.76,2026-05-16 03:04:00,Card
T009099,S019,P0177,C01322,3,4946.27,2026-04-30 18:27:00,Cash
T009100,S007,P0371,C01842,1,5918.35,2026-05-09 05:06:00,UPI
T009101,S022,P0481,C01648,5,580.78,2026-03-17 05:00:00,UPI
T009102,S006,P0058,C00355,2,6515.02,2026-04-08 12:20:00,Cash
T009103,S007,P0482,C00221,4,3807.98,2026-03-29 19:13:00,UPI
T009104,S003,P0524,C00406,3,5664.21,2026-03-21 14:08:00,Cash
T009105,S012,P0185,C00913,4,5277.61,2026-06-09 18:43:00,Wallet
T009106,S022,P0283,C02903,3,8716.22,2026-06-01 00:47:00,Cash
T009107,S015,P0777,C01533,1,3589.83,2026-04-18 05:12:00,Card
T009108,S001,P0776,C02627,2,994.43,2026-03-02 04:33:00,UPI
T009109,S017,P0417,C01388,3,4565.4,2026-04-28 04:55:00,Wallet
T009110,S017,P0402,C01511,4,5371.29,2026-02-26 22:18:00,UPI
T009111,S014,P0381,C02308,1,4277.41,2026-05-02 04:03:00,Wallet
T009112,S015,P0362,C01376,1,945.79,2026-04-26 21:19:00,Card
T009113,S005,P0572,C01585,3,6659.16,2026-05-09 19:46:00,UPI
T009114,S002,P0787,C00888,4,1525.99,2026-01-07 05:10:00,UPI
T009115,S016,P0492,C00382,3,6612.82,2026-02-13 07:46:00,Card
T009116,S020,P0178,C02766,2,5673.27,2026-05-01 23:11:00,Cash
T009117,S019,P0339,C00821,1,2878.49,2026-05-27 01:55:00,Wallet
T009118,S013,P0724,C01300,1,548.91,2026-01-10 14:37:00,Cash
T009119,S022,P0298,C00404,5,5929.04,2026-03-22 09:18:00,UPI
T009120,S001,P0342,C01099,1,6631.4,2026-05-19 21:25:00,Cash
T009121,S024,P0744,C00921,5,2393.06,2026-06-13 15:17:00,UPI
T009122,S009,P0681,C02717,5,7716.53,2026-01-15 22:54:00,Card
T009123,S013,P0020,C01910,5,2220.31,2026-05-22 09:34:00,UPI
T009124,S002,P0713,C02513,5,3378.0,2026-04-30 15:14:00,Wallet
T009125,S014,P0606,C02220,5,3619.28,2026-05-29 11:01:00,Cash
T009126,S008,P0757,C02360,1,4855.21,2026-06-30 08:51:00,UPI
T009127,S001,P0108,C02278,4,8607.23,2026-01-19 21:24:00,Wallet
T009128,S015,P0532,C00314,3,6385.3,2026-04-24 14:21:00,Cash
T009129,S014,P0711,C02395,1,1928.92,2026-05-08 10:42:00,Wallet
T009130,S014,P0069,C01736,3,2943.82,2026-03-22 06:54:00,Wallet
T009131,S017,P0051,C02767,5,3973.71,2026-06-01 17:54:00,Wallet
T009132,S018,P0441,C02017,5,5390.46,2026-01-20 18:35:00,Cash
T009133,S018,P0122,C02997,4,8775.26,2026-05-19 21:18:00,Card
T009134,S012,P0024,C00825,5,3347.34,2026-06-25 01:21:00,Card
T009135,S015,P0671,C02114,3,8333.09,2026-04-26 07:10:00,Cash
T009136,S010,P0062,C00271,3,2738.53,2026-04-29 17:33:00,UPI
T009137,S013,P0683,C01507,1,8931.71,2026-01-17 12:02:00,Cash
T009138,S018,P0092,C00433,5,4028.26,2026-05-30 02:12:00,UPI
T009139,S018,P0083,C01559,4,6898.86,2026-03-24 16:51:00,Wallet
T009140,S002,P0205,C01114,5,4275.6,2026-06-04 01:58:00,Cash
T009141,S020,P0120,C02858,3,6904.92,2026-05-23 19:49:00,Wallet
T009142,S015,P0422,C01855,3,7879.15,2026-03-19 12:36:00,UPI
T009143,S011,P0713,C01560,5,3378.0,2026-05-11 20:46:00,Cash
T009144,S004,P0025,C00576,2,4622.76,2026-06-10 13:19:00,Card
T009145,S006,P0780,C02999,3,5537.46,2026-02-12 13:49:00,Wallet
T009146,S021,P0574,C00805,5,9933.28,2026-05-21 07:10:00,Wallet
T009147,S015,P0602,C02534,3,8981.46,2026-05-10 08:59:00,UPI
T009148,S012,P0226,C02602,5,1828.68,2026-05-21 17:28:00,Wallet
T009149,S014,P0023,C00187,1,7075.84,2026-04-24 14:01:00,Cash
T009150,S006,P0356,C00270,2,6296.35,2026-02-22 17:55:00,Cash
T009151,S008,P0646,C00255,2,5928.39,2026-01-06 05:18:00,Wallet
T009152,S002,P0549,C02516,2,1936.82,2026-01-05 23:23:00,Card
T009153,S024,P0551,C00473,3,8695.78,2026-05-03 13:36:00,Wallet
T009154,S001,P0402,C00211,3,5371.29,2026-01-21 05:09:00,Wallet
T009155,S005,P0716,C00754,4,505.29,2026-03-02 20:15:00,Card
T009156,S023,P0155,C01432,5,7088.03,2026-04-13 23:15:00,Cash
T009157,S006,P0208,C01812,4,2092.25,2026-01-28 06:09:00,UPI
T009158,S018,P0006,C02967,5,7768.45,2026-01-30 21:33:00,Cash
T009159,S005,P0205,C00743,4,4275.6,2026-06-20 20:34:00,Wallet
T009160,S013,P0140,C00165,4,1042.27,2026-01-08 21:34:00,Wallet
T009161,S021,P0378,C01124,5,4747.29,2026-03-27 03:00:00,UPI
T009162,S007,P0373,C02365,4,9052.26,2026-05-21 18:39:00,UPI
T009163,S022,P0247,C01872,3,4396.32,2026-01-26 05:16:00,Card
T009164,S023,P0484,C01047,3,8222.21,2026-05-26 22:05:00,UPI
T009165,S007,P0519,C02881,5,1759.88,2026-05-19 17:51:00,UPI
T009166,S005,P0736,C01642,5,3312.16,2026-06-14 13:12:00,Cash
T009167,S002,P0529,C00504,4,4146.0,2026-06-17 03:21:00,Cash
T009168,S016,P0593,C02823,4,1610.75,2026-05-11 04:34:00,Card
T009169,S015,P0598,C01223,2,6993.13,2026-01-07 22:08:00,UPI
T009170,S007,P0599,C00288,4,1062.46,2026-05-06 00:14:00,Wallet
T009171,S025,P0711,C02523,5,1928.92,2026-04-13 13:14:00,UPI
T009172,S005,P0037,C01104,4,2580.83,2026-06-02 01:15:00,UPI
T009173,S018,P0171,C02838,5,1015.26,2026-01-31 01:36:00,Card
T009174,S019,P0219,C02369,4,1397.47,2026-04-27 20:00:00,Wallet
T009175,S016,P0003,C02300,4,2300.34,2026-02-03 07:29:00,UPI
T009176,S024,P0071,C01295,2,5958.46,2026-05-04 05:00:00,Cash
T009177,S010,P0703,C00709,3,6202.03,2026-05-31 18:56:00,Card
T009178,S020,P0090,C00182,2,646.74,2026-02-06 13:13:00,Card
T009179,S007,P0147,C00388,1,7130.53,2026-05-22 20:42:00,Wallet
T009180,S002,P0484,C02676,3,8222.21,2026-03-01 07:38:00,UPI
T009181,S025,P0603,C00756,3,7378.66,2026-03-12 17:27:00,Cash
T009182,S019,P0151,C02036,1,5217.03,2026-06-19 14:54:00,Card
T009183,S004,P0111,C02834,5,9271.32,2026-06-19 10:22:00,UPI
T009184,S001,P0243,C01141,2,1465.14,2026-06-05 15:30:00,Wallet
T009185,S018,P0108,C01237,5,8607.23,2026-01-12 08:16:00,Card
T009186,S012,P0043,C01354,3,5469.14,2026-03-22 01:30:00,UPI
T009187,S021,P0563,C00541,4,6057.9,2026-04-18 16:45:00,Cash
T009188,S023,P0703,C02454,5,6202.03,2026-03-25 15:42:00,Wallet
T009189,S004,P0531,C01511,5,9574.26,2026-05-11 20:57:00,Wallet
T009190,S022,P0287,C02074,5,1573.93,2026-04-16 17:42:00,Cash
T009191,S009,P0427,C02685,4,7722.75,2026-02-27 06:31:00,Card
T009192,S018,P0175,C00779,2,4958.37,2026-03-28 12:05:00,Wallet
T009193,S001,P0261,C00677,3,5766.11,2026-06-26 15:13:00,Cash
T009194,S003,P0418,C01142,4,8063.59,2026-01-04 16:37:00,Wallet
T009195,S012,P0300,C00569,4,3880.91,2026-04-24 08:03:00,Cash
T009196,S003,P0055,C01669,4,7674.42,2026-01-26 05:49:00,Card
T009197,S003,P0277,C01413,1,3757.9,2026-06-18 07:26:00,UPI
T009198,S004,P0444,C02738,1,8281.1,2026-01-26 11:01:00,Card
T009199,S018,P0653,C01108,1,3849.13,2026-03-26 11:36:00,UPI
T009200,S002,P0104,C02829,4,5571.01,2026-06-11 01:27:00,Wallet
T009201,S001,P0407,C00732,1,1756.59,2026-06-24 10:51:00,Wallet
T009202,S014,P0626,C02660,2,4287.21,2026-04-23 23:04:00,Card
T009203,S009,P0095,C01543,5,7753.59,2026-01-09 12:12:00,Wallet
T009204,S006,P0185,C02995,1,5277.61,2026-02-02 21:58:00,UPI
T009205,S010,P0389,C00799,1,8090.99,2026-01-24 17:54:00,UPI
T009206,S009,P0036,C02423,2,1558.0,2026-05-03 21:05:00,Cash
T009207,S012,P0220,C00746,5,8346.5,2026-06-04 23:03:00,Cash
T009208,S014,P0005,C02722,3,6938.1,2026-02-26 17:37:00,Wallet
T009209,S013,P0293,C00607,5,9576.2,2026-03-12 09:33:00,UPI
T009210,S025,P0725,C02014,2,7432.08,2026-03-09 01:31:00,Cash
T009211,S016,P0778,C01876,2,6963.87,2026-03-21 12:32:00,Card
T009212,S019,P0070,C02150,5,8064.57,2026-05-11 18:20:00,Wallet
T009213,S010,P0038,C01779,1,393.26,2026-02-23 03:34:00,Cash
T009214,S007,P0399,C00583,1,2476.48,2026-01-20 10:37:00,Wallet
T009215,S016,P0289,C01180,3,9583.99,2026-01-17 10:31:00,UPI
T009216,S022,P0591,C02559,1,6346.66,2026-05-04 01:45:00,Wallet
T009217,S010,P0697,C01954,2,7318.56,2026-06-16 23:56:00,Card
T009218,S005,P0642,C00304,3,752.0,2026-01-27 05:12:00,UPI
T009219,S015,P0102,C01141,1,7184.15,2026-02-28 22:07:00,UPI
T009220,S010,P0237,C01789,4,3411.61,2026-03-24 01:40:00,Card
T009221,S002,P0608,C00041,4,9699.3,2026-02-20 13:40:00,Card
T009222,S010,P0531,C00909,5,9574.26,2026-05-18 15:09:00,Card
T009223,S024,P0474,C00470,2,8400.11,2026-01-30 11:04:00,Cash
T009224,S002,P0147,C01220,4,7130.53,2026-06-10 13:25:00,Wallet
T009225,S005,P0684,C01218,5,9893.76,2026-05-17 20:32:00,Card
T009226,S025,P0131,C01289,4,7488.79,2026-01-20 01:16:00,UPI
T009227,S002,P0432,C02967,3,3471.53,2026-05-30 21:48:00,UPI
T009228,S012,P0287,C02053,5,1573.93,2026-04-23 15:22:00,Card
T009229,S008,P0270,C00481,3,8731.95,2026-06-08 15:14:00,Cash
T009230,S014,P0721,C02925,3,4538.97,2026-05-18 01:49:00,Cash
T009231,S020,P0419,C01617,2,343.71,2026-02-06 07:55:00,Wallet
T009232,S003,P0082,C02051,1,2741.65,2026-06-13 10:19:00,Card
T009233,S007,P0750,C00183,4,4603.74,2026-06-10 09:06:00,Card
T009234,S021,P0363,C02024,3,3200.47,2026-04-02 14:33:00,Wallet
T009235,S015,P0635,C01119,5,4059.59,2026-05-12 09:57:00,Cash
T009236,S014,P0415,C01887,3,5235.33,2026-03-09 14:03:00,Cash
T009237,S016,P0388,C02704,4,6275.81,2026-05-02 19:36:00,Wallet
T009238,S019,P0407,C01808,3,1756.59,2026-03-17 00:50:00,UPI
T009239,S004,P0226,C01240,5,1828.68,2026-03-01 14:26:00,Wallet
T009240,S001,P0599,C02976,3,1062.46,2026-04-20 10:10:00,Card
T009241,S006,P0171,C01236,2,1015.26,2026-01-06 02:15:00,UPI
T009242,S024,P0434,C02874,3,4553.72,2026-04-21 07:26:00,Cash
T009243,S022,P0205,C02875,2,4275.6,2026-02-04 20:55:00,Cash
T009244,S004,P0739,C01176,2,7330.72,2026-03-23 16:22:00,Cash
T009245,S001,P0409,C00390,1,7152.62,2026-02-25 17:01:00,Cash
T009246,S011,P0586,C02105,2,1154.2,2026-05-10 22:35:00,UPI
T009247,S004,P0055,C01370,5,7674.42,2026-02-23 04:03:00,Card
T009248,S025,P0433,C01499,1,4344.05,2026-04-01 19:52:00,Cash
T009249,S011,P0410,C02381,1,4789.21,2026-05-08 12:29:00,UPI
T009250,S014,P0550,C00930,4,2666.58,2026-04-26 05:28:00,Cash
T009251,S019,P0210,C02538,4,8500.3,2026-06-03 22:50:00,UPI
T009252,S018,P0038,C01315,4,393.26,2026-02-07 22:36:00,Card
T009253,S001,P0784,C01047,1,2111.47,2026-04-23 07:58:00,UPI
T009254,S019,P0510,C01467,1,1916.1,2026-01-27 17:22:00,Cash
T009255,S011,P0061,C02695,2,6610.9,2026-04-11 19:05:00,Cash
T009256,S014,P0382,C00460,2,7873.11,2026-02-23 01:17:00,Cash
T009257,S010,P0039,C00516,5,6812.26,2026-02-04 19:16:00,Card
T009258,S022,P0746,C00612,1,4646.96,2026-01-23 11:18:00,Cash
T009259,S007,P0600,C01317,1,8512.12,2026-05-24 12:34:00,UPI
T009260,S012,P0149,C02860,1,8728.63,2026-06-30 22:35:00,Cash
T009261,S020,P0588,C01462,5,6830.81,2026-03-19 21:55:00,Cash
T009262,S003,P0585,C00709,3,7994.43,2026-02-11 07:44:00,Wallet
T009263,S011,P0114,C01776,4,4586.29,2026-02-28 05:58:00,Cash
T009264,S004,P0222,C01553,1,1377.06,2026-03-18 03:05:00,UPI
T009265,S025,P0112,C02646,4,8260.57,2026-04-07 12:43:00,UPI
T009266,S002,P0210,C00532,5,8500.3,2026-01-18 18:46:00,Card
T009267,S007,P0155,C02843,3,7088.03,2026-03-30 21:23:00,Card
T009268,S009,P0407,C00291,3,1756.59,2026-03-07 18:20:00,UPI
T009269,S003,P0482,C02374,2,3807.98,2026-03-05 19:54:00,Wallet
T009270,S018,P0347,C00301,3,6444.57,2026-04-21 13:16:00,UPI
T009271,S014,P0065,C00408,3,6938.55,2026-01-07 15:55:00,Wallet
T009272,S004,P0183,C01554,1,4734.37,2026-02-23 10:14:00,Wallet
T009273,S006,P0241,C01959,1,7179.48,2026-03-16 13:07:00,UPI
T009274,S025,P0384,C00856,5,8533.89,2026-05-01 08:41:00,Cash
T009275,S012,P0359,C00171,2,2458.76,2026-04-10 06:01:00,Cash
T009276,S013,P0643,C02393,5,7801.9,2026-02-01 11:47:00,Wallet
T009277,S022,P0230,C00361,2,8972.55,2026-06-11 19:32:00,UPI
T009278,S025,P0156,C00481,2,502.84,2026-04-02 18:35:00,UPI
T009279,S007,P0740,C00757,3,9717.89,2026-03-14 22:11:00,Cash
T009280,S013,P0726,C02730,4,1737.63,2026-01-22 21:24:00,Wallet
T009281,S007,P0132,C02477,1,8576.74,2026-05-05 09:08:00,Wallet
T009282,S008,P0183,C00321,3,4734.37,2026-06-06 03:55:00,Cash
T009283,S001,P0265,C00060,4,3344.68,2026-04-19 02:10:00,UPI
T009284,S023,P0299,C01717,1,4425.47,2026-04-24 00:06:00,Card
T009285,S009,P0010,C01406,5,9207.97,2026-03-28 00:26:00,Cash
T009286,S008,P0264,C01851,3,7171.07,2026-02-11 05:39:00,Card
T009287,S016,P0436,C00253,1,5047.02,2026-01-20 17:31:00,Cash
T009288,S022,P0529,C00447,2,4146.0,2026-06-20 03:12:00,Card
T009289,S023,P0379,C00965,2,3750.42,2026-04-14 19:16:00,Card
T009290,S003,P0439,C02548,3,9228.23,2026-05-22 02:27:00,Wallet
T009291,S001,P0359,C00455,5,2458.76,2026-06-15 09:47:00,UPI
T009292,S013,P0460,C02717,3,4631.5,2026-01-26 07:46:00,Cash
T009293,S011,P0549,C00582,3,1936.82,2026-03-18 09:20:00,Cash
T009294,S014,P0523,C00978,5,4689.15,2026-06-20 16:22:00,Wallet
T009295,S022,P0091,C00578,2,8684.0,2026-04-09 23:51:00,Cash
T009296,S020,P0786,C02135,4,3671.5,2026-01-15 20:09:00,UPI
T009297,S007,P0347,C00019,4,6444.57,2026-03-07 19:11:00,UPI
T009298,S016,P0720,C02443,1,8925.71,2026-02-22 23:41:00,Card
T009299,S011,P0580,C01025,5,2979.67,2026-05-05 15:21:00,Wallet
T009300,S013,P0255,C01585,4,2214.97,2026-03-15 00:52:00,Wallet
T009301,S025,P0199,C00401,2,6222.14,2026-02-02 20:11:00,Wallet
T009302,S013,P0767,C00732,5,6194.4,2026-02-02 18:17:00,Card
T009303,S015,P0210,C02232,5,8500.3,2026-04-14 09:51:00,Cash
T009304,S004,P0316,C02005,1,512.74,2026-06-20 21:44:00,UPI
T009305,S007,P0186,C00343,3,5553.84,2026-03-03 06:52:00,Cash
T009306,S008,P0623,C00782,5,5792.3,2026-01-08 05:10:00,Cash
T009307,S017,P0166,C01823,2,6319.73,2026-04-19 21:39:00,Card
T009308,S025,P0546,C02094,1,6578.76,2026-03-31 01:00:00,Cash
T009309,S025,P0427,C01508,5,7722.75,2026-05-28 22:02:00,Wallet
T009310,S006,P0015,C01204,1,5334.5,2026-05-30 13:07:00,Wallet
T009311,S015,P0289,C01250,4,9583.99,2026-02-17 03:58:00,UPI
T009312,S003,P0394,C01150,5,2911.6,2026-05-23 06:26:00,Card
T009313,S017,P0246,C01382,4,938.3,2026-04-17 12:52:00,Card
T009314,S009,P0633,C02413,2,2845.22,2026-04-26 15:41:00,Cash
T009315,S025,P0134,C00950,3,4143.39,2026-02-01 20:28:00,UPI
T009316,S010,P0416,C02238,5,4705.01,2026-04-07 14:10:00,Card
T009317,S019,P0776,C02425,2,994.43,2026-04-16 14:51:00,Card
T009318,S001,P0683,C02547,4,8931.71,2026-01-20 00:03:00,Wallet
T009319,S007,P0717,C00594,4,9261.46,2026-02-05 10:41:00,Card
T009320,S020,P0236,C02541,1,7351.26,2026-04-11 08:12:00,Card
T009321,S023,P0600,C01212,4,8512.12,2026-03-13 05:56:00,Wallet
T009322,S012,P0286,C01454,3,5096.16,2026-01-09 04:35:00,Wallet
T009323,S007,P0734,C02785,1,8745.49,2026-02-02 04:33:00,UPI
T009324,S014,P0665,C02604,5,7169.18,2026-06-24 23:51:00,Wallet
T009325,S016,P0370,C02386,2,3461.2,2026-02-26 09:10:00,Cash
T009326,S020,P0529,C00467,2,4146.0,2026-06-07 20:05:00,Wallet
T009327,S017,P0302,C01320,3,2628.99,2026-05-20 01:21:00,Card
T009328,S019,P0472,C02030,1,774.55,2026-01-19 07:07:00,Cash
T009329,S020,P0619,C00331,1,731.92,2026-04-23 14:27:00,Cash
T009330,S013,P0114,C02964,2,4586.29,2026-05-22 07:32:00,Cash
T009331,S016,P0318,C02783,4,9340.72,2026-04-18 16:39:00,Card
T009332,S018,P0593,C00396,1,1610.75,2026-04-02 21:04:00,Cash
T009333,S009,P0318,C00178,1,9340.72,2026-01-05 03:12:00,Wallet
T009334,S018,P0799,C02855,1,206.59,2026-05-02 15:26:00,Card
T009335,S013,P0204,C00361,5,951.33,2026-06-07 02:27:00,UPI
T009336,S012,P0484,C02660,2,8222.21,2026-03-25 05:06:00,Card
T009337,S009,P0700,C02714,5,1966.82,2026-06-12 10:23:00,Cash
T009338,S004,P0751,C00699,4,7293.97,2026-03-12 13:46:00,UPI
T009339,S020,P0271,C01480,3,9964.47,2026-01-31 09:21:00,UPI
T009340,S019,P0180,C02223,5,6342.79,2026-03-17 00:55:00,Cash
T009341,S021,P0119,C00661,1,4834.82,2026-06-07 05:36:00,Wallet
T009342,S015,P0314,C02615,3,7849.53,2026-02-24 08:22:00,Cash
T009343,S013,P0434,C02974,2,4553.72,2026-03-31 02:08:00,Cash
T009344,S025,P0128,C02064,2,238.74,2026-04-28 10:22:00,Wallet
T009345,S002,P0025,C01242,4,4622.76,2026-04-12 12:18:00,Card
T009346,S021,P0198,C01857,1,6947.88,2026-04-22 10:29:00,Card
T009347,S017,P0372,C00093,4,5991.23,2026-02-05 12:51:00,Card
T009348,S008,P0114,C00563,1,4586.29,2026-01-14 03:45:00,Cash
T009349,S025,P0527,C00491,2,4964.39,2026-05-21 13:05:00,Wallet
T009350,S003,P0635,C02707,3,4059.59,2026-03-05 16:42:00,Wallet
T009351,S012,P0650,C00746,3,8079.24,2026-02-02 12:57:00,Card
T009352,S012,P0271,C00129,3,9964.47,2026-02-25 02:16:00,Wallet
T009353,S020,P0178,C00955,3,5673.27,2026-05-26 19:57:00,UPI
T009354,S017,P0582,C02731,5,1360.43,2026-04-02 21:56:00,Cash
T009355,S006,P0795,C01467,2,4749.67,2026-04-08 20:54:00,Card
T009356,S002,P0627,C01798,4,556.05,2026-06-12 11:25:00,Card
T009357,S018,P0374,C02584,5,3617.37,2026-04-02 19:53:00,Cash
T009358,S011,P0364,C02296,3,9198.25,2026-02-10 21:49:00,Cash
T009359,S011,P0140,C00647,1,1042.27,2026-02-16 16:35:00,Cash
T009360,S006,P0747,C02057,4,9438.22,2026-06-25 14:58:00,UPI
T009361,S022,P0191,C02460,5,8443.81,2026-04-07 08:58:00,Wallet
T009362,S021,P0459,C00977,2,4208.02,2026-01-24 10:11:00,Cash
T009363,S015,P0693,C02814,2,1638.87,2026-06-05 01:32:00,UPI
T009364,S005,P0648,C01755,2,6112.92,2026-01-07 07:23:00,Card
T009365,S015,P0053,C00015,1,707.1,2026-05-21 11:02:00,UPI
T009366,S016,P0624,C01450,3,8528.36,2026-01-01 06:06:00,Wallet
T009367,S012,P0194,C00544,5,3478.21,2026-03-27 11:43:00,UPI
T009368,S003,P0403,C01696,2,9771.12,2026-01-17 07:06:00,Cash
T009369,S009,P0708,C01734,4,3265.42,2026-03-11 09:50:00,Wallet
T009370,S016,P0211,C02035,3,465.47,2026-06-24 08:43:00,UPI
T009371,S007,P0243,C02634,1,1465.14,2026-05-21 13:37:00,Wallet
T009372,S014,P0403,C00997,5,9771.12,2026-05-04 04:48:00,UPI
T009373,S015,P0131,C01581,5,7488.79,2026-02-16 18:12:00,UPI
T009374,S017,P0698,C01870,3,7689.6,2026-05-18 07:48:00,Cash
T009375,S025,P0021,C01367,2,7636.95,2026-05-27 00:01:00,UPI
T009376,S014,P0545,C02568,5,790.43,2026-03-18 16:00:00,Cash
T009377,S006,P0560,C01335,2,9414.81,2026-03-03 07:58:00,Wallet
T009378,S006,P0400,C00505,4,8795.04,2026-01-17 08:37:00,Wallet
T009379,S001,P0280,C01710,1,7858.55,2026-04-03 09:25:00,Card
T009380,S025,P0302,C00369,1,2628.99,2026-04-07 23:44:00,Cash
T009381,S017,P0575,C02282,2,9035.22,2026-01-22 12:45:00,Wallet
T009382,S003,P0029,C00966,3,4435.78,2026-06-25 16:27:00,Wallet
T009383,S009,P0089,C02413,5,6477.51,2026-03-16 19:48:00,Wallet
T009384,S001,P0265,C01388,1,3344.68,2026-02-20 05:04:00,Wallet
T009385,S022,P0051,C01750,3,3973.71,2026-04-02 03:10:00,Cash
T009386,S022,P0052,C02836,4,6206.7,2026-01-30 08:53:00,UPI
T009387,S008,P0656,C00712,3,8003.84,2026-06-28 20:04:00,Cash
T009388,S011,P0429,C00436,1,6574.5,2026-04-28 17:57:00,Cash
T009389,S009,P0641,C01370,2,2773.24,2026-05-13 15:55:00,UPI
T009390,S022,P0141,C01800,5,9316.54,2026-05-31 10:48:00,Card
T009391,S018,P0056,C00466,3,4337.67,2026-02-24 02:10:00,UPI
T009392,S017,P0118,C00939,1,8483.91,2026-02-04 23:29:00,Card
T009393,S004,P0609,C01437,2,1275.15,2026-01-03 09:52:00,UPI
T009394,S011,P0787,C01777,5,1525.99,2026-01-04 19:54:00,UPI
T009395,S025,P0361,C00522,2,7663.58,2026-03-24 09:44:00,Card
T009396,S018,P0270,C01342,1,8731.95,2026-03-04 15:02:00,Wallet
T009397,S003,P0030,C02816,4,4007.63,2026-05-07 22:12:00,Card
T009398,S015,P0500,C01571,4,2401.8,2026-04-22 14:30:00,UPI
T009399,S013,P0674,C02297,1,9237.26,2026-01-25 17:32:00,UPI
T009400,S023,P0439,C00218,3,9228.23,2026-02-19 01:46:00,UPI
T009401,S001,P0729,C01720,3,8802.63,2026-06-28 18:02:00,Cash
T009402,S008,P0098,C00361,5,4449.81,2026-04-06 17:08:00,Card
T009403,S001,P0565,C02991,3,6635.26,2026-01-14 02:02:00,UPI
T009404,S002,P0676,C01204,3,157.32,2026-01-26 23:46:00,Wallet
T009405,S007,P0636,C00084,3,9406.97,2026-05-18 16:23:00,Card
T009406,S015,P0329,C00923,1,141.36,2026-03-04 02:55:00,Card
T009407,S014,P0757,C00600,3,4855.21,2026-03-21 07:02:00,UPI
T009408,S006,P0360,C02743,3,5243.78,2026-05-30 02:52:00,Card
T009409,S003,P0298,C02667,1,5929.04,2026-03-25 03:08:00,Card
T009410,S018,P0267,C00324,3,910.28,2026-01-17 08:32:00,UPI
T009411,S019,P0142,C01700,5,152.07,2026-02-28 14:47:00,Card
T009412,S023,P0394,C01516,5,2911.6,2026-05-04 18:15:00,Card
T009413,S016,P0336,C02606,2,2292.06,2026-04-16 05:49:00,Card
T009414,S014,P0550,C00839,5,2666.58,2026-06-11 03:32:00,Cash
T009415,S020,P0418,C00111,4,8063.59,2026-01-04 16:35:00,Cash
T009416,S021,P0333,C01662,5,9722.19,2026-05-21 02:38:00,Cash
T009417,S007,P0450,C00212,5,4833.69,2026-05-21 15:34:00,UPI
T009418,S019,P0635,C01536,4,4059.59,2026-01-25 01:32:00,Wallet
T009419,S006,P0339,C02316,1,2878.49,2026-06-07 22:55:00,Card
T009420,S021,P0609,C01036,3,1275.15,2026-04-14 21:32:00,Cash
T009421,S015,P0632,C00892,1,6060.23,2026-05-15 10:55:00,Cash
T009422,S009,P0337,C01862,5,1994.97,2026-04-19 10:16:00,Cash
T009423,S024,P0611,C02667,1,7798.54,2026-02-02 11:17:00,Card
T009424,S016,P0769,C00958,1,4342.42,2026-04-27 01:48:00,Wallet
T009425,S011,P0118,C01269,4,8483.91,2026-04-15 21:55:00,UPI
T009426,S018,P0670,C02766,2,1786.79,2026-05-21 22:14:00,Wallet
T009427,S017,P0014,C00308,1,5097.6,2026-01-01 04:52:00,Card
T009428,S003,P0456,C01674,5,9111.0,2026-04-20 19:44:00,UPI
T009429,S023,P0523,C00298,5,4689.15,2026-06-18 06:45:00,UPI
T009430,S016,P0712,C02655,2,3112.13,2026-03-04 02:27:00,UPI
T009431,S010,P0116,C00454,1,2079.75,2026-04-06 08:59:00,Wallet
T009432,S009,P0004,C02084,3,1339.91,2026-02-15 06:41:00,Cash
T009433,S025,P0262,C01295,2,9830.21,2026-01-04 13:47:00,Card
T009434,S005,P0358,C01663,4,8420.03,2026-01-09 01:48:00,UPI
T009435,S022,P0712,C00264,5,3112.13,2026-02-17 06:39:00,Cash
T009436,S019,P0078,C00355,1,9351.9,2026-01-14 06:18:00,Cash
T009437,S013,P0371,C02976,2,5918.35,2026-05-09 14:44:00,Cash
T009438,S003,P0775,C02152,2,1219.32,2026-03-27 22:05:00,Wallet
T009439,S010,P0350,C01462,1,5219.84,2026-06-26 11:26:00,Wallet
T009440,S001,P0177,C02788,1,4946.27,2026-06-28 00:38:00,UPI
T009441,S024,P0546,C02099,5,6578.76,2026-06-22 11:08:00,Wallet
T009442,S024,P0658,C01726,3,6391.79,2026-02-05 05:44:00,UPI
T009443,S015,P0316,C00983,4,512.74,2026-03-15 03:15:00,Card
T009444,S012,P0164,C00733,5,5943.35,2026-01-25 09:52:00,Cash
T009445,S003,P0440,C02374,2,9802.7,2026-02-09 00:55:00,Cash
T009446,S010,P0578,C00949,3,6474.47,2026-04-14 13:57:00,UPI
T009447,S007,P0740,C00184,4,9717.89,2026-05-03 01:15:00,Card
T009448,S019,P0475,C01705,1,3011.03,2026-01-27 10:45:00,UPI
T009449,S015,P0243,C01834,4,1465.14,2026-01-20 08:44:00,Card
T009450,S006,P0091,C00399,1,8684.0,2026-03-23 20:05:00,Cash
T009451,S022,P0707,C00792,4,3698.4,2026-05-25 04:50:00,Cash
T009452,S011,P0595,C00899,2,3060.11,2026-01-05 03:15:00,Cash
T009453,S022,P0118,C02846,3,8483.91,2026-04-13 14:29:00,UPI
T009454,S009,P0641,C01211,5,2773.24,2026-03-05 07:01:00,UPI
T009455,S009,P0681,C00082,4,7716.53,2026-05-13 04:48:00,Wallet
T009456,S019,P0485,C00551,2,7988.55,2026-02-02 04:37:00,Wallet
T009457,S018,P0792,C02551,5,8389.63,2026-02-04 09:29:00,UPI
T009458,S005,P0107,C02150,5,992.48,2026-01-10 01:04:00,UPI
T009459,S013,P0775,C00193,4,1219.32,2026-03-23 07:55:00,UPI
T009460,S012,P0332,C02729,5,8935.46,2026-05-31 04:27:00,Cash
T009461,S025,P0549,C02697,4,1936.82,2026-02-17 22:41:00,UPI
T009462,S008,P0258,C00591,3,2488.26,2026-02-15 01:36:00,Wallet
T009463,S023,P0480,C01665,5,6933.43,2026-04-06 12:53:00,Wallet
T009464,S005,P0490,C02930,2,1817.85,2026-02-05 22:21:00,Cash
T009465,S013,P0278,C02407,4,1264.65,2026-01-08 03:15:00,UPI
T009466,S018,P0498,C00032,2,3416.54,2026-06-19 20:57:00,Wallet
T009467,S007,P0220,C02030,2,8346.5,2026-01-12 02:34:00,UPI
T009468,S005,P0370,C01867,1,3461.2,2026-01-30 07:05:00,UPI
T009469,S020,P0413,C01786,2,5755.57,2026-03-07 18:14:00,Wallet
T009470,S021,P0689,C01582,5,9487.92,2026-03-20 07:08:00,Card
T009471,S006,P0490,C00938,3,1817.85,2026-02-27 19:39:00,UPI
T009472,S013,P0670,C01088,2,1786.79,2026-01-26 06:34:00,Cash
T009473,S010,P0757,C02811,3,4855.21,2026-02-28 21:54:00,Wallet
T009474,S017,P0004,C02583,4,1339.91,2026-02-14 12:24:00,Cash
T009475,S008,P0519,C02480,5,1759.88,2026-02-16 17:38:00,Card
T009476,S022,P0073,C02554,1,5094.93,2026-04-07 03:59:00,Card
T009477,S010,P0194,C00130,3,3478.21,2026-02-24 05:24:00,Card
T009478,S011,P0098,C01960,5,4449.81,2026-03-04 20:24:00,Card
T009479,S025,P0307,C02831,5,2471.27,2026-03-07 11:27:00,Cash
T009480,S024,P0427,C01032,3,7722.75,2026-04-16 23:11:00,UPI
T009481,S006,P0291,C01279,4,5653.34,2026-03-14 11:22:00,Cash
T009482,S004,P0026,C01267,3,5582.77,2026-02-02 07:23:00,Wallet
T009483,S024,P0221,C00376,4,6255.24,2026-03-19 06:20:00,Wallet
T009484,S016,P0787,C01179,1,1525.99,2026-05-09 13:38:00,UPI
T009485,S008,P0055,C00256,2,7674.42,2026-03-18 10:10:00,Wallet
T009486,S015,P0601,C00066,3,5812.86,2026-06-06 15:06:00,Cash
T009487,S024,P0129,C00479,2,8288.85,2026-04-20 00:10:00,UPI
T009488,S001,P0436,C02757,4,5047.02,2026-02-14 09:00:00,Cash
T009489,S023,P0691,C02051,1,7534.79,2026-05-30 17:28:00,Cash
T009490,S025,P0429,C02431,1,6574.5,2026-04-21 14:39:00,Card
T009491,S004,P0742,C02291,5,8185.79,2026-02-19 09:08:00,Wallet
T009492,S017,P0054,C02052,5,8384.65,2026-02-14 01:51:00,UPI
T009493,S005,P0450,C00577,3,4833.69,2026-05-30 12:10:00,UPI
T009494,S001,P0489,C01350,2,2399.84,2026-03-05 14:55:00,Wallet
T009495,S013,P0474,C00598,2,8400.11,2026-04-27 21:43:00,Wallet
T009496,S008,P0794,C01604,4,222.53,2026-06-21 16:09:00,Cash
T009497,S023,P0635,C01291,5,4059.59,2026-06-10 08:16:00,Wallet
T009498,S023,P0064,C00366,3,3290.97,2026-03-12 22:35:00,UPI
T009499,S018,P0046,C02168,3,4649.6,2026-05-27 18:46:00,Cash
T009500,S003,P0778,C01111,5,6963.87,2026-06-13 21:20:00,Cash
T009501,S003,P0707,C01593,3,3698.4,2026-04-03 06:03:00,Wallet
T009502,S004,P0509,C02395,2,6118.83,2026-06-09 16:06:00,Card
T009503,S011,P0452,C00267,5,8196.17,2026-03-01 12:09:00,Card
T009504,S004,P0416,C00380,4,4705.01,2026-04-14 03:08:00,Wallet
T009505,S014,P0482,C00247,5,3807.98,2026-03-27 23:29:00,Card
T009506,S005,P0716,C02922,4,505.29,2026-02-15 13:05:00,UPI
T009507,S018,P0070,C01791,3,8064.57,2026-04-14 12:39:00,Cash
T009508,S008,P0266,C01895,1,4596.66,2026-03-27 19:12:00,Card
T009509,S018,P0138,C02728,3,9745.55,2026-01-17 09:07:00,UPI
T009510,S007,P0718,C02397,4,3083.62,2026-05-05 13:18:00,Cash
T009511,S001,P0568,C00369,2,3547.51,2026-02-10 12:37:00,UPI
T009512,S013,P0311,C02787,2,9144.98,2026-03-05 21:49:00,Card
T009513,S019,P0381,C02630,4,4277.41,2026-05-11 02:04:00,UPI
T009514,S024,P0685,C01365,2,3601.0,2026-06-08 14:13:00,Card
T009515,S003,P0008,C01408,5,4742.92,2026-04-17 10:14:00,Wallet
T009516,S010,P0710,C01557,2,4772.38,2026-01-27 09:05:00,UPI
T009517,S003,P0288,C01756,4,3932.63,2026-05-02 12:36:00,UPI
T009518,S022,P0066,C00144,4,5076.41,2026-02-26 08:30:00,UPI
T009519,S003,P0587,C01424,5,3226.67,2026-04-14 19:51:00,Wallet
T009520,S007,P0094,C02168,5,5013.87,2026-06-28 12:39:00,Card
T009521,S014,P0588,C02852,5,6830.81,2026-02-10 09:50:00,Cash
T009522,S025,P0198,C01753,4,6947.88,2026-04-24 09:14:00,UPI
T009523,S022,P0307,C01461,1,2471.27,2026-04-11 14:49:00,UPI
T009524,S016,P0567,C00294,5,2411.23,2026-03-23 22:45:00,Cash
T009525,S010,P0059,C00931,4,8701.51,2026-03-01 11:32:00,Card
T009526,S006,P0395,C02647,1,3463.19,2026-02-23 19:09:00,Cash
T009527,S025,P0068,C01167,2,6389.9,2026-05-29 23:51:00,Wallet
T009528,S022,P0100,C02153,5,5501.88,2026-06-26 23:53:00,UPI
T009529,S011,P0134,C01277,1,4143.39,2026-04-15 04:20:00,Card
T009530,S021,P0069,C00638,1,2943.82,2026-06-12 19:40:00,Card
T009531,S007,P0218,C02238,4,5916.82,2026-05-22 11:34:00,UPI
T009532,S002,P0047,C02798,4,8857.53,2026-03-05 05:15:00,Card
T009533,S019,P0666,C00655,5,9941.8,2026-03-16 06:54:00,Wallet
T009534,S015,P0617,C02843,3,1083.47,2026-04-10 16:51:00,Card
T009535,S014,P0480,C01891,3,6933.43,2026-06-01 05:08:00,Cash
T009536,S018,P0659,C00422,1,7727.73,2026-03-18 03:31:00,Cash
T009537,S016,P0379,C00565,1,3750.42,2026-03-28 16:12:00,Card
T009538,S009,P0792,C01383,5,8389.63,2026-01-21 05:20:00,UPI
T009539,S009,P0198,C02029,4,6947.88,2026-06-14 15:37:00,Cash
T009540,S008,P0711,C00327,2,1928.92,2026-06-15 23:49:00,UPI
T009541,S024,P0608,C02100,3,9699.3,2026-04-18 06:42:00,Cash
T009542,S012,P0370,C00639,2,3461.2,2026-06-10 18:40:00,Cash
T009543,S005,P0298,C02547,3,5929.04,2026-02-27 11:03:00,Card
T009544,S009,P0522,C01398,1,5572.24,2026-03-11 07:15:00,UPI
T009545,S005,P0241,C01606,2,7179.48,2026-06-18 09:46:00,Cash
T009546,S004,P0323,C02163,4,7277.23,2026-04-16 18:43:00,Card
T009547,S001,P0217,C00778,2,3503.09,2026-03-26 17:04:00,Cash
T009548,S004,P0438,C00408,2,3327.19,2026-04-20 08:24:00,UPI
T009549,S016,P0127,C02749,2,980.71,2026-06-21 19:43:00,Card
T009550,S016,P0212,C02853,4,2394.87,2026-01-07 14:05:00,UPI
T009551,S007,P0524,C00739,1,5664.21,2026-01-26 13:25:00,Cash
T009552,S024,P0744,C02590,2,2393.06,2026-05-18 05:01:00,Card
T009553,S004,P0079,C00481,1,3705.32,2026-03-17 19:18:00,UPI
T009554,S022,P0587,C02250,2,3226.67,2026-05-01 20:08:00,UPI
T009555,S019,P0520,C01975,5,7626.21,2026-06-13 08:04:00,Card
T009556,S020,P0225,C00847,1,3650.99,2026-06-07 20:46:00,UPI
T009557,S003,P0193,C02115,5,7596.81,2026-05-20 22:26:00,Wallet
T009558,S025,P0022,C00663,1,1191.13,2026-01-20 14:10:00,Card
T009559,S022,P0576,C02310,4,6691.73,2026-01-25 12:05:00,UPI
T009560,S008,P0559,C00489,3,3769.77,2026-02-27 22:59:00,Card
T009561,S014,P0783,C01302,5,7059.62,2026-05-09 02:50:00,Card
T009562,S017,P0556,C01017,3,1057.73,2026-01-26 13:26:00,UPI
T009563,S025,P0372,C02224,5,5991.23,2026-05-12 22:23:00,Wallet
T009564,S014,P0498,C02700,5,3416.54,2026-02-20 23:42:00,UPI
T009565,S016,P0469,C01671,5,7483.98,2026-04-29 03:01:00,UPI
T009566,S014,P0183,C01145,3,4734.37,2026-01-08 08:21:00,Cash
T009567,S021,P0280,C00650,2,7858.55,2026-01-06 16:58:00,Cash
T009568,S009,P0589,C02170,4,1543.12,2026-02-23 16:10:00,Cash
T009569,S006,P0029,C02829,5,4435.78,2026-02-03 12:57:00,Wallet
T009570,S002,P0030,C00595,5,4007.63,2026-01-16 16:05:00,Wallet
T009571,S005,P0382,C01048,2,7873.11,2026-06-26 05:40:00,Cash
T009572,S002,P0568,C02388,5,3547.51,2026-01-02 03:15:00,UPI
T009573,S018,P0309,C01900,4,2764.95,2026-03-12 18:18:00,Card
T009574,S025,P0412,C00780,5,4018.41,2026-06-07 14:27:00,UPI
T009575,S012,P0344,C02552,4,2669.28,2026-05-04 18:54:00,Wallet
T009576,S024,P0427,C02774,5,7722.75,2026-01-05 18:58:00,UPI
T009577,S009,P0280,C00222,2,7858.55,2026-02-05 13:11:00,Cash
T009578,S008,P0349,C01136,3,6832.72,2026-03-12 19:35:00,Wallet
T009579,S021,P0466,C02322,2,4158.95,2026-02-23 04:01:00,Card
T009580,S009,P0427,C00779,2,7722.75,2026-02-03 04:10:00,Cash
T009581,S017,P0699,C01823,1,2063.28,2026-03-15 13:35:00,UPI
T009582,S019,P0074,C01942,3,2079.76,2026-02-20 20:12:00,Wallet
T009583,S010,P0418,C00356,3,8063.59,2026-03-18 15:05:00,Wallet
T009584,S022,P0399,C01529,5,2476.48,2026-04-12 06:16:00,Cash
T009585,S023,P0600,C00241,5,8512.12,2026-03-24 21:55:00,Cash
T009586,S016,P0482,C00504,1,3807.98,2026-03-13 04:55:00,UPI
T009587,S009,P0394,C00477,1,2911.6,2026-05-29 21:36:00,UPI
T009588,S021,P0181,C00684,2,9734.39,2026-02-12 13:15:00,Cash
T009589,S013,P0604,C01712,1,6814.35,2026-06-29 10:07:00,Cash
T009590,S006,P0534,C01372,3,440.62,2026-03-30 13:50:00,Card
T009591,S001,P0779,C02406,3,1467.39,2026-02-22 06:31:00,Cash
T009592,S001,P0296,C00879,4,8312.94,2026-06-03 03:42:00,Cash
T009593,S018,P0547,C02106,3,3808.05,2026-04-28 04:44:00,Wallet
T009594,S004,P0738,C00272,5,9853.09,2026-05-30 20:05:00,Wallet
T009595,S024,P0292,C01324,4,2004.02,2026-06-11 10:15:00,Cash
T009596,S005,P0452,C01650,5,8196.17,2026-01-03 07:20:00,Wallet
T009597,S020,P0668,C00875,4,1829.66,2026-04-12 19:32:00,UPI
T009598,S019,P0651,C00149,5,4819.93,2026-03-09 17:15:00,Wallet
T009599,S008,P0240,C02656,1,5098.73,2026-06-20 02:43:00,Wallet
T009600,S015,P0364,C02523,1,9198.25,2026-06-20 03:44:00,Wallet
T009601,S009,P0282,C01736,4,119.65,2026-02-16 21:54:00,Card
T009602,S019,P0200,C01219,1,8064.94,2026-04-16 23:58:00,Wallet
T009603,S011,P0055,C01313,3,7674.42,2026-04-09 09:58:00,UPI
T009604,S007,P0113,C02847,2,3582.38,2026-05-26 15:42:00,Card
T009605,S024,P0794,C01192,2,222.53,2026-01-23 21:10:00,UPI
T009606,S022,P0786,C01925,2,3671.5,2026-04-15 15:24:00,Wallet
T009607,S014,P0717,C01183,5,9261.46,2026-06-22 00:52:00,Card
T009608,S012,P0099,C02053,5,4953.55,2026-04-16 23:16:00,Card
T009609,S025,P0763,C01055,1,3914.29,2026-05-21 07:39:00,Card
T009610,S004,P0401,C00509,1,8837.96,2026-02-25 11:13:00,Cash
T009611,S005,P0764,C02133,3,9223.74,2026-02-26 20:28:00,Wallet
T009612,S003,P0213,C00694,2,4276.85,2026-01-29 01:07:00,UPI
T009613,S023,P0456,C02879,5,9111.0,2026-01-27 13:17:00,Cash
T009614,S023,P0481,C01941,5,580.78,2026-01-28 05:47:00,Cash
T009615,S012,P0429,C00578,1,6574.5,2026-03-31 19:29:00,Cash
T009616,S003,P0138,C00076,1,9745.55,2026-01-08 03:52:00,Wallet
T009617,S016,P0402,C02092,2,5371.29,2026-04-13 08:25:00,Card
T009618,S002,P0409,C00930,3,7152.62,2026-05-26 20:32:00,UPI
T009619,S003,P0800,C02087,5,9198.59,2026-03-11 19:58:00,Cash
T009620,S024,P0579,C01796,4,8102.63,2026-01-09 02:46:00,Cash
T009621,S017,P0111,C02252,1,9271.32,2026-02-19 07:43:00,Card
T009622,S024,P0475,C00326,3,3011.03,2026-03-01 09:17:00,UPI
T009623,S019,P0794,C00793,1,222.53,2026-03-11 07:21:00,Cash
T009624,S018,P0539,C00695,5,8771.46,2026-05-02 22:43:00,Card
T009625,S009,P0479,C01700,2,6996.75,2026-04-18 16:27:00,Card
T009626,S008,P0611,C01078,4,7798.54,2026-06-18 07:00:00,Cash
T009627,S023,P0458,C00428,5,3532.14,2026-06-25 09:20:00,Wallet
T009628,S011,P0653,C02202,2,3849.13,2026-05-17 03:25:00,Cash
T009629,S010,P0484,C00946,4,8222.21,2026-03-14 01:33:00,Cash
T009630,S023,P0472,C00455,3,774.55,2026-05-25 18:37:00,Wallet
T009631,S022,P0190,C01837,3,1226.96,2026-06-26 09:03:00,Wallet
T009632,S023,P0610,C00828,1,6910.04,2026-01-23 02:07:00,UPI
T009633,S008,P0453,C00304,2,5915.17,2026-01-19 14:49:00,Card
T009634,S004,P0435,C01816,5,1474.61,2026-05-07 20:29:00,Card
T009635,S012,P0742,C00441,3,8185.79,2026-02-25 01:17:00,Cash
T009636,S015,P0782,C00655,2,5850.54,2026-01-19 08:34:00,Card
T009637,S015,P0604,C02800,5,6814.35,2026-05-20 03:06:00,Wallet
T009638,S009,P0680,C02874,1,4165.12,2026-01-27 13:40:00,UPI
T009639,S018,P0257,C02871,3,8913.16,2026-01-03 09:39:00,Wallet
T009640,S009,P0086,C00888,4,5641.27,2026-05-29 22:20:00,Card
T009641,S019,P0155,C00998,3,7088.03,2026-06-01 22:37:00,UPI
T009642,S017,P0409,C00993,2,7152.62,2026-06-18 02:50:00,Wallet
T009643,S009,P0463,C01314,3,7009.64,2026-01-07 01:37:00,Cash
T009644,S005,P0039,C00064,3,6812.26,2026-03-21 22:23:00,UPI
T009645,S019,P0004,C02807,5,1339.91,2026-02-11 01:19:00,Wallet
T009646,S017,P0605,C02852,5,6825.51,2026-02-08 18:04:00,Cash
T009647,S003,P0471,C01669,1,6734.93,2026-05-24 14:14:00,Wallet
T009648,S022,P0734,C01712,4,8745.49,2026-04-17 04:03:00,Wallet
T009649,S019,P0587,C00839,5,3226.67,2026-04-14 18:34:00,Card
T009650,S013,P0506,C02202,2,6514.66,2026-01-09 02:28:00,UPI
T009651,S019,P0797,C02884,4,2938.01,2026-06-08 20:33:00,UPI
T009652,S024,P0732,C02323,4,5381.3,2026-01-11 08:24:00,Card
T009653,S017,P0017,C02048,5,9248.9,2026-03-16 04:55:00,Card
T009654,S003,P0717,C00997,5,9261.46,2026-02-01 06:50:00,UPI
T009655,S005,P0111,C00776,4,9271.32,2026-03-08 17:07:00,Cash
T009656,S003,P0006,C02078,2,7768.45,2026-03-26 10:19:00,Cash
T009657,S009,P0697,C00614,4,7318.56,2026-05-22 08:54:00,Wallet
T009658,S011,P0494,C01172,3,7697.7,2026-02-09 02:02:00,Wallet
T009659,S005,P0708,C00792,2,3265.42,2026-02-23 10:53:00,Cash
T009660,S021,P0024,C01497,3,3347.34,2026-02-20 02:32:00,Wallet
T009661,S022,P0478,C02140,5,8936.61,2026-04-19 02:05:00,Cash
T009662,S025,P0513,C02277,1,5966.04,2026-06-28 16:19:00,Cash
T009663,S016,P0592,C01357,3,7069.99,2026-05-25 22:54:00,Cash
T009664,S005,P0186,C00031,1,5553.84,2026-01-25 16:34:00,Card
T009665,S022,P0230,C01245,2,8972.55,2026-06-01 03:24:00,Wallet
T009666,S023,P0097,C01214,2,1527.35,2026-02-22 18:33:00,Cash
T009667,S022,P0198,C02770,5,6947.88,2026-04-08 02:00:00,UPI
T009668,S006,P0126,C01008,4,6217.24,2026-01-21 11:03:00,Cash
T009669,S018,P0623,C00643,5,5792.3,2026-05-04 03:22:00,Cash
T009670,S020,P0033,C02342,4,8396.28,2026-06-29 02:56:00,Wallet
T009671,S017,P0325,C02014,2,9797.44,2026-05-07 03:57:00,Cash
T009672,S011,P0240,C02570,4,5098.73,2026-02-22 04:36:00,UPI
T009673,S016,P0181,C00619,1,9734.39,2026-06-30 03:20:00,Card
T009674,S022,P0088,C01302,5,2657.13,2026-05-30 23:16:00,UPI
T009675,S006,P0338,C01574,1,2418.15,2026-03-21 00:33:00,Card
T009676,S021,P0154,C01103,4,1912.1,2026-02-04 10:21:00,UPI
T009677,S008,P0237,C00692,1,3411.61,2026-04-29 22:50:00,Card
T009678,S002,P0476,C02190,1,867.09,2026-01-02 05:30:00,Wallet
T009679,S020,P0551,C01265,1,8695.78,2026-05-14 18:57:00,Wallet
T009680,S008,P0285,C00608,5,8360.15,2026-06-17 03:00:00,Cash
T009681,S015,P0335,C01501,1,3766.76,2026-03-16 03:08:00,Card
T009682,S023,P0180,C00031,1,6342.79,2026-01-31 04:31:00,Card
T009683,S009,P0674,C00525,3,9237.26,2026-05-17 15:40:00,UPI
T009684,S004,P0226,C00162,4,1828.68,2026-06-11 10:12:00,UPI
T009685,S022,P0525,C01520,3,1451.9,2026-03-23 04:39:00,Wallet
T009686,S019,P0057,C01145,1,657.85,2026-05-05 23:47:00,Card
T009687,S025,P0418,C01044,1,8063.59,2026-01-20 20:44:00,Wallet
T009688,S004,P0281,C00404,3,8900.67,2026-02-24 14:53:00,UPI
T009689,S006,P0522,C00560,2,5572.24,2026-05-02 17:24:00,Cash
T009690,S024,P0116,C00919,2,2079.75,2026-04-05 16:45:00,Cash
T009691,S005,P0064,C00320,1,3290.97,2026-04-08 10:03:00,Card
T009692,S024,P0184,C00798,2,1570.2,2026-04-20 06:24:00,UPI
T009693,S021,P0223,C02331,5,1097.95,2026-06-04 02:26:00,Card
T009694,S017,P0734,C02213,3,8745.49,2026-03-03 18:54:00,UPI
T009695,S008,P0290,C00765,4,8671.94,2026-01-21 01:16:00,Cash
T009696,S004,P0038,C00705,2,393.26,2026-06-13 17:02:00,Cash
T009697,S003,P0633,C00348,4,2845.22,2026-03-19 20:58:00,UPI
T009698,S019,P0707,C00346,5,3698.4,2026-01-29 22:26:00,Cash
T009699,S003,P0230,C02796,2,8972.55,2026-04-08 04:10:00,UPI
T009700,S017,P0337,C02502,4,1994.97,2026-05-28 09:46:00,Cash
T009701,S003,P0679,C00734,5,4970.26,2026-02-13 08:30:00,Cash
T009702,S004,P0669,C01011,3,9528.59,2026-06-14 05:10:00,Cash
T009703,S020,P0705,C02894,1,3427.16,2026-01-31 11:53:00,Wallet
T009704,S016,P0621,C02201,1,8632.83,2026-03-14 01:38:00,Wallet
T009705,S020,P0248,C00089,1,9033.86,2026-01-20 08:06:00,UPI
T009706,S007,P0111,C01425,3,9271.32,2026-01-22 11:27:00,UPI
T009707,S002,P0446,C02830,4,2137.33,2026-02-25 11:18:00,UPI
T009708,S001,P0684,C01198,1,9893.76,2026-01-14 14:01:00,Cash
T009709,S005,P0691,C02294,5,7534.79,2026-06-02 22:38:00,UPI
T009710,S013,P0417,C01075,3,4565.4,2026-04-21 22:35:00,Card
T009711,S021,P0664,C02563,1,4113.17,2026-02-17 13:15:00,UPI
T009712,S021,P0631,C02241,2,1960.93,2026-01-18 13:52:00,Card
T009713,S014,P0723,C02027,2,1751.66,2026-05-21 08:38:00,Cash
T009714,S007,P0149,C02655,5,8728.63,2026-03-30 11:30:00,Wallet
T009715,S002,P0134,C01529,2,4143.39,2026-02-12 11:01:00,Cash
T009716,S023,P0388,C01437,4,6275.81,2026-02-14 22:23:00,Wallet
T009717,S025,P0634,C02936,1,5542.5,2026-05-08 10:38:00,Wallet
T009718,S015,P0456,C00294,2,9111.0,2026-01-20 00:04:00,Cash
T009719,S004,P0278,C02889,1,1264.65,2026-02-05 21:36:00,Card
T009720,S015,P0023,C01427,5,7075.84,2026-04-04 09:39:00,Card
T009721,S021,P0329,C00828,2,141.36,2026-05-05 02:13:00,Card
T009722,S015,P0317,C02581,5,6564.28,2026-04-30 19:55:00,UPI
T009723,S001,P0470,C02735,2,205.3,2026-05-19 20:23:00,Wallet
T009724,S017,P0570,C01743,5,1364.83,2026-06-30 20:56:00,Wallet
T009725,S019,P0565,C01790,1,6635.26,2026-03-12 17:46:00,Card
T009726,S023,P0063,C02915,2,9858.07,2026-05-15 12:15:00,Card
T009727,S010,P0557,C02874,3,6068.55,2026-04-20 13:19:00,UPI
T009728,S013,P0275,C00058,2,7489.31,2026-06-04 09:38:00,UPI
T009729,S022,P0439,C01599,5,9228.23,2026-05-10 19:27:00,Cash
T009730,S004,P0328,C02810,1,9147.78,2026-06-03 07:32:00,Cash
T009731,S006,P0443,C02673,2,1796.09,2026-01-15 01:02:00,Cash
T009732,S004,P0554,C01073,5,4902.42,2026-04-05 03:37:00,UPI
T009733,S011,P0418,C00054,3,8063.59,2026-06-01 21:27:00,Card
T009734,S003,P0724,C01798,5,548.91,2026-06-29 11:37:00,Cash
T009735,S022,P0486,C00146,3,4214.23,2026-04-21 15:24:00,Wallet
T009736,S022,P0309,C02510,4,2764.95,2026-03-31 22:38:00,UPI
T009737,S004,P0496,C00597,5,9815.02,2026-04-13 07:06:00,Card
T009738,S004,P0410,C02308,5,4789.21,2026-04-04 12:25:00,Cash
T009739,S012,P0250,C00913,3,9100.39,2026-05-10 10:06:00,Card
T009740,S007,P0197,C02230,3,1254.11,2026-02-07 06:17:00,UPI
T009741,S014,P0627,C02609,2,556.05,2026-04-25 21:46:00,Wallet
T009742,S007,P0518,C02089,2,891.16,2026-01-23 15:33:00,UPI
T009743,S025,P0052,C02918,2,6206.7,2026-02-09 13:18:00,UPI
T009744,S002,P0516,C01397,2,6096.93,2026-04-14 04:32:00,Cash
T009745,S020,P0410,C01060,3,4789.21,2026-06-17 12:20:00,UPI
T009746,S002,P0194,C01058,3,3478.21,2026-04-14 12:31:00,Cash
T009747,S012,P0551,C01468,4,8695.78,2026-01-07 08:50:00,Cash
T009748,S024,P0081,C02392,4,3253.67,2026-04-08 00:16:00,Cash
T009749,S025,P0716,C00999,5,505.29,2026-05-02 00:46:00,Cash
T009750,S025,P0036,C01029,3,1558.0,2026-06-19 01:27:00,Cash
T009751,S024,P0722,C02867,5,4878.92,2026-01-22 10:02:00,Card
T009752,S019,P0774,C02812,1,1562.02,2026-06-17 09:22:00,Cash
T009753,S009,P0287,C01312,3,1573.93,2026-01-29 07:35:00,UPI
T009754,S003,P0187,C02156,2,5154.45,2026-01-02 12:54:00,UPI
T009755,S010,P0464,C02855,5,9923.66,2026-05-11 22:07:00,Cash
T009756,S017,P0277,C00539,2,3757.9,2026-04-18 06:08:00,Card
T009757,S011,P0145,C02557,5,2675.89,2026-03-08 01:22:00,Wallet
T009758,S020,P0304,C00637,4,1895.43,2026-06-29 17:28:00,Wallet
T009759,S009,P0760,C00900,1,308.96,2026-04-24 03:30:00,Cash
T009760,S019,P0663,C01398,1,4847.59,2026-01-02 00:07:00,Cash
T009761,S023,P0453,C02177,4,5915.17,2026-06-13 14:03:00,Cash
T009762,S018,P0069,C01779,2,2943.82,2026-04-15 18:28:00,Card
T009763,S001,P0519,C02746,1,1759.88,2026-06-03 02:00:00,Cash
T009764,S012,P0738,C02309,2,9853.09,2026-06-22 09:16:00,UPI
T009765,S017,P0169,C00429,1,8645.46,2026-01-26 16:35:00,Cash
T009766,S004,P0391,C00653,2,828.94,2026-02-04 18:18:00,UPI
T009767,S012,P0445,C01541,3,1947.25,2026-02-06 00:15:00,Wallet
T009768,S008,P0229,C02577,4,9936.26,2026-05-01 13:54:00,UPI
T009769,S022,P0050,C02786,3,4810.52,2026-02-13 06:33:00,Card
T009770,S002,P0208,C01310,5,2092.25,2026-05-09 03:47:00,UPI
T009771,S001,P0357,C01624,3,4375.29,2026-02-01 11:59:00,Wallet
T009772,S025,P0683,C02579,3,8931.71,2026-06-18 05:30:00,Cash
T009773,S010,P0736,C01653,5,3312.16,2026-02-05 07:49:00,UPI
T009774,S007,P0271,C01598,4,9964.47,2026-02-06 18:50:00,Cash
T009775,S007,P0634,C00597,5,5542.5,2026-02-07 06:10:00,Wallet
T009776,S015,P0153,C01510,4,625.9,2026-02-14 18:58:00,Cash
T009777,S004,P0717,C00416,4,9261.46,2026-02-09 09:41:00,Wallet
T009778,S025,P0373,C01705,4,9052.26,2026-01-04 18:17:00,Cash
T009779,S001,P0475,C01647,3,3011.03,2026-03-13 16:04:00,Wallet
T009780,S012,P0218,C00998,4,5916.82,2026-03-25 05:18:00,Cash
T009781,S015,P0521,C01606,1,4330.23,2026-05-15 06:34:00,UPI
T009782,S019,P0087,C00229,4,2098.71,2026-04-02 20:41:00,Wallet
T009783,S020,P0471,C02338,4,6734.93,2026-06-01 20:19:00,Card
T009784,S019,P0631,C00753,3,1960.93,2026-03-18 01:05:00,Wallet
T009785,S010,P0159,C00929,3,8365.04,2026-01-01 09:18:00,Card
T009786,S017,P0434,C02461,2,4553.72,2026-01-24 01:19:00,Cash
T009787,S006,P0086,C01412,4,5641.27,2026-05-22 09:08:00,Card
T009788,S015,P0509,C02452,3,6118.83,2026-04-26 20:39:00,Wallet
T009789,S016,P0646,C01187,1,5928.39,2026-01-30 07:47:00,Card
T009790,S014,P0229,C02866,2,9936.26,2026-04-06 03:28:00,UPI
T009791,S018,P0119,C00218,4,4834.82,2026-06-30 03:56:00,Wallet
T009792,S012,P0490,C01570,1,1817.85,2026-03-05 11:50:00,Card
T009793,S007,P0290,C01372,1,8671.94,2026-06-20 01:00:00,Cash
T009794,S014,P0561,C02831,1,9754.52,2026-03-22 06:37:00,Cash
T009795,S021,P0317,C02503,5,6564.28,2026-03-23 15:07:00,UPI
T009796,S004,P0643,C02777,4,7801.9,2026-02-07 05:37:00,Cash
T009797,S016,P0392,C01236,5,1508.78,2026-06-14 18:06:00,Wallet
T009798,S015,P0007,C02143,3,1166.39,2026-06-01 04:28:00,Wallet
T009799,S007,P0314,C01758,1,7849.53,2026-01-02 14:54:00,Wallet
T009800,S010,P0208,C02709,2,2092.25,2026-03-16 04:00:00,Card
T009801,S006,P0551,C01766,4,8695.78,2026-06-13 23:54:00,Card
T009802,S021,P0512,C00404,5,9387.92,2026-06-20 12:16:00,Card
T009803,S014,P0090,C01871,2,646.74,2026-05-06 18:59:00,Wallet
T009804,S014,P0766,C01379,4,9568.02,2026-01-11 20:26:00,Wallet
T009805,S013,P0238,C02488,1,4446.17,2026-04-29 17:53:00,UPI
T009806,S022,P0501,C00651,4,2439.32,2026-03-03 00:59:00,Wallet
T009807,S014,P0776,C00669,2,994.43,2026-02-02 18:26:00,Cash
T009808,S003,P0730,C01828,4,3102.76,2026-01-05 02:29:00,Cash
T009809,S014,P0471,C02861,4,6734.93,2026-01-07 10:14:00,Cash
T009810,S014,P0710,C01924,1,4772.38,2026-01-27 21:13:00,Cash
T009811,S013,P0029,C00641,2,4435.78,2026-03-15 11:14:00,UPI
T009812,S007,P0731,C02701,2,5565.29,2026-03-04 10:17:00,Cash
T009813,S011,P0597,C02890,3,3970.52,2026-01-20 20:55:00,Wallet
T009814,S020,P0179,C01093,3,8127.84,2026-03-27 04:18:00,UPI
T009815,S018,P0467,C01764,3,5109.04,2026-05-11 03:15:00,Card
T009816,S017,P0433,C00395,3,4344.05,2026-06-17 08:57:00,UPI
T009817,S011,P0027,C02369,5,8581.06,2026-03-15 16:01:00,Wallet
T009818,S008,P0526,C00291,5,9168.71,2026-05-23 13:59:00,Card
T009819,S016,P0532,C02613,1,6385.3,2026-04-27 09:49:00,UPI
T009820,S024,P0227,C02589,2,3442.57,2026-06-10 04:23:00,UPI
T009821,S016,P0360,C01613,4,5243.78,2026-05-21 01:14:00,UPI
T009822,S021,P0349,C00792,2,6832.72,2026-02-14 02:54:00,UPI
T009823,S020,P0546,C01345,1,6578.76,2026-06-14 17:24:00,Card
T009824,S002,P0557,C02773,4,6068.55,2026-06-22 18:57:00,Wallet
T009825,S010,P0583,C01650,2,3175.91,2026-06-06 07:37:00,Cash
T009826,S003,P0427,C02343,1,7722.75,2026-01-06 13:09:00,UPI
T009827,S019,P0199,C00056,5,6222.14,2026-02-26 11:45:00,Wallet
T009828,S007,P0368,C02163,4,2406.81,2026-05-08 19:05:00,UPI
T009829,S025,P0265,C00226,3,3344.68,2026-06-14 00:51:00,Cash
T009830,S013,P0101,C01593,1,8805.39,2026-06-22 07:45:00,Wallet
T009831,S007,P0652,C02631,1,6896.92,2026-04-29 19:03:00,UPI
T009832,S010,P0407,C00824,3,1756.59,2026-05-30 03:56:00,Cash
T009833,S003,P0199,C02349,4,6222.14,2026-06-20 04:58:00,UPI
T009834,S017,P0298,C02110,1,5929.04,2026-01-25 07:34:00,UPI
T009835,S009,P0323,C02673,4,7277.23,2026-06-19 21:10:00,Wallet
T009836,S024,P0369,C02171,3,4587.77,2026-04-24 08:33:00,UPI
T009837,S008,P0174,C01230,5,2919.87,2026-03-03 13:44:00,Wallet
T009838,S020,P0069,C00883,5,2943.82,2026-06-02 19:39:00,Card
T009839,S011,P0470,C02327,2,205.3,2026-01-04 10:53:00,Cash
T009840,S011,P0775,C01078,3,1219.32,2026-03-26 18:51:00,UPI
T009841,S021,P0351,C01793,2,2850.54,2026-03-24 11:45:00,UPI
T009842,S011,P0128,C02423,5,238.74,2026-05-07 12:42:00,Card
T009843,S023,P0406,C00307,3,2170.45,2026-06-01 19:31:00,Cash
T009844,S006,P0696,C01824,5,916.89,2026-03-20 23:49:00,Cash
T009845,S014,P0377,C02622,4,3179.76,2026-01-06 18:35:00,Card
T009846,S012,P0445,C00878,1,1947.25,2026-03-13 06:22:00,UPI
T009847,S014,P0142,C02118,1,152.07,2026-05-28 00:01:00,Card
T009848,S014,P0449,C02529,5,9895.99,2026-04-18 20:34:00,Card
T009849,S007,P0092,C01887,2,4028.26,2026-04-21 19:20:00,Card
T009850,S018,P0574,C01443,4,9933.28,2026-06-13 01:40:00,Card
T009851,S015,P0404,C02340,3,8557.91,2026-06-26 10:10:00,UPI
T009852,S004,P0750,C02986,1,4603.74,2026-04-02 05:13:00,Cash
T009853,S009,P0693,C00139,2,1638.87,2026-05-14 20:44:00,Card
T009854,S020,P0123,C01755,2,9485.28,2026-05-20 14:38:00,Card
T009855,S013,P0206,C02978,3,7412.93,2026-01-04 12:52:00,Card
T009856,S007,P0127,C00978,3,980.71,2026-01-18 01:39:00,Card
T009857,S025,P0379,C01831,1,3750.42,2026-04-10 11:19:00,Card
T009858,S010,P0017,C01322,4,9248.9,2026-04-18 15:41:00,Card
T009859,S014,P0071,C00898,5,5958.46,2026-03-03 07:58:00,UPI
T009860,S017,P0390,C02066,2,1923.02,2026-04-26 09:19:00,Wallet
T009861,S015,P0785,C00546,5,9579.4,2026-04-06 15:09:00,UPI
T009862,S013,P0146,C01034,3,8790.18,2026-01-12 02:49:00,Cash
T009863,S004,P0705,C01341,2,3427.16,2026-04-13 10:51:00,UPI
T009864,S023,P0482,C01632,5,3807.98,2026-02-06 15:09:00,UPI
T009865,S025,P0490,C00122,1,1817.85,2026-04-17 03:10:00,Wallet
T009866,S014,P0042,C02250,5,2098.12,2026-02-27 14:16:00,Wallet
T009867,S021,P0314,C01081,2,7849.53,2026-06-19 19:07:00,Cash
T009868,S012,P0601,C00926,3,5812.86,2026-01-18 10:12:00,Wallet
T009869,S012,P0073,C01665,1,5094.93,2026-05-31 18:50:00,Wallet
T009870,S001,P0212,C01008,4,2394.87,2026-01-15 04:46:00,Wallet
T009871,S025,P0696,C00333,1,916.89,2026-04-02 07:30:00,UPI
T009872,S007,P0249,C02807,2,4250.12,2026-06-12 00:41:00,UPI
T009873,S008,P0185,C00778,1,5277.61,2026-05-12 09:34:00,Wallet
T009874,S017,P0509,C00654,4,6118.83,2026-02-19 16:20:00,Cash
T009875,S018,P0452,C00938,1,8196.17,2026-04-13 21:01:00,UPI
T009876,S007,P0421,C02436,1,8440.77,2026-06-07 05:29:00,Cash
T009877,S005,P0030,C00849,3,4007.63,2026-06-13 20:55:00,UPI
T009878,S024,P0410,C00598,5,4789.21,2026-04-12 10:05:00,Cash
T009879,S009,P0748,C02160,1,3169.59,2026-03-10 10:17:00,Card
T009880,S004,P0299,C02272,3,4425.47,2026-04-28 17:01:00,UPI
T009881,S024,P0676,C01765,5,157.32,2026-02-16 11:01:00,Card
T009882,S003,P0599,C00656,1,1062.46,2026-01-03 18:08:00,Cash
T009883,S016,P0253,C02594,4,933.38,2026-03-14 23:03:00,Cash
T009884,S007,P0541,C01850,2,5901.19,2026-02-17 08:12:00,Cash
T009885,S014,P0396,C01551,4,2039.28,2026-02-06 08:33:00,Wallet
T009886,S007,P0544,C00528,5,9870.55,2026-02-14 07:15:00,UPI
T009887,S016,P0027,C02000,2,8581.06,2026-03-19 17:29:00,UPI
T009888,S016,P0246,C02069,4,938.3,2026-01-02 01:05:00,Cash
T009889,S017,P0443,C01101,2,1796.09,2026-03-12 02:43:00,Cash
T009890,S006,P0018,C02150,5,7010.52,2026-04-27 04:18:00,Cash
T009891,S010,P0689,C01848,1,9487.92,2026-03-20 03:46:00,Cash
T009892,S009,P0753,C01381,3,7657.11,2026-03-26 11:40:00,Card
T009893,S021,P0572,C01007,3,6659.16,2026-03-05 13:35:00,Wallet
T009894,S004,P0644,C01041,2,196.65,2026-06-03 03:41:00,UPI
T009895,S018,P0596,C01092,2,3439.36,2026-03-25 18:14:00,UPI
T009896,S019,P0357,C01154,4,4375.29,2026-03-28 10:45:00,Cash
T009897,S017,P0763,C02093,5,3914.29,2026-04-28 09:37:00,Card
T009898,S025,P0007,C00492,5,1166.39,2026-05-30 00:58:00,Wallet
T009899,S025,P0051,C02195,1,3973.71,2026-04-09 05:56:00,Wallet
T009900,S019,P0377,C02928,2,3179.76,2026-05-08 19:13:00,Card
T009901,S018,P0676,C02881,5,157.32,2026-04-07 00:30:00,Cash
T009902,S025,P0785,C01540,4,9579.4,2026-02-11 09:28:00,Wallet
T009903,S006,P0010,C00119,3,9207.97,2026-02-12 12:35:00,Wallet
T009904,S008,P0041,C02417,5,7624.7,2026-04-26 02:05:00,Wallet
T009905,S024,P0769,C01375,3,4342.42,2026-03-03 07:16:00,Cash
T009906,S025,P0648,C00808,2,6112.92,2026-02-26 22:25:00,UPI
T009907,S014,P0749,C01504,2,786.6,2026-02-06 21:10:00,Card
T009908,S023,P0258,C01818,1,2488.26,2026-03-28 23:03:00,Wallet
T009909,S009,P0508,C02060,1,2136.59,2026-06-03 09:56:00,Wallet
T009910,S002,P0668,C02725,5,1829.66,2026-04-02 06:11:00,Cash
T009911,S009,P0646,C02807,3,5928.39,2026-02-26 02:49:00,Cash
T009912,S012,P0135,C02400,2,9762.67,2026-03-24 21:50:00,Card
T009913,S010,P0269,C02378,1,6799.54,2026-05-18 04:45:00,UPI
T009914,S011,P0572,C01836,3,6659.16,2026-05-15 13:12:00,Card
T009915,S019,P0100,C02666,5,5501.88,2026-02-27 01:34:00,Card
T009916,S012,P0101,C02918,1,8805.39,2026-03-13 00:41:00,Wallet
T009917,S020,P0399,C02133,4,2476.48,2026-02-05 20:39:00,Cash
T009918,S009,P0390,C00269,5,1923.02,2026-04-22 13:23:00,UPI
T009919,S003,P0394,C01321,4,2911.6,2026-02-17 23:33:00,Cash
T009920,S018,P0107,C02712,4,992.48,2026-06-08 20:28:00,Wallet
T009921,S001,P0782,C01279,1,5850.54,2026-01-24 15:06:00,Cash
T009922,S005,P0411,C01685,2,2150.28,2026-02-10 03:23:00,Wallet
T009923,S007,P0183,C01133,4,4734.37,2026-05-05 10:05:00,UPI
T009924,S018,P0185,C01394,4,5277.61,2026-02-10 20:29:00,Wallet
T009925,S016,P0346,C00954,3,6837.74,2026-02-05 04:28:00,Wallet
T009926,S007,P0430,C01602,4,2345.57,2026-01-07 10:18:00,Wallet
T009927,S005,P0798,C00116,2,6080.32,2026-01-23 13:54:00,UPI
T009928,S009,P0114,C02615,2,4586.29,2026-04-29 18:29:00,Cash
T009929,S012,P0576,C01760,1,6691.73,2026-02-15 04:04:00,Cash
T009930,S017,P0495,C02504,5,2593.21,2026-04-02 23:21:00,Cash
T009931,S018,P0272,C02824,1,1528.03,2026-03-03 20:09:00,Cash
T009932,S014,P0068,C02450,5,6389.9,2026-02-15 13:51:00,Card
T009933,S024,P0708,C00650,4,3265.42,2026-04-08 20:37:00,Wallet
T009934,S021,P0145,C02184,5,2675.89,2026-02-23 16:12:00,UPI
T009935,S016,P0524,C00589,2,5664.21,2026-01-02 13:31:00,UPI
T009936,S014,P0029,C01531,5,4435.78,2026-02-26 04:18:00,UPI
T009937,S023,P0169,C00809,2,8645.46,2026-04-01 01:07:00,UPI
T009938,S005,P0284,C01826,2,5700.06,2026-02-25 04:08:00,Wallet
T009939,S007,P0188,C00528,3,6641.47,2026-03-01 20:00:00,Wallet
T009940,S004,P0324,C02214,1,6142.41,2026-02-10 17:04:00,Wallet
T009941,S013,P0138,C01409,5,9745.55,2026-01-12 10:18:00,Wallet
T009942,S003,P0067,C02063,3,3696.01,2026-05-17 12:13:00,UPI
T009943,S015,P0275,C02744,4,7489.31,2026-01-02 06:18:00,Wallet
T009944,S004,P0123,C01573,2,9485.28,2026-02-08 01:32:00,Cash
T009945,S002,P0631,C00813,5,1960.93,2026-04-18 03:15:00,Wallet
T009946,S017,P0146,C02666,4,8790.18,2026-06-21 19:58:00,Wallet
T009947,S017,P0800,C00456,1,9198.59,2026-01-13 03:37:00,UPI
T009948,S008,P0580,C00675,5,2979.67,2026-05-28 08:10:00,Cash
T009949,S002,P0792,C02917,3,8389.63,2026-06-14 08:18:00,Card
T009950,S022,P0445,C02627,1,1947.25,2026-02-24 12:45:00,Card
T009951,S024,P0341,C02711,5,5733.11,2026-06-08 07:42:00,Wallet
T009952,S012,P0289,C02598,2,9583.99,2026-05-06 20:37:00,Cash
T009953,S025,P0063,C02086,3,9858.07,2026-05-05 02:53:00,Cash
T009954,S020,P0163,C00006,3,6843.99,2026-06-04 02:06:00,Cash
T009955,S006,P0644,C01029,5,196.65,2026-01-01 01:59:00,Wallet
T009956,S014,P0398,C01916,3,3448.99,2026-06-15 00:44:00,Wallet
T009957,S014,P0324,C00932,5,6142.41,2026-02-17 19:51:00,Wallet
T009958,S010,P0574,C02118,1,9933.28,2026-06-15 11:39:00,Cash
T009959,S005,P0661,C00871,5,936.39,2026-04-21 03:23:00,Cash
T009960,S016,P0090,C00819,2,646.74,2026-04-07 04:59:00,Card
T009961,S022,P0193,C00710,4,7596.81,2026-02-17 11:37:00,Cash
T009962,S020,P0054,C02132,1,8384.65,2026-04-07 23:06:00,Cash
T009963,S019,P0318,C01174,5,9340.72,2026-03-13 23:53:00,UPI
T009964,S017,P0787,C00598,1,1525.99,2026-05-07 02:11:00,Cash
T009965,S012,P0144,C01916,2,9682.77,2026-05-12 12:34:00,UPI
T009966,S011,P0586,C00524,1,1154.2,2026-04-01 20:28:00,Wallet
T009967,S009,P0685,C02077,4,3601.0,2026-03-21 00:05:00,Cash
T009968,S019,P0729,C02175,2,8802.63,2026-04-26 19:46:00,Wallet
T009969,S011,P0082,C00688,1,2741.65,2026-06-09 04:52:00,Card
T009970,S001,P0692,C02092,4,1400.03,2026-02-28 00:00:00,UPI
T009971,S013,P0124,C02355,1,9076.76,2026-03-15 11:44:00,Card
T009972,S005,P0293,C01748,3,9576.2,2026-02-25 04:39:00,UPI
T009973,S005,P0644,C02721,2,196.65,2026-03-01 02:49:00,Cash
T009974,S010,P0416,C00630,3,4705.01,2026-04-09 22:13:00,Card
T009975,S020,P0473,C01700,2,1487.53,2026-06-10 15:59:00,Card
T009976,S014,P0741,C00156,4,7252.76,2026-04-30 18:14:00,Cash
T009977,S021,P0267,C01504,4,910.28,2026-01-20 09:43:00,Wallet
T009978,S015,P0508,C00221,2,2136.59,2026-03-26 12:51:00,UPI
T009979,S002,P0451,C00193,1,1385.33,2026-03-16 15:03:00,Cash
T009980,S025,P0734,C01496,4,8745.49,2026-03-15 08:21:00,Cash
T009981,S024,P0240,C02080,5,5098.73,2026-04-24 00:26:00,Card
T009982,S018,P0351,C02870,4,2850.54,2026-01-31 20:59:00,Cash
T009983,S003,P0705,C00844,4,3427.16,2026-03-17 12:02:00,UPI
T009984,S022,P0487,C02651,1,5663.34,2026-02-20 23:07:00,Cash
T009985,S020,P0714,C02632,4,2457.7,2026-06-07 23:52:00,UPI
T009986,S018,P0705,C00257,4,3427.16,2026-01-27 02:44:00,UPI
T009987,S011,P0514,C02295,4,4318.77,2026-06-21 15:24:00,UPI
T009988,S004,P0369,C02253,5,4587.77,2026-05-08 14:36:00,Wallet
T009989,S007,P0143,C00967,5,3093.82,2026-04-18 14:36:00,Wallet
T009990,S017,P0531,C01095,1,9574.26,2026-03-29 01:59:00,Wallet
T009991,S016,P0070,C02356,3,8064.57,2026-03-30 06:02:00,UPI
T009992,S025,P0353,C01648,2,908.91,2026-06-18 16:04:00,UPI
T009993,S009,P0010,C00201,1,9207.97,2026-06-15 14:16:00,Wallet
T009994,S025,P0724,C00287,5,548.91,2026-01-18 04:16:00,Cash
T009995,S014,P0046,C01779,3,4649.6,2026-01-07 19:38:00,Cash
T009996,S007,P0606,C00158,1,3619.28,2026-02-10 18:54:00,Wallet
T009997,S003,P0005,C02220,4,6938.1,2026-01-23 23:54:00,Cash
T009998,S003,P0434,C00841,5,4553.72,2026-06-15 10:57:00,UPI
T009999,S006,P0146,C01884,3,8790.18,2026-05-03 18:41:00,Card
T010000,S015,P0483,C02074,2,257.78,2026-01-15 13:53:00,Wallet
